source_frame_index,frame_index,timestamp_seconds,track_id,class_id,class_name,confidence,x1,y1,x2,y2,center_x,center_y
0,0,0.0,1,0,pedestrian,0.6850156188011169,502.3194580078125,696.1441650390625,531.5521240234375,789.842529296875,516.935791015625,742.9933471679688
0,0,0.0,2,0,pedestrian,0.6846975684165955,1598.62744140625,665.8116455078125,1633.54443359375,758.95751953125,1616.0859375,712.3845825195312
0,0,0.0,3,3,truck,0.6024037003517151,800.1668701171875,453.66278076171875,916.530029296875,586.9036254882812,858.3484497070312,520.283203125
0,0,0.0,4,1,car,0.5500825643539429,835.45556640625,587.1621704101562,918.97509765625,670.3495483398438,877.21533203125,628.755859375
0,0,0.0,5,4,bus,0.3852921724319458,1086.161376953125,670.901123046875,1645.985595703125,1079.00390625,1366.073486328125,874.9525146484375
0,0,0.0,6,0,pedestrian,0.35792848467826843,462.19659423828125,685.5286254882812,492.09588623046875,786.4812622070312,477.146240234375,736.0049438476562
0,0,0.0,7,0,pedestrian,0.35711851716041565,552.3822631835938,593.1702270507812,572.1066284179688,653.9760131835938,562.2444458007812,623.5731201171875
0,0,0.0,8,3,truck,0.3504102826118469,1065.5670166015625,543.3279418945312,1155.8289794921875,637.9275512695312,1110.697998046875,590.6277465820312
0,0,0.0,9,3,truck,0.3204094469547272,907.4136352539062,452.7265625,953.0783081054688,516.5244140625,930.2459716796875,484.62548828125
0,0,0.0,10,0,pedestrian,0.2784683108329773,1063.3685302734375,545.4437255859375,1085.5250244140625,592.5472412109375,1074.44677734375,568.9954833984375
0,0,0.0,11,2,van,0.25323545932769775,835.45556640625,587.1621704101562,918.97509765625,670.3495483398438,877.21533203125,628.755859375
0,0,0.0,12,0,pedestrian,0.2528507113456726,215.33885192871094,685.4390869140625,250.3801727294922,763.6663818359375,232.85951232910156,724.552734375
1,1,0.041666666666666664,1,0,pedestrian,0.5641124844551086,500.9860534667969,696.0330200195312,530.1396484375,789.3051147460938,515.5628509521484,742.6690673828125
1,1,0.041666666666666664,2,0,pedestrian,0.6578584313392639,1599.2291259765625,666.6295776367188,1634.0946044921875,760.8148193359375,1616.661865234375,713.7221984863281
1,1,0.041666666666666664,3,3,truck,0.6491572260856628,800.0546875,455.3846740722656,915.4721069335938,585.33251953125,857.7633972167969,520.3585968017578
1,1,0.041666666666666664,4,1,car,0.5333666801452637,834.6151123046875,586.1931762695312,917.0177612304688,669.0747680664062,875.8164367675781,627.6339721679688
1,1,0.041666666666666664,6,0,pedestrian,0.39592352509498596,461.1024169921875,686.8764038085938,491.2487487792969,787.5631713867188,476.1755828857422,737.2197875976562
1,1,0.041666666666666664,7,0,pedestrian,0.4556385278701782,550.3590087890625,593.4380493164062,570.6815185546875,657.66162109375,560.520263671875,625.5498352050781
1,1,0.041666666666666664,8,3,truck,0.29081952571868896,1063.173828125,543.738525390625,1153.6170654296875,637.6380615234375,1108.3954467773438,590.6882934570312
1,1,0.041666666666666664,11,2,van,0.259285032749176,834.6151123046875,586.1931762695312,917.0177612304688,669.0747680664062,875.8164367675781,627.6339721679688
1,1,0.041666666666666664,12,0,pedestrian,0.38088223338127136,213.64593505859375,685.6585083007812,247.3556671142578,762.3002319335938,230.50080108642578,723.9793701171875
2,2,0.08333333333333333,1,0,pedestrian,0.46858444809913635,499.50494384765625,693.5142822265625,528.2818603515625,785.6993408203125,513.8934020996094,739.6068115234375
2,2,0.08333333333333333,2,0,pedestrian,0.7339453101158142,1599.8310546875,666.4120483398438,1634.7569580078125,761.122802734375,1617.2940063476562,713.7674255371094
2,2,0.08333333333333333,3,3,truck,0.5760087370872498,803.38720703125,457.48651123046875,914.9823608398438,585.5851440429688,859.1847839355469,521.5358276367188
2,2,0.08333333333333333,4,1,car,0.8427852392196655,834.65576171875,587.116455078125,915.2828979492188,667.5553588867188,874.9693298339844,627.3359069824219
2,2,0.08333333333333333,6,0,pedestrian,0.3442223370075226,460.3354187011719,686.18017578125,489.917724609375,786.707763671875,475.12657165527344,736.4439697265625
2,2,0.08333333333333333,7,0,pedestrian,0.5274168252944946,547.9761352539062,593.1505737304688,569.3673706054688,658.5626831054688,558.6717529296875,625.8566284179688
2,2,0.08333333333333333,8,3,truck,0.34300845861434937,1061.15478515625,546.7264404296875,1151.97119140625,639.7625732421875,1106.56298828125,593.2445068359375
2,2,0.08333333333333333,12,0,pedestrian,0.45433366298675537,212.27503967285156,685.4554443359375,244.82180786132812,762.0164184570312,228.54842376708984,723.7359313964844
2,2,0.08333333333333333,13,0,pedestrian,0.420245885848999,499.53826904296875,694.7166137695312,528.5421752929688,787.4315185546875,514.0402221679688,741.0740661621094
2,2,0.08333333333333333,5,4,bus,0.33588483929634094,1080.166748046875,680.2584228515625,1636.671630859375,1075.334228515625,1358.419189453125,877.7963256835938
3,3,0.125,1,0,pedestrian,0.4137444794178009,499.1226806640625,692.350830078125,527.36865234375,784.41748046875,513.2456665039062,738.3841552734375
3,3,0.125,2,0,pedestrian,0.6822096109390259,1600.220703125,667.6909790039062,1635.7734375,763.3351440429688,1617.9970703125,715.5130615234375
3,3,0.125,3,3,truck,0.4839877784252167,804.7296752929688,458.38189697265625,915.1143188476562,586.2432861328125,859.9219970703125,522.3125915527344
3,3,0.125,4,1,car,0.8212676048278809,834.4918823242188,587.7281494140625,915.1571044921875,666.4290161132812,874.8244934082031,627.0785827636719
3,3,0.125,6,0,pedestrian,0.3394295871257782,460.1796875,687.3870849609375,489.3166198730469,785.7034301757812,474.74815368652344,736.5452575683594
3,3,0.125,7,0,pedestrian,0.4446214437484741,547.245849609375,593.343994140625,568.855224609375,657.633056640625,558.050537109375,625.488525390625
3,3,0.125,8,2,van,0.5001482963562012,1060.5419921875,546.5877075195312,1151.965087890625,640.3833618164062,1106.2535400390625,593.4855346679688
3,3,0.125,12,0,pedestrian,0.28136885166168213,211.81658935546875,684.8228149414062,245.88539123535156,762.0629272460938,228.85099029541016,723.44287109375
3,3,0.125,13,0,pedestrian,0.5480384230613708,498.73822021484375,695.2033081054688,527.4727783203125,788.2946166992188,513.1054992675781,741.7489624023438
4,4,0.16666666666666666,1,0,pedestrian,0.31880277395248413,497.83984375,691.756103515625,526.0733032226562,782.1436767578125,511.9565734863281,736.9498901367188
4,4,0.16666666666666666,2,0,pedestrian,0.35636332631111145,1599.7442626953125,667.1328125,1636.9669189453125,764.0315551757812,1618.3555908203125,715.5821838378906
4,4,0.16666666666666666,3,3,truck,0.5315613746643066,804.3734130859375,459.04486083984375,914.14013671875,585.507080078125,859.2567749023438,522.2759704589844
4,4,0.16666666666666666,4,1,car,0.7914414405822754,834.5979614257812,587.4837036132812,914.6754150390625,664.178955078125,874.6366882324219,625.8313293457031
4,4,0.16666666666666666,6,0,pedestrian,0.2674136459827423,457.9426574707031,687.137451171875,486.2176513671875,784.4522705078125,472.0801544189453,735.7948608398438
4,4,0.16666666666666666,7,0,pedestrian,0.4787406325340271,547.2867431640625,592.4228515625,568.5874633789062,657.4962768554688,557.9371032714844,624.9595642089844
4,4,0.16666666666666666,8,2,van,0.47468432784080505,1063.8465576171875,551.5484008789062,1152.0614013671875,640.892578125,1107.9539794921875,596.2204895019531
4,4,0.16666666666666666,13,0,pedestrian,0.5851512551307678,497.0118713378906,695.211669921875,526.7186889648438,789.2442626953125,511.8652801513672,742.2279663085938
4,4,0.16666666666666666,20,1,car,0.4724300503730774,914.8255004882812,485.4477844238281,947.442626953125,518.3475952148438,931.1340637207031,501.89768981933594
5,5,0.20833333333333334,3,3,truck,0.569251298904419,803.6270141601562,458.7105407714844,913.8414916992188,583.7630615234375,858.7342529296875,521.2368011474609
5,5,0.20833333333333334,4,1,car,0.7444301247596741,834.7357177734375,586.3448486328125,913.3212890625,662.40576171875,874.0285034179688,624.3753051757812
5,5,0.20833333333333334,6,0,pedestrian,0.2559014558792114,455.85498046875,687.0439453125,483.58343505859375,785.1412963867188,469.7192077636719,736.0926208496094
5,5,0.20833333333333334,7,0,pedestrian,0.45270678400993347,546.7089233398438,592.1366577148438,568.3132934570312,657.7406616210938,557.5111083984375,624.9386596679688
5,5,0.20833333333333334,8,2,van,0.4363456070423126,1062.9385986328125,550.2623291015625,1152.0947265625,642.6032104492188,1107.5166625976562,596.4327697753906
5,5,0.20833333333333334,13,0,pedestrian,0.6586519479751587,494.2891540527344,693.7169799804688,525.5100708007812,791.0806274414062,509.8996124267578,742.3988037109375
5,5,0.20833333333333334,20,1,car,0.4057405889034271,914.2249755859375,481.8047180175781,947.0364379882812,517.6502075195312,930.6307067871094,499.7274627685547
5,5,0.20833333333333334,12,0,pedestrian,0.3482663035392761,207.2134552001953,685.7705688476562,242.91629028320312,762.8580322265625,225.06487274169922,724.3143005371094
6,6,0.25,3,3,truck,0.5175444483757019,803.2897338867188,459.2168884277344,914.1641845703125,582.6624145507812,858.7269592285156,520.9396514892578
6,6,0.25,4,1,car,0.5497063994407654,834.6895751953125,585.6626586914062,912.9498291015625,661.5812377929688,873.8197021484375,623.6219482421875
6,6,0.25,7,0,pedestrian,0.42871272563934326,546.483154296875,592.5230712890625,568.172607421875,657.7164306640625,557.327880859375,625.1197509765625
6,6,0.25,8,2,van,0.4388529658317566,1063.5631103515625,550.6080322265625,1151.3741455078125,642.0693359375,1107.4686279296875,596.3386840820312
6,6,0.25,13,0,pedestrian,0.7020623683929443,492.682861328125,693.2936401367188,525.0994873046875,791.3291625976562,508.89117431640625,742.3114013671875
6,6,0.25,20,1,car,0.34134361147880554,914.5591430664062,481.3853759765625,946.7500610351562,517.275146484375,930.6546020507812,499.33026123046875
6,6,0.25,26,0,pedestrian,0.344352126121521,437.0068359375,532.3312377929688,457.33367919921875,585.952880859375,447.1702575683594,559.1420593261719
6,6,0.25,12,0,pedestrian,0.44875550270080566,207.4858856201172,686.6312866210938,242.7117156982422,763.9307250976562,225.0988006591797,725.281005859375
7,7,0.2916666666666667,3,3,truck,0.4921521842479706,803.1829833984375,457.35186767578125,914.5364379882812,582.0880126953125,858.8597106933594,519.7199401855469
7,7,0.2916666666666667,4,1,car,0.4489632844924927,834.1749267578125,585.2120971679688,910.9430541992188,659.818359375,872.5589904785156,622.5152282714844
7,7,0.2916666666666667,7,0,pedestrian,0.4050863981246948,545.2347412109375,593.37060546875,567.5936889648438,658.655029296875,556.4142150878906,626.0128173828125
7,7,0.2916666666666667,8,2,van,0.27279132604599,1059.10693359375,546.4271850585938,1150.90087890625,643.3970336914062,1105.00390625,594.912109375
7,7,0.2916666666666667,13,0,pedestrian,0.7403894662857056,492.0230712890625,693.2752685546875,524.9522094726562,791.1871337890625,508.4876403808594,742.231201171875
7,7,0.2916666666666667,20,1,car,0.2941702902317047,915.1477661132812,479.967041015625,946.3584594726562,516.7151489257812,930.7531127929688,498.3410949707031
7,7,0.2916666666666667,26,0,pedestrian,0.3104720711708069,437.0337219238281,531.1268310546875,457.2929992675781,585.3246459960938,447.1633605957031,558.2257385253906
7,7,0.2916666666666667,12,0,pedestrian,0.44019627571105957,208.0992431640625,687.4426879882812,242.4774627685547,763.2894897460938,225.2883529663086,725.3660888671875
7,7,0.2916666666666667,5,4,bus,0.26261788606643677,1078.2061767578125,683.5699462890625,1632.79736328125,1071.3212890625,1355.5017700195312,877.4456176757812
7,7,0.2916666666666667,6,0,pedestrian,0.2573506534099579,454.9267883300781,686.8268432617188,484.1249694824219,786.7166137695312,469.52587890625,736.771728515625
8,8,0.3333333333333333,3,3,truck,0.49232906103134155,803.0497436523438,455.9600830078125,915.0684204101562,581.1492309570312,859.05908203125,518.5546569824219
8,8,0.3333333333333333,4,1,car,0.5874099731445312,834.025634765625,584.3038940429688,910.1705322265625,659.0634155273438,872.0980834960938,621.6836547851562
8,8,0.3333333333333333,7,0,pedestrian,0.561786413192749,543.9811401367188,593.8364868164062,566.2791748046875,658.5613403320312,555.1301574707031,626.1989135742188
8,8,0.3333333333333333,8,3,truck,0.31177183985710144,1056.4423828125,544.6060180664062,1151.1976318359375,644.6535034179688,1103.8200073242188,594.6297607421875
8,8,0.3333333333333333,13,0,pedestrian,0.7060307860374451,491.8279113769531,692.6489868164062,524.43701171875,790.8319702148438,508.13246154785156,741.740478515625
8,8,0.3333333333333333,12,0,pedestrian,0.32396382093429565,209.05062866210938,688.380126953125,241.7027130126953,759.4884033203125,225.37667083740234,723.9342651367188
8,8,0.3333333333333333,31,0,pedestrian,0.3984546363353729,460.2914123535156,686.7100219726562,490.59149169921875,790.009033203125,475.4414520263672,738.3595275878906
8,8,0.3333333333333333,5,4,bus,0.542164146900177,1080.8240966796875,695.5787353515625,1631.119384765625,1070.8822021484375,1355.9717407226562,883.23046875
8,8,0.3333333333333333,6,0,pedestrian,0.2612723112106323,453.8014831542969,686.3579711914062,483.8612365722656,785.4396362304688,468.83135986328125,735.8988037109375
9,9,0.375,3,3,truck,0.5201916098594666,803.9344482421875,455.1559143066406,914.5173950195312,579.1257934570312,859.2259216308594,517.1408538818359
9,9,0.375,4,2,van,0.5796539187431335,833.3765258789062,581.642333984375,910.6868896484375,659.0134887695312,872.0317077636719,620.3279113769531
9,9,0.375,7,0,pedestrian,0.5521289110183716,543.7191772460938,593.9678344726562,565.86669921875,659.0930786132812,554.7929382324219,626.5304565429688
9,9,0.375,8,3,truck,0.32496947050094604,1054.8714599609375,544.8174438476562,1151.8607177734375,646.8223266601562,1103.3660888671875,595.8198852539062
9,9,0.375,13,0,pedestrian,0.6605036854743958,491.1954650878906,691.8860473632812,523.7039184570312,790.4664306640625,507.44969177246094,741.1762390136719
9,9,0.375,12,0,pedestrian,0.316911518573761,207.2119598388672,687.905029296875,242.12721252441406,758.4210815429688,224.66958618164062,723.1630554199219
9,9,0.375,31,0,pedestrian,0.4192064702510834,458.1202697753906,685.8402709960938,489.5369873046875,790.5670166015625,473.82862854003906,738.2036437988281
9,9,0.375,5,4,bus,0.5514261722564697,1080.341552734375,694.59716796875,1629.774658203125,1071.1878662109375,1355.05810546875,882.8925170898438
9,9,0.375,6,0,pedestrian,0.3388482630252838,453.162841796875,685.1890258789062,484.3963317871094,787.194091796875,468.7795867919922,736.1915588378906
9,9,0.375,34,1,car,0.3693263530731201,1065.2755126953125,509.859130859375,1104.0089111328125,549.8881225585938,1084.6422119140625,529.8736267089844
10,10,0.4166666666666667,3,3,truck,0.5545027256011963,805.22802734375,455.8368835449219,914.3462524414062,578.0157470703125,859.7871398925781,516.9263153076172
10,10,0.4166666666666667,4,2,van,0.5892581939697266,833.5743408203125,580.76220703125,910.8885498046875,658.0584106445312,872.2314453125,619.4103088378906
10,10,0.4166666666666667,7,0,pedestrian,0.5208836793899536,543.2726440429688,593.8297729492188,565.9075317382812,660.6549072265625,554.590087890625,627.2423400878906
10,10,0.4166666666666667,8,3,truck,0.47555339336395264,1059.764404296875,547.8438720703125,1153.132568359375,646.48193359375,1106.448486328125,597.1629028320312
10,10,0.4166666666666667,13,0,pedestrian,0.6750671863555908,491.0648193359375,691.8495483398438,523.6213989257812,791.2216796875,507.3431091308594,741.5356140136719
10,10,0.4166666666666667,12,0,pedestrian,0.3480284810066223,206.89988708496094,688.0463256835938,241.78648376464844,760.1234741210938,224.3431854248047,724.0848999023438
10,10,0.4166666666666667,31,0,pedestrian,0.45062392950057983,457.982666015625,685.8165283203125,489.54986572265625,790.4404907226562,473.7662658691406,738.1285095214844
10,10,0.4166666666666667,5,4,bus,0.6378651857376099,1080.578857421875,695.5863037109375,1629.05322265625,1070.913330078125,1354.8160400390625,883.2498168945312
10,10,0.4166666666666667,6,0,pedestrian,0.3169340491294861,451.5126037597656,684.9982299804688,484.2126770019531,788.4764404296875,467.8626403808594,736.7373352050781
10,10,0.4166666666666667,34,1,car,0.36566808819770813,1064.6387939453125,510.4768981933594,1103.8953857421875,549.6974487304688,1084.26708984375,530.0871734619141
11,11,0.4583333333333333,3,3,truck,0.5498526692390442,805.4903564453125,458.4676513671875,914.3264770507812,577.7901611328125,859.9084167480469,518.12890625
11,11,0.4583333333333333,4,2,van,0.4555085003376007,833.4291381835938,580.3485717773438,911.4414672851562,657.4959106445312,872.435302734375,618.9222412109375
11,11,0.4583333333333333,7,0,pedestrian,0.42258116602897644,542.3943481445312,594.42919921875,565.1599731445312,663.0208740234375,553.7771606445312,628.7250366210938
11,11,0.4583333333333333,8,3,truck,0.4403662383556366,1065.7952880859375,554.4956665039062,1153.333740234375,648.3524169921875,1109.5645141601562,601.4240417480469
11,11,0.4583333333333333,13,0,pedestrian,0.677394688129425,491.4680480957031,693.2095336914062,523.9217529296875,791.2308959960938,507.6949005126953,742.22021484375
11,11,0.4583333333333333,12,0,pedestrian,0.3671726882457733,205.5797119140625,688.1129150390625,241.42967224121094,762.0789184570312,223.50469207763672,725.0959167480469
11,11,0.4583333333333333,31,0,pedestrian,0.4271252453327179,457.795166015625,685.9005737304688,489.24322509765625,791.20654296875,473.5191955566406,738.5535583496094
11,11,0.4583333333333333,5,4,bus,0.5671998858451843,1079.9991455078125,691.8189086914062,1628.8779296875,1070.5084228515625,1354.4385375976562,881.1636657714844
11,11,0.4583333333333333,6,0,pedestrian,0.3079579770565033,451.1816711425781,685.481689453125,484.3447265625,789.4176635742188,467.76319885253906,737.4496765136719
11,11,0.4583333333333333,34,1,car,0.2502982020378113,1065.3858642578125,510.3450012207031,1103.186279296875,550.3143310546875,1084.2860717773438,530.3296661376953
12,12,0.5,3,3,truck,0.5060309171676636,805.8180541992188,461.3995666503906,914.8411865234375,577.9085083007812,860.3296203613281,519.6540374755859
12,12,0.5,4,2,van,0.4804503917694092,833.5861206054688,579.767578125,912.2607421875,656.6631469726562,872.9234313964844,618.2153625488281
12,12,0.5,7,0,pedestrian,0.453443318605423,542.3248291015625,595.2884521484375,564.8215942382812,662.618408203125,553.5732116699219,628.9534301757812
12,12,0.5,8,3,truck,0.5648195743560791,1065.1522216796875,554.2133178710938,1152.69091796875,650.6348266601562,1108.9215698242188,602.424072265625
12,12,0.5,13,0,pedestrian,0.6603002548217773,492.0914306640625,694.6174926757812,524.224365234375,791.3870239257812,508.15789794921875,743.0022583007812
12,12,0.5,31,0,pedestrian,0.4313090443611145,458.3788146972656,686.6178588867188,489.6179504394531,791.6401977539062,473.9983825683594,739.1290283203125
12,12,0.5,5,4,bus,0.3146570920944214,1078.5670166015625,686.5885620117188,1630.5716552734375,1070.5404052734375,1354.5693359375,878.5644836425781
12,12,0.5,6,0,pedestrian,0.319160133600235,452.7727966308594,685.2902221679688,486.1292419433594,789.87255859375,469.4510192871094,737.5813903808594
13,13,0.5416666666666666,3,3,truck,0.5041171312332153,806.2781372070312,462.263671875,915.7460327148438,577.6497192382812,861.0120849609375,519.9566955566406
13,13,0.5416666666666666,4,2,van,0.44276201725006104,833.5504760742188,579.1251831054688,913.7908935546875,655.4730834960938,873.6706848144531,617.2991333007812
13,13,0.5416666666666666,7,0,pedestrian,0.3508491516113281,542.6622314453125,595.6065673828125,564.8902587890625,662.0579223632812,553.7762451171875,628.8322448730469
13,13,0.5416666666666666,8,3,truck,0.43895429372787476,1058.6829833984375,553.2012939453125,1151.7159423828125,654.302490234375,1105.199462890625,603.7518920898438
13,13,0.5416666666666666,13,0,pedestrian,0.6625037789344788,491.9853820800781,695.0103149414062,524.2368774414062,791.8643188476562,508.1111297607422,743.4373168945312
13,13,0.5416666666666666,31,0,pedestrian,0.4042283892631531,458.063232421875,686.734619140625,489.2930908203125,792.2139892578125,473.67816162109375,739.4743041992188
13,13,0.5416666666666666,6,0,pedestrian,0.30139899253845215,452.3407287597656,684.6510009765625,485.84893798828125,790.5531616210938,469.09483337402344,737.6020812988281
13,13,0.5416666666666666,12,0,pedestrian,0.3077887296676636,204.24649047851562,687.7449951171875,240.39047241210938,763.1243896484375,222.3184814453125,725.4346923828125
14,14,0.5833333333333334,3,3,truck,0.5505249500274658,807.0968017578125,459.87921142578125,916.1533813476562,577.16455078125,861.6250915527344,518.5218811035156
14,14,0.5833333333333334,4,2,van,0.4675242006778717,833.9366455078125,578.5787963867188,914.3377075195312,654.447998046875,874.1371765136719,616.5133972167969
14,14,0.5833333333333334,7,0,pedestrian,0.2844274044036865,542.4015502929688,595.8605346679688,564.932373046875,663.3893432617188,553.6669616699219,629.6249389648438
14,14,0.5833333333333334,8,3,truck,0.45142123103141785,1058.2972412109375,557.7679443359375,1151.0294189453125,655.9691162109375,1104.663330078125,606.8685302734375
14,14,0.5833333333333334,13,0,pedestrian,0.6579567790031433,491.3578186035156,694.5335693359375,524.3988037109375,792.6565551757812,507.87831115722656,743.5950622558594
14,14,0.5833333333333334,31,0,pedestrian,0.3527054190635681,458.069091796875,686.60107421875,489.0677490234375,792.4397583007812,473.56842041015625,739.5204162597656
14,14,0.5833333333333334,6,0,pedestrian,0.28389519453048706,451.98876953125,684.3748779296875,485.5560302734375,790.6627807617188,468.77239990234375,737.5188293457031
14,14,0.5833333333333334,42,3,truck,0.4255237281322479,661.6565551757812,692.2814331054688,762.7399291992188,823.5189819335938,712.1982421875,757.9002075195312
14,14,0.5833333333333334,12,0,pedestrian,0.363874226808548,203.53799438476562,688.3258666992188,240.4232635498047,764.3417358398438,221.98062896728516,726.3338012695312
14,14,0.5833333333333334,5,4,bus,0.26704567670822144,1083.092529296875,672.8011474609375,1639.096435546875,1075.7415771484375,1361.094482421875,874.2713623046875
15,15,0.625,3,3,truck,0.4009239077568054,807.3634643554688,456.3964538574219,916.6378784179688,577.0806884765625,862.0006713867188,516.7385711669922
15,15,0.625,4,1,car,0.4003823399543762,834.3700561523438,578.2374267578125,914.0084228515625,653.9647827148438,874.1892395019531,616.1011047363281
15,15,0.625,8,3,truck,0.49930062890052795,1059.4969482421875,563.1350708007812,1152.92333984375,656.14453125,1106.2101440429688,609.6398010253906
15,15,0.625,13,0,pedestrian,0.6641726493835449,490.7641906738281,693.9338989257812,524.3560791015625,793.0238647460938,507.5601348876953,743.4788818359375
15,15,0.625,31,0,pedestrian,0.352037638425827,457.8927001953125,686.8231201171875,488.7555236816406,792.9598388671875,473.32411193847656,739.8914794921875
15,15,0.625,6,0,pedestrian,0.26472437381744385,451.6659851074219,684.2286987304688,485.00372314453125,790.624267578125,468.33485412597656,737.4264831542969
15,15,0.625,12,0,pedestrian,0.3769727051258087,203.12387084960938,687.8441162109375,240.42355346679688,765.5374145507812,221.77371215820312,726.6907653808594
15,15,0.625,5,4,bus,0.40109384059906006,1083.6978759765625,670.4180908203125,1639.286376953125,1077.3426513671875,1361.4921264648438,873.88037109375
16,16,0.6666666666666666,3,3,truck,0.4840816259384155,808.1172485351562,454.9725646972656,916.8277587890625,576.4553833007812,862.4725036621094,515.7139739990234
16,16,0.6666666666666666,4,1,car,0.5993546843528748,834.7175903320312,577.9222412109375,913.4799194335938,652.3242797851562,874.0987548828125,615.1232604980469
16,16,0.6666666666666666,8,3,truck,0.2953697443008423,1060.1943359375,565.0863037109375,1153.4930419921875,657.25048828125,1106.8436889648438,611.1683959960938
16,16,0.6666666666666666,13,0,pedestrian,0.6255389451980591,491.1524658203125,693.9368896484375,524.1231689453125,792.7078247070312,507.6378173828125,743.3223571777344
16,16,0.6666666666666666,31,0,pedestrian,0.337804913520813,457.9783020019531,686.3472290039062,488.48760986328125,793.3837890625,473.2329559326172,739.8655090332031
16,16,0.6666666666666666,6,0,pedestrian,0.2786000370979309,451.06231689453125,684.0401000976562,483.5360107421875,790.220947265625,467.2991638183594,737.1305236816406
16,16,0.6666666666666666,12,0,pedestrian,0.34683144092559814,203.12380981445312,687.4022216796875,239.92779541015625,765.287841796875,221.5258026123047,726.3450317382812
16,16,0.6666666666666666,5,4,bus,0.6397592425346375,1083.833251953125,688.4180297851562,1633.54052734375,1075.02197265625,1358.6868896484375,881.7200012207031
16,16,0.6666666666666666,42,3,truck,0.4211733341217041,665.4693603515625,685.1288452148438,766.4520263671875,816.111328125,715.960693359375,750.6200866699219
17,17,0.7083333333333334,3,3,truck,0.33069074153900146,808.367919921875,455.64886474609375,916.8292236328125,575.8528442382812,862.5985717773438,515.7508544921875
17,17,0.7083333333333334,4,1,car,0.8204375505447388,835.2078247070312,577.0873413085938,912.8450317382812,650.6446533203125,874.0264282226562,613.8659973144531
17,17,0.7083333333333334,8,2,van,0.38345465064048767,1052.893310546875,554.60302734375,1155.7330322265625,659.2308959960938,1104.3131713867188,606.9169616699219
17,17,0.7083333333333334,13,0,pedestrian,0.6249827146530151,491.2247314453125,694.431640625,524.0362548828125,792.3053588867188,507.6304931640625,743.3684997558594
17,17,0.7083333333333334,31,0,pedestrian,0.3124539256095886,457.4325866699219,686.0501098632812,488.4131774902344,793.768310546875,472.9228820800781,739.9092102050781
17,17,0.7083333333333334,6,0,pedestrian,0.2652077078819275,450.72308349609375,682.8099975585938,483.8059387207031,789.7422485351562,467.26451110839844,736.276123046875
17,17,0.7083333333333334,5,4,bus,0.6151012182235718,1082.073974609375,693.7508544921875,1632.10595703125,1073.281005859375,1357.0899658203125,883.5159301757812
17,17,0.7083333333333334,49,1,car,0.3306819200515747,931.8831176757812,443.25738525390625,964.6619262695312,472.9386901855469,948.2725219726562,458.09803771972656
17,17,0.7083333333333334,2,0,pedestrian,0.30695152282714844,1616.526611328125,678.595947265625,1653.3956298828125,776.4447021484375,1634.9611206054688,727.5203247070312
17,17,0.7083333333333334,7,0,pedestrian,0.3139246702194214,540.537841796875,596.2738037109375,563.1512451171875,663.34716796875,551.8445434570312,629.8104858398438
18,18,0.75,3,3,truck,0.4408288598060608,808.7938232421875,455.5338439941406,916.6068115234375,575.765869140625,862.7003173828125,515.6498565673828
18,18,0.75,4,1,car,0.5629606246948242,835.1383056640625,576.5125732421875,912.317138671875,649.8507690429688,873.7277221679688,613.1816711425781
18,18,0.75,8,3,truck,0.3326493799686432,1054.2144775390625,556.1343994140625,1155.075927734375,659.22607421875,1104.6452026367188,607.6802368164062
18,18,0.75,13,0,pedestrian,0.5788525342941284,491.247314453125,694.6762084960938,523.7662353515625,791.7984619140625,507.50677490234375,743.2373352050781
18,18,0.75,31,0,pedestrian,0.29327523708343506,456.9286804199219,686.5098876953125,488.0467834472656,793.748291015625,472.48773193359375,740.1290893554688
18,18,0.75,6,0,pedestrian,0.27775728702545166,450.1226806640625,682.628662109375,484.0433044433594,788.9411010742188,467.08299255371094,735.7848815917969
18,18,0.75,5,4,bus,0.42588087916374207,1083.6435546875,696.557861328125,1633.86962890625,1073.1072998046875,1358.756591796875,884.8325805664062
18,18,0.75,49,1,car,0.3046853840351105,930.6524658203125,443.216552734375,964.447265625,472.3958740234375,947.5498657226562,457.80621337890625
18,18,0.75,2,0,pedestrian,0.2528325915336609,1617.0882568359375,678.3319702148438,1655.3187255859375,772.9741821289062,1636.2034912109375,725.653076171875
18,18,0.75,7,0,pedestrian,0.35971373319625854,540.6015625,596.7606811523438,563.234130859375,663.0328979492188,551.9178466796875,629.8967895507812
19,19,0.7916666666666666,3,3,truck,0.4512525498867035,808.9722900390625,456.69000244140625,916.5938110351562,575.6660766601562,862.7830505371094,516.1780395507812
19,19,0.7916666666666666,4,1,car,0.7951993942260742,835.1063842773438,576.1094970703125,912.1885986328125,649.0652465820312,873.6474914550781,612.5873718261719
19,19,0.7916666666666666,8,3,truck,0.2879446744918823,1061.822998046875,564.48583984375,1155.0546875,663.8895263671875,1108.4388427734375,614.1876831054688
19,19,0.7916666666666666,13,0,pedestrian,0.5330482125282288,490.8088073730469,695.0398559570312,523.6109619140625,791.9776611328125,507.2098846435547,743.5087585449219
19,19,0.7916666666666666,31,0,pedestrian,0.26471206545829773,457.5626525878906,688.3275756835938,488.30322265625,793.5504150390625,472.9329376220703,740.9389953613281
19,19,0.7916666666666666,6,0,pedestrian,0.26776421070098877,450.4999084472656,683.1922607421875,485.0528259277344,788.1886596679688,467.7763671875,735.6904602050781
19,19,0.7916666666666666,5,4,bus,0.36260905861854553,1081.609375,698.5445556640625,1634.011962890625,1073.1912841796875,1357.8106689453125,885.867919921875
19,19,0.7916666666666666,7,0,pedestrian,0.33637291193008423,540.5782470703125,596.9974975585938,563.2254028320312,662.9476928710938,551.9018249511719,629.9725952148438
20,20,0.8333333333333334,3,3,truck,0.5013407468795776,809.0479125976562,456.53271484375,915.8198852539062,575.3888549804688,862.4338989257812,515.9607849121094
20,20,0.8333333333333334,4,1,car,0.8011474013328552,834.5606079101562,575.4422607421875,912.3225708007812,647.5541381835938,873.4415893554688,611.4981994628906
20,20,0.8333333333333334,8,3,truck,0.2759520411491394,1063.9710693359375,565.6146240234375,1155.568359375,661.03564453125,1109.7697143554688,613.3251342773438
20,20,0.8333333333333334,13,0,pedestrian,0.53703373670578,490.52630615234375,695.317138671875,523.3113403320312,791.8984375,506.9188232421875,743.6077880859375
20,20,0.8333333333333334,31,0,pedestrian,0.2769545316696167,458.60455322265625,690.629150390625,488.50909423828125,792.4841918945312,473.55682373046875,741.5566711425781
20,20,0.8333333333333334,6,0,pedestrian,0.2959915101528168,451.787841796875,684.1033325195312,485.8758850097656,786.6187744140625,468.8318634033203,735.3610534667969
20,20,0.8333333333333334,5,4,bus,0.33226028084754944,1080.7342529296875,698.25146484375,1636.4461669921875,1073.001220703125,1358.5902099609375,885.6263427734375
20,20,0.8333333333333334,7,0,pedestrian,0.28688305616378784,540.3516235351562,597.34423828125,562.5050048828125,663.5426635742188,551.4283142089844,630.4434509277344
20,20,0.8333333333333334,59,0,pedestrian,0.3314218521118164,532.1848754882812,595.5536499023438,554.8897094726562,660.5857543945312,543.5372924804688,628.0697021484375
20,20,0.8333333333333334,42,1,car,0.3425293564796448,674.640380859375,679.9642944335938,773.3072509765625,800.8976440429688,723.9738159179688,740.4309692382812
20,20,0.8333333333333334,2,0,pedestrian,0.282556414604187,1620.79638671875,680.2976684570312,1657.8455810546875,769.698974609375,1639.3209838867188,724.9983215332031
21,21,0.875,3,3,truck,0.40024977922439575,809.309814453125,455.09375,915.632568359375,575.002685546875,862.47119140625,515.0482177734375
21,21,0.875,4,1,car,0.7017486095428467,834.6963500976562,574.5160522460938,912.3143310546875,647.8048706054688,873.5053405761719,611.1604614257812
21,21,0.875,13,0,pedestrian,0.5911663174629211,489.8229675292969,695.295654296875,523.1505737304688,791.842529296875,506.4867706298828,743.569091796875
21,21,0.875,31,0,pedestrian,0.2923181354999542,458.65020751953125,690.9539184570312,488.7271728515625,792.0372924804688,473.6886901855469,741.49560546875
21,21,0.875,6,0,pedestrian,0.28589412569999695,451.4215393066406,684.0314331054688,485.9032287597656,786.5803833007812,468.6623840332031,735.305908203125
21,21,0.875,5,4,bus,0.2942797839641571,1082.421142578125,683.4744262695312,1643.0035400390625,1075.712158203125,1362.7123413085938,879.5932922363281
21,21,0.875,7,0,pedestrian,0.27514833211898804,539.4800415039062,596.5988159179688,561.7169799804688,663.3681030273438,550.5985107421875,629.9834594726562
21,21,0.875,59,0,pedestrian,0.3837358057498932,532.5447998046875,595.5791015625,555.3983764648438,660.720458984375,543.9715881347656,628.1497802734375
21,21,0.875,42,1,car,0.45633354783058167,679.402099609375,676.6879272460938,774.3279418945312,796.4254760742188,726.8650207519531,736.5567016601562
21,21,0.875,2,0,pedestrian,0.34933698177337646,1621.4560546875,680.8756713867188,1658.0540771484375,767.7921142578125,1639.7550659179688,724.3338928222656
21,21,0.875,12,0,pedestrian,0.3171943128108978,201.01980590820312,688.0413818359375,237.88467407226562,765.395751953125,219.45223999023438,726.7185668945312
22,22,0.9166666666666666,3,3,truck,0.32406124472618103,810.0950317382812,455.9866027832031,916.4002075195312,574.3754272460938,863.2476196289062,515.1810150146484
22,22,0.9166666666666666,4,1,car,0.6225264072418213,834.7207641601562,574.8590698242188,911.4361572265625,647.6643676757812,873.0784606933594,611.26171875
22,22,0.9166666666666666,13,0,pedestrian,0.6361657977104187,489.7306213378906,695.6635131835938,522.6477661132812,791.5869140625,506.18919372558594,743.6252136230469
22,22,0.9166666666666666,31,0,pedestrian,0.3520188629627228,459.038330078125,692.0886840820312,488.85614013671875,792.526123046875,473.9472351074219,742.3074035644531
22,22,0.9166666666666666,6,0,pedestrian,0.2629427909851074,451.5513000488281,684.1842041015625,486.1000061035156,787.764892578125,468.8256530761719,735.9745483398438
22,22,0.9166666666666666,5,4,bus,0.4753125011920929,1082.954833984375,694.1345825195312,1639.246826171875,1075.2498779296875,1361.100830078125,884.6922302246094
22,22,0.9166666666666666,7,0,pedestrian,0.2665655314922333,538.8126831054688,596.60693359375,560.82275390625,662.9452514648438,549.8177185058594,629.7760925292969
22,22,0.9166666666666666,59,0,pedestrian,0.37942299246788025,532.8929443359375,595.9320068359375,555.3239135742188,659.7642211914062,544.1084289550781,627.8481140136719
22,22,0.9166666666666666,42,1,car,0.38931378722190857,682.658935546875,673.8635864257812,775.2337036132812,791.4957275390625,728.9463195800781,732.6796569824219
22,22,0.9166666666666666,2,0,pedestrian,0.29013770818710327,1622.9354248046875,680.9793701171875,1657.9779052734375,761.5377197265625,1640.4566650390625,721.258544921875
22,22,0.9166666666666666,12,0,pedestrian,0.28692391514778137,201.01072692871094,688.0603637695312,237.74208068847656,765.2430419921875,219.37640380859375,726.6517028808594
23,23,0.9583333333333334,3,4,bus,0.4027882516384125,809.6378784179688,456.5549621582031,917.0360107421875,573.7421264648438,863.3369445800781,515.1485443115234
23,23,0.9583333333333334,4,1,car,0.6985763311386108,834.286376953125,574.9942016601562,911.1544799804688,646.19970703125,872.7204284667969,610.5969543457031
23,23,0.9583333333333334,13,0,pedestrian,0.6297252178192139,489.9663391113281,696.1102905273438,522.2711181640625,792.1964721679688,506.1187286376953,744.1533813476562
23,23,0.9583333333333334,31,0,pedestrian,0.33978942036628723,459.9942321777344,692.4727172851562,489.1324462890625,793.3273315429688,474.56333923339844,742.9000244140625
23,23,0.9583333333333334,5,4,bus,0.698170006275177,1083.4027099609375,698.4073486328125,1639.546875,1076.059814453125,1361.4747924804688,887.2335815429688
23,23,0.9583333333333334,59,0,pedestrian,0.3677775263786316,533.1495971679688,596.5820922851562,555.8196411132812,659.8370361328125,544.484619140625,628.2095642089844
23,23,0.9583333333333334,12,0,pedestrian,0.30637261271476746,200.6229705810547,687.915771484375,237.4501495361328,766.2501220703125,219.03656005859375,727.0829467773438
24,24,1.0,3,3,truck,0.3744550943374634,809.35693359375,456.6099548339844,917.265869140625,572.8765258789062,863.3114013671875,514.7432403564453
24,24,1.0,4,1,car,0.744334876537323,834.8916625976562,574.12353515625,910.098876953125,645.2683715820312,872.4952697753906,609.6959533691406
24,24,1.0,13,0,pedestrian,0.6723445653915405,490.23876953125,696.3737182617188,522.0753784179688,793.1093139648438,506.1570739746094,744.7415161132812
24,24,1.0,31,0,pedestrian,0.30293065309524536,460.7177734375,692.7000122070312,489.18560791015625,794.25927734375,474.9516906738281,743.4796447753906
24,24,1.0,5,4,bus,0.6486230492591858,1082.3387451171875,696.6549072265625,1637.82373046875,1076.233154296875,1360.0812377929688,886.4440307617188
24,24,1.0,59,0,pedestrian,0.3869856894016266,533.0598754882812,597.0123901367188,556.0051879882812,660.428955078125,544.5325317382812,628.7206726074219
24,24,1.0,8,3,truck,0.3939723074436188,1061.0614013671875,564.1045532226562,1154.366455078125,664.1553955078125,1107.7139282226562,614.1299743652344
24,24,1.0,2,0,pedestrian,0.4485744535923004,1623.224609375,683.6138305664062,1664.5330810546875,787.6409912109375,1643.8788452148438,735.6274108886719
25,25,1.0416666666666667,3,3,truck,0.4592452049255371,809.462158203125,456.0983581542969,918.2374877929688,572.5512084960938,863.8498229980469,514.3247833251953
25,25,1.0416666666666667,4,1,car,0.2715955972671509,836.126220703125,572.8382568359375,910.5587768554688,644.3064575195312,873.3424987792969,608.5723571777344
25,25,1.0416666666666667,13,0,pedestrian,0.6407790780067444,489.8113098144531,696.0631713867188,521.8323974609375,793.671630859375,505.8218536376953,744.8674011230469
25,25,1.0416666666666667,5,4,bus,0.6622997522354126,1081.48876953125,682.534423828125,1640.6695556640625,1078.0787353515625,1361.0791625976562,880.3065795898438
25,25,1.0416666666666667,59,0,pedestrian,0.404574453830719,533.101806640625,596.8618774414062,556.716552734375,662.7555541992188,544.9091796875,629.8087158203125
25,25,1.0416666666666667,72,4,bus,0.45046916604042053,1080.8251953125,691.2691650390625,1635.23876953125,1076.000244140625,1358.031982421875,883.6347045898438
25,25,1.0416666666666667,2,0,pedestrian,0.5598059296607971,1624.2557373046875,682.865234375,1668.7088623046875,792.9148559570312,1646.4822998046875,737.8900451660156
25,25,1.0416666666666667,12,0,pedestrian,0.2656138241291046,200.6838836669922,688.0044555664062,236.61697387695312,765.9892578125,218.65042877197266,726.9968566894531
26,26,1.0833333333333333,3,3,truck,0.4984705150127411,810.5241088867188,456.62371826171875,919.1529541015625,572.1351928710938,864.8385314941406,514.3794555664062
26,26,1.0833333333333333,4,1,car,0.373075932264328,836.6638793945312,572.5242919921875,910.6177978515625,643.0433959960938,873.6408386230469,607.7838439941406
26,26,1.0833333333333333,13,0,pedestrian,0.6340932846069336,489.1286315917969,695.6788940429688,521.820068359375,794.3274536132812,505.47434997558594,745.003173828125
26,26,1.0833333333333333,5,4,bus,0.7730477452278137,1080.2176513671875,678.09326171875,1644.5338134765625,1078.5408935546875,1362.375732421875,878.3170776367188
26,26,1.0833333333333333,59,0,pedestrian,0.4101915657520294,532.2506713867188,597.1067504882812,556.489013671875,664.3237915039062,544.3698425292969,630.7152709960938
26,26,1.0833333333333333,2,0,pedestrian,0.3379478454589844,1626.28271484375,681.577392578125,1671.142822265625,793.3341674804688,1648.7127685546875,737.4557800292969
26,26,1.0833333333333333,12,0,pedestrian,0.33029696345329285,201.33474731445312,689.4738159179688,236.36912536621094,764.9774780273438,218.85193634033203,727.2256469726562
26,26,1.0833333333333333,31,0,pedestrian,0.27110958099365234,460.9029541015625,689.9022827148438,489.8959655761719,793.9974975585938,475.3994598388672,741.9498901367188
26,26,1.0833333333333333,8,3,truck,0.279757022857666,1069.6966552734375,570.1553344726562,1155.5760498046875,677.8209838867188,1112.6363525390625,623.9881591796875
27,27,1.125,3,3,truck,0.40537431836128235,811.5919799804688,459.0352783203125,919.6376953125,571.5921020507812,865.6148376464844,515.3136901855469
27,27,1.125,4,1,car,0.5476195216178894,837.2249755859375,572.8063354492188,909.276611328125,641.8870239257812,873.2507934570312,607.3466796875
27,27,1.125,13,0,pedestrian,0.5864053964614868,489.98583984375,696.255126953125,521.8486328125,793.7269287109375,505.917236328125,744.9910278320312
27,27,1.125,5,4,bus,0.7598978281021118,1078.8570556640625,674.01611328125,1648.9783935546875,1078.6898193359375,1363.917724609375,876.3529663085938
27,27,1.125,59,0,pedestrian,0.3576335310935974,531.7131958007812,598.0275268554688,555.3032836914062,663.7899169921875,543.5082397460938,630.9087219238281
27,27,1.125,2,0,pedestrian,0.3397650718688965,1628.84033203125,683.3457641601562,1670.586181640625,795.4182739257812,1649.7132568359375,739.3820190429688
27,27,1.125,12,0,pedestrian,0.3044584393501282,202.0821075439453,690.8062133789062,236.91171264648438,765.0736694335938,219.49691009521484,727.93994140625
27,27,1.125,78,0,pedestrian,0.34167352318763733,449.6071472167969,538.6031494140625,466.19976806640625,586.8189697265625,457.90345764160156,562.7110595703125
27,27,1.125,31,0,pedestrian,0.28802961111068726,461.4048156738281,696.253173828125,489.593505859375,793.7786254882812,475.49916076660156,745.0158996582031
27,27,1.125,8,3,truck,0.3287944197654724,1069.4114990234375,573.0482788085938,1155.1396484375,678.3963623046875,1112.2755737304688,625.7223205566406
28,28,1.1666666666666667,3,3,truck,0.3944116234779358,811.8401489257812,459.6426696777344,920.402587890625,572.3567504882812,866.1213684082031,515.9997100830078
28,28,1.1666666666666667,4,1,car,0.5738080143928528,837.3941040039062,573.3972778320312,908.430908203125,640.7022705078125,872.9125061035156,607.0497741699219
28,28,1.1666666666666667,13,0,pedestrian,0.6055276393890381,490.7176513671875,697.4747924804688,521.7631225585938,793.2669067382812,506.2403869628906,745.370849609375
28,28,1.1666666666666667,5,4,bus,0.39145320653915405,1077.195068359375,689.0435180664062,1652.8865966796875,1076.29248046875,1365.0408325195312,882.6679992675781
28,28,1.1666666666666667,59,0,pedestrian,0.3353853225708008,531.9271850585938,598.7047729492188,555.3480224609375,664.694091796875,543.6376037597656,631.6994323730469
28,28,1.1666666666666667,2,0,pedestrian,0.2559936046600342,1630.5499267578125,685.4739379882812,1674.052490234375,798.563232421875,1652.3012084960938,742.0185852050781
28,28,1.1666666666666667,78,0,pedestrian,0.3352069854736328,450.30816650390625,538.1430053710938,467.0224609375,586.14599609375,458.6653137207031,562.1445007324219
28,28,1.1666666666666667,31,0,pedestrian,0.3857188820838928,460.1356506347656,710.0758056640625,488.85198974609375,795.3355712890625,474.4938201904297,752.7056884765625
28,28,1.1666666666666667,8,3,truck,0.3764112591743469,1073.2821044921875,576.885498046875,1153.9669189453125,679.5126953125,1113.62451171875,628.1990966796875
28,28,1.1666666666666667,42,1,car,0.2758220434188843,694.8828735351562,662.7955322265625,783.3466796875,770.7874755859375,739.1147766113281,716.79150390625
29,29,1.2083333333333333,3,3,truck,0.2759533226490021,814.636474609375,459.78009033203125,920.2240600585938,570.9843139648438,867.4302673339844,515.3822021484375
29,29,1.2083333333333333,4,1,car,0.5992750525474548,837.7833251953125,572.603271484375,907.857177734375,640.1236572265625,872.8202514648438,606.3634643554688
29,29,1.2083333333333333,13,0,pedestrian,0.5869200229644775,490.99951171875,697.8093872070312,521.7367553710938,792.7380981445312,506.3681335449219,745.2737426757812
29,29,1.2083333333333333,5,4,bus,0.630668044090271,1076.999267578125,693.6270141601562,1645.90087890625,1077.4600830078125,1361.4500732421875,885.5435485839844
29,29,1.2083333333333333,59,0,pedestrian,0.33772239089012146,532.1546630859375,598.919677734375,555.79736328125,665.4721069335938,543.9760131835938,632.1958923339844
29,29,1.2083333333333333,78,0,pedestrian,0.325019896030426,451.1092224121094,537.6150512695312,467.7834777832031,586.0194702148438,459.44635009765625,561.8172607421875
29,29,1.2083333333333333,31,0,pedestrian,0.44995567202568054,458.8496398925781,714.7476806640625,488.3150329589844,795.57470703125,473.58233642578125,755.1611938476562
29,29,1.2083333333333333,8,3,truck,0.3803236186504364,1072.465087890625,577.0441284179688,1153.4090576171875,678.8143310546875,1112.9370727539062,627.9292297363281
29,29,1.2083333333333333,12,0,pedestrian,0.30398139357566833,202.39781188964844,690.6279296875,236.40451049804688,765.0374145507812,219.40116119384766,727.8326721191406
30,30,1.25,3,4,bus,0.31196072697639465,817.1842651367188,461.799560546875,919.97802734375,569.6532592773438,868.5811462402344,515.7264099121094
30,30,1.25,4,1,car,0.5202299356460571,838.369140625,571.3095703125,907.7503662109375,639.6089477539062,873.0597534179688,605.4592590332031
30,30,1.25,13,0,pedestrian,0.615161120891571,490.8851318359375,697.9107055664062,521.62646484375,792.5662841796875,506.25579833984375,745.2384948730469
30,30,1.25,5,4,bus,0.6482735872268677,1078.8880615234375,683.6531982421875,1648.5570068359375,1079.229736328125,1363.7225341796875,881.4414672851562
30,30,1.25,59,0,pedestrian,0.3418746888637543,532.345703125,598.8194580078125,555.8649291992188,665.4647827148438,544.1053161621094,632.1421203613281
30,30,1.25,78,0,pedestrian,0.3342338502407074,451.315185546875,536.6954345703125,468.56842041015625,586.3528442382812,459.9418029785156,561.5241394042969
30,30,1.25,31,0,pedestrian,0.33638378977775574,458.5194091796875,716.1011352539062,488.29718017578125,794.07421875,473.4082946777344,755.0876770019531
30,30,1.25,8,3,truck,0.3269222676753998,1072.197021484375,576.9105224609375,1153.2198486328125,677.4921264648438,1112.7084350585938,627.2013244628906
30,30,1.25,12,0,pedestrian,0.3837287425994873,201.99801635742188,689.5972900390625,236.972900390625,764.2147827148438,219.48545837402344,726.9060363769531
30,30,1.25,42,3,truck,0.25027936697006226,699.69921875,658.7011108398438,787.9344482421875,763.80322265625,743.8168334960938,711.2521667480469
31,31,1.2916666666666667,3,4,bus,0.4424093961715698,820.1329345703125,467.0649719238281,917.6636962890625,568.3876953125,868.8983154296875,517.7263336181641
31,31,1.2916666666666667,4,1,car,0.4926539361476898,838.1971435546875,570.072509765625,909.1829223632812,639.972900390625,873.6900329589844,605.022705078125
31,31,1.2916666666666667,13,0,pedestrian,0.6100466847419739,490.9330139160156,697.910400390625,521.4376220703125,792.461181640625,506.18531799316406,745.185791015625
31,31,1.2916666666666667,5,4,bus,0.6268174052238464,1078.7005615234375,689.2612915039062,1649.770751953125,1077.45361328125,1364.2356567382812,883.3574523925781
31,31,1.2916666666666667,59,0,pedestrian,0.35380619764328003,532.4835205078125,598.3897094726562,555.973388671875,665.82470703125,544.2284545898438,632.1072082519531
31,31,1.2916666666666667,78,0,pedestrian,0.33364206552505493,452.0184326171875,535.916259765625,469.24725341796875,586.0379028320312,460.6328430175781,560.9770812988281
31,31,1.2916666666666667,31,0,pedestrian,0.3167667090892792,459.721435546875,716.5633544921875,488.8636474609375,793.2169189453125,474.29254150390625,754.89013671875
31,31,1.2916666666666667,8,3,truck,0.28984585404396057,1070.2510986328125,577.7515258789062,1153.3372802734375,678.4131469726562,1111.794189453125,628.0823364257812
31,31,1.2916666666666667,12,0,pedestrian,0.3689611852169037,201.70578002929688,689.07958984375,237.19557189941406,764.4487915039062,219.45067596435547,726.7641906738281
31,31,1.2916666666666667,42,3,truck,0.2834415137767792,701.416259765625,655.8131103515625,789.6444091796875,761.7304077148438,745.5303344726562,708.7717590332031
32,32,1.3333333333333333,3,4,bus,0.3413317799568176,821.85595703125,467.301513671875,917.7896118164062,567.53759765625,869.8227844238281,517.4195556640625
32,32,1.3333333333333333,4,1,car,0.39971858263015747,838.0376586914062,569.3924560546875,910.4562377929688,640.1716918945312,874.2469482421875,604.7820739746094
32,32,1.3333333333333333,13,0,pedestrian,0.6078318953514099,491.2710876464844,700.0311889648438,521.6900634765625,793.0029907226562,506.48057556152344,746.51708984375
32,32,1.3333333333333333,5,4,bus,0.5466163754463196,1077.167236328125,689.0877075195312,1647.9224853515625,1076.1839599609375,1362.5448608398438,882.6358337402344
32,32,1.3333333333333333,59,0,pedestrian,0.3204253315925598,532.5856323242188,598.92578125,556.0025024414062,667.068603515625,544.2940673828125,632.9971923828125
32,32,1.3333333333333333,78,0,pedestrian,0.26021650433540344,452.4716491699219,535.302734375,469.5029296875,585.6729736328125,460.98728942871094,560.4878540039062
32,32,1.3333333333333333,31,0,pedestrian,0.3080978989601135,460.42169189453125,702.2109375,490.2276916503906,791.7479248046875,475.32469177246094,746.9794311523438
32,32,1.3333333333333333,42,3,truck,0.2829053997993469,703.7554931640625,652.7318115234375,791.5912475585938,759.0104370117188,747.6733703613281,705.8711242675781
33,33,1.375,3,3,truck,0.27177029848098755,821.189208984375,459.95391845703125,919.2764282226562,567.7026977539062,870.2328186035156,513.8283081054688
33,33,1.375,4,1,car,0.49341315031051636,838.7818603515625,568.9534912109375,910.4268188476562,639.435546875,874.6043395996094,604.1945190429688
33,33,1.375,13,0,pedestrian,0.63832688331604,492.0873718261719,702.3350830078125,521.7991943359375,794.0367431640625,506.9432830810547,748.1859130859375
33,33,1.375,5,4,bus,0.42857035994529724,1076.565185546875,689.0215454101562,1645.411376953125,1075.610107421875,1360.98828125,882.3158264160156
33,33,1.375,59,0,pedestrian,0.33274492621421814,532.8494873046875,600.03564453125,555.8262329101562,667.2328491210938,544.3378601074219,633.6342468261719
33,33,1.375,31,0,pedestrian,0.3120473027229309,461.3234558105469,696.6768188476562,491.28875732421875,791.5641479492188,476.3061065673828,744.1204833984375
33,33,1.375,42,3,truck,0.4991757273674011,706.6676025390625,648.8007202148438,793.069091796875,756.4234619140625,749.8683471679688,702.6120910644531
33,33,1.375,95,2,van,0.35058069229125977,372.9098815917969,683.1740112304688,460.9686279296875,790.7850952148438,416.9392547607422,736.9795532226562
33,33,1.375,97,1,car,0.32825392484664917,1011.5015258789062,521.7529296875,1045.227294921875,555.113037109375,1028.3644104003906,538.4329833984375
33,33,1.375,7,0,pedestrian,0.34162208437919617,539.5662231445312,605.359130859375,558.5458984375,670.940185546875,549.0560607910156,638.149658203125
34,34,1.4166666666666667,3,3,truck,0.29530012607574463,820.608642578125,457.1848449707031,919.988525390625,568.9938354492188,870.298583984375,513.0893402099609
34,34,1.4166666666666667,4,1,car,0.43330830335617065,840.5224609375,568.7216796875,909.9417114257812,638.5098266601562,875.2320861816406,603.6157531738281
34,34,1.4166666666666667,13,0,pedestrian,0.6771030426025391,492.05902099609375,702.6298828125,522.1072998046875,795.8259887695312,507.0831604003906,749.2279357910156
34,34,1.4166666666666667,5,4,bus,0.3554915487766266,1078.423583984375,692.5298461914062,1650.8399658203125,1075.72900390625,1364.6317749023438,884.1294250488281
34,34,1.4166666666666667,59,0,pedestrian,0.3337291479110718,532.361572265625,600.3800048828125,556.4443969726562,667.9398193359375,544.4029846191406,634.159912109375
34,34,1.4166666666666667,31,0,pedestrian,0.3014560043811798,462.57342529296875,695.4950561523438,491.5731506347656,792.4667358398438,477.0732879638672,743.9808959960938
34,34,1.4166666666666667,42,3,truck,0.49872925877571106,709.0164184570312,648.53271484375,794.435546875,753.1323852539062,751.7259826660156,700.8325500488281
34,34,1.4166666666666667,95,2,van,0.3120456635951996,373.0007019042969,682.2254028320312,463.84881591796875,793.2452392578125,418.4247589111328,737.7353210449219
34,34,1.4166666666666667,7,0,pedestrian,0.3856741487979889,538.796630859375,605.4972534179688,558.7007446289062,672.7271728515625,548.7486877441406,639.1122131347656
35,35,1.4583333333333333,3,3,truck,0.34773731231689453,820.9912719726562,455.77850341796875,920.8435668945312,568.6630859375,870.9174194335938,512.2207946777344
35,35,1.4583333333333333,4,3,truck,0.34467703104019165,841.6747436523438,568.5032348632812,910.188232421875,637.225341796875,875.9314880371094,602.8642883300781
35,35,1.4583333333333333,13,0,pedestrian,0.6203207969665527,492.9120178222656,702.08544921875,522.5831298828125,796.9912109375,507.74757385253906,749.538330078125
35,35,1.4583333333333333,5,4,bus,0.4375925064086914,1080.5279541015625,693.0925903320312,1649.6910400390625,1074.664306640625,1365.1094970703125,883.8784484863281
35,35,1.4583333333333333,59,0,pedestrian,0.3002285957336426,532.406494140625,601.2501220703125,556.2250366210938,667.0482788085938,544.3157653808594,634.1492004394531
35,35,1.4583333333333333,31,0,pedestrian,0.30304601788520813,462.9913635253906,695.852783203125,491.7491760253906,792.9559326171875,477.3702697753906,744.4043579101562
35,35,1.4583333333333333,42,3,truck,0.4191253185272217,711.53125,649.3362426757812,795.644287109375,750.0709228515625,753.5877685546875,699.7035827636719
35,35,1.4583333333333333,95,2,van,0.3546251952648163,372.987060546875,682.7601318359375,459.79290771484375,794.33544921875,416.3899841308594,738.5477905273438
35,35,1.4583333333333333,7,0,pedestrian,0.26917070150375366,538.19189453125,604.645751953125,558.278076171875,672.2686767578125,548.2349853515625,638.4572143554688
36,36,1.5,3,3,truck,0.3538304567337036,821.7769165039062,454.97998046875,921.2670288085938,567.2384033203125,871.52197265625,511.10919189453125
36,36,1.5,4,3,truck,0.3764582872390747,843.1342163085938,568.2767944335938,910.1244506835938,635.4196166992188,876.6293334960938,601.8482055664062
36,36,1.5,13,0,pedestrian,0.6387599110603333,494.19671630859375,703.3457641601562,522.9389038085938,797.6854248046875,508.56781005859375,750.5155944824219
36,36,1.5,5,4,bus,0.43226853013038635,1080.289794921875,689.1607666015625,1661.3465576171875,1074.079833984375,1370.8181762695312,881.6203002929688
36,36,1.5,59,0,pedestrian,0.3045666813850403,532.3128662109375,602.1409301757812,556.3981323242188,668.239013671875,544.3554992675781,635.1899719238281
36,36,1.5,31,0,pedestrian,0.2635956406593323,462.6399230957031,694.4710693359375,492.1357727050781,794.0051879882812,477.3878479003906,744.2381286621094
36,36,1.5,42,1,car,0.44709503650665283,713.17138671875,649.6384887695312,796.0316162109375,747.9224853515625,754.6015014648438,698.7804870605469
36,36,1.5,7,0,pedestrian,0.26154887676239014,537.8878784179688,604.9331665039062,558.1564331054688,673.4298095703125,548.0221557617188,639.1814880371094
36,36,1.5,102,0,pedestrian,0.32316383719444275,530.7562255859375,603.3366088867188,558.23046875,674.6488037109375,544.4933471679688,638.9927062988281
37,37,1.5416666666666667,3,3,truck,0.3695467710494995,821.983642578125,454.3097839355469,920.935546875,566.9053344726562,871.4595947265625,510.60755920410156
37,37,1.5416666666666667,4,1,car,0.5138338804244995,843.7404174804688,567.9644165039062,909.6738891601562,633.6846313476562,876.7071533203125,600.8245239257812
37,37,1.5416666666666667,13,0,pedestrian,0.6710424423217773,494.44586181640625,703.4151611328125,523.0200805664062,797.5527954101562,508.73297119140625,750.4839782714844
37,37,1.5416666666666667,5,4,bus,0.44121068716049194,1077.4942626953125,678.39501953125,1661.229248046875,1074.71923828125,1369.3617553710938,876.55712890625
37,37,1.5416666666666667,59,0,pedestrian,0.261079341173172,532.60400390625,602.2236938476562,556.0059204101562,668.2454223632812,544.3049621582031,635.2345581054688
37,37,1.5416666666666667,42,1,car,0.5659313797950745,715.1898803710938,650.6644897460938,797.8643798828125,745.3314819335938,756.5271301269531,697.9979858398438
37,37,1.5416666666666667,7,0,pedestrian,0.2827209532260895,537.7330322265625,604.9619140625,557.65380859375,673.939453125,547.6934204101562,639.45068359375
37,37,1.5416666666666667,102,0,pedestrian,0.3388824760913849,531.414794921875,603.4979858398438,557.9227905273438,675.3668823242188,544.6687927246094,639.4324340820312
37,37,1.5416666666666667,8,3,truck,0.2696349620819092,1073.486328125,574.49169921875,1154.75537109375,678.6493530273438,1114.120849609375,626.5705261230469
37,37,1.5416666666666667,78,0,pedestrian,0.28851303458213806,456.9559326171875,538.4452514648438,474.71234130859375,585.659912109375,465.8341369628906,562.0525817871094
38,38,1.5833333333333333,3,3,truck,0.5905405282974243,823.8831787109375,457.1391296386719,921.1123657226562,568.9016723632812,872.4977722167969,513.0204010009766
38,38,1.5833333333333333,4,1,car,0.6465756893157959,843.3975830078125,567.789794921875,909.5872802734375,633.0411987304688,876.492431640625,600.4154968261719
38,38,1.5833333333333333,13,0,pedestrian,0.672843337059021,494.6825256347656,703.0632934570312,523.1572265625,797.4981689453125,508.9198760986328,750.2807312011719
38,38,1.5833333333333333,5,4,bus,0.427827924489975,1079.054931640625,677.3892822265625,1646.835693359375,1075.4027099609375,1362.9453125,876.39599609375
38,38,1.5833333333333333,42,1,car,0.3426293432712555,717.0317993164062,644.0277099609375,800.9964599609375,741.8890380859375,759.0141296386719,692.9583740234375
38,38,1.5833333333333333,7,0,pedestrian,0.30014264583587646,537.5908203125,604.7289428710938,557.7846069335938,674.7452392578125,547.6877136230469,639.7370910644531
38,38,1.5833333333333333,102,0,pedestrian,0.29921671748161316,532.0133056640625,603.321533203125,558.0801391601562,676.5243530273438,545.0467224121094,639.9229431152344
38,38,1.5833333333333333,78,0,pedestrian,0.2824714481830597,457.574462890625,537.465087890625,475.59375,585.3535766601562,466.5841064453125,561.4093322753906
38,38,1.5833333333333333,31,0,pedestrian,0.2545599639415741,461.9082946777344,692.9417724609375,493.1213684082031,793.886474609375,477.51483154296875,743.4141235351562
39,39,1.625,3,3,truck,0.5095528364181519,827.2236938476562,466.1197509765625,919.8745727539062,566.9628295898438,873.5491333007812,516.5412902832031
39,39,1.625,4,1,car,0.29384973645210266,842.9810791015625,567.2620849609375,910.3286743164062,632.5537719726562,876.6548767089844,599.9079284667969
39,39,1.625,13,0,pedestrian,0.6917331218719482,494.7708435058594,703.08349609375,523.3848266601562,797.6848754882812,509.0778350830078,750.3841857910156
39,39,1.625,5,4,bus,0.302886962890625,1077.8369140625,678.3103637695312,1642.9315185546875,1075.7908935546875,1360.3842163085938,877.0506286621094
39,39,1.625,7,0,pedestrian,0.25975698232650757,537.3578491210938,604.9458618164062,557.76953125,675.6588745117188,547.5636901855469,640.3023681640625
39,39,1.625,102,0,pedestrian,0.2957272231578827,532.2937622070312,603.4908447265625,558.1204833984375,677.4149169921875,545.2071228027344,640.452880859375
39,39,1.625,78,0,pedestrian,0.29880496859550476,458.2746276855469,537.847412109375,476.1810302734375,585.1354370117188,467.2278289794922,561.4914245605469
39,39,1.625,106,3,truck,0.4136746823787689,826.1539306640625,459.9383239746094,920.7818603515625,568.0682373046875,873.4678955078125,514.0032806396484
40,40,1.6666666666666667,3,3,truck,0.4271467924118042,829.9817504882812,484.40557861328125,920.4285278320312,566.1117553710938,875.2051391601562,525.2586669921875
40,40,1.6666666666666667,13,0,pedestrian,0.6026787161827087,495.1761779785156,702.9717407226562,523.5751342773438,797.5986938476562,509.3756561279297,750.2852172851562
40,40,1.6666666666666667,5,4,bus,0.3586760461330414,1078.31982421875,683.1007690429688,1636.6558837890625,1076.185546875,1357.4878540039062,879.6431579589844
40,40,1.6666666666666667,102,0,pedestrian,0.3010682463645935,532.4190673828125,603.757080078125,558.1421508789062,678.0880126953125,545.2806091308594,640.9225463867188
40,40,1.6666666666666667,78,0,pedestrian,0.48174813389778137,458.60443115234375,537.2413330078125,476.73834228515625,585.1386108398438,467.67138671875,561.1899719238281
40,40,1.6666666666666667,106,3,truck,0.4423503279685974,827.7283325195312,461.2875061035156,922.0944213867188,567.6926879882812,874.911376953125,514.4900970458984
40,40,1.6666666666666667,107,1,car,0.3974803388118744,921.7247924804688,477.01171875,952.3101806640625,508.8482971191406,937.0174865722656,492.9300079345703
40,40,1.6666666666666667,42,1,car,0.27427858114242554,722.1112060546875,643.8905639648438,804.2869262695312,736.4082641601562,763.1990661621094,690.1494140625
40,40,1.6666666666666667,31,0,pedestrian,0.47729989886283875,464.0107727050781,695.9410400390625,498.4380187988281,794.1807861328125,481.2243957519531,745.0609130859375
41,41,1.7083333333333333,3,3,truck,0.29222965240478516,830.8881225585938,495.786376953125,921.1822509765625,565.6664428710938,876.0351867675781,530.7264099121094
41,41,1.7083333333333333,13,0,pedestrian,0.5844323039054871,494.4588928222656,702.6715087890625,523.9296264648438,798.4627075195312,509.1942596435547,750.5671081542969
41,41,1.7083333333333333,5,4,bus,0.4082193374633789,1078.694091796875,683.8170166015625,1635.6920166015625,1075.8082275390625,1357.1930541992188,879.8126220703125
41,41,1.7083333333333333,78,0,pedestrian,0.45745617151260376,459.2414855957031,537.6870727539062,477.2096862792969,585.0986938476562,468.2255859375,561.3928833007812
41,41,1.7083333333333333,106,3,truck,0.3074318766593933,828.0999145507812,464.8371276855469,923.61083984375,568.4459838867188,875.8553771972656,516.6415557861328
41,41,1.7083333333333333,107,1,car,0.3395377993583679,922.3878784179688,477.36322021484375,951.5400390625,508.2298889160156,936.9639587402344,492.7965545654297
41,41,1.7083333333333333,49,1,car,0.26538851857185364,929.9002685546875,445.80072021484375,962.2273559570312,472.0840759277344,946.0638122558594,458.94239807128906
41,41,1.7083333333333333,4,3,truck,0.4083439111709595,843.693115234375,565.410400390625,911.296142578125,631.7955932617188,877.49462890625,598.6029968261719
41,41,1.7083333333333333,7,0,pedestrian,0.32656171917915344,537.310302734375,604.9882202148438,558.158447265625,676.6080932617188,547.734375,640.7981567382812
42,42,1.75,3,3,truck,0.40067365765571594,831.609619140625,492.0306701660156,921.306396484375,565.2459716796875,876.4580078125,528.6383209228516
42,42,1.75,13,0,pedestrian,0.6234511137008667,493.54742431640625,703.3060913085938,524.2286376953125,800.0899047851562,508.8880310058594,751.697998046875
42,42,1.75,5,4,bus,0.26942500472068787,1075.02099609375,680.9987182617188,1654.2899169921875,1075.28662109375,1364.6554565429688,878.1426696777344
42,42,1.75,78,0,pedestrian,0.4302007257938385,459.5387878417969,537.8101196289062,477.9458923339844,585.5037231445312,468.7423400878906,561.6569213867188
42,42,1.75,106,3,truck,0.39731723070144653,829.2864990234375,467.0736083984375,923.4226684570312,569.0052490234375,876.3545837402344,518.0394287109375
42,42,1.75,107,1,car,0.2686747908592224,922.95166015625,477.2889404296875,950.9801025390625,507.5976867675781,936.9658813476562,492.4433135986328
42,42,1.75,4,3,truck,0.3666425347328186,843.8153686523438,565.1839599609375,912.121826171875,631.8294677734375,877.9685974121094,598.5067138671875
42,42,1.75,7,0,pedestrian,0.328174889087677,537.4551391601562,605.8056030273438,557.9556274414062,677.310546875,547.7053833007812,641.5580749511719
42,42,1.75,6,0,pedestrian,0.28881388902664185,456.63555908203125,690.8001098632812,487.31732177734375,795.7857666015625,471.9764404296875,743.2929382324219
42,42,1.75,42,1,car,0.5344840288162231,726.2242431640625,638.3941650390625,806.8651733398438,731.4267578125,766.5447082519531,684.9104614257812
43,43,1.7916666666666667,3,3,truck,0.3866717219352722,830.6577758789062,483.2691345214844,921.04052734375,564.647216796875,875.8491516113281,523.9581756591797
43,43,1.7916666666666667,13,0,pedestrian,0.5810756683349609,492.7373352050781,703.616943359375,524.352783203125,800.96142578125,508.54505920410156,752.2891845703125
43,43,1.7916666666666667,5,4,bus,0.2731139063835144,1074.076171875,681.7529907226562,1662.0137939453125,1075.5113525390625,1368.0449829101562,878.6321716308594
43,43,1.7916666666666667,78,0,pedestrian,0.3416675925254822,460.09600830078125,539.0269775390625,478.36700439453125,585.812255859375,469.23150634765625,562.4196166992188
43,43,1.7916666666666667,106,3,truck,0.28497159481048584,828.8168334960938,465.9825744628906,923.047607421875,568.5459594726562,875.9322204589844,517.2642669677734
43,43,1.7916666666666667,107,1,car,0.2508266568183899,923.2994995117188,476.7412414550781,950.8055419921875,507.2387390136719,937.0525207519531,491.989990234375
43,43,1.7916666666666667,4,2,van,0.28138214349746704,843.152587890625,565.7800903320312,911.9400024414062,631.9103393554688,877.5462951660156,598.84521484375
43,43,1.7916666666666667,7,0,pedestrian,0.2578202188014984,537.2283935546875,606.4313354492188,557.17529296875,677.6240234375,547.2018432617188,642.0276794433594
43,43,1.7916666666666667,6,0,pedestrian,0.26072004437446594,456.2654113769531,691.0106811523438,485.1453552246094,795.2349243164062,470.70538330078125,743.122802734375
43,43,1.7916666666666667,42,1,car,0.3203803300857544,728.466552734375,635.0648803710938,808.7357177734375,728.2771606445312,768.6011352539062,681.6710205078125
44,44,1.8333333333333333,3,4,bus,0.25612637400627136,831.7609252929688,474.5079345703125,921.6920166015625,564.1537475585938,876.7264709472656,519.3308410644531
44,44,1.8333333333333333,13,0,pedestrian,0.551517128944397,492.3675231933594,703.8380126953125,524.4061279296875,801.0475463867188,508.38682556152344,752.4427795410156
44,44,1.8333333333333333,5,4,bus,0.3394811749458313,1076.4168701171875,673.9480590820312,1656.2410888671875,1077.575439453125,1366.3289794921875,875.7617492675781
44,44,1.8333333333333333,78,0,pedestrian,0.35095885396003723,460.7590026855469,539.0170288085938,478.8127746582031,585.1143798828125,469.785888671875,562.0657043457031
44,44,1.8333333333333333,106,3,truck,0.32932010293006897,831.0863647460938,468.8888854980469,922.3612670898438,565.489013671875,876.7238159179688,517.1889495849609
44,44,1.8333333333333333,107,1,car,0.3050130605697632,923.4683837890625,476.047607421875,951.228759765625,507.0320739746094,937.3485717773438,491.5398406982422
44,44,1.8333333333333333,4,3,truck,0.28204119205474854,843.2925415039062,565.338623046875,911.9627075195312,631.2798461914062,877.6276245117188,598.3092346191406
44,44,1.8333333333333333,6,0,pedestrian,0.26877960562705994,455.63885498046875,690.942138671875,483.17669677734375,794.1908569335938,469.40777587890625,742.5664978027344
44,44,1.8333333333333333,42,1,car,0.30793634057044983,730.2090454101562,631.7186889648438,809.5299072265625,725.6399536132812,769.8694763183594,678.6793212890625
44,44,1.8333333333333333,95,2,van,0.26677197217941284,371.8440856933594,687.7850341796875,449.5087890625,794.7117309570312,410.6764373779297,741.2483825683594
44,44,1.8333333333333333,102,0,pedestrian,0.33431488275527954,532.3655395507812,605.6176147460938,557.3989868164062,681.1422119140625,544.8822631835938,643.3799133300781
45,45,1.875,13,0,pedestrian,0.6000105142593384,491.51043701171875,703.7554931640625,524.546142578125,801.1822509765625,508.0282897949219,752.4688720703125
45,45,1.875,5,4,bus,0.300645112991333,1078.9261474609375,672.5394287109375,1654.092041015625,1077.8485107421875,1366.5090942382812,875.1939697265625
45,45,1.875,78,0,pedestrian,0.3074590563774109,461.3921813964844,539.10986328125,479.3941345214844,585.0120849609375,470.3931579589844,562.0609741210938
45,45,1.875,107,1,car,0.26815420389175415,923.5016479492188,475.8003234863281,951.470947265625,506.9971618652344,937.4862976074219,491.39874267578125
45,45,1.875,42,3,truck,0.3208370804786682,731.9716796875,626.3607788085938,812.9051513671875,723.7802734375,772.4384155273438,675.0705261230469
45,45,1.875,102,0,pedestrian,0.3794459104537964,532.3018798828125,605.6495971679688,557.2282104492188,681.0602416992188,544.7650451660156,643.3549194335938
46,46,1.9166666666666667,13,0,pedestrian,0.3554309904575348,493.85546875,704.2581787109375,524.8885498046875,800.2680053710938,509.37200927734375,752.2630920410156
46,46,1.9166666666666667,78,0,pedestrian,0.2990979254245758,461.96466064453125,539.3046875,479.857421875,585.0173950195312,470.9110412597656,562.1610412597656
46,46,1.9166666666666667,107,1,car,0.26135677099227905,923.8897094726562,475.7938232421875,951.527587890625,506.8504638671875,937.7086486816406,491.3221435546875
46,46,1.9166666666666667,42,3,truck,0.3651619553565979,733.3778686523438,624.00927734375,813.654052734375,723.0286865234375,773.5159606933594,673.5189819335938
46,46,1.9166666666666667,102,0,pedestrian,0.38995662331581116,532.2509155273438,605.8838500976562,557.218994140625,681.0448608398438,544.7349548339844,643.46435546875
46,46,1.9166666666666667,31,0,pedestrian,0.34223055839538574,469.55865478515625,698.0606079101562,503.16546630859375,796.5001220703125,486.362060546875,747.2803649902344
46,46,1.9166666666666667,3,3,truck,0.4475100338459015,832.2802124023438,465.7179870605469,924.20068359375,565.372314453125,878.2404479980469,515.5451507568359
46,46,1.9166666666666667,4,1,car,0.385242223739624,843.826171875,565.1484375,911.6837768554688,628.8095092773438,877.7549743652344,596.9789733886719
47,47,1.9583333333333333,13,0,pedestrian,0.2605871260166168,496.36212158203125,704.7257080078125,525.4187622070312,799.768310546875,510.89044189453125,752.2470092773438
47,47,1.9583333333333333,78,0,pedestrian,0.2547718286514282,462.7786865234375,538.9833984375,481.0899963378906,585.628662109375,471.93434143066406,562.3060302734375
47,47,1.9583333333333333,42,1,car,0.2891830503940582,735.4207763671875,624.9939575195312,814.0679321289062,720.4952392578125,774.7443542480469,672.7445983886719
47,47,1.9583333333333333,102,0,pedestrian,0.37546467781066895,531.5325927734375,605.9254760742188,557.3048095703125,681.2437744140625,544.418701171875,643.5846252441406
47,47,1.9583333333333333,31,0,pedestrian,0.37875431776046753,471.5520935058594,699.3117065429688,505.89013671875,796.623291015625,488.7211151123047,747.9674987792969
47,47,1.9583333333333333,3,3,truck,0.5184492468833923,831.35791015625,460.9812927246094,925.3905029296875,564.2318115234375,878.3742065429688,512.6065521240234
47,47,1.9583333333333333,4,1,car,0.47207003831863403,844.7943725585938,565.3878784179688,911.326416015625,627.6213989257812,878.0603942871094,596.504638671875
47,47,1.9583333333333333,95,2,van,0.27105584740638733,372.5457458496094,688.6246948242188,453.3530578613281,795.135986328125,412.94940185546875,741.8803405761719
47,47,1.9583333333333333,5,4,bus,0.3539120554924011,1078.92333984375,672.9491577148438,1657.106689453125,1077.5582275390625,1368.0150146484375,875.2536926269531
48,48,2.0,13,0,pedestrian,0.3195202350616455,496.2431945800781,704.6557006835938,525.7085571289062,799.7373046875,510.9758758544922,752.1965026855469
48,48,2.0,102,0,pedestrian,0.3745846748352051,531.8381958007812,606.2030639648438,557.5189819335938,681.5220947265625,544.6785888671875,643.8625793457031
48,48,2.0,31,0,pedestrian,0.39950263500213623,472.5662536621094,699.527587890625,506.9735107421875,797.0613403320312,489.76988220214844,748.2944641113281
48,48,2.0,3,3,truck,0.38776811957359314,832.063720703125,457.7554626464844,925.6473999023438,562.0438842773438,878.8555603027344,509.89967346191406
48,48,2.0,5,4,bus,0.31428882479667664,1079.9276123046875,673.18701171875,1651.1439208984375,1077.203369140625,1365.5357666015625,875.1951904296875
48,48,2.0,6,0,pedestrian,0.2586935758590698,456.4712219238281,698.994384765625,482.63287353515625,794.2676391601562,469.5520477294922,746.6310119628906
49,49,2.0416666666666665,13,0,pedestrian,0.41954079270362854,495.3002014160156,705.0067749023438,525.56005859375,800.408203125,510.4301300048828,752.7074890136719
49,49,2.0416666666666665,102,0,pedestrian,0.4035704433917999,532.3162231445312,606.4388427734375,557.6007080078125,681.4595947265625,544.9584655761719,643.94921875
49,49,2.0416666666666665,31,0,pedestrian,0.32607796788215637,473.85931396484375,699.8631591796875,507.9776611328125,797.2362060546875,490.9184875488281,748.5496826171875
49,49,2.0416666666666665,5,4,bus,0.3823365271091461,1078.960693359375,671.6651611328125,1649.6044921875,1077.59130859375,1364.2825927734375,874.6282348632812
49,49,2.0416666666666665,107,1,car,0.2681584060192108,923.992431640625,475.55914306640625,951.2291259765625,506.4551086425781,937.6107788085938,491.0071258544922
49,49,2.0416666666666665,42,1,car,0.4101899266242981,739.8970336914062,625.4619140625,815.1569213867188,713.63916015625,777.5269775390625,669.550537109375
50,50,2.0833333333333335,13,0,pedestrian,0.39574965834617615,494.82806396484375,705.3983764648438,525.204833984375,801.182373046875,510.0164489746094,753.2903747558594
50,50,2.0833333333333335,102,0,pedestrian,0.4143409729003906,532.5048828125,606.4588623046875,557.4175415039062,681.371826171875,544.9612121582031,643.9153442382812
50,50,2.0833333333333335,31,0,pedestrian,0.2835109829902649,475.23236083984375,700.4935302734375,509.2082214355469,797.641845703125,492.2202911376953,749.0676879882812
50,50,2.0833333333333335,5,4,bus,0.3838544487953186,1077.6268310546875,670.1727294921875,1648.6253662109375,1077.460205078125,1363.1260986328125,873.8164672851562
50,50,2.0833333333333335,121,0,pedestrian,0.4486496150493622,1689.4576416015625,727.77490234375,1735.555908203125,830.42724609375,1712.5067749023438,779.10107421875
50,50,2.0833333333333335,107,1,car,0.3145909011363983,923.5473022460938,475.4124755859375,951.508544921875,506.64984130859375,937.5279235839844,491.0311584472656
50,50,2.0833333333333335,42,1,car,0.425817608833313,741.4332275390625,624.0394897460938,817.040283203125,711.0628662109375,779.2367553710938,667.5511779785156
50,50,2.0833333333333335,78,0,pedestrian,0.25679588317871094,466.2261047363281,537.942626953125,484.4495849609375,586.1201782226562,475.3378448486328,562.0314025878906
50,50,2.0833333333333335,4,1,car,0.26167720556259155,846.355712890625,562.451904296875,912.8115234375,624.1546630859375,879.5836181640625,593.3032836914062
51,51,2.125,13,0,pedestrian,0.4392237663269043,494.7157287597656,705.4860229492188,524.773193359375,801.5858764648438,509.7444610595703,753.5359497070312
51,51,2.125,102,0,pedestrian,0.42329952120780945,532.8863525390625,606.6002807617188,557.2077026367188,681.1943969726562,545.0470275878906,643.8973388671875
51,51,2.125,5,4,bus,0.5329021215438843,1077.429443359375,667.3978881835938,1652.011474609375,1078.1326904296875,1364.720458984375,872.7652893066406
51,51,2.125,107,1,car,0.37713488936424255,923.7996215820312,475.8326110839844,951.4730834960938,506.5805358886719,937.6363525390625,491.2065734863281
51,51,2.125,123,1,car,0.33612146973609924,1006.1292114257812,436.67315673828125,1030.556640625,459.0052185058594,1018.3429260253906,447.8391876220703
51,51,2.125,78,0,pedestrian,0.25304654240608215,467.0038146972656,538.2698364257812,484.5037536621094,584.8043823242188,475.7537841796875,561.537109375
51,51,2.125,4,1,car,0.49702000617980957,847.2634887695312,561.7704467773438,912.8739013671875,623.1473388671875,880.0686950683594,592.4588928222656
51,51,2.125,3,3,truck,0.3095351755619049,835.2301025390625,465.8421325683594,926.3548583984375,562.2384033203125,880.79248046875,514.0402679443359
52,52,2.1666666666666665,13,0,pedestrian,0.37276872992515564,493.7716369628906,705.4892578125,524.405029296875,800.9865112304688,509.0883331298828,753.2378845214844
52,52,2.1666666666666665,102,0,pedestrian,0.4182586967945099,533.1522827148438,606.7536010742188,556.9024047851562,681.0916748046875,545.02734375,643.9226379394531
52,52,2.1666666666666665,5,4,bus,0.5332092046737671,1077.246826171875,665.6471557617188,1656.462646484375,1078.06494140625,1366.854736328125,871.8560485839844
52,52,2.1666666666666665,107,1,car,0.3009481430053711,924.0884399414062,475.87408447265625,951.1414794921875,506.3399353027344,937.6149597167969,491.1070098876953
52,52,2.1666666666666665,123,1,car,0.3493482768535614,1005.6324462890625,437.0857849121094,1030.3050537109375,459.36187744140625,1017.96875,448.2238311767578
52,52,2.1666666666666665,4,1,car,0.49487054347991943,847.7742309570312,561.304443359375,913.116943359375,622.09765625,880.4455871582031,591.7010498046875
52,52,2.1666666666666665,3,3,truck,0.29873260855674744,835.4278564453125,463.2013854980469,926.8807373046875,560.7542724609375,881.154296875,511.9778289794922
52,52,2.1666666666666665,95,2,van,0.28708896040916443,373.8759765625,685.5289306640625,466.4832763671875,798.0928955078125,420.17962646484375,741.8109130859375
52,52,2.1666666666666665,31,0,pedestrian,0.2581196427345276,474.444091796875,700.7652587890625,506.77490234375,798.4100341796875,490.6094970703125,749.587646484375
53,53,2.2083333333333335,13,0,pedestrian,0.35127946734428406,493.92474365234375,706.0663452148438,524.20361328125,800.4282836914062,509.0641784667969,753.247314453125
53,53,2.2083333333333335,102,0,pedestrian,0.40541622042655945,533.3863525390625,606.6250610351562,556.85205078125,681.142333984375,545.1192016601562,643.8836975097656
53,53,2.2083333333333335,5,4,bus,0.6170610785484314,1076.474853515625,666.33056640625,1658.66796875,1077.9205322265625,1367.5714111328125,872.1255493164062
53,53,2.2083333333333335,123,1,car,0.3339698314666748,1005.5128173828125,437.6851806640625,1029.8734130859375,460.3164367675781,1017.693115234375,449.0008087158203
53,53,2.2083333333333335,4,1,car,0.680215060710907,848.27978515625,560.4353637695312,913.33203125,621.5799560546875,880.805908203125,591.0076599121094
53,53,2.2083333333333335,95,2,van,0.2671501040458679,373.82513427734375,685.2453002929688,466.5075988769531,798.2074584960938,420.16636657714844,741.7263793945312
53,53,2.2083333333333335,31,0,pedestrian,0.30280983448028564,478.45703125,703.5120849609375,510.82861328125,800.0987548828125,494.642822265625,751.805419921875
53,53,2.2083333333333335,42,1,car,0.2712659537792206,746.8762817382812,620.8565063476562,823.3047485351562,707.1525268554688,785.0905151367188,664.0045166015625
53,53,2.2083333333333335,78,0,pedestrian,0.2774750590324402,468.043701171875,536.8677368164062,485.2894592285156,583.879638671875,476.6665802001953,560.3736877441406
54,54,2.25,13,0,pedestrian,0.36096465587615967,494.0974426269531,707.1487426757812,523.7883911132812,800.1483764648438,508.9429168701172,753.6485595703125
54,54,2.25,102,0,pedestrian,0.31743764877319336,533.8347778320312,606.7644653320312,556.8699951171875,681.5275268554688,545.3523864746094,644.14599609375
54,54,2.25,5,4,bus,0.45347461104393005,1078.7969970703125,667.6735229492188,1657.053466796875,1078.0228271484375,1367.9252319335938,872.8481750488281
54,54,2.25,123,1,car,0.30930382013320923,1005.2557373046875,438.2456359863281,1028.5869140625,461.1361083984375,1016.9213256835938,449.6908721923828
54,54,2.25,4,1,car,0.6815351843833923,848.454833984375,559.1491088867188,912.8117065429688,621.126220703125,880.6332702636719,590.1376647949219
54,54,2.25,95,2,van,0.29858019948005676,374.01092529296875,686.0718994140625,464.2088317871094,797.9848022460938,419.10987854003906,742.0283508300781
54,54,2.25,31,0,pedestrian,0.3479335904121399,479.89678955078125,706.2581787109375,511.3995361328125,800.65283203125,495.6481628417969,753.4555053710938
55,55,2.2916666666666665,13,0,pedestrian,0.4265609681606293,492.20599365234375,707.30224609375,523.098388671875,800.901123046875,507.6521911621094,754.1016845703125
55,55,2.2916666666666665,102,0,pedestrian,0.31701764464378357,534.0221557617188,606.9746704101562,556.928955078125,682.0831298828125,545.4755554199219,644.5289001464844
55,55,2.2916666666666665,5,4,bus,0.4054100215435028,1078.870849609375,672.8579711914062,1655.975341796875,1078.0069580078125,1367.423095703125,875.4324645996094
55,55,2.2916666666666665,123,1,car,0.2730481028556824,1005.5160522460938,438.5076599121094,1028.2384033203125,461.41070556640625,1016.8772277832031,449.9591827392578
55,55,2.2916666666666665,4,1,car,0.5752198100090027,848.5735473632812,557.7592163085938,912.717041015625,620.6611938476562,880.6452941894531,589.210205078125
55,55,2.2916666666666665,31,0,pedestrian,0.37804049253463745,480.3583984375,706.0411376953125,512.384521484375,801.394287109375,496.3714599609375,753.7177124023438
55,55,2.2916666666666665,42,1,car,0.4139542877674103,749.0109252929688,617.0048217773438,825.2282104492188,701.9344482421875,787.1195678710938,659.4696350097656
56,56,2.3333333333333335,13,0,pedestrian,0.431625634431839,490.6670837402344,707.4302368164062,522.7307739257812,801.8463745117188,506.6989288330078,754.6383056640625
56,56,2.3333333333333335,5,4,bus,0.386643648147583,1080.364501953125,675.9801635742188,1657.215087890625,1077.6893310546875,1368.789794921875,876.8347473144531
56,56,2.3333333333333335,4,1,car,0.3010563552379608,848.501708984375,556.4187622070312,912.8046875,620.2520751953125,880.6531982421875,588.3354187011719
56,56,2.3333333333333335,31,0,pedestrian,0.29801711440086365,481.5384826660156,705.8185424804688,514.1532592773438,802.1098022460938,497.8458709716797,753.9641723632812
56,56,2.3333333333333335,42,1,car,0.5457816123962402,750.8008422851562,615.9185791015625,825.5270385742188,699.4325561523438,788.1639404296875,657.6755676269531
56,56,2.3333333333333335,3,3,truck,0.35490185022354126,836.734375,463.0811462402344,926.6990966796875,555.415771484375,881.7167358398438,509.2484588623047
57,57,2.375,13,0,pedestrian,0.4059348404407501,489.947998046875,706.9581909179688,522.7531127929688,802.518310546875,506.3505554199219,754.7382507324219
57,57,2.375,5,4,bus,0.3064943552017212,1081.680419921875,702.52685546875,1654.8931884765625,1076.478515625,1368.2868041992188,889.502685546875
57,57,2.375,4,1,car,0.2863873839378357,848.99169921875,555.9063110351562,914.1095581054688,618.7123413085938,881.5506286621094,587.309326171875
57,57,2.375,42,1,car,0.35269972681999207,752.0809936523438,615.2440185546875,826.0441284179688,698.295166015625,789.0625610351562,656.7695922851562
57,57,2.375,3,3,truck,0.29986757040023804,838.0206298828125,468.8418884277344,926.6668701171875,554.9258422851562,882.34375,511.8838653564453
57,57,2.375,95,2,van,0.27902939915657043,372.0596618652344,687.7476806640625,462.70245361328125,798.6467895507812,417.3810577392578,743.1972351074219
57,57,2.375,102,0,pedestrian,0.35787656903266907,533.7647094726562,608.39794921875,556.8541259765625,682.5140380859375,545.3094177246094,645.4559936523438
57,57,2.375,123,1,car,0.3306293189525604,1004.922119140625,439.4609680175781,1028.285400390625,461.9325866699219,1016.603759765625,450.69677734375
58,58,2.4166666666666665,13,0,pedestrian,0.44227299094200134,488.6204528808594,706.9071044921875,522.6676635742188,803.08251953125,505.64405822753906,754.9948120117188
58,58,2.4166666666666665,5,4,bus,0.3928218185901642,1080.1771240234375,705.5858764648438,1651.9525146484375,1076.372314453125,1366.0648193359375,890.9790954589844
58,58,2.4166666666666665,4,1,car,0.44521981477737427,849.5757446289062,555.4436645507812,915.4393310546875,618.2566528320312,882.5075378417969,586.8501586914062
58,58,2.4166666666666665,3,3,truck,0.2685498595237732,837.8486328125,471.1134948730469,927.3206176757812,555.11328125,882.5846252441406,513.1133880615234
58,58,2.4166666666666665,95,2,van,0.46826982498168945,372.8187255859375,689.7344970703125,466.501220703125,800.1992797851562,419.65997314453125,744.9668884277344
58,58,2.4166666666666665,102,0,pedestrian,0.3805537819862366,533.9652709960938,609.7503662109375,556.6106567382812,682.8281860351562,545.2879638671875,646.2892761230469
58,58,2.4166666666666665,123,1,car,0.2566951811313629,1004.1082763671875,440.3606262207031,1027.360595703125,462.89996337890625,1015.7344360351562,451.6302947998047
59,59,2.4583333333333335,13,0,pedestrian,0.39828526973724365,488.27813720703125,706.4791870117188,522.5426025390625,803.5767211914062,505.4103698730469,755.0279541015625
59,59,2.4583333333333335,5,4,bus,0.46769362688064575,1081.26318359375,684.6946411132812,1652.8895263671875,1078.321533203125,1367.0763549804688,881.5080871582031
59,59,2.4583333333333335,4,1,car,0.3332933485507965,849.7095336914062,554.96240234375,915.6661987304688,617.0950927734375,882.6878662109375,586.0287475585938
59,59,2.4583333333333335,3,3,truck,0.37010255455970764,836.900390625,468.95916748046875,928.8009643554688,555.217529296875,882.8506774902344,512.0883483886719
59,59,2.4583333333333335,95,2,van,0.5118436813354492,374.3426818847656,692.6856079101562,465.8809509277344,800.8348999023438,420.11181640625,746.76025390625
59,59,2.4583333333333335,102,0,pedestrian,0.3978770077228546,533.9234008789062,610.2711181640625,556.53564453125,682.9583129882812,545.2295227050781,646.6147155761719
59,59,2.4583333333333335,130,4,bus,0.34278643131256104,1080.071533203125,697.919921875,1649.8590087890625,1077.1964111328125,1364.9652709960938,887.5581665039062
59,59,2.4583333333333335,42,3,truck,0.29146698117256165,755.9503784179688,610.5413818359375,828.0906372070312,695.8713989257812,792.0205078125,653.2063903808594
60,60,2.5,13,0,pedestrian,0.4336933493614197,488.1590881347656,706.66650390625,522.4104614257812,804.3118286132812,505.28477478027344,755.4891662597656
60,60,2.5,5,4,bus,0.5433485507965088,1080.4354248046875,678.3799438476562,1653.18017578125,1079.2135009765625,1366.8078002929688,878.7967224121094
60,60,2.5,4,3,truck,0.2596581280231476,849.7586059570312,554.3397827148438,916.101318359375,616.65673828125,882.9299621582031,585.4982604980469
60,60,2.5,3,3,truck,0.27717992663383484,839.1599731445312,475.62921142578125,928.1908569335938,555.2755737304688,883.6754150390625,515.452392578125
60,60,2.5,95,2,van,0.5325523614883423,374.9610290527344,693.9196166992188,465.21392822265625,800.971435546875,420.0874786376953,747.4455261230469
60,60,2.5,102,0,pedestrian,0.394113153219223,534.0407104492188,611.0337524414062,556.419921875,683.2435913085938,545.2303161621094,647.138671875
60,60,2.5,130,4,bus,0.3701360821723938,1080.3759765625,702.9505004882812,1648.219482421875,1077.072021484375,1364.2977294921875,890.0112609863281
60,60,2.5,42,3,truck,0.40370503067970276,757.1063842773438,610.0394897460938,828.1195678710938,694.7402954101562,792.6129760742188,652.389892578125
61,61,2.5416666666666665,13,0,pedestrian,0.48033615946769714,488.2743835449219,707.3379516601562,521.96484375,804.0217895507812,505.11961364746094,755.6798706054688
61,61,2.5416666666666665,5,4,bus,0.5835959315299988,1080.45654296875,679.0833740234375,1652.990234375,1079.011962890625,1366.723388671875,879.0476684570312
61,61,2.5416666666666665,4,3,truck,0.45628201961517334,850.0501708984375,553.9781494140625,916.271240234375,615.5952758789062,883.1607055664062,584.7867126464844
61,61,2.5416666666666665,3,3,truck,0.2704313397407532,841.0075073242188,474.46697998046875,928.2073974609375,554.7112426757812,884.6074523925781,514.589111328125
61,61,2.5416666666666665,95,2,van,0.5443604588508606,375.08843994140625,694.6522216796875,465.04388427734375,800.84423828125,420.066162109375,747.7482299804688
61,61,2.5416666666666665,102,0,pedestrian,0.36429375410079956,534.0967407226562,611.5535888671875,556.0592651367188,683.271240234375,545.0780029296875,647.4124145507812
61,61,2.5416666666666665,42,3,truck,0.38585641980171204,758.8460083007812,608.6165161132812,829.0625610351562,692.884033203125,793.9542846679688,650.7502746582031
62,62,2.5833333333333335,13,0,pedestrian,0.3379204273223877,488.6988525390625,708.5866088867188,521.5827026367188,801.9747314453125,505.1407775878906,755.2806701660156
62,62,2.5833333333333335,5,4,bus,0.6052799820899963,1081.0191650390625,682.4000244140625,1648.7288818359375,1077.0306396484375,1364.8740234375,879.71533203125
62,62,2.5833333333333335,4,1,car,0.2882818281650543,849.9948120117188,554.0755004882812,916.6434936523438,614.7373046875,883.3191528320312,584.4064025878906
62,62,2.5833333333333335,95,2,van,0.5583579540252686,375.28717041015625,693.8284301757812,466.5967712402344,800.74267578125,420.9419708251953,747.2855529785156
62,62,2.5833333333333335,102,0,pedestrian,0.4086855947971344,533.99072265625,611.9824829101562,555.8504028320312,682.819091796875,544.9205627441406,647.4007873535156
62,62,2.5833333333333335,42,1,car,0.32917022705078125,760.1102905273438,607.505126953125,829.4105224609375,691.0659790039062,794.7604064941406,649.2855529785156
63,63,2.625,13,0,pedestrian,0.3284909129142761,488.7318115234375,709.4144287109375,521.1441650390625,800.8353271484375,504.93798828125,755.1248779296875
63,63,2.625,5,4,bus,0.6581646800041199,1078.8837890625,683.1870727539062,1653.0377197265625,1076.51220703125,1365.9607543945312,879.8496398925781
63,63,2.625,4,1,car,0.6371203064918518,849.7582397460938,554.1837158203125,916.3394775390625,614.528076171875,883.0488586425781,584.3558959960938
63,63,2.625,95,2,van,0.5741345882415771,375.5201721191406,694.7831420898438,467.3403625488281,800.5178833007812,421.4302673339844,747.6505126953125
63,63,2.625,102,0,pedestrian,0.43725675344467163,533.6555786132812,612.3742065429688,555.4850463867188,682.8261108398438,544.5703125,647.6001586914062
64,64,2.6666666666666665,13,0,pedestrian,0.35204046964645386,488.51885986328125,709.42041015625,520.8385620117188,801.5731811523438,504.6787109375,755.4967956542969
64,64,2.6666666666666665,5,4,bus,0.6056143045425415,1078.5986328125,687.1755981445312,1656.1719970703125,1076.3712158203125,1367.3853149414062,881.7734069824219
64,64,2.6666666666666665,4,1,car,0.5610156655311584,849.92431640625,553.823486328125,915.7678833007812,613.675537109375,882.8460998535156,583.74951171875
64,64,2.6666666666666665,95,2,van,0.5922437310218811,375.2856750488281,695.0045166015625,468.1816711425781,800.5031127929688,421.7336730957031,747.7538146972656
64,64,2.6666666666666665,102,0,pedestrian,0.4633050262928009,533.2725219726562,612.631103515625,555.344970703125,682.5630493164062,544.3087463378906,647.5970764160156
65,65,2.7083333333333335,13,0,pedestrian,0.41191694140434265,487.4334716796875,708.75439453125,520.7431640625,803.83837890625,504.08831787109375,756.29638671875
65,65,2.7083333333333335,5,4,bus,0.5654988884925842,1080.68994140625,689.6395263671875,1658.385498046875,1076.2086181640625,1369.5377197265625,882.924072265625
65,65,2.7083333333333335,4,1,car,0.46468454599380493,850.0805053710938,554.0386962890625,915.5481567382812,613.0137939453125,882.8143310546875,583.5262451171875
65,65,2.7083333333333335,95,2,van,0.5763944387435913,374.4206848144531,695.6881103515625,467.575927734375,800.7154541015625,420.99830627441406,748.2017822265625
65,65,2.7083333333333335,102,0,pedestrian,0.5287291407585144,532.71630859375,612.5960083007812,555.1234130859375,682.717529296875,543.9198608398438,647.6567687988281
65,65,2.7083333333333335,42,1,car,0.3998553156852722,764.3602905273438,606.0414428710938,832.5387573242188,688.34375,798.4495239257812,647.1925964355469
66,66,2.75,13,0,pedestrian,0.42584869265556335,485.8138732910156,708.3185424804688,520.9295043945312,805.50537109375,503.37168884277344,756.9119567871094
66,66,2.75,5,4,bus,0.4832848012447357,1081.90283203125,689.9428100585938,1661.190673828125,1076.8785400390625,1371.5467529296875,883.4106750488281
66,66,2.75,4,1,car,0.5513951182365417,850.0865478515625,554.3135375976562,914.907470703125,612.3080444335938,882.4970092773438,583.310791015625
66,66,2.75,95,2,van,0.5037509202957153,373.1230773925781,696.2505493164062,467.1224060058594,801.3723754882812,420.12274169921875,748.8114624023438
66,66,2.75,102,0,pedestrian,0.5247284173965454,532.5062866210938,613.011474609375,554.5787963867188,683.36376953125,543.5425415039062,648.1876220703125
66,66,2.75,42,1,car,0.27237018942832947,766.3411865234375,606.094970703125,834.6172485351562,686.1459350585938,800.4792175292969,646.1204528808594
66,66,2.75,123,1,car,0.32170334458351135,1003.100341796875,444.5210266113281,1024.076416015625,466.3194274902344,1013.58837890625,455.42022705078125
67,67,2.7916666666666665,13,0,pedestrian,0.45816513895988464,484.4781494140625,708.4358520507812,521.0702514648438,806.20068359375,502.7742004394531,757.3182678222656
67,67,2.7916666666666665,5,4,bus,0.43750011920928955,1082.8336181640625,688.4775390625,1665.52783203125,1077.544921875,1374.1807250976562,883.01123046875
67,67,2.7916666666666665,4,1,car,0.7057279944419861,849.8684692382812,553.3504028320312,914.39990234375,611.091064453125,882.1341857910156,582.2207336425781
67,67,2.7916666666666665,95,2,van,0.43420425057411194,371.83734130859375,697.012939453125,465.0813293457031,801.880859375,418.45933532714844,749.4468994140625
67,67,2.7916666666666665,102,0,pedestrian,0.5407215356826782,532.183837890625,613.1451416015625,553.762939453125,682.8036499023438,542.973388671875,647.9743957519531
67,67,2.7916666666666665,123,1,car,0.3613883852958679,1002.7929077148438,444.9449768066406,1023.7605590820312,467.154052734375,1013.2767333984375,456.0495147705078
68,68,2.8333333333333335,13,0,pedestrian,0.4700334370136261,483.6063232421875,708.240966796875,520.924560546875,806.4258422851562,502.26544189453125,757.3334045410156
68,68,2.8333333333333335,5,4,bus,0.28857290744781494,1082.5098876953125,685.6475219726562,1664.3924560546875,1077.3057861328125,1373.451171875,881.4766540527344
68,68,2.8333333333333335,4,1,car,0.7755836248397827,850.296630859375,552.6263427734375,913.7904663085938,609.7897338867188,882.0435485839844,581.2080383300781
68,68,2.8333333333333335,95,2,van,0.41367197036743164,370.9623107910156,697.063232421875,465.5440979003906,802.5284423828125,418.2532043457031,749.7958374023438
68,68,2.8333333333333335,102,0,pedestrian,0.4392596483230591,531.8877563476562,613.322265625,553.5883178710938,682.5416870117188,542.738037109375,647.9319763183594
68,68,2.8333333333333335,123,1,car,0.3647174835205078,1002.234375,445.6856384277344,1023.2284545898438,468.2801208496094,1012.7314147949219,456.9828796386719
68,68,2.8333333333333335,42,1,car,0.4516865015029907,768.4412841796875,603.8079833984375,835.6837768554688,681.5614624023438,802.0625305175781,642.6847229003906
69,69,2.875,13,0,pedestrian,0.3999825417995453,483.0317077636719,708.7039794921875,521.07568359375,806.53369140625,502.05369567871094,757.6188354492188
69,69,2.875,5,4,bus,0.3762547969818115,1082.1756591796875,687.5482177734375,1661.515380859375,1076.9571533203125,1371.8455200195312,882.252685546875
69,69,2.875,4,1,car,0.8353764414787292,850.7653198242188,552.0650024414062,913.2094116210938,609.4336547851562,881.9873657226562,580.7493286132812
69,69,2.875,95,2,van,0.5191217064857483,371.7283020019531,696.103515625,468.0144958496094,803.46142578125,419.87139892578125,749.782470703125
69,69,2.875,102,0,pedestrian,0.41114816069602966,531.5184936523438,613.998046875,553.0132446289062,683.42822265625,542.265869140625,648.713134765625
69,69,2.875,123,1,car,0.3492124080657959,1001.7041625976562,446.5319519042969,1023.3319702148438,469.4581298828125,1012.51806640625,457.9950408935547
69,69,2.875,143,0,pedestrian,0.483781635761261,1525.4205322265625,763.9257202148438,1563.009765625,854.8003540039062,1544.2151489257812,809.363037109375
69,69,2.875,42,1,car,0.40519049763679504,770.3070678710938,603.4234008789062,836.66015625,679.5376586914062,803.4836120605469,641.4805297851562
70,70,2.9166666666666665,13,0,pedestrian,0.3159189820289612,483.31353759765625,708.83203125,521.0459594726562,806.2622680664062,502.17974853515625,757.5471496582031
70,70,2.9166666666666665,5,4,bus,0.3628411293029785,1081.843994140625,688.318359375,1655.3841552734375,1076.8779296875,1368.6140747070312,882.59814453125
70,70,2.9166666666666665,4,1,car,0.8812251687049866,851.3076171875,551.9883422851562,913.08837890625,608.1884155273438,882.197998046875,580.08837890625
70,70,2.9166666666666665,95,2,van,0.5476090908050537,372.18603515625,695.4815673828125,469.0559997558594,803.8323364257812,420.6210174560547,749.6569519042969
70,70,2.9166666666666665,102,0,pedestrian,0.3166707456111908,531.0684814453125,614.4215087890625,552.3299560546875,683.1500854492188,541.69921875,648.7857971191406
70,70,2.9166666666666665,123,1,car,0.25630608201026917,1001.4959106445312,446.52899169921875,1022.256103515625,470.1872863769531,1011.8760070800781,458.35813903808594
70,70,2.9166666666666665,143,0,pedestrian,0.5709383487701416,1527.467529296875,766.225341796875,1565.8077392578125,852.9569702148438,1546.6376342773438,809.5911560058594
70,70,2.9166666666666665,42,1,car,0.45683345198631287,772.0958251953125,602.0171508789062,837.932861328125,676.9442138671875,805.0143432617188,639.4806823730469
70,70,2.9166666666666665,147,0,pedestrian,0.6561669707298279,1751.7596435546875,754.4426879882812,1803.031005859375,862.1900024414062,1777.3953247070312,808.3163452148438
71,71,2.9583333333333335,13,0,pedestrian,0.26372817158699036,483.9009704589844,708.7620239257812,520.7244873046875,805.5803833007812,502.31272888183594,757.1712036132812
71,71,2.9583333333333335,4,1,car,0.8850148320198059,851.23193359375,552.3193969726562,912.9697875976562,607.40087890625,882.1008605957031,579.8601379394531
71,71,2.9583333333333335,95,2,van,0.5780984163284302,371.8345642089844,695.3739013671875,469.0905456542969,803.6776123046875,420.4625549316406,749.5257568359375
71,71,2.9583333333333335,143,0,pedestrian,0.41907569766044617,1528.3470458984375,766.7872314453125,1573.205322265625,856.2842407226562,1550.7761840820312,811.5357360839844
71,71,2.9583333333333335,42,1,car,0.341159462928772,773.1101684570312,600.4403076171875,838.3851928710938,675.3597412109375,805.7476806640625,637.9000244140625
71,71,2.9583333333333335,147,0,pedestrian,0.4766989052295685,1751.514404296875,755.3778686523438,1802.5137939453125,864.1206665039062,1777.0140991210938,809.749267578125
72,72,3.0,13,0,pedestrian,0.31823965907096863,483.97991943359375,708.3455810546875,520.8814697265625,806.57275390625,502.4306945800781,757.4591674804688
72,72,3.0,4,1,car,0.8918442130088806,851.4862670898438,551.7728271484375,912.8160400390625,606.43359375,882.1511535644531,579.1032104492188
72,72,3.0,95,2,van,0.5641264915466309,372.3215637207031,695.8095703125,469.25347900390625,803.876708984375,420.7875213623047,749.8431396484375
72,72,3.0,42,1,car,0.3878379762172699,773.8986206054688,598.4752197265625,839.8939208984375,673.7122802734375,806.8962707519531,636.09375
72,72,3.0,147,0,pedestrian,0.6304569244384766,1753.0772705078125,756.73974609375,1804.2857666015625,865.480224609375,1778.6815185546875,811.1099853515625
72,72,3.0,78,0,pedestrian,0.2973901927471161,476.4023742675781,536.594482421875,492.6998291015625,584.633544921875,484.5511016845703,560.614013671875
72,72,3.0,5,4,bus,0.30548539757728577,1087.826171875,711.1015014648438,1644.8350830078125,1073.5140380859375,1366.3306274414062,892.3077697753906
73,73,3.0416666666666665,13,0,pedestrian,0.3446018099784851,483.3114318847656,707.8434448242188,521.0616455078125,806.9705810546875,502.18653869628906,757.4070129394531
73,73,3.0416666666666665,4,1,car,0.895715057849884,851.7722778320312,551.1327514648438,912.6488037109375,605.9346923828125,882.2105407714844,578.5337219238281
73,73,3.0416666666666665,95,2,van,0.40389493107795715,372.53857421875,696.1881713867188,467.30328369140625,804.2787475585938,419.9209289550781,750.2334594726562
73,73,3.0416666666666665,42,1,car,0.37788689136505127,774.70263671875,598.2609252929688,841.0629272460938,672.8883056640625,807.8827819824219,635.5746154785156
73,73,3.0416666666666665,147,0,pedestrian,0.2692609429359436,1757.211669921875,758.348388671875,1806.491943359375,866.0762329101562,1781.851806640625,812.2123107910156
73,73,3.0416666666666665,102,0,pedestrian,0.2519367039203644,528.681640625,613.6493530273438,550.3604125976562,685.585205078125,539.5210266113281,649.6172790527344
74,74,3.0833333333333335,13,0,pedestrian,0.39871886372566223,483.29071044921875,707.8515625,521.0138549804688,807.030029296875,502.15228271484375,757.4407958984375
74,74,3.0833333333333335,4,1,car,0.9077574014663696,851.9142456054688,550.9013061523438,912.8604125976562,605.0005493164062,882.3873291015625,577.950927734375
74,74,3.0833333333333335,95,2,van,0.4410710632801056,372.1984558105469,695.8433227539062,464.8241882324219,804.3732299804688,418.5113220214844,750.1082763671875
74,74,3.0833333333333335,42,1,car,0.3499504029750824,775.8792114257812,595.8023071289062,841.5923461914062,672.5220336914062,808.7357788085938,634.1621704101562
74,74,3.0833333333333335,147,0,pedestrian,0.3876729905605316,1759.0997314453125,758.9329223632812,1808.7266845703125,867.2174682617188,1783.9132080078125,813.0751953125
74,74,3.0833333333333335,102,0,pedestrian,0.3125724494457245,527.3102416992188,613.2443237304688,549.6322021484375,686.3602294921875,538.4712219238281,649.8022766113281
74,74,3.0833333333333335,78,0,pedestrian,0.28989484906196594,477.3004455566406,535.1012573242188,495.02374267578125,585.055908203125,486.16209411621094,560.0785827636719
75,75,3.125,13,0,pedestrian,0.327719509601593,483.0271301269531,707.472900390625,520.786376953125,806.432373046875,501.90675354003906,756.95263671875
75,75,3.125,4,1,car,0.8691717982292175,851.7893676757812,550.2531127929688,912.8211669921875,603.861328125,882.3052673339844,577.0572204589844
75,75,3.125,95,2,van,0.44065240025520325,372.1109619140625,695.4613037109375,462.6622314453125,803.8231201171875,417.3865966796875,749.6422119140625
75,75,3.125,147,0,pedestrian,0.3045431971549988,1761.9300537109375,761.7742309570312,1809.5526123046875,867.7972412109375,1785.7413330078125,814.7857360839844
75,75,3.125,102,0,pedestrian,0.26213395595550537,526.6602172851562,613.16455078125,549.029541015625,686.7867431640625,537.8448791503906,649.9756469726562
75,75,3.125,162,1,car,0.35334646701812744,990.6683349609375,728.2945556640625,1076.6129150390625,836.8607177734375,1033.640625,782.57763671875
75,75,3.125,78,0,pedestrian,0.2980254888534546,477.6795349121094,534.4779663085938,495.66363525390625,584.92431640625,486.6715850830078,559.7011413574219
76,76,3.1666666666666665,13,0,pedestrian,0.3225399851799011,482.4311828613281,706.7399291992188,520.614990234375,805.377197265625,501.52308654785156,756.0585632324219
76,76,3.1666666666666665,4,1,car,0.8912807703018188,852.0408325195312,549.4628295898438,913.0211181640625,602.8477783203125,882.5309753417969,576.1553039550781
76,76,3.1666666666666665,95,2,van,0.39011475443840027,372.5716552734375,695.240234375,464.91668701171875,803.3563842773438,418.7441711425781,749.2983093261719
76,76,3.1666666666666665,147,0,pedestrian,0.3673107624053955,1761.9957275390625,762.3377685546875,1812.42138671875,868.5588989257812,1787.2085571289062,815.4483337402344
76,76,3.1666666666666665,162,1,car,0.5723274946212769,989.6858520507812,729.4141235351562,1078.47216796875,836.0112915039062,1034.0790100097656,782.7127075195312
77,77,3.2083333333333335,13,0,pedestrian,0.33032190799713135,481.9844970703125,705.8883056640625,520.2906494140625,804.3065795898438,501.1375732421875,755.0974426269531
77,77,3.2083333333333335,4,1,car,0.8409020304679871,852.6895751953125,547.5222778320312,912.9703979492188,602.6318969726562,882.8299865722656,575.0770874023438
77,77,3.2083333333333335,95,2,van,0.5932847261428833,372.3799743652344,694.3843994140625,467.33648681640625,802.9154052734375,419.8582305908203,748.64990234375
77,77,3.2083333333333335,147,0,pedestrian,0.5248275399208069,1762.65625,761.2801513671875,1816.9710693359375,870.68603515625,1789.8136596679688,815.9830932617188
77,77,3.2083333333333335,162,1,car,0.4269755780696869,988.5275268554688,730.1248168945312,1079.1031494140625,835.9912109375,1033.8153381347656,783.0580139160156
77,77,3.2083333333333335,42,1,car,0.25821834802627563,780.1691284179688,594.384521484375,843.5009765625,668.9488525390625,811.8350524902344,631.6666870117188
77,77,3.2083333333333335,102,0,pedestrian,0.3149469196796417,526.7489013671875,613.1633911132812,548.79345703125,686.7850341796875,537.7711791992188,649.9742126464844
78,78,3.25,13,0,pedestrian,0.39199134707450867,482.18292236328125,705.72216796875,520.3990478515625,804.2486572265625,501.2909851074219,754.9854125976562
78,78,3.25,4,1,car,0.8172927498817444,853.7908325195312,546.221435546875,913.2799072265625,602.592041015625,883.5353698730469,574.40673828125
78,78,3.25,95,2,van,0.5612428784370422,372.525146484375,693.7706909179688,468.6877136230469,802.8930053710938,420.60643005371094,748.3318481445312
78,78,3.25,147,0,pedestrian,0.6171682476997375,1765.1983642578125,758.2244873046875,1819.3516845703125,871.8656005859375,1792.2750244140625,815.0450439453125
78,78,3.25,102,0,pedestrian,0.3264503479003906,526.8368530273438,613.7084350585938,548.7686157226562,686.85009765625,537.802734375,650.2792663574219
79,79,3.2916666666666665,13,0,pedestrian,0.47218823432922363,482.0495300292969,705.6543579101562,520.3573608398438,804.7093505859375,501.2034454345703,755.1818542480469
79,79,3.2916666666666665,4,1,car,0.803695559501648,854.1512451171875,545.6957397460938,912.7359619140625,602.0985107421875,883.443603515625,573.8971252441406
79,79,3.2916666666666665,95,2,van,0.5022160410881042,372.66387939453125,693.3646850585938,468.5278625488281,802.954345703125,420.5958709716797,748.1595153808594
79,79,3.2916666666666665,147,0,pedestrian,0.30416902899742126,1768.7437744140625,759.2748413085938,1821.4544677734375,871.6538696289062,1795.09912109375,815.46435546875
79,79,3.2916666666666665,102,0,pedestrian,0.37586498260498047,526.6318359375,614.475830078125,548.59375,686.694091796875,537.61279296875,650.5849609375
79,79,3.2916666666666665,162,1,car,0.34961026906967163,988.796142578125,732.0986328125,1078.869873046875,835.9850463867188,1033.8330078125,784.0418395996094
80,80,3.3333333333333335,13,0,pedestrian,0.589409351348877,481.1796875,705.5620727539062,520.3685913085938,805.910400390625,500.7741394042969,755.7362365722656
80,80,3.3333333333333335,4,1,car,0.7813485264778137,854.928955078125,545.3013305664062,912.0138549804688,601.5711669921875,883.4714050292969,573.4362487792969
80,80,3.3333333333333335,95,2,van,0.3415619432926178,372.3421630859375,694.8895874023438,466.781494140625,803.7678833007812,419.56182861328125,749.3287353515625
80,80,3.3333333333333335,147,0,pedestrian,0.6640137434005737,1770.66357421875,760.7139282226562,1823.2513427734375,872.1715698242188,1796.9574584960938,816.4427490234375
80,80,3.3333333333333335,102,0,pedestrian,0.4084765315055847,526.4501342773438,615.2271118164062,548.3685302734375,686.2597045898438,537.4093322753906,650.743408203125
80,80,3.3333333333333335,181,0,pedestrian,0.38029158115386963,736.6165771484375,600.3568115234375,757.518798828125,661.3174438476562,747.0676879882812,630.8371276855469
80,80,3.3333333333333335,42,1,car,0.3558627963066101,783.8159790039062,594.2957153320312,846.0621337890625,665.3077392578125,814.9390563964844,629.8017272949219
81,81,3.375,13,0,pedestrian,0.37652119994163513,481.0146179199219,706.244384765625,520.3314819335938,806.2940063476562,500.6730499267578,756.2691955566406
81,81,3.375,4,1,car,0.7463078498840332,855.4989013671875,544.9236450195312,911.7039794921875,600.4417724609375,883.6014404296875,572.6827087402344
81,81,3.375,95,2,van,0.29043251276016235,372.23199462890625,695.5105590820312,466.25860595703125,804.101318359375,419.24530029296875,749.8059387207031
81,81,3.375,147,0,pedestrian,0.5328187346458435,1774.097412109375,761.7559814453125,1827.097412109375,872.1593627929688,1800.597412109375,816.9576721191406
81,81,3.375,102,0,pedestrian,0.3775090277194977,526.7451782226562,615.4918212890625,548.4013671875,685.5053100585938,537.5732727050781,650.4985656738281
81,81,3.375,181,0,pedestrian,0.3816300928592682,738.5676879882812,600.7008056640625,759.6930541992188,660.0845336914062,749.13037109375,630.3926696777344
81,81,3.375,187,0,pedestrian,0.39502280950546265,1586.536376953125,763.03662109375,1618.4705810546875,826.2637939453125,1602.5034790039062,794.6502075195312
82,82,3.4166666666666665,13,0,pedestrian,0.25961238145828247,480.3996276855469,706.7022705078125,518.9649658203125,807.2197265625,499.6822967529297,756.9609985351562
82,82,3.4166666666666665,4,1,car,0.7301459312438965,855.7554931640625,544.482421875,911.4721069335938,598.1326904296875,883.6138000488281,571.3075561523438
82,82,3.4166666666666665,102,0,pedestrian,0.3521396517753601,526.7273559570312,615.2405395507812,548.2805786132812,685.5264892578125,537.5039672851562,650.3835144042969
82,82,3.4166666666666665,181,0,pedestrian,0.4107056260108948,741.6250610351562,601.2208862304688,761.9813232421875,658.4432373046875,751.8031921386719,629.8320617675781
82,82,3.4166666666666665,42,1,car,0.3240664601325989,784.6519165039062,593.3893432617188,848.1351318359375,663.8270874023438,816.3935241699219,628.6082153320312
83,83,3.4583333333333335,13,0,pedestrian,0.4441922605037689,480.13995361328125,707.2889404296875,518.4982299804688,807.885498046875,499.319091796875,757.5872192382812
83,83,3.4583333333333335,4,1,car,0.7257318496704102,856.0234985351562,543.9668579101562,912.015380859375,596.3474731445312,884.0194396972656,570.1571655273438
83,83,3.4583333333333335,102,0,pedestrian,0.3544614315032959,526.6778564453125,614.975830078125,548.3736572265625,686.4617309570312,537.5257568359375,650.7187805175781
83,83,3.4583333333333335,181,0,pedestrian,0.4090442359447479,744.0213012695312,600.7574462890625,764.5449829101562,659.3928833007812,754.2831420898438,630.0751647949219
83,83,3.4583333333333335,194,0,pedestrian,0.6863701939582825,288.9571838378906,995.2994995117188,353.9246520996094,1080.0,321.44091796875,1037.6497497558594
83,83,3.4583333333333335,42,1,car,0.5122964382171631,786.0523681640625,592.68798828125,849.4749755859375,663.162841796875,817.763671875,627.9254150390625
84,84,3.5,13,0,pedestrian,0.4847527742385864,479.825927734375,707.58935546875,518.5028076171875,808.475830078125,499.16436767578125,758.0325927734375
84,84,3.5,4,1,car,0.49550333619117737,855.9904174804688,543.2700805664062,912.357666015625,595.5785522460938,884.1740417480469,569.42431640625
84,84,3.5,102,0,pedestrian,0.32901373505592346,526.184814453125,614.8804321289062,548.1890258789062,687.92236328125,537.1869201660156,651.4013977050781
84,84,3.5,181,0,pedestrian,0.34167641401290894,744.2792358398438,601.5970458984375,766.9053344726562,664.8147583007812,755.59228515625,633.2059020996094
84,84,3.5,194,0,pedestrian,0.5885196924209595,295.9259338378906,988.7311401367188,361.0447998046875,1080.0,328.48536682128906,1034.3655700683594
84,84,3.5,42,1,car,0.5307790637016296,787.3963623046875,590.618408203125,850.3717041015625,662.4871215820312,818.884033203125,626.5527648925781
84,84,3.5,95,1,car,0.2601151764392853,372.3474426269531,700.1522216796875,463.0804748535156,805.451904296875,417.7139587402344,752.8020629882812
85,85,3.5416666666666665,13,0,pedestrian,0.5556163787841797,479.7115783691406,707.7800903320312,518.270263671875,809.57958984375,498.9909210205078,758.6798400878906
85,85,3.5416666666666665,4,2,van,0.4075424373149872,856.1676025390625,542.3134155273438,912.2091674804688,594.6301879882812,884.1883850097656,568.4718017578125
85,85,3.5416666666666665,102,0,pedestrian,0.3529488742351532,525.7353515625,614.9916381835938,547.8319091796875,688.7237548828125,536.7836303710938,651.8576965332031
85,85,3.5416666666666665,181,0,pedestrian,0.29676857590675354,745.7466430664062,602.3009643554688,768.9834594726562,665.861083984375,757.3650512695312,634.0810241699219
85,85,3.5416666666666665,194,0,pedestrian,0.5593663454055786,304.5091857910156,979.31298828125,376.4557189941406,1080.0,340.4824523925781,1029.656494140625
85,85,3.5416666666666665,42,1,car,0.38674119114875793,787.6220703125,587.0516357421875,850.9038696289062,660.9463500976562,819.2629699707031,623.9989929199219
85,85,3.5416666666666665,95,1,car,0.3540339469909668,372.3709716796875,700.08154296875,463.9443664550781,806.5423583984375,418.1576690673828,753.3119506835938
86,86,3.5833333333333335,13,0,pedestrian,0.6281558275222778,479.84014892578125,708.0530395507812,517.94384765625,810.454345703125,498.8919982910156,759.2536926269531
86,86,3.5833333333333335,4,1,car,0.44478049874305725,856.34228515625,542.3759155273438,911.8722534179688,594.199951171875,884.1072692871094,568.2879333496094
86,86,3.5833333333333335,102,0,pedestrian,0.3799419105052948,525.1949462890625,615.2781982421875,547.3677978515625,688.9097900390625,536.2813720703125,652.093994140625
86,86,3.5833333333333335,194,0,pedestrian,0.2690662741661072,309.89886474609375,973.1107177734375,383.7710876464844,1079.44775390625,346.83497619628906,1026.2792358398438
86,86,3.5833333333333335,42,1,car,0.32433459162712097,788.9896240234375,586.2188720703125,851.4833374023438,659.6383666992188,820.2364807128906,622.9286193847656
86,86,3.5833333333333335,95,1,car,0.39860519766807556,372.0560302734375,698.8973388671875,463.8164367675781,807.4729614257812,417.9362335205078,753.1851501464844
86,86,3.5833333333333335,196,0,pedestrian,0.4681656062602997,1605.366455078125,770.7528686523438,1643.321533203125,848.9494018554688,1624.343994140625,809.8511352539062
86,86,3.5833333333333335,197,3,truck,0.3551536202430725,856.1796875,497.0021667480469,926.3456420898438,548.6913452148438,891.2626647949219,522.8467559814453
86,86,3.5833333333333335,198,1,car,0.3177603781223297,1000.3857421875,456.85406494140625,1024.4288330078125,482.9203186035156,1012.4072875976562,469.88719177246094
87,87,3.625,13,0,pedestrian,0.6782541871070862,480.3263854980469,708.946044921875,517.8372192382812,811.39697265625,499.08180236816406,760.1715087890625
87,87,3.625,4,1,car,0.6387309432029724,856.653564453125,542.5297241210938,911.483642578125,593.7156982421875,884.068603515625,568.1227111816406
87,87,3.625,102,0,pedestrian,0.4004051089286804,524.5380859375,616.2719116210938,546.833251953125,689.2093505859375,535.6856689453125,652.7406311035156
87,87,3.625,194,0,pedestrian,0.49920323491096497,318.5558776855469,968.2875366210938,394.2632141113281,1078.8892822265625,356.4095458984375,1023.5884094238281
87,87,3.625,95,1,car,0.5692335963249207,372.02410888671875,700.2922973632812,463.6072998046875,808.443359375,417.8157043457031,754.3678283691406
87,87,3.625,196,0,pedestrian,0.34511518478393555,1606.9954833984375,767.4918212890625,1645.45556640625,850.3787231445312,1626.2255249023438,808.9352722167969
87,87,3.625,198,1,car,0.26896244287490845,1000.3898315429688,456.98046875,1024.4957275390625,483.5075378417969,1012.4427795410156,470.24400329589844
88,88,3.6666666666666665,13,0,pedestrian,0.6103847622871399,480.68426513671875,709.2052612304688,517.5947875976562,810.8997802734375,499.1395263671875,760.0525207519531
88,88,3.6666666666666665,4,1,car,0.5997523665428162,856.8004150390625,542.5120849609375,911.06640625,593.0084838867188,883.9334106445312,567.7602844238281
88,88,3.6666666666666665,102,0,pedestrian,0.428377240896225,524.2617797851562,617.5450439453125,546.3707275390625,689.9265747070312,535.3162536621094,653.7358093261719
88,88,3.6666666666666665,194,0,pedestrian,0.3856823444366455,325.7630310058594,961.6710205078125,400.475341796875,1077.786376953125,363.1191864013672,1019.7286987304688
88,88,3.6666666666666665,95,1,car,0.5045198798179626,371.10968017578125,700.3575439453125,465.8164367675781,809.3858642578125,418.4630584716797,754.8717041015625
88,88,3.6666666666666665,196,0,pedestrian,0.34673774242401123,1610.8487548828125,762.9915161132812,1648.5662841796875,850.1228637695312,1629.70751953125,806.5571899414062
88,88,3.6666666666666665,198,1,car,0.2545640170574188,1000.76171875,457.82708740234375,1024.38818359375,483.91534423828125,1012.574951171875,470.8712158203125
88,88,3.6666666666666665,147,0,pedestrian,0.35635820031166077,1782.7435302734375,776.7539672851562,1849.635009765625,887.020751953125,1816.1892700195312,831.8873596191406
89,89,3.7083333333333335,13,0,pedestrian,0.652847170829773,480.5268249511719,708.9050903320312,517.1630859375,811.161865234375,498.84495544433594,760.0334777832031
89,89,3.7083333333333335,4,1,car,0.4798087775707245,856.5614013671875,541.565673828125,911.0868530273438,592.0571899414062,883.8241271972656,566.8114318847656
89,89,3.7083333333333335,102,0,pedestrian,0.42059847712516785,523.8345336914062,617.6063842773438,545.7928466796875,690.2108154296875,534.8136901855469,653.9085998535156
89,89,3.7083333333333335,194,0,pedestrian,0.4016334116458893,333.32867431640625,953.4095458984375,408.351806640625,1077.7432861328125,370.8402404785156,1015.576416015625
89,89,3.7083333333333335,95,1,car,0.5602627992630005,370.3487854003906,699.9811401367188,465.3615417480469,808.65869140625,417.85516357421875,754.3199157714844
89,89,3.7083333333333335,196,0,pedestrian,0.37961438298225403,1614.127197265625,760.4271240234375,1650.2454833984375,850.8982543945312,1632.1863403320312,805.6626892089844
89,89,3.7083333333333335,198,1,car,0.27987417578697205,1001.5343627929688,458.2291564941406,1024.766845703125,484.5108947753906,1013.1506042480469,471.3700256347656
89,89,3.7083333333333335,181,0,pedestrian,0.3925284743309021,755.6083374023438,597.4966430664062,780.3756103515625,663.4252319335938,767.9919738769531,630.4609375
89,89,3.7083333333333335,42,1,car,0.29881638288497925,792.58740234375,583.4114379882812,852.6009521484375,656.443603515625,822.5941772460938,619.9275207519531
90,90,3.75,13,0,pedestrian,0.6175544261932373,480.5137023925781,708.3956909179688,516.9706420898438,811.5888061523438,498.74217224121094,759.9922485351562
90,90,3.75,4,1,car,0.5986834168434143,857.3152465820312,541.1463623046875,911.1045532226562,590.3645629882812,884.2098999023438,565.7554626464844
90,90,3.75,102,0,pedestrian,0.45905864238739014,524.0772705078125,617.1141967773438,545.6995239257812,689.762939453125,534.8883972167969,653.4385681152344
90,90,3.75,194,0,pedestrian,0.5472069978713989,338.5402526855469,943.5189208984375,406.85980224609375,1076.265625,372.7000274658203,1009.8922729492188
90,90,3.75,95,1,car,0.5607137680053711,371.3314208984375,699.5977783203125,464.5277099609375,807.787109375,417.9295654296875,753.6924438476562
90,90,3.75,196,0,pedestrian,0.5225727558135986,1616.403564453125,756.9857177734375,1653.1932373046875,851.8455200195312,1634.7984008789062,804.4156188964844
90,90,3.75,198,1,car,0.2857941687107086,1002.387451171875,458.9629821777344,1025.0911865234375,485.3782043457031,1013.7393188476562,472.17059326171875
90,90,3.75,181,0,pedestrian,0.45892637968063354,756.6298217773438,596.3199462890625,782.4038696289062,663.8911743164062,769.516845703125,630.1055603027344
91,91,3.7916666666666665,13,0,pedestrian,0.5380722284317017,480.1417541503906,707.8998413085938,516.733154296875,811.6014404296875,498.4374542236328,759.7506408691406
91,91,3.7916666666666665,4,1,car,0.6952500939369202,857.4402465820312,540.508544921875,911.2396850585938,589.8599243164062,884.3399658203125,565.1842346191406
91,91,3.7916666666666665,102,0,pedestrian,0.44518548250198364,524.2990112304688,617.00439453125,545.6134643554688,689.6555786132812,534.9562377929688,653.3299865722656
91,91,3.7916666666666665,194,0,pedestrian,0.4020300507545471,343.5050354003906,936.2682495117188,413.17340087890625,1068.9718017578125,378.33921813964844,1002.6200256347656
91,91,3.7916666666666665,95,1,car,0.5554184913635254,371.00225830078125,699.7548217773438,464.2187194824219,807.277587890625,417.61048889160156,753.5162048339844
91,91,3.7916666666666665,196,0,pedestrian,0.6954156756401062,1619.2156982421875,760.9826049804688,1653.20654296875,852.715576171875,1636.2111206054688,806.8490905761719
91,91,3.7916666666666665,198,1,car,0.33721715211868286,1002.589599609375,459.381103515625,1025.2969970703125,485.8122863769531,1013.9432983398438,472.59669494628906
91,91,3.7916666666666665,181,0,pedestrian,0.37979573011398315,758.3355102539062,595.3250732421875,783.4864501953125,662.8497924804688,770.9109802246094,629.0874328613281
91,91,3.7916666666666665,42,1,car,0.45657604932785034,794.255859375,583.838623046875,852.9798583984375,653.1826171875,823.6178588867188,618.5106201171875
92,92,3.8333333333333335,13,0,pedestrian,0.6492897868156433,479.7103576660156,707.6470336914062,516.4320678710938,811.213623046875,498.0712127685547,759.4303283691406
92,92,3.8333333333333335,4,1,car,0.7501917481422424,857.2262573242188,539.45068359375,911.5962524414062,589.2111206054688,884.4112548828125,564.3309020996094
92,92,3.8333333333333335,102,0,pedestrian,0.4467889070510864,524.3551025390625,616.9813232421875,545.57080078125,689.747314453125,534.9629516601562,653.3643188476562
92,92,3.8333333333333335,95,1,car,0.354572057723999,370.8466491699219,699.8175048828125,464.3157653808594,806.5733642578125,417.5812072753906,753.1954345703125
92,92,3.8333333333333335,196,0,pedestrian,0.7410986423492432,1622.2215576171875,763.5564575195312,1655.8699951171875,855.1552124023438,1639.0457763671875,809.3558349609375
92,92,3.8333333333333335,198,1,car,0.3922993540763855,1002.8312377929688,459.92767333984375,1025.5377197265625,485.9654541015625,1014.1844787597656,472.9465637207031
92,92,3.8333333333333335,181,0,pedestrian,0.5309979319572449,759.28662109375,594.8356323242188,786.529052734375,664.5491333007812,772.9078369140625,629.6923828125
92,92,3.8333333333333335,42,1,car,0.2766059935092926,794.73486328125,581.7889404296875,853.422119140625,652.1759643554688,824.0784912109375,616.9824523925781
92,92,3.8333333333333335,147,0,pedestrian,0.39265352487564087,1800.5838623046875,773.1063232421875,1860.8955078125,892.842529296875,1830.7396850585938,832.9744262695312
93,93,3.875,13,0,pedestrian,0.6049022078514099,479.77691650390625,707.7575073242188,516.4744262695312,811.2060546875,498.12567138671875,759.4817810058594
93,93,3.875,4,1,car,0.6858304142951965,857.0890502929688,539.44677734375,911.7376098632812,588.536865234375,884.413330078125,563.9918212890625
93,93,3.875,102,0,pedestrian,0.4326963424682617,524.3849487304688,617.534912109375,545.4483642578125,689.9209594726562,534.9166564941406,653.7279357910156
93,93,3.875,95,1,car,0.4615735411643982,371.074951171875,701.0817260742188,463.9386291503906,806.8040771484375,417.5067901611328,753.9429016113281
93,93,3.875,196,0,pedestrian,0.7176517844200134,1623.3475341796875,762.9375,1660.7548828125,857.4306640625,1642.0512084960938,810.18408203125
93,93,3.875,198,1,car,0.34614861011505127,1003.1886596679688,460.4529113769531,1025.9708251953125,486.4603271484375,1014.5797424316406,473.4566192626953
93,93,3.875,181,0,pedestrian,0.3290015459060669,762.20849609375,594.891845703125,788.8642578125,662.9728393554688,775.536376953125,628.9323425292969
93,93,3.875,42,1,car,0.44578635692596436,794.9396362304688,580.9119873046875,854.5147094726562,651.5089111328125,824.7271728515625,616.21044921875
93,93,3.875,147,0,pedestrian,0.6096038222312927,1808.4000244140625,775.2072143554688,1863.736572265625,892.4971313476562,1836.0682983398438,833.8521728515625
94,94,3.9166666666666665,13,0,pedestrian,0.4579750597476959,479.9822082519531,708.2600708007812,516.2740478515625,811.2941284179688,498.1281280517578,759.777099609375
94,94,3.9166666666666665,4,1,car,0.7082921862602234,857.5540771484375,539.4417114257812,910.9755859375,588.047607421875,884.2648315429688,563.7446594238281
94,94,3.9166666666666665,102,0,pedestrian,0.37971431016921997,524.028564453125,618.4116821289062,545.0499877929688,690.0447387695312,534.5392761230469,654.2282104492188
94,94,3.9166666666666665,95,1,car,0.4637376070022583,369.3402404785156,701.4760131835938,462.72991943359375,807.7106323242188,416.0350799560547,754.5933227539062
94,94,3.9166666666666665,196,0,pedestrian,0.5181329250335693,1626.336181640625,761.8848266601562,1666.9683837890625,859.3577270507812,1646.6522827148438,810.6212768554688
94,94,3.9166666666666665,198,1,car,0.31161198019981384,1003.114990234375,461.10009765625,1025.9942626953125,487.0643615722656,1014.5546264648438,474.0822296142578
94,94,3.9166666666666665,181,0,pedestrian,0.30559131503105164,765.25634765625,595.3517456054688,790.565673828125,661.2153930664062,777.9110107421875,628.2835693359375
94,94,3.9166666666666665,42,1,car,0.43397632241249084,795.37255859375,580.7255859375,855.9041748046875,649.901611328125,825.6383666992188,615.3135986328125
95,95,3.9583333333333335,13,0,pedestrian,0.40973925590515137,480.1249084472656,708.50244140625,515.98486328125,811.1730346679688,498.0548858642578,759.8377380371094
95,95,3.9583333333333335,4,1,car,0.5080704689025879,858.1427001953125,537.8217163085938,910.7866821289062,587.2601318359375,884.4646911621094,562.5409240722656
95,95,3.9583333333333335,102,0,pedestrian,0.33314141631126404,523.7445678710938,618.3992919921875,544.8103637695312,690.2337646484375,534.2774658203125,654.3165283203125
95,95,3.9583333333333335,95,1,car,0.5387383699417114,368.6954040527344,702.7371826171875,461.7064514160156,808.1889038085938,415.200927734375,755.4630432128906
95,95,3.9583333333333335,196,0,pedestrian,0.6407984495162964,1628.0567626953125,767.305419921875,1674.50439453125,864.33154296875,1651.2805786132812,815.8184814453125
95,95,3.9583333333333335,198,1,car,0.28981199860572815,1003.4229736328125,461.17364501953125,1026.1522216796875,487.6846618652344,1014.78759765625,474.4291534423828
95,95,3.9583333333333335,181,0,pedestrian,0.2516202926635742,767.074951171875,595.08984375,791.9851684570312,660.0643310546875,779.5300598144531,627.5770874023438
95,95,3.9583333333333335,42,1,car,0.45501136779785156,796.8621215820312,578.07861328125,856.1173706054688,647.1831665039062,826.48974609375,612.6308898925781
95,95,3.9583333333333335,213,0,pedestrian,0.35582345724105835,195.7444610595703,707.458740234375,235.7528076171875,791.701416015625,215.7486343383789,749.580078125
95,95,3.9583333333333335,147,0,pedestrian,0.5159386992454529,1818.9794921875,774.8350219726562,1867.4320068359375,893.6710815429688,1843.2057495117188,834.2530517578125
96,96,4.0,13,0,pedestrian,0.3720259666442871,480.071533203125,708.626220703125,515.8660888671875,810.7359008789062,497.96881103515625,759.6810607910156
96,96,4.0,4,1,car,0.6379458904266357,858.0526123046875,536.740478515625,911.03759765625,586.2335815429688,884.5451049804688,561.4870300292969
96,96,4.0,102,0,pedestrian,0.3221588134765625,523.2254638671875,618.24072265625,544.5740356445312,690.179931640625,533.8997497558594,654.2103271484375
96,96,4.0,95,1,car,0.6232831478118896,368.567138671875,703.329345703125,461.9566650390625,808.26953125,415.26190185546875,755.7994384765625
96,96,4.0,196,0,pedestrian,0.6655714511871338,1629.798095703125,771.4939575195312,1683.6748046875,872.8639526367188,1656.7364501953125,822.178955078125
96,96,4.0,198,1,car,0.2627095878124237,1004.3895874023438,461.1912536621094,1026.2991943359375,488.1473388671875,1015.3443908691406,474.66929626464844
96,96,4.0,213,0,pedestrian,0.3320859968662262,197.05882263183594,708.4579467773438,235.62879943847656,792.0743408203125,216.34381103515625,750.2661437988281
96,96,4.0,216,0,pedestrian,0.34522879123687744,1120.76953125,541.1965942382812,1146.5399169921875,594.72900390625,1133.6547241210938,567.9627990722656
96,96,4.0,147,0,pedestrian,0.39837223291397095,1825.41455078125,774.5983276367188,1875.0596923828125,896.81689453125,1850.2371215820312,835.7076110839844
97,97,4.041666666666667,13,0,pedestrian,0.33828386664390564,480.28131103515625,709.1015625,515.8742065429688,810.4083862304688,498.0777587890625,759.7549743652344
97,97,4.041666666666667,4,1,car,0.5941771268844604,858.3513793945312,535.6493530273438,911.6209106445312,585.1009521484375,884.9861450195312,560.3751525878906
97,97,4.041666666666667,102,0,pedestrian,0.31788134574890137,523.30224609375,618.1556396484375,544.4827880859375,689.5126953125,533.8925170898438,653.8341674804688
97,97,4.041666666666667,95,1,car,0.6203967928886414,368.4501647949219,703.5188598632812,461.71435546875,808.3203125,415.08226013183594,755.9195861816406
97,97,4.041666666666667,196,0,pedestrian,0.5824106335639954,1632.61962890625,774.4960327148438,1689.9654541015625,877.234130859375,1661.2925415039062,825.8650817871094
97,97,4.041666666666667,213,0,pedestrian,0.3042636513710022,196.64610290527344,708.2655639648438,235.9891357421875,791.8818359375,216.31761932373047,750.0736999511719
97,97,4.041666666666667,216,0,pedestrian,0.3403156101703644,1120.84228515625,541.2969970703125,1146.7830810546875,594.6759643554688,1133.8126831054688,567.9864807128906
97,97,4.041666666666667,147,0,pedestrian,0.3336409628391266,1828.972900390625,775.9688110351562,1879.5447998046875,903.0654907226562,1854.2588500976562,839.5171508789062
97,97,4.041666666666667,217,3,truck,0.3195885717868805,920.1038818359375,448.59710693359375,959.4888916015625,493.8931579589844,939.79638671875,471.24513244628906
97,97,4.041666666666667,42,1,car,0.2690750062465668,798.54541015625,576.4705200195312,856.305908203125,644.9653930664062,827.4256591796875,610.7179565429688
98,98,4.083333333333333,13,0,pedestrian,0.38563570380210876,480.5469970703125,709.7232666015625,515.9085083007812,810.1505737304688,498.2277526855469,759.9369201660156
98,98,4.083333333333333,4,1,car,0.34704649448394775,858.6312255859375,534.3766479492188,911.739990234375,584.6066284179688,885.1856079101562,559.4916381835938
98,98,4.083333333333333,102,0,pedestrian,0.303888201713562,523.4490356445312,618.208251953125,544.34130859375,688.6624145507812,533.8951721191406,653.4353332519531
98,98,4.083333333333333,95,1,car,0.5613155961036682,368.24737548828125,703.3868408203125,461.207275390625,808.1524658203125,414.7273254394531,755.7696533203125
98,98,4.083333333333333,196,0,pedestrian,0.6364065408706665,1635.3099365234375,776.6685180664062,1695.5067138671875,881.9326782226562,1665.4083251953125,829.3005981445312
98,98,4.083333333333333,216,0,pedestrian,0.3174387216567993,1121.1949462890625,541.6807250976562,1146.4725341796875,594.5841674804688,1133.833740234375,568.1324462890625
98,98,4.083333333333333,217,3,truck,0.43459948897361755,920.2936401367188,448.11163330078125,960.0256958007812,493.5313415527344,940.15966796875,470.8214874267578
98,98,4.083333333333333,42,1,car,0.41108688712120056,798.9721069335938,575.1326904296875,857.2608642578125,644.0772094726562,828.1164855957031,609.6049499511719
99,99,4.125,13,0,pedestrian,0.5457720160484314,479.8713073730469,709.0702514648438,515.9318237304688,810.06005859375,497.9015655517578,759.5651550292969
99,99,4.125,4,1,car,0.36008310317993164,857.8200073242188,532.165283203125,909.9705200195312,583.32275390625,883.895263671875,557.7440185546875
99,99,4.125,102,0,pedestrian,0.3162953555583954,523.0958251953125,618.4156494140625,544.4730224609375,689.4305419921875,533.784423828125,653.923095703125
99,99,4.125,196,0,pedestrian,0.48929986357688904,1640.4505615234375,776.322509765625,1696.8065185546875,885.1918334960938,1668.6285400390625,830.7571716308594
99,99,4.125,216,0,pedestrian,0.3463303744792938,1120.97412109375,541.8779907226562,1146.6141357421875,595.1158447265625,1133.7941284179688,568.4969177246094
99,99,4.125,217,3,truck,0.49346598982810974,920.1751708984375,447.6046142578125,960.8628540039062,493.0893859863281,940.5190124511719,470.3470001220703
100,100,4.166666666666667,13,0,pedestrian,0.5348389148712158,478.49627685546875,706.5919189453125,515.3912353515625,810.0844116210938,496.9437561035156,758.3381652832031
100,100,4.166666666666667,4,1,car,0.3071954548358917,857.41796875,530.9660034179688,909.912109375,582.3399658203125,883.6650390625,556.6529846191406
100,100,4.166666666666667,102,0,pedestrian,0.3302171230316162,523.1981201171875,618.67724609375,544.7574462890625,689.9926147460938,533.977783203125,654.3349304199219
100,100,4.166666666666667,196,0,pedestrian,0.6288628578186035,1643.5076904296875,776.9053344726562,1697.779541015625,886.9761352539062,1670.6436157226562,831.9407348632812
100,100,4.166666666666667,216,0,pedestrian,0.298505574464798,1121.131103515625,542.544189453125,1146.945556640625,595.022705078125,1134.038330078125,568.783447265625
100,100,4.166666666666667,217,3,truck,0.5623651742935181,920.6417236328125,447.3164978027344,961.3656616210938,492.83465576171875,941.0036926269531,470.07557678222656
100,100,4.166666666666667,95,1,car,0.5504178404808044,367.4125061035156,699.9071655273438,461.9363708496094,806.61376953125,414.6744384765625,753.2604675292969
101,101,4.208333333333333,13,0,pedestrian,0.4767673909664154,478.4365234375,706.4026489257812,515.1023559570312,810.3250732421875,496.7694396972656,758.3638610839844
101,101,4.208333333333333,4,1,car,0.3312334418296814,857.12158203125,531.1190795898438,910.3988037109375,581.77294921875,883.7601928710938,556.4460144042969
101,101,4.208333333333333,102,0,pedestrian,0.35722002387046814,523.5637817382812,619.0631103515625,545.2696533203125,690.4168701171875,534.4167175292969,654.739990234375
101,101,4.208333333333333,196,0,pedestrian,0.3829714357852936,1646.947509765625,778.2787475585938,1699.244140625,886.597412109375,1673.0958251953125,832.4380798339844
101,101,4.208333333333333,216,0,pedestrian,0.3229789733886719,1121.2652587890625,543.220947265625,1147.404541015625,595.23046875,1134.3348999023438,569.2257080078125
101,101,4.208333333333333,217,3,truck,0.5250614285469055,921.0980224609375,447.3216552734375,961.574462890625,492.8320007324219,941.3362426757812,470.0768280029297
101,101,4.208333333333333,95,1,car,0.5905853509902954,367.17620849609375,699.1525268554688,462.2721862792969,806.3425903320312,414.7241973876953,752.74755859375
101,101,4.208333333333333,198,1,car,0.287839412689209,1005.1928100585938,462.717529296875,1028.306396484375,489.63043212890625,1016.7496032714844,476.1739807128906
101,101,4.208333333333333,147,0,pedestrian,0.33199542760849,1831.2437744140625,778.6514892578125,1890.631591796875,906.39453125,1860.9376831054688,842.5230102539062
101,101,4.208333333333333,42,1,car,0.36385852098464966,800.1746215820312,574.76611328125,858.7998046875,641.4403686523438,829.4872131347656,608.1032409667969
102,102,4.25,13,0,pedestrian,0.5400974154472351,478.4797668457031,706.9371948242188,515.11767578125,810.5034790039062,496.79872131347656,758.7203369140625
102,102,4.25,4,1,car,0.272995263338089,857.019287109375,531.089111328125,910.612060546875,581.6902465820312,883.815673828125,556.3896789550781
102,102,4.25,102,0,pedestrian,0.36095741391181946,523.9525756835938,619.2235107421875,545.9310302734375,690.93994140625,534.9418029785156,655.0817260742188
102,102,4.25,196,0,pedestrian,0.26232925057411194,1651.161376953125,777.2423095703125,1701.8651123046875,887.5955200195312,1676.5132446289062,832.4189147949219
102,102,4.25,216,0,pedestrian,0.33902961015701294,1121.4910888671875,543.3956298828125,1147.6746826171875,595.3438110351562,1134.5828857421875,569.3697204589844
102,102,4.25,217,3,truck,0.5238929986953735,921.2597045898438,447.3162841796875,961.8084716796875,492.7261047363281,941.5340881347656,470.0211944580078
102,102,4.25,95,1,car,0.6035776138305664,367.00457763671875,698.53662109375,463.1389465332031,806.4448852539062,415.07176208496094,752.4907531738281
102,102,4.25,198,1,car,0.3034037947654724,1005.5866088867188,461.9239501953125,1029.3441162109375,489.4416809082031,1017.4653625488281,475.6828155517578
102,102,4.25,147,0,pedestrian,0.3896389901638031,1833.040771484375,780.3633422851562,1894.0025634765625,908.1605834960938,1863.5216674804688,844.261962890625
102,102,4.25,42,1,car,0.5537828207015991,803.2803344726562,573.2783203125,859.2692260742188,641.054443359375,831.2747802734375,607.1663818359375
103,103,4.291666666666667,13,0,pedestrian,0.568073034286499,479.1180114746094,708.1517944335938,515.49072265625,810.1610107421875,497.3043670654297,759.1564025878906
103,103,4.291666666666667,4,1,car,0.26273393630981445,857.347412109375,531.2222900390625,910.6964721679688,581.3148803710938,884.0219421386719,556.2685852050781
103,103,4.291666666666667,102,0,pedestrian,0.3447398245334625,524.5576782226562,619.2131958007812,546.438232421875,689.8605346679688,535.4979553222656,654.536865234375
103,103,4.291666666666667,196,0,pedestrian,0.5743324160575867,1656.3829345703125,778.328369140625,1704.6414794921875,889.9832763671875,1680.51220703125,834.1558227539062
103,103,4.291666666666667,216,0,pedestrian,0.33011892437934875,1121.6044921875,543.3359985351562,1148.055908203125,595.2800903320312,1134.8302001953125,569.3080444335938
103,103,4.291666666666667,217,3,truck,0.5353696346282959,920.9691162109375,447.4640808105469,961.5831298828125,492.91290283203125,941.276123046875,470.18849182128906
103,103,4.291666666666667,95,1,car,0.4750804603099823,365.16033935546875,698.4550170898438,462.94879150390625,807.245849609375,414.0545654296875,752.8504333496094
103,103,4.291666666666667,198,1,car,0.3238649070262909,1006.4419555664062,462.8923034667969,1029.9468994140625,489.5169677734375,1018.1944274902344,476.2046356201172
103,103,4.291666666666667,147,0,pedestrian,0.3562975227832794,1835.6673583984375,779.1824951171875,1896.737548828125,908.2933959960938,1866.2024536132812,843.7379455566406
103,103,4.291666666666667,42,1,car,0.41177746653556824,802.5573120117188,571.492431640625,859.639404296875,639.7670288085938,831.0983581542969,605.6297302246094
103,103,4.291666666666667,223,3,truck,0.37456613779067993,867.0780639648438,491.4345703125,928.4196166992188,535.6046752929688,897.7488403320312,513.5196228027344
104,104,4.333333333333333,13,0,pedestrian,0.599055290222168,479.2323303222656,708.4630737304688,515.4425659179688,809.9462890625,497.3374481201172,759.2046813964844
104,104,4.333333333333333,4,1,car,0.28173044323921204,858.2994995117188,530.0304565429688,910.919677734375,580.189208984375,884.6095886230469,555.1098327636719
104,104,4.333333333333333,102,0,pedestrian,0.315339058637619,524.9620361328125,619.0411987304688,547.084716796875,689.7421875,536.0233764648438,654.3916931152344
104,104,4.333333333333333,196,0,pedestrian,0.6616252064704895,1660.85498046875,783.2645874023438,1705.682861328125,892.4007568359375,1683.2689208984375,837.8326721191406
104,104,4.333333333333333,216,0,pedestrian,0.2847350537776947,1121.8175048828125,542.6676635742188,1147.6966552734375,595.4843139648438,1134.757080078125,569.0759887695312
104,104,4.333333333333333,217,3,truck,0.45392605662345886,921.1163330078125,448.0368957519531,960.93896484375,492.9124450683594,941.0276489257812,470.47467041015625
104,104,4.333333333333333,95,1,car,0.5794828534126282,365.5933837890625,700.0582885742188,462.6220703125,807.757568359375,414.10772705078125,753.9079284667969
104,104,4.333333333333333,147,0,pedestrian,0.5603793859481812,1841.2576904296875,783.3705444335938,1902.2259521484375,911.249267578125,1871.7418212890625,847.3099060058594
104,104,4.333333333333333,223,3,truck,0.2577800750732422,868.9173583984375,492.159912109375,928.2256469726562,534.2601928710938,898.5715026855469,513.2100524902344
105,105,4.375,13,0,pedestrian,0.5515891909599304,479.42144775390625,708.4717407226562,515.2463989257812,809.5684204101562,497.33392333984375,759.0200805664062
105,105,4.375,4,1,car,0.3272067904472351,859.6551513671875,529.0112915039062,912.2000732421875,579.199951171875,885.9276123046875,554.1056213378906
105,105,4.375,102,0,pedestrian,0.34233030676841736,525.7007446289062,619.1903076171875,547.722412109375,689.3229370117188,536.7115783691406,654.2566223144531
105,105,4.375,196,0,pedestrian,0.374133437871933,1665.9398193359375,785.486328125,1708.2916259765625,891.018798828125,1687.11572265625,838.2525634765625
105,105,4.375,216,0,pedestrian,0.2520432770252228,1122.263427734375,542.8230590820312,1146.95849609375,594.7152709960938,1134.6109619140625,568.7691650390625
105,105,4.375,217,3,truck,0.5036199688911438,921.9296875,447.9886169433594,961.239501953125,492.4515380859375,941.5845947265625,470.22007751464844
105,105,4.375,95,1,car,0.5153407454490662,365.97021484375,700.8817749023438,462.0325012207031,808.0921020507812,414.00135803222656,754.4869384765625
105,105,4.375,147,0,pedestrian,0.6870926022529602,1846.4691162109375,786.47998046875,1904.15185546875,911.85986328125,1875.3104858398438,849.169921875
105,105,4.375,223,3,truck,0.3232417404651642,870.0818481445312,491.6604309082031,928.7117309570312,533.1011352539062,899.3967895507812,512.3807830810547
105,105,4.375,198,1,car,0.3669627904891968,1008.0789794921875,463.4258728027344,1031.9658203125,491.6498107910156,1020.0223999023438,477.537841796875
106,106,4.416666666666667,13,0,pedestrian,0.619155764579773,479.3343505859375,708.5411987304688,515.455078125,809.3639526367188,497.39471435546875,758.9525756835938
106,106,4.416666666666667,4,1,car,0.36337733268737793,860.6704711914062,528.3749389648438,913.5670776367188,578.688720703125,887.1187744140625,553.5318298339844
106,106,4.416666666666667,102,0,pedestrian,0.3782327473163605,526.2642822265625,619.0462036132812,548.5385131835938,689.7361450195312,537.4013977050781,654.3911743164062
106,106,4.416666666666667,196,0,pedestrian,0.5826025605201721,1669.9241943359375,787.8656005859375,1713.7034912109375,891.5299072265625,1691.8138427734375,839.69775390625
106,106,4.416666666666667,216,0,pedestrian,0.260419100522995,1122.3779296875,542.0609130859375,1146.1973876953125,594.5944213867188,1134.2876586914062,568.3276672363281
106,106,4.416666666666667,217,3,truck,0.45691820979118347,922.934814453125,448.2481689453125,961.9901123046875,491.9934387207031,942.4624633789062,470.1208038330078
106,106,4.416666666666667,95,1,car,0.2920064330101013,365.02032470703125,700.6475830078125,461.4710388183594,808.8485107421875,413.2456817626953,754.748046875
106,106,4.416666666666667,147,0,pedestrian,0.532848060131073,1851.3731689453125,788.347900390625,1908.1795654296875,912.6583251953125,1879.7763671875,850.5031127929688
106,106,4.416666666666667,223,3,truck,0.2748148441314697,869.840576171875,490.3260803222656,928.8817749023438,532.562255859375,899.3611755371094,511.4441680908203
106,106,4.416666666666667,198,1,car,0.45742857456207275,1008.26171875,463.16644287109375,1033.2530517578125,492.7288513183594,1020.7573852539062,477.94764709472656
106,106,4.416666666666667,42,1,car,0.3476884961128235,798.1578369140625,571.8212890625,861.2503662109375,636.6476440429688,829.7041015625,604.2344665527344
107,107,4.458333333333333,13,0,pedestrian,0.6415397524833679,479.0651550292969,708.5282592773438,515.374267578125,809.431884765625,497.21971130371094,758.9800720214844
107,107,4.458333333333333,4,1,car,0.28012192249298096,860.8340454101562,527.4081420898438,914.268798828125,578.1544189453125,887.5514221191406,552.7812805175781
107,107,4.458333333333333,102,0,pedestrian,0.37623631954193115,526.174560546875,618.5478515625,549.025634765625,689.510986328125,537.60009765625,654.0294189453125
107,107,4.458333333333333,196,0,pedestrian,0.7539663314819336,1672.0753173828125,787.0855102539062,1717.449462890625,894.77001953125,1694.7623901367188,840.9277648925781
107,107,4.458333333333333,216,0,pedestrian,0.26590508222579956,1122.15771484375,541.8306274414062,1146.1470947265625,595.5400390625,1134.1524047851562,568.6853332519531
107,107,4.458333333333333,217,3,truck,0.5400121808052063,922.9271850585938,448.0060729980469,962.8984375,491.8136291503906,942.9128112792969,469.90985107421875
107,107,4.458333333333333,95,1,car,0.4928221106529236,364.6367492675781,700.1425170898438,460.916259765625,809.5405883789062,412.77650451660156,754.841552734375
107,107,4.458333333333333,147,0,pedestrian,0.6327201724052429,1858.1026611328125,789.6968383789062,1913.0860595703125,916.08984375,1885.5943603515625,852.8933410644531
107,107,4.458333333333333,223,3,truck,0.39648890495300293,869.5360107421875,489.2799377441406,929.09423828125,532.82177734375,899.3151245117188,511.0508575439453
107,107,4.458333333333333,198,1,car,0.5084429979324341,1008.2391357421875,464.93243408203125,1034.2275390625,493.9736328125,1021.2333374023438,479.4530334472656
107,107,4.458333333333333,42,1,car,0.6077510714530945,796.9568481445312,571.5647583007812,861.6928100585938,635.9308471679688,829.3248291015625,603.747802734375
108,108,4.5,13,0,pedestrian,0.6019479632377625,479.0819396972656,708.5505981445312,515.085205078125,809.6072387695312,497.0835723876953,759.0789184570312
108,108,4.5,102,0,pedestrian,0.378232479095459,526.4295043945312,618.3921508789062,549.5556030273438,689.1649780273438,537.9925537109375,653.778564453125
108,108,4.5,196,0,pedestrian,0.7333412170410156,1674.237548828125,787.5647583007812,1722.5545654296875,895.490966796875,1698.3960571289062,841.5278625488281
108,108,4.5,216,0,pedestrian,0.2728917598724365,1121.733642578125,541.558837890625,1146.001220703125,596.19140625,1133.867431640625,568.8751220703125
108,108,4.5,217,3,truck,0.5961052179336548,922.6052856445312,447.6547546386719,963.8314208984375,491.7991638183594,943.2183532714844,469.7269592285156
108,108,4.5,95,1,car,0.5106462240219116,364.5306091308594,700.1803588867188,460.9563293457031,809.9927978515625,412.74346923828125,755.0865783691406
108,108,4.5,223,3,truck,0.4348582923412323,868.99462890625,488.4270935058594,929.4027709960938,533.075439453125,899.1986999511719,510.7512664794922
108,108,4.5,198,1,car,0.33491137623786926,1008.4412231445312,466.6325378417969,1034.73388671875,495.8814392089844,1021.5875549316406,481.2569885253906
108,108,4.5,42,1,car,0.3625800609588623,797.4114379882812,571.2694091796875,861.7758178710938,634.7042846679688,829.5936279296875,602.9868469238281
109,109,4.541666666666667,13,0,pedestrian,0.49720263481140137,479.8190612792969,708.9144897460938,514.9253540039062,810.3248901367188,497.37220764160156,759.6196899414062
109,109,4.541666666666667,102,0,pedestrian,0.4013063311576843,526.7867431640625,618.9890747070312,550.026611328125,688.8819580078125,538.4066772460938,653.9355163574219
109,109,4.541666666666667,196,0,pedestrian,0.7277124524116516,1674.7493896484375,790.0131225585938,1734.164794921875,899.8760986328125,1704.4570922851562,844.9446105957031
109,109,4.541666666666667,216,0,pedestrian,0.2829183340072632,1121.738037109375,541.1747436523438,1146.3858642578125,596.3762817382812,1134.0619506835938,568.7755126953125
109,109,4.541666666666667,217,3,truck,0.5826117992401123,922.6785278320312,447.51116943359375,964.6578979492188,492.02325439453125,943.668212890625,469.7672119140625
109,109,4.541666666666667,95,1,car,0.6568784117698669,367.0595703125,701.4750366210938,461.6037292480469,810.3533935546875,414.33164978027344,755.9142150878906
109,109,4.541666666666667,223,3,truck,0.314145565032959,869.5159301757812,488.7637023925781,929.5061645507812,532.7808227539062,899.5110473632812,510.7722625732422
109,109,4.541666666666667,198,1,car,0.36487093567848206,1007.7440185546875,465.8025817871094,1035.73291015625,496.383544921875,1021.7384643554688,481.0930633544922
109,109,4.541666666666667,233,0,pedestrian,0.3166796565055847,477.8797912597656,706.3895874023438,512.5269165039062,807.7501220703125,495.20335388183594,757.0698547363281
109,109,4.541666666666667,4,1,car,0.39989766478538513,861.621826171875,527.5910034179688,915.4623413085938,577.2499389648438,888.5420837402344,552.4204711914062
110,110,4.583333333333333,13,0,pedestrian,0.5105524063110352,480.74395751953125,709.2827758789062,514.7958374023438,810.4800415039062,497.7698974609375,759.8814086914062
110,110,4.583333333333333,102,0,pedestrian,0.4915720522403717,527.253173828125,619.4638671875,550.3873291015625,687.57080078125,538.8202514648438,653.517333984375
110,110,4.583333333333333,196,0,pedestrian,0.5979569554328918,1675.5660400390625,789.44970703125,1741.4918212890625,902.0339965820312,1708.5289306640625,845.7418518066406
110,110,4.583333333333333,216,0,pedestrian,0.2731136083602905,1121.908203125,540.7645874023438,1146.5548095703125,596.65869140625,1134.2315063476562,568.7116394042969
110,110,4.583333333333333,217,3,truck,0.5260902047157288,923.4317626953125,447.6126708984375,965.2178955078125,492.0086975097656,944.3248291015625,469.81068420410156
110,110,4.583333333333333,95,1,car,0.6058775782585144,368.7499694824219,702.1830444335938,461.6783752441406,810.03662109375,415.21417236328125,756.1098327636719
110,110,4.583333333333333,223,3,truck,0.3349955677986145,869.5565795898438,488.4644775390625,929.8604736328125,532.2814331054688,899.7085266113281,510.3729553222656
110,110,4.583333333333333,198,1,car,0.3969748020172119,1008.5045776367188,466.1775207519531,1037.1925048828125,496.7255859375,1022.8485412597656,481.45155334472656
110,110,4.583333333333333,233,0,pedestrian,0.3543981909751892,478.24139404296875,706.340576171875,512.4224243164062,807.7861328125,495.3319091796875,757.0633544921875
110,110,4.583333333333333,4,1,car,0.49244624376296997,862.3535766601562,528.2385864257812,915.6954956054688,577.081298828125,889.0245361328125,552.6599426269531
110,110,4.583333333333333,42,1,car,0.49170854687690735,798.639404296875,571.4633178710938,862.5365600585938,633.5772705078125,830.5879821777344,602.5202941894531
111,111,4.625,13,0,pedestrian,0.35505208373069763,481.1980285644531,709.0030517578125,515.05078125,810.4478759765625,498.12440490722656,759.7254638671875
111,111,4.625,102,0,pedestrian,0.5080960988998413,527.4603271484375,619.2613525390625,550.8078002929688,687.3809814453125,539.1340637207031,653.3211669921875
111,111,4.625,196,0,pedestrian,0.6102496981620789,1676.843994140625,787.5881958007812,1740.8096923828125,902.3733520507812,1708.8268432617188,844.9807739257812
111,111,4.625,216,0,pedestrian,0.2562812864780426,1122.2623291015625,541.1802978515625,1146.948974609375,596.6687622070312,1134.6056518554688,568.9245300292969
111,111,4.625,217,3,truck,0.49023762345314026,924.5787353515625,447.94580078125,965.864501953125,492.00311279296875,945.2216186523438,469.9744567871094
111,111,4.625,95,1,car,0.5178231000900269,370.09588623046875,702.2364501953125,461.64947509765625,810.0271606445312,415.8726806640625,756.1318054199219
111,111,4.625,223,3,truck,0.38021937012672424,869.9058837890625,488.1563415527344,930.7246704101562,532.1270751953125,900.3152770996094,510.14170837402344
111,111,4.625,198,1,car,0.39637917280197144,1010.3978271484375,467.8853759765625,1039.2723388671875,497.75927734375,1024.8350830078125,482.82232666015625
111,111,4.625,233,0,pedestrian,0.45323261618614197,478.5133056640625,705.762451171875,513.1722412109375,807.7919921875,495.8427734375,756.7772216796875
111,111,4.625,4,1,car,0.5942719578742981,863.5333862304688,528.59765625,915.3665771484375,576.9668579101562,889.4499816894531,552.7822570800781
111,111,4.625,42,1,car,0.5767975449562073,799.6690063476562,571.5930786132812,863.981201171875,633.8796997070312,831.8251037597656,602.7363891601562
112,112,4.666666666666667,102,0,pedestrian,0.3854978680610657,527.8799438476562,619.1862182617188,551.916259765625,687.585693359375,539.8981018066406,653.3859558105469
112,112,4.666666666666667,196,0,pedestrian,0.7245256900787354,1679.5872802734375,786.030517578125,1741.64111328125,902.0908203125,1710.6141967773438,844.0606689453125
112,112,4.666666666666667,216,0,pedestrian,0.2728347182273865,1122.412109375,541.1244506835938,1147.48876953125,597.0230102539062,1134.950439453125,569.07373046875
112,112,4.666666666666667,217,3,truck,0.4769226610660553,926.0302124023438,448.3538513183594,966.0172729492188,492.03045654296875,946.0237426757812,470.19215393066406
112,112,4.666666666666667,95,1,car,0.5303112864494324,370.2059326171875,703.04052734375,462.33233642578125,810.3837890625,416.2691345214844,756.712158203125
112,112,4.666666666666667,223,3,truck,0.32733839750289917,869.745849609375,487.1650695800781,930.5659790039062,530.8880004882812,900.1559143066406,509.0265350341797
112,112,4.666666666666667,198,1,car,0.3679603338241577,1011.2313842773438,469.03057861328125,1040.19970703125,498.6549072265625,1025.7155456542969,483.8427429199219
112,112,4.666666666666667,233,0,pedestrian,0.5218985676765442,478.5283203125,705.2218627929688,513.6049194335938,806.9281005859375,496.0666198730469,756.0749816894531
112,112,4.666666666666667,4,2,van,0.499790221452713,864.0868530273438,527.1087036132812,914.9541015625,576.6784057617188,889.5204772949219,551.8935546875
112,112,4.666666666666667,42,1,car,0.2784796953201294,801.8968505859375,571.1200561523438,865.205078125,634.122314453125,833.5509643554688,602.6211853027344
112,112,4.666666666666667,236,1,car,0.34936824440956116,864.0870971679688,527.0729370117188,914.6798095703125,576.9435424804688,889.3834533691406,552.0082397460938
113,113,4.708333333333333,102,0,pedestrian,0.5707613825798035,528.6010131835938,618.8610229492188,552.6250610351562,687.0448608398438,540.613037109375,652.9529418945312
113,113,4.708333333333333,196,0,pedestrian,0.6838489174842834,1685.125244140625,781.8926391601562,1744.3341064453125,905.069580078125,1714.7296752929688,843.4811096191406
113,113,4.708333333333333,217,3,truck,0.3675179183483124,928.068359375,448.61090087890625,966.1344604492188,492.3612060546875,947.1014099121094,470.4860534667969
113,113,4.708333333333333,95,1,car,0.5262875556945801,370.1781311035156,701.9765625,463.4468078613281,811.1035766601562,416.8124694824219,756.5400695800781
113,113,4.708333333333333,198,1,car,0.2799539268016815,1011.9278564453125,469.41107177734375,1041.203125,499.3775634765625,1026.5654907226562,484.3943176269531
113,113,4.708333333333333,233,0,pedestrian,0.4264173209667206,478.865478515625,705.138427734375,513.8112182617188,806.5370483398438,496.3383483886719,755.8377380371094
113,113,4.708333333333333,4,1,car,0.4150005280971527,864.9203491210938,526.887451171875,915.0054321289062,576.1173706054688,889.962890625,551.5024108886719
113,113,4.708333333333333,42,1,car,0.302903950214386,802.083740234375,570.0660400390625,865.4798583984375,634.030517578125,833.7817993164062,602.0482788085938
113,113,4.708333333333333,236,2,van,0.35752761363983154,864.8612060546875,527.0971069335938,914.8687744140625,576.3615112304688,889.864990234375,551.7293090820312
114,114,4.75,102,0,pedestrian,0.5987270474433899,528.9804077148438,618.5148315429688,552.8343505859375,686.1281127929688,540.9073791503906,652.3214721679688
114,114,4.75,196,0,pedestrian,0.6311556696891785,1691.0643310546875,785.415771484375,1745.80810546875,907.7376708984375,1718.4362182617188,846.5767211914062
114,114,4.75,217,3,truck,0.3449877202510834,929.2706909179688,448.3062744140625,966.0169067382812,492.51788330078125,947.643798828125,470.4120788574219
114,114,4.75,95,1,car,0.5227335095405579,370.608154296875,701.3519287109375,463.81829833984375,810.50634765625,417.2132263183594,755.9291381835938
114,114,4.75,198,1,car,0.3339558243751526,1012.5494384765625,469.7425537109375,1042.52392578125,500.484375,1027.5366821289062,485.11346435546875
114,114,4.75,233,0,pedestrian,0.35768088698387146,478.9725646972656,705.3746948242188,513.7208251953125,806.1731567382812,496.34669494628906,755.77392578125
114,114,4.75,4,1,car,0.4015790522098541,865.2874755859375,526.3484497070312,915.1654663085938,575.1603393554688,890.2264709472656,550.75439453125
114,114,4.75,42,1,car,0.5100011825561523,804.3943481445312,568.9008178710938,865.4718017578125,631.1408081054688,834.9330749511719,600.0208129882812
114,114,4.75,236,2,van,0.31698188185691833,865.1939697265625,526.5399780273438,915.0941162109375,575.251220703125,890.14404296875,550.8955993652344
114,114,4.75,223,1,car,0.31013429164886475,870.7456665039062,488.3501892089844,929.1869506835938,529.6536254882812,899.96630859375,509.0019073486328
115,115,4.791666666666667,102,0,pedestrian,0.6174611449241638,530.1638793945312,617.765380859375,553.9431762695312,685.5587158203125,542.0535278320312,651.6620483398438
115,115,4.791666666666667,196,0,pedestrian,0.6361715793609619,1697.526123046875,787.8760375976562,1748.5443115234375,907.6203002929688,1723.0352172851562,847.7481689453125
115,115,4.791666666666667,217,3,truck,0.38932716846466064,929.4119262695312,447.4743957519531,966.1185913085938,491.7164001464844,947.7652587890625,469.59539794921875
115,115,4.791666666666667,95,1,car,0.4867981970310211,370.98419189453125,700.7997436523438,464.77655029296875,810.3605346679688,417.88037109375,755.5801391601562
115,115,4.791666666666667,198,1,car,0.2581074833869934,1013.4385986328125,469.80694580078125,1043.1064453125,501.0673522949219,1028.2725219726562,485.43714904785156
115,115,4.791666666666667,233,0,pedestrian,0.39844781160354614,479.1537780761719,706.027099609375,513.855712890625,805.6312255859375,496.50474548339844,755.8291625976562
115,115,4.791666666666667,4,1,car,0.3539028763771057,865.6924438476562,525.4085693359375,915.9606323242188,574.3247680664062,890.8265380859375,549.8666687011719
115,115,4.791666666666667,42,1,car,0.5706709027290344,808.6009521484375,569.018310546875,866.38671875,629.9423828125,837.4938354492188,599.4803466796875
115,115,4.791666666666667,236,2,van,0.30847516655921936,865.5849609375,525.5203247070312,915.9808349609375,574.374267578125,890.7828979492188,549.9472961425781
116,116,4.833333333333333,102,0,pedestrian,0.3955959677696228,531.278076171875,617.8197021484375,554.76123046875,684.3798828125,543.0196533203125,651.0997924804688
116,116,4.833333333333333,196,0,pedestrian,0.8074131608009338,1706.482177734375,792.1683959960938,1752.3160400390625,905.9906616210938,1729.3991088867188,849.0795288085938
116,116,4.833333333333333,217,3,truck,0.3882395923137665,929.129638671875,446.8554382324219,965.8328247070312,491.0277404785156,947.4812316894531,468.94158935546875
116,116,4.833333333333333,95,1,car,0.43123218417167664,371.232666015625,701.1928100585938,465.34429931640625,810.3370971679688,418.2884826660156,755.7649536132812
116,116,4.833333333333333,233,0,pedestrian,0.34409981966018677,478.94061279296875,706.219970703125,513.01025390625,804.6678466796875,495.9754333496094,755.4439086914062
116,116,4.833333333333333,4,1,car,0.5752242803573608,866.90576171875,524.6707763671875,916.529296875,572.8466186523438,891.717529296875,548.7586975097656
116,116,4.833333333333333,42,1,car,0.4330728054046631,811.1060791015625,568.2161865234375,867.50732421875,629.1087036132812,839.3067016601562,598.6624450683594
116,116,4.833333333333333,13,0,pedestrian,0.27404117584228516,481.6474304199219,710.9944458007812,515.4051513671875,809.9154663085938,498.5262908935547,760.4549560546875
117,117,4.875,102,0,pedestrian,0.37868958711624146,532.0172119140625,617.8660278320312,555.2455444335938,683.4085693359375,543.6313781738281,650.6372985839844
117,117,4.875,196,0,pedestrian,0.7871184945106506,1710.8507080078125,795.0235595703125,1755.34033203125,905.3749389648438,1733.0955200195312,850.1992492675781
117,117,4.875,217,3,truck,0.3482540547847748,928.5809936523438,446.4536437988281,965.7703857421875,490.602294921875,947.1756896972656,468.52796936035156
117,117,4.875,95,1,car,0.44059887528419495,371.3806457519531,700.685546875,466.1240234375,810.8184814453125,418.75233459472656,755.7520141601562
117,117,4.875,233,0,pedestrian,0.31971225142478943,479.53753662109375,706.2476196289062,513.7551879882812,804.4417114257812,496.6463623046875,755.3446655273438
117,117,4.875,4,1,car,0.5415701270103455,868.1881713867188,523.1785888671875,917.3184814453125,571.1328125,892.7533264160156,547.1557006835938
117,117,4.875,42,1,car,0.25866371393203735,810.5609130859375,565.0242309570312,868.5969848632812,628.27783203125,839.5789489746094,596.6510314941406
117,117,4.875,239,3,truck,0.3672783374786377,929.3917236328125,445.9979553222656,966.7728881835938,486.3738708496094,948.0823059082031,466.1859130859375
117,117,4.875,13,0,pedestrian,0.33040690422058105,482.0525207519531,711.6091918945312,515.94482421875,809.4445190429688,498.99867248535156,760.52685546875
118,118,4.916666666666667,102,0,pedestrian,0.38619479537010193,533.1035766601562,617.1292724609375,556.2905883789062,682.9251098632812,544.6970825195312,650.0271911621094
118,118,4.916666666666667,196,0,pedestrian,0.6903336048126221,1718.0406494140625,795.680419921875,1762.216064453125,905.1893920898438,1740.1283569335938,850.4349060058594
118,118,4.916666666666667,217,3,truck,0.30908581614494324,928.6322021484375,446.349853515625,965.8054809570312,490.3215026855469,947.2188415527344,468.33567810058594
118,118,4.916666666666667,95,1,car,0.4803948700428009,371.205810546875,699.6856079101562,466.90240478515625,811.0730590820312,419.0541076660156,755.3793334960938
118,118,4.916666666666667,4,1,car,0.5396103858947754,868.6298828125,522.1236572265625,918.0406494140625,570.494873046875,893.3352661132812,546.3092651367188
118,118,4.916666666666667,42,1,car,0.415168821811676,811.2822265625,565.5738525390625,869.1350708007812,627.302001953125,840.2086486816406,596.4379272460938
118,118,4.916666666666667,239,3,truck,0.36650413274765015,929.497802734375,446.1746826171875,966.944091796875,486.4016418457031,948.220947265625,466.2881622314453
118,118,4.916666666666667,13,0,pedestrian,0.2507716119289398,483.0903015136719,715.1990966796875,515.3757934570312,808.1240234375,499.23304748535156,761.6615600585938
119,119,4.958333333333333,102,0,pedestrian,0.40313994884490967,533.923828125,616.671875,557.0164794921875,682.875244140625,545.4701538085938,649.7735595703125
119,119,4.958333333333333,196,0,pedestrian,0.4168345630168915,1720.8511962890625,797.4683227539062,1767.3084716796875,909.6495361328125,1744.079833984375,853.5589294433594
119,119,4.958333333333333,217,3,truck,0.2813326418399811,929.3330688476562,446.44720458984375,966.2410278320312,489.7022705078125,947.7870483398438,468.0747375488281
119,119,4.958333333333333,95,1,car,0.46065667271614075,371.2976989746094,699.3942260742188,467.44024658203125,810.25927734375,419.3689727783203,754.8267517089844
119,119,4.958333333333333,4,1,car,0.5598414540290833,868.4520874023438,520.8173217773438,918.5021362304688,570.0383911132812,893.4771118164062,545.4278564453125
119,119,4.958333333333333,42,1,car,0.47737792134284973,813.4198608398438,567.5098266601562,869.356689453125,626.41064453125,841.3882751464844,596.9602355957031
119,119,4.958333333333333,239,3,truck,0.3725834786891937,929.843994140625,446.5469055175781,967.7203979492188,485.6647644042969,948.7821960449219,466.1058349609375
120,120,5.0,102,0,pedestrian,0.3227430582046509,534.886474609375,616.4349975585938,557.5941772460938,680.3622436523438,546.2403259277344,648.3986206054688
120,120,5.0,196,0,pedestrian,0.7739027142524719,1722.2957763671875,798.0455322265625,1774.96875,911.2872314453125,1748.6322631835938,854.6663818359375
120,120,5.0,217,3,truck,0.32324665784835815,931.1211547851562,447.1227111816406,965.8912353515625,489.0605163574219,948.5061950683594,468.09161376953125
120,120,5.0,95,1,car,0.35792076587677,371.5331726074219,698.2091674804688,467.7295837402344,810.6426391601562,419.6313781738281,754.4259033203125
120,120,5.0,4,1,car,0.498946875333786,869.2820434570312,521.4481201171875,918.8518676757812,569.2384643554688,894.0669555664062,545.3432922363281
120,120,5.0,42,1,car,0.43274471163749695,814.6439819335938,567.9091796875,869.8712158203125,625.9197387695312,842.2575988769531,596.9144592285156
120,120,5.0,239,3,truck,0.3526840806007385,931.4898071289062,446.595947265625,967.801025390625,483.8269958496094,949.6454162597656,465.2114715576172
121,121,5.041666666666667,102,0,pedestrian,0.25263771414756775,535.4537963867188,616.1713256835938,557.7571411132812,677.9962158203125,546.60546875,647.0837707519531
121,121,5.041666666666667,196,0,pedestrian,0.36802998185157776,1723.60986328125,801.2554321289062,1777.9150390625,913.0568237304688,1750.762451171875,857.1561279296875
121,121,5.041666666666667,217,3,truck,0.3055408298969269,931.7685546875,446.5466613769531,965.9779052734375,489.09381103515625,948.8732299804688,467.8202362060547
121,121,5.041666666666667,95,2,van,0.3870471119880676,371.0909423828125,697.5663452148438,467.88201904296875,810.548828125,419.4864807128906,754.0575866699219
121,121,5.041666666666667,4,1,car,0.520662784576416,869.7457275390625,521.8681640625,918.6343994140625,567.8818969726562,894.1900634765625,544.8750305175781
121,121,5.041666666666667,42,1,car,0.43879035115242004,814.3207397460938,566.1526489257812,870.5340576171875,625.2212524414062,842.4273986816406,595.6869506835938
121,121,5.041666666666667,239,3,truck,0.3704885244369507,931.5979614257812,445.9944763183594,968.9236450195312,483.7379150390625,950.2608032226562,464.86619567871094
122,122,5.083333333333333,196,0,pedestrian,0.584389328956604,1724.130615234375,799.6536254882812,1789.351318359375,918.0972290039062,1756.740966796875,858.8754272460938
122,122,5.083333333333333,217,3,truck,0.2601485550403595,931.9852905273438,445.6987609863281,966.2307739257812,489.330078125,949.1080322265625,467.51441955566406
122,122,5.083333333333333,95,2,van,0.35690322518348694,370.97991943359375,697.4713745117188,468.33245849609375,810.0930786132812,419.65618896484375,753.7822265625
122,122,5.083333333333333,4,1,car,0.48271989822387695,869.7256469726562,521.6661376953125,918.6697387695312,567.180419921875,894.1976928710938,544.4232788085938
122,122,5.083333333333333,239,3,truck,0.3143494427204132,931.8524780273438,445.1209411621094,970.062255859375,484.1741943359375,950.9573669433594,464.64756774902344
123,123,5.125,196,0,pedestrian,0.6314260959625244,1725.5072021484375,798.9177856445312,1796.5419921875,923.82666015625,1761.0245971679688,861.3722229003906
123,123,5.125,217,3,truck,0.26936641335487366,931.65966796875,445.1961975097656,966.6235961914062,489.5343017578125,949.1416320800781,467.36524963378906
123,123,5.125,95,2,van,0.32459208369255066,371.1226806640625,697.0354614257812,468.8264465332031,810.1930541992188,419.9745635986328,753.6142578125
123,123,5.125,4,1,car,0.39131131768226624,870.4832763671875,520.7841186523438,919.4892578125,566.3607177734375,894.9862670898438,543.5724182128906
123,123,5.125,239,3,truck,0.29182201623916626,931.374755859375,444.5622253417969,971.5426025390625,483.8812561035156,951.4586791992188,464.22174072265625
123,123,5.125,248,2,van,0.32642361521720886,870.4078979492188,520.8917846679688,919.54345703125,566.6041870117188,894.9756774902344,543.7479858398438
123,123,5.125,13,0,pedestrian,0.26881957054138184,482.7928466796875,723.3872680664062,514.1513061523438,810.9760131835938,498.4720764160156,767.181640625
123,123,5.125,102,0,pedestrian,0.2846631407737732,535.7872924804688,616.0484008789062,558.7210083007812,677.966064453125,547.254150390625,647.0072326660156
123,123,5.125,42,1,car,0.4516049027442932,815.1726684570312,564.8743286132812,871.4298095703125,622.816162109375,843.3012390136719,593.8452453613281
124,124,5.166666666666667,196,0,pedestrian,0.7675207257270813,1728.4287109375,800.1494140625,1802.1019287109375,927.0028686523438,1765.2653198242188,863.5761413574219
124,124,5.166666666666667,217,3,truck,0.2878614664077759,931.9651489257812,445.4593811035156,966.7734375,489.6024169921875,949.3692932128906,467.53089904785156
124,124,5.166666666666667,4,1,car,0.44550377130508423,872.0311889648438,521.2681274414062,920.4820556640625,565.0213012695312,896.2566223144531,543.1447143554688
124,124,5.166666666666667,250,0,pedestrian,0.3909428119659424,1017.2202758789062,773.3904418945312,1057.6287841796875,863.2727661132812,1037.4245300292969,818.3316040039062
124,124,5.166666666666667,13,0,pedestrian,0.26696377992630005,482.7925109863281,723.4688720703125,514.9301147460938,810.7776489257812,498.86131286621094,767.1232604980469
124,124,5.166666666666667,42,1,car,0.47689089179039,815.057373046875,565.5238037109375,871.6560668945312,621.5665283203125,843.3567199707031,593.545166015625
125,125,5.208333333333333,196,0,pedestrian,0.7350896596908569,1732.2637939453125,798.0,1804.2650146484375,927.4091186523438,1768.264404296875,862.7045593261719
125,125,5.208333333333333,4,1,car,0.6390607357025146,872.533447265625,521.8443603515625,921.5350341796875,564.7008666992188,897.0342407226562,543.2726135253906
125,125,5.208333333333333,250,0,pedestrian,0.30468985438346863,1018.4226684570312,775.091796875,1057.246337890625,870.5394287109375,1037.8345031738281,822.8156127929688
125,125,5.208333333333333,13,0,pedestrian,0.25082916021347046,482.3641662597656,719.1937866210938,516.5697021484375,811.2850952148438,499.46693420410156,765.2394409179688
125,125,5.208333333333333,42,1,car,0.43435364961624146,816.0157470703125,564.7828369140625,872.44189453125,620.5189819335938,844.2288208007812,592.6509094238281
125,125,5.208333333333333,251,0,pedestrian,0.5360558032989502,518.6030883789062,763.558837890625,551.5044555664062,837.1968383789062,535.0537719726562,800.3778381347656
126,126,5.25,196,0,pedestrian,0.41199010610580444,1739.50830078125,798.2047729492188,1805.9296875,925.6390991210938,1772.718994140625,861.9219360351562
126,126,5.25,4,1,car,0.785265326499939,872.6976928710938,521.8683471679688,921.8248291015625,564.6444091796875,897.2612609863281,543.2563781738281
126,126,5.25,250,0,pedestrian,0.5258861780166626,1019.6785278320312,776.3311157226562,1057.26416015625,870.3342895507812,1038.4713439941406,823.3327026367188
126,126,5.25,42,1,car,0.5282308459281921,817.6893310546875,561.6256103515625,873.19677734375,619.146728515625,845.4430541992188,590.3861694335938
126,126,5.25,251,0,pedestrian,0.443471759557724,519.138427734375,760.0716552734375,553.19091796875,837.6415405273438,536.1646728515625,798.8565979003906
126,126,5.25,223,1,car,0.3629939556121826,878.3763427734375,487.2957458496094,928.0532836914062,524.6215209960938,903.2148132324219,505.95863342285156
127,127,5.291666666666667,4,1,car,0.6125015616416931,873.2348022460938,519.6910400390625,921.8134155273438,563.875,897.5241088867188,541.7830200195312
127,127,5.291666666666667,250,0,pedestrian,0.27643048763275146,1019.6238403320312,776.7493896484375,1056.88623046875,867.4197998046875,1038.2550354003906,822.0845947265625
127,127,5.291666666666667,42,1,car,0.6987985968589783,818.6820068359375,560.1552124023438,873.84912109375,618.2567749023438,846.2655639648438,589.2059936523438
127,127,5.291666666666667,251,0,pedestrian,0.30462202429771423,521.4518432617188,757.4573974609375,557.0765991210938,842.06689453125,539.2642211914062,799.7621459960938
127,127,5.291666666666667,198,1,car,0.259054571390152,1025.524169921875,474.5520935058594,1053.0523681640625,503.3155212402344,1039.2882690429688,488.9338073730469
127,127,5.291666666666667,102,0,pedestrian,0.4292095899581909,539.9843139648438,615.7916259765625,563.4080810546875,686.6311645507812,551.6961975097656,651.2113952636719
127,127,5.291666666666667,13,0,pedestrian,0.2516317665576935,482.0520935058594,714.1983642578125,518.169921875,812.2953491210938,500.1110076904297,763.2468566894531
128,128,5.333333333333333,4,1,car,0.7229121923446655,874.07666015625,518.82177734375,922.0743408203125,562.7125244140625,898.0755004882812,540.7671508789062
128,128,5.333333333333333,250,0,pedestrian,0.33168333768844604,1018.8975219726562,776.9519653320312,1056.6368408203125,865.0701904296875,1037.7671813964844,821.0110778808594
128,128,5.333333333333333,42,1,car,0.6931164860725403,819.7864379882812,558.6563720703125,874.0752563476562,616.9957275390625,846.9308471679688,587.8260498046875
128,128,5.333333333333333,254,0,pedestrian,0.34026485681533813,1463.1436767578125,625.0552368164062,1489.3431396484375,688.176025390625,1476.243408203125,656.6156311035156
128,128,5.333333333333333,102,0,pedestrian,0.42875802516937256,540.7825317382812,616.1896362304688,564.0404663085938,687.146240234375,552.4114990234375,651.6679382324219
128,128,5.333333333333333,213,0,pedestrian,0.3464794456958771,201.46058654785156,710.2864379882812,240.0655059814453,792.908203125,220.76304626464844,751.5973205566406
128,128,5.333333333333333,196,0,pedestrian,0.7570943236351013,1756.638671875,802.6633911132812,1812.4073486328125,926.6448364257812,1784.5230102539062,864.6541137695312
128,128,5.333333333333333,223,1,car,0.2597499191761017,878.7003784179688,486.4554138183594,927.2117309570312,523.38525390625,902.9560546875,504.9203338623047
129,129,5.375,4,1,car,0.8204278945922852,873.9796752929688,517.9441528320312,922.669189453125,561.8756713867188,898.3244323730469,539.909912109375
129,129,5.375,42,1,car,0.5911503434181213,821.0654296875,557.4901733398438,874.2728881835938,615.1900024414062,847.6691589355469,586.340087890625
129,129,5.375,102,0,pedestrian,0.49602416157722473,540.8397216796875,615.8165283203125,564.1327514648438,687.4945678710938,552.4862365722656,651.6555480957031
129,129,5.375,213,0,pedestrian,0.2559949457645416,201.60931396484375,710.1375732421875,240.22886657714844,793.1760864257812,220.9190902709961,751.6568298339844
129,129,5.375,196,0,pedestrian,0.6405695676803589,1763.7503662109375,803.6134643554688,1816.03076171875,927.114013671875,1789.8905639648438,865.3637390136719
129,129,5.375,223,1,car,0.2755618393421173,878.481201171875,486.36297607421875,922.5839233398438,523.56640625,900.5325622558594,504.9646911621094
129,129,5.375,198,1,car,0.3468857705593109,1027.0079345703125,473.389404296875,1055.2413330078125,503.1256408691406,1041.1246337890625,488.2575225830078
130,130,5.416666666666667,4,1,car,0.7935447692871094,873.9612426757812,517.6119384765625,923.279296875,561.273193359375,898.6202697753906,539.4425659179688
130,130,5.416666666666667,42,1,car,0.7057603597640991,821.4121704101562,557.5808715820312,874.5469360351562,613.7437744140625,847.9795532226562,585.6623229980469
130,130,5.416666666666667,102,0,pedestrian,0.48975682258605957,540.8108520507812,615.3226928710938,564.3074951171875,686.7341918945312,552.5591735839844,651.0284423828125
130,130,5.416666666666667,196,0,pedestrian,0.7616525292396545,1771.818359375,802.9368286132812,1821.5059814453125,926.7119750976562,1796.6621704101562,864.8244018554688
130,130,5.416666666666667,256,0,pedestrian,0.37427818775177,530.6641235351562,746.1322021484375,557.4349365234375,820.0701293945312,544.0495300292969,783.1011657714844
130,130,5.416666666666667,198,1,car,0.26939263939857483,1027.9422607421875,473.37322998046875,1056.7864990234375,502.7733154296875,1042.3643798828125,488.0732727050781
131,131,5.458333333333333,4,1,car,0.7750946879386902,874.4617919921875,518.044921875,923.71240234375,560.0950927734375,899.0870971679688,539.0700073242188
131,131,5.458333333333333,42,1,car,0.6546354293823242,821.4883422851562,555.7694702148438,874.1832885742188,611.688720703125,847.8358154296875,583.7290954589844
131,131,5.458333333333333,102,0,pedestrian,0.48488861322402954,540.951416015625,614.9146728515625,564.334228515625,686.0739135742188,552.642822265625,650.4942932128906
131,131,5.458333333333333,196,0,pedestrian,0.7277607321739197,1777.9150390625,805.9520263671875,1827.4036865234375,926.6419677734375,1802.6593627929688,866.2969970703125
131,131,5.458333333333333,256,0,pedestrian,0.261579304933548,531.2940063476562,740.8150634765625,560.045166015625,818.6286010742188,545.6695861816406,779.7218322753906
131,131,5.458333333333333,198,1,car,0.40798312425613403,1028.330078125,472.7438049316406,1058.69189453125,503.2076416015625,1043.510986328125,487.97572326660156
131,131,5.458333333333333,223,1,car,0.3779599070549011,878.9574584960938,488.2237854003906,914.0400390625,522.3534545898438,896.4987487792969,505.2886199951172
132,132,5.5,4,1,car,0.7483994960784912,874.7113647460938,515.534912109375,923.9237060546875,559.4364013671875,899.3175354003906,537.4856567382812
132,132,5.5,42,1,car,0.7674089670181274,822.67919921875,555.5658569335938,875.1838989257812,610.5462036132812,848.9315490722656,583.0560302734375
132,132,5.5,102,0,pedestrian,0.4218893051147461,541.1452026367188,614.953369140625,564.3550415039062,685.5635986328125,552.7501220703125,650.2584838867188
132,132,5.5,196,0,pedestrian,0.786234438419342,1779.5048828125,809.7156982421875,1832.9296875,928.82763671875,1806.21728515625,869.2716674804688
132,132,5.5,198,1,car,0.37883803248405457,1029.582763671875,471.9426574707031,1059.8668212890625,503.13348388671875,1044.7247924804688,487.53807067871094
132,132,5.5,223,1,car,0.2641286849975586,878.8278198242188,487.7099609375,912.418701171875,522.7092895507812,895.6232604980469,505.2096252441406
132,132,5.5,95,1,car,0.288316547870636,374.4538269042969,699.4340209960938,471.7750244140625,809.018798828125,423.1144256591797,754.2264099121094
132,132,5.5,13,0,pedestrian,0.35367631912231445,484.3871765136719,709.43408203125,521.1661376953125,809.2208862304688,502.7766571044922,759.3274841308594
133,133,5.541666666666667,4,1,car,0.7463072538375854,874.7367553710938,514.5853881835938,923.98291015625,559.2508544921875,899.3598327636719,536.9181213378906
133,133,5.541666666666667,42,1,car,0.7718117833137512,823.7078247070312,555.832763671875,875.8051147460938,608.2051391601562,849.7564697265625,582.0189514160156
133,133,5.541666666666667,102,0,pedestrian,0.4250727593898773,541.8518676757812,615.3026733398438,564.4545288085938,684.3773193359375,553.1531982421875,649.8399963378906
133,133,5.541666666666667,196,0,pedestrian,0.7633047103881836,1783.6517333984375,807.4835815429688,1838.7720947265625,931.1815185546875,1811.2119140625,869.3325500488281
133,133,5.541666666666667,198,1,car,0.45191481709480286,1030.9659423828125,470.7718811035156,1061.2115478515625,502.6715087890625,1046.0887451171875,486.72169494628906
133,133,5.541666666666667,13,0,pedestrian,0.38769665360450745,484.8090515136719,708.708251953125,521.5596923828125,809.2055053710938,503.1843719482422,758.9568786621094
133,133,5.541666666666667,250,0,pedestrian,0.4115137755870819,1012.6364135742188,778.3611450195312,1052.7705078125,891.0507202148438,1032.7034606933594,834.7059326171875
134,134,5.583333333333333,4,1,car,0.644184410572052,874.7798461914062,514.2525024414062,924.5302124023438,558.1001586914062,899.655029296875,536.1763305664062
134,134,5.583333333333333,42,1,car,0.7685882449150085,823.7867431640625,556.2734375,876.4645385742188,607.4841918945312,850.1256408691406,581.8788146972656
134,134,5.583333333333333,102,0,pedestrian,0.5067282319068909,542.0656127929688,614.7244873046875,564.823486328125,684.4461669921875,553.4445495605469,649.5853271484375
134,134,5.583333333333333,196,0,pedestrian,0.7586413621902466,1784.7430419921875,808.0271606445312,1846.48095703125,934.9503173828125,1815.6119995117188,871.4887390136719
134,134,5.583333333333333,198,1,car,0.461338073015213,1031.6956787109375,471.9925537109375,1062.8150634765625,502.4919738769531,1047.25537109375,487.2422637939453
134,134,5.583333333333333,13,0,pedestrian,0.3502176105976105,485.3322448730469,707.9495849609375,522.3837890625,808.8235473632812,503.85801696777344,758.3865661621094
134,134,5.583333333333333,250,0,pedestrian,0.40546923875808716,1011.4786987304688,779.2496337890625,1051.8367919921875,893.4921875,1031.6577453613281,836.3709106445312
135,135,5.625,4,1,car,0.6508048176765442,875.1981811523438,515.3946533203125,925.7293090820312,556.8370971679688,900.4637451171875,536.1158752441406
135,135,5.625,42,1,car,0.7269723415374756,823.7772827148438,555.2767333984375,876.6849365234375,607.517822265625,850.2311096191406,581.3972778320312
135,135,5.625,102,0,pedestrian,0.6284099221229553,542.4722900390625,613.8099975585938,565.390380859375,684.7647094726562,553.9313354492188,649.287353515625
135,135,5.625,196,0,pedestrian,0.6527330279350281,1788.185302734375,810.586669921875,1855.160400390625,938.7887573242188,1821.6728515625,874.6877136230469
135,135,5.625,198,1,car,0.44202008843421936,1032.39111328125,472.28314208984375,1062.5367431640625,502.493408203125,1047.4639282226562,487.3882751464844
135,135,5.625,13,0,pedestrian,0.44733917713165283,486.5834045410156,711.0484008789062,522.7803955078125,810.50048828125,504.68190002441406,760.7744445800781
135,135,5.625,250,0,pedestrian,0.5715410113334656,1010.4297485351562,780.3219604492188,1051.182373046875,895.9800415039062,1030.8060607910156,838.1510009765625
135,135,5.625,256,0,pedestrian,0.45322445034980774,539.8551025390625,727.92431640625,577.9423217773438,804.1167602539062,558.8987121582031,766.0205383300781
135,135,5.625,223,1,car,0.3822016716003418,881.8417358398438,490.9975891113281,913.8519287109375,520.021728515625,897.8468322753906,505.50965881347656
136,136,5.666666666666667,4,1,car,0.5964269638061523,875.3551025390625,514.3748779296875,926.2639770507812,555.9334106445312,900.8095397949219,535.1541442871094
136,136,5.666666666666667,42,1,car,0.42820683121681213,826.8920288085938,553.0399169921875,877.503662109375,608.6637573242188,852.1978454589844,580.8518371582031
136,136,5.666666666666667,102,0,pedestrian,0.5587196350097656,542.1099243164062,612.6364135742188,565.8158569335938,685.4374389648438,553.962890625,649.0369262695312
136,136,5.666666666666667,196,0,pedestrian,0.5934900641441345,1790.0771484375,812.9527587890625,1858.673828125,938.70751953125,1824.37548828125,875.8301391601562
136,136,5.666666666666667,198,1,car,0.4577864110469818,1033.061767578125,471.8021240234375,1062.84423828125,502.75274658203125,1047.9530029296875,487.2774353027344
136,136,5.666666666666667,13,0,pedestrian,0.4258730113506317,486.56573486328125,711.2449951171875,522.0173950195312,812.337890625,504.29156494140625,761.7914428710938
136,136,5.666666666666667,250,0,pedestrian,0.6515809297561646,1010.339111328125,782.1146240234375,1050.927978515625,896.69775390625,1030.633544921875,839.4061889648438
136,136,5.666666666666667,223,1,car,0.30820736289024353,883.2052001953125,488.8487854003906,916.6813354492188,518.3499755859375,899.9432678222656,503.59938049316406
137,137,5.708333333333333,4,1,car,0.6518229246139526,876.7752075195312,511.9729309082031,926.300537109375,553.9716796875,901.5378723144531,532.9723052978516
137,137,5.708333333333333,42,1,car,0.6348237991333008,825.2710571289062,551.2735595703125,878.82373046875,607.6080932617188,852.0473937988281,579.4408264160156
137,137,5.708333333333333,102,0,pedestrian,0.5799314975738525,542.4061279296875,611.17578125,566.171630859375,683.9332885742188,554.2888793945312,647.5545349121094
137,137,5.708333333333333,196,0,pedestrian,0.5604159832000732,1791.4683837890625,815.1470947265625,1861.7852783203125,937.0821533203125,1826.6268310546875,876.1146240234375
137,137,5.708333333333333,198,1,car,0.44417187571525574,1033.7503662109375,471.6910095214844,1063.9305419921875,502.7766418457031,1048.8404541015625,487.23382568359375
137,137,5.708333333333333,13,0,pedestrian,0.4859393537044525,487.3966979980469,713.0874633789062,521.4573364257812,811.5952758789062,504.42701721191406,762.3413696289062
137,137,5.708333333333333,250,0,pedestrian,0.49069806933403015,1010.9034423828125,781.4910278320312,1050.0799560546875,897.1237182617188,1030.49169921875,839.307373046875
137,137,5.708333333333333,223,1,car,0.3056623339653015,882.8050537109375,489.6558532714844,915.8526000976562,517.9041137695312,899.3288269042969,503.7799835205078
137,137,5.708333333333333,266,1,car,0.38577571511268616,875.8451538085938,512.6627197265625,926.599365234375,555.288818359375,901.2222595214844,533.9757690429688
138,138,5.75,4,1,car,0.5933684706687927,878.3296508789062,511.01263427734375,926.3507080078125,552.2656860351562,902.3401794433594,531.63916015625
138,138,5.75,42,1,car,0.6088581085205078,825.1378784179688,552.1022338867188,880.6029052734375,607.3499145507812,852.8703918457031,579.72607421875
138,138,5.75,102,0,pedestrian,0.5828560590744019,542.9757080078125,610.8485717773438,566.5482177734375,682.4235229492188,554.761962890625,646.6360473632812
138,138,5.75,196,0,pedestrian,0.6698043346405029,1798.5604248046875,814.2588500976562,1866.7740478515625,935.9136962890625,1832.667236328125,875.0862731933594
138,138,5.75,198,1,car,0.301700234413147,1035.1226806640625,471.0044250488281,1064.990234375,502.7898254394531,1050.0564575195312,486.8971252441406
138,138,5.75,13,0,pedestrian,0.6176725625991821,487.92022705078125,712.088134765625,521.5660400390625,811.78076171875,504.7431335449219,761.9344482421875
138,138,5.75,250,0,pedestrian,0.262676477432251,1012.0604858398438,786.006591796875,1049.337890625,897.559326171875,1030.6991882324219,841.782958984375
138,138,5.75,267,2,van,0.44340887665748596,1054.873046875,911.8963623046875,1223.580810546875,1079.17236328125,1139.2269287109375,995.5343627929688
139,139,5.791666666666667,42,1,car,0.6289015412330627,826.083251953125,553.529052734375,881.4572143554688,607.3401489257812,853.7702331542969,580.4346008300781
139,139,5.791666666666667,102,0,pedestrian,0.6430739760398865,543.4264526367188,610.6947631835938,566.6214599609375,681.1583251953125,555.0239562988281,645.9265441894531
139,139,5.791666666666667,196,0,pedestrian,0.5657830834388733,1814.784423828125,814.6041870117188,1869.6533203125,936.8684692382812,1842.2188720703125,875.736328125
139,139,5.791666666666667,198,1,car,0.26186403632164,1036.3621826171875,470.334228515625,1066.2447509765625,502.87823486328125,1051.303466796875,486.6062316894531
139,139,5.791666666666667,13,0,pedestrian,0.5952419638633728,487.2831726074219,711.3909301757812,522.1259155273438,812.2754516601562,504.7045440673828,761.8331909179688
139,139,5.791666666666667,250,0,pedestrian,0.2631130814552307,1012.5169677734375,790.7761840820312,1048.8597412109375,898.299560546875,1030.6883544921875,844.5378723144531
139,139,5.791666666666667,267,1,car,0.3172234296798706,1057.6551513671875,915.836669921875,1227.4376220703125,1078.850830078125,1142.54638671875,997.34375
140,140,5.833333333333333,42,1,car,0.5912336111068726,828.2879028320312,552.3079833984375,882.23681640625,607.2820434570312,855.2623596191406,579.7950134277344
140,140,5.833333333333333,102,0,pedestrian,0.6270368695259094,543.6375122070312,610.6788940429688,566.5326538085938,679.860107421875,555.0850830078125,645.2695007324219
140,140,5.833333333333333,196,0,pedestrian,0.5007141828536987,1824.315673828125,812.4006958007812,1875.9056396484375,936.9594116210938,1850.1106567382812,874.6800537109375
140,140,5.833333333333333,198,1,car,0.2926926910877228,1036.719482421875,471.2305603027344,1067.88720703125,503.2313537597656,1052.3033447265625,487.23095703125
140,140,5.833333333333333,13,0,pedestrian,0.504631757736206,486.8147277832031,711.0128784179688,521.742919921875,811.6438598632812,504.27882385253906,761.328369140625
140,140,5.833333333333333,267,2,van,0.6478290557861328,1060.598388671875,922.0926513671875,1231.796630859375,1079.06298828125,1146.197509765625,1000.5778198242188
140,140,5.833333333333333,213,0,pedestrian,0.25262680649757385,201.21971130371094,706.8131713867188,242.330078125,790.5552978515625,221.77489471435547,748.6842346191406
140,140,5.833333333333333,256,0,pedestrian,0.3476998507976532,552.1488037109375,713.778076171875,584.0846557617188,787.0464477539062,568.1167297363281,750.4122619628906
140,140,5.833333333333333,4,1,car,0.6212225556373596,879.3467407226562,512.4346923828125,927.3040161132812,553.9188842773438,903.3253784179688,533.1767883300781
141,141,5.875,42,1,car,0.5520579814910889,830.0438842773438,550.0645751953125,882.2560424804688,606.4820556640625,856.1499633789062,578.2733154296875
141,141,5.875,102,0,pedestrian,0.6218509078025818,543.6570434570312,610.280517578125,566.5799560546875,679.2070922851562,555.1184997558594,644.7438049316406
141,141,5.875,196,0,pedestrian,0.5916587114334106,1827.9112548828125,812.23583984375,1880.11474609375,936.9182739257812,1854.0130004882812,874.5770568847656
141,141,5.875,198,1,car,0.27754294872283936,1037.692138671875,471.6658630371094,1068.9752197265625,503.6094665527344,1053.3336791992188,487.6376647949219
141,141,5.875,13,0,pedestrian,0.47140565514564514,486.3746032714844,709.4989013671875,521.60986328125,811.8370361328125,503.9922332763672,760.66796875
141,141,5.875,267,2,van,0.3779124915599823,1062.976318359375,929.70068359375,1235.9805908203125,1078.2493896484375,1149.4784545898438,1003.9750366210938
141,141,5.875,272,2,van,0.4399442970752716,326.0268859863281,1001.755859375,510.99078369140625,1078.8739013671875,418.5088348388672,1040.3148803710938
141,141,5.875,256,0,pedestrian,0.4367472231388092,552.4411010742188,710.294677734375,585.3413696289062,787.4236450195312,568.8912353515625,748.8591613769531
141,141,5.875,4,1,car,0.6426006555557251,879.9038696289062,511.1551513671875,927.1805419921875,553.2413330078125,903.5422058105469,532.1982421875
141,141,5.875,250,0,pedestrian,0.3169930875301361,1009.3370971679688,786.2153930664062,1044.7259521484375,899.0346069335938,1027.0315246582031,842.625
142,142,5.916666666666667,42,1,car,0.4349624812602997,831.2415161132812,549.516845703125,881.9334716796875,606.0120849609375,856.5874938964844,577.7644653320312
142,142,5.916666666666667,102,0,pedestrian,0.6217564344406128,543.5613403320312,610.1211547851562,566.6595458984375,678.8963623046875,555.1104431152344,644.5087585449219
142,142,5.916666666666667,196,0,pedestrian,0.7522990703582764,1833.0877685546875,813.1053466796875,1885.3544921875,938.1953125,1859.2211303710938,875.6503295898438
142,142,5.916666666666667,13,0,pedestrian,0.39376407861709595,486.3076477050781,708.609619140625,521.4234619140625,811.463623046875,503.8655548095703,760.03662109375
142,142,5.916666666666667,272,2,van,0.7042287588119507,327.7869873046875,992.5107421875,516.1829833984375,1079.138916015625,421.9849853515625,1035.8248291015625
142,142,5.916666666666667,4,1,car,0.5666120648384094,880.90087890625,509.6643371582031,927.1109008789062,551.8741455078125,904.0058898925781,530.7692413330078
142,142,5.916666666666667,250,0,pedestrian,0.36141064763069153,1008.2730712890625,786.4127807617188,1044.203857421875,899.2689208984375,1026.2384643554688,842.8408508300781
143,143,5.958333333333333,42,1,car,0.37767404317855835,832.59521484375,549.9857177734375,881.852783203125,605.9304809570312,857.2239990234375,577.9580993652344
143,143,5.958333333333333,102,0,pedestrian,0.6310839056968689,543.551025390625,610.6088256835938,566.7266845703125,679.02587890625,555.1388549804688,644.8173522949219
143,143,5.958333333333333,13,0,pedestrian,0.3606494963169098,486.6052551269531,710.202880859375,521.8284301757812,810.9102783203125,504.2168426513672,760.5565795898438
143,143,5.958333333333333,272,2,van,0.709911048412323,331.1235046386719,981.0317993164062,520.389892578125,1079.2762451171875,425.75669860839844,1030.1540222167969
143,143,5.958333333333333,4,1,car,0.5626958608627319,881.8290405273438,508.5049743652344,927.462646484375,550.3621826171875,904.6458435058594,529.4335784912109
143,143,5.958333333333333,250,0,pedestrian,0.4276452958583832,1007.3240356445312,787.1681518554688,1043.435791015625,898.8053588867188,1025.3799133300781,842.9867553710938
143,143,5.958333333333333,267,2,van,0.4289495050907135,1069.5748291015625,941.0866088867188,1254.2474365234375,1079.192138671875,1161.9111328125,1010.1393737792969
144,144,6.0,102,0,pedestrian,0.6338717341423035,543.4615478515625,611.1382446289062,566.7860107421875,679.4668579101562,555.123779296875,645.3025512695312
144,144,6.0,13,0,pedestrian,0.34022489190101624,487.326171875,712.125732421875,522.315185546875,810.3208618164062,504.8206787109375,761.2232971191406
144,144,6.0,272,2,van,0.3574658930301666,334.92376708984375,970.2466430664062,527.0615234375,1079.608154296875,430.9926452636719,1024.9273986816406
144,144,6.0,4,1,car,0.5357552766799927,882.1788940429688,508.29986572265625,927.5651245117188,549.6576538085938,904.8720092773438,528.978759765625
144,144,6.0,250,0,pedestrian,0.5585078597068787,1006.9910888671875,786.9213256835938,1042.5184326171875,898.8670043945312,1024.7547607421875,842.8941650390625
144,144,6.0,267,2,van,0.6258271336555481,1073.307861328125,946.6163330078125,1259.11669921875,1079.79931640625,1166.2122802734375,1013.2078247070312
144,144,6.0,95,1,car,0.2862239480018616,375.7384338378906,700.9181518554688,477.2023010253906,808.9913940429688,426.4703674316406,754.9547729492188
144,144,6.0,223,1,car,0.3003816306591034,883.7047729492188,485.6271057128906,917.2103881835938,513.6455688476562,900.4575805664062,499.63633728027344
144,144,6.0,196,0,pedestrian,0.5110306143760681,1843.07177734375,812.5435180664062,1894.31494140625,941.4705810546875,1868.693359375,877.0070495605469
145,145,6.041666666666667,102,0,pedestrian,0.5853691101074219,543.8018188476562,611.4758911132812,566.72412109375,679.0452880859375,555.2629699707031,645.2605895996094
145,145,6.041666666666667,13,0,pedestrian,0.26722991466522217,487.8457336425781,713.6024780273438,522.2329711914062,811.1810302734375,505.0393524169922,762.3917541503906
145,145,6.041666666666667,272,3,truck,0.5098259449005127,343.9865417480469,962.8299560546875,533.486328125,1079.2322998046875,438.73643493652344,1021.0311279296875
145,145,6.041666666666667,4,1,car,0.5092179775238037,883.1693115234375,509.4517822265625,928.1713256835938,549.3056030273438,905.6703186035156,529.3786926269531
145,145,6.041666666666667,267,2,van,0.5063977837562561,1077.684326171875,953.72900390625,1261.90625,1080.0,1169.7952880859375,1016.864501953125
145,145,6.041666666666667,223,1,car,0.27613115310668945,884.0438232421875,487.43463134765625,915.511962890625,513.545654296875,899.7778930664062,500.4901428222656
145,145,6.041666666666667,196,0,pedestrian,0.7021306753158569,1844.2877197265625,815.8929443359375,1896.7139892578125,944.2395629882812,1870.5008544921875,880.0662536621094
145,145,6.041666666666667,42,1,car,0.38306358456611633,834.0484008789062,549.6318969726562,880.866943359375,604.1998291015625,857.4576721191406,576.9158630371094
146,146,6.083333333333333,102,0,pedestrian,0.5828667283058167,543.8828125,611.4994506835938,566.8869018554688,678.207763671875,555.3848571777344,644.8536071777344
146,146,6.083333333333333,272,2,van,0.355364054441452,353.2454528808594,952.5425415039062,538.8156127929688,1079.0726318359375,446.03053283691406,1015.8075866699219
146,146,6.083333333333333,4,1,car,0.35007670521736145,883.5097045898438,508.2502136230469,928.9304809570312,548.9510498046875,906.2200927734375,528.6006317138672
146,146,6.083333333333333,267,2,van,0.4727933704853058,1081.233154296875,959.572021484375,1263.61279296875,1079.823974609375,1172.4229736328125,1019.697998046875
146,146,6.083333333333333,196,0,pedestrian,0.39032605290412903,1844.877197265625,821.505615234375,1901.0528564453125,946.06103515625,1872.9650268554688,883.7833251953125
146,146,6.083333333333333,42,1,car,0.5629444122314453,835.052490234375,546.6430053710938,881.1941528320312,601.7135620117188,858.1233215332031,574.1782836914062
146,146,6.083333333333333,250,0,pedestrian,0.2635028064250946,1008.5847778320312,799.0433959960938,1040.9036865234375,901.0457153320312,1024.7442321777344,850.0445556640625
147,147,6.125,102,0,pedestrian,0.5024490356445312,543.890625,611.6791381835938,567.01416015625,676.712890625,555.452392578125,644.1960144042969
147,147,6.125,272,2,van,0.44006016850471497,362.2950134277344,942.4248046875,543.7090454101562,1079.143798828125,453.0020294189453,1010.7843017578125
147,147,6.125,267,2,van,0.3456903100013733,1084.4573974609375,965.9177856445312,1266.10986328125,1079.9630126953125,1175.2836303710938,1022.9403991699219
147,147,6.125,42,1,car,0.557623565196991,834.868896484375,545.6261596679688,881.7691650390625,601.1945190429688,858.3190307617188,573.4103393554688
147,147,6.125,283,0,pedestrian,0.33350101113319397,1483.19970703125,631.5152587890625,1509.3878173828125,701.2326049804688,1496.2937622070312,666.3739318847656
147,147,6.125,95,1,car,0.27668607234954834,375.6288146972656,701.84423828125,477.4556884765625,809.3800048828125,426.54225158691406,755.6121215820312
148,148,6.166666666666667,102,0,pedestrian,0.474362850189209,543.901611328125,611.4401245117188,567.1373901367188,675.9951171875,555.5195007324219,643.7176208496094
148,148,6.166666666666667,267,2,van,0.5381560921669006,1088.4879150390625,973.5361328125,1269.6536865234375,1080.0,1179.07080078125,1026.76806640625
148,148,6.166666666666667,42,1,car,0.6962460875511169,835.557861328125,546.0775146484375,881.7965087890625,600.6571655273438,858.6771850585938,573.3673400878906
148,148,6.166666666666667,283,0,pedestrian,0.37040624022483826,1484.4410400390625,630.99609375,1510.4395751953125,700.97705078125,1497.4403076171875,665.986572265625
148,148,6.166666666666667,286,4,bus,0.4501813054084778,1089.6151123046875,705.8690795898438,1666.3216552734375,1079.6558837890625,1377.9683837890625,892.7624816894531
148,148,6.166666666666667,95,1,car,0.2579653561115265,375.59259033203125,701.9529418945312,477.70361328125,809.2670288085938,426.6481018066406,755.6099853515625
148,148,6.166666666666667,250,0,pedestrian,0.37216055393218994,1007.9461059570312,812.3465576171875,1039.0753173828125,902.858642578125,1023.5107116699219,857.6026000976562
149,149,6.208333333333333,102,0,pedestrian,0.5623741745948792,543.0498657226562,611.2510375976562,566.81396484375,676.450439453125,554.9319152832031,643.8507385253906
149,149,6.208333333333333,267,2,van,0.40298107266426086,1093.7462158203125,981.1552734375,1269.812744140625,1079.82763671875,1181.7794799804688,1030.491455078125
149,149,6.208333333333333,42,1,car,0.7303924560546875,835.9894409179688,546.2122192382812,882.347412109375,598.8584594726562,859.1684265136719,572.5353393554688
149,149,6.208333333333333,283,0,pedestrian,0.43442901968955994,1487.126220703125,632.0322875976562,1512.175048828125,700.9933471679688,1499.650634765625,666.5128173828125
149,149,6.208333333333333,286,4,bus,0.30153828859329224,1087.861083984375,704.09765625,1677.5523681640625,1079.98974609375,1382.7067260742188,892.043701171875
149,149,6.208333333333333,95,1,car,0.3040628433227539,375.6154479980469,701.987548828125,477.6096496582031,809.0979614257812,426.612548828125,755.5427551269531
149,149,6.208333333333333,250,0,pedestrian,0.509735107421875,1006.701416015625,807.5020141601562,1038.052490234375,904.8717041015625,1022.376953125,856.1868591308594
149,149,6.208333333333333,196,0,pedestrian,0.2553164064884186,1850.6856689453125,826.0532836914062,1916.594970703125,949.0922241210938,1883.6403198242188,887.57275390625
149,149,6.208333333333333,272,3,truck,0.3747020661830902,379.2988586425781,926.4291381835938,549.3310546875,1076.9486083984375,464.31495666503906,1001.6888732910156
150,150,6.25,102,0,pedestrian,0.6285287141799927,542.3644409179688,610.3397216796875,566.9076538085938,676.7859497070312,554.6360473632812,643.5628356933594
150,150,6.25,267,2,van,0.4820414185523987,1098.1832275390625,988.716796875,1266.5982666015625,1079.0367431640625,1182.3907470703125,1033.8767700195312
150,150,6.25,42,1,car,0.6284884810447693,836.2213745117188,545.0591430664062,883.2969970703125,597.6243286132812,859.7591857910156,571.3417358398438
150,150,6.25,283,0,pedestrian,0.45159828662872314,1488.1982421875,632.5628662109375,1513.5260009765625,700.9448852539062,1500.8621215820312,666.7538757324219
150,150,6.25,286,4,bus,0.4249389171600342,1089.166015625,705.8564453125,1679.4713134765625,1080.0,1384.3186645507812,892.92822265625
150,150,6.25,95,1,car,0.29939255118370056,375.7418518066406,701.9926147460938,477.6433410644531,809.1101684570312,426.6925964355469,755.5513916015625
150,150,6.25,250,0,pedestrian,0.43175190687179565,1005.72509765625,806.6290283203125,1037.1636962890625,906.258544921875,1021.4443969726562,856.4437866210938
150,150,6.25,290,1,car,0.3774787485599518,884.9380493164062,494.8673095703125,924.718505859375,523.326904296875,904.8282775878906,509.09710693359375
150,150,6.25,272,3,truck,0.29215481877326965,385.98492431640625,919.4068603515625,552.39501953125,1077.555908203125,469.1899719238281,998.4813842773438
151,151,6.291666666666667,102,0,pedestrian,0.5712624788284302,541.884521484375,609.7984008789062,566.7410888671875,676.4946899414062,554.3128051757812,643.1465454101562
151,151,6.291666666666667,267,2,van,0.552559494972229,1100.40087890625,995.765625,1266.1214599609375,1079.175048828125,1183.2611694335938,1037.4703369140625
151,151,6.291666666666667,42,1,car,0.5517895817756653,835.810546875,543.9217529296875,883.8854370117188,597.0969848632812,859.8479919433594,570.5093688964844
151,151,6.291666666666667,283,0,pedestrian,0.37224480509757996,1489.146484375,634.2875366210938,1514.563232421875,701.3494873046875,1501.8548583984375,667.8185119628906
151,151,6.291666666666667,286,4,bus,0.45243099331855774,1086.303955078125,683.3353271484375,1678.4619140625,1080.0,1382.3829345703125,881.6676635742188
151,151,6.291666666666667,95,1,car,0.31299781799316406,375.2466735839844,702.4839477539062,477.7398986816406,809.1461791992188,426.4932861328125,755.8150634765625
151,151,6.291666666666667,250,0,pedestrian,0.4046657383441925,1005.7431030273438,806.6597900390625,1036.8902587890625,906.4013671875,1021.3166809082031,856.5305786132812
151,151,6.291666666666667,272,3,truck,0.378003865480423,392.1124572753906,912.1007690429688,556.2911376953125,1077.6873779296875,474.20179748535156,994.8940734863281
152,152,6.333333333333333,102,0,pedestrian,0.5371802449226379,541.7357177734375,609.7169799804688,566.1338500976562,676.68212890625,553.9347839355469,643.1995544433594
152,152,6.333333333333333,42,1,car,0.44012361764907837,835.8599853515625,542.9429931640625,883.833740234375,596.7100830078125,859.8468627929688,569.8265380859375
152,152,6.333333333333333,283,0,pedestrian,0.48848316073417664,1489.68017578125,633.898681640625,1515.5579833984375,702.0359497070312,1502.6190795898438,667.9673156738281
152,152,6.333333333333333,286,4,bus,0.45797184109687805,1086.2724609375,675.5865478515625,1676.6182861328125,1080.0,1381.4453735351562,877.7932739257812
152,152,6.333333333333333,95,1,car,0.3668588399887085,374.9418029785156,703.0938720703125,477.7185974121094,809.0376586914062,426.3302001953125,756.0657653808594
153,153,6.375,102,0,pedestrian,0.4529830813407898,541.1400146484375,610.4198608398438,565.3548583984375,676.6256713867188,553.2474365234375,643.5227661132812
153,153,6.375,42,1,car,0.294748455286026,837.5996704101562,541.95751953125,883.3951416015625,595.0787963867188,860.4974060058594,568.5181579589844
153,153,6.375,283,0,pedestrian,0.44080743193626404,1489.7587890625,634.9030151367188,1515.7991943359375,702.4171142578125,1502.7789916992188,668.6600646972656
153,153,6.375,286,4,bus,0.5336887240409851,1084.5455322265625,682.0509033203125,1687.5211181640625,1080.0,1386.0333251953125,881.0254516601562
153,153,6.375,95,1,car,0.4097500145435333,374.4273681640625,703.0615234375,477.7457580566406,808.96142578125,426.08656311035156,756.011474609375
153,153,6.375,250,0,pedestrian,0.4372091591358185,1005.7681884765625,797.2821044921875,1036.9827880859375,906.985595703125,1021.37548828125,852.1338500976562
154,154,6.416666666666667,102,0,pedestrian,0.47799360752105713,540.966796875,611.8724975585938,563.8438110351562,675.56884765625,552.4053039550781,643.7206726074219
154,154,6.416666666666667,42,1,car,0.3053128719329834,839.0017700195312,541.4597778320312,884.2605590820312,594.5033569335938,861.6311645507812,567.9815673828125
154,154,6.416666666666667,283,0,pedestrian,0.3513648808002472,1489.2078857421875,636.2608642578125,1515.6856689453125,702.2264404296875,1502.44677734375,669.24365234375
154,154,6.416666666666667,286,4,bus,0.5635784864425659,1084.8388671875,683.2128295898438,1687.28515625,1080.0,1386.06201171875,881.6064147949219
154,154,6.416666666666667,95,1,car,0.46221494674682617,374.02606201171875,702.7003173828125,477.5354919433594,808.7273559570312,425.78077697753906,755.7138366699219
154,154,6.416666666666667,250,0,pedestrian,0.3370611071586609,1006.7005615234375,799.6131591796875,1036.1820068359375,908.431396484375,1021.4412841796875,854.0222778320312
154,154,6.416666666666667,272,1,car,0.30883359909057617,403.69024658203125,891.2003173828125,568.4785766601562,1075.9990234375,486.08441162109375,983.5996704101562
155,155,6.458333333333333,102,0,pedestrian,0.5450935363769531,540.6650390625,612.645751953125,562.5537109375,676.7342529296875,551.609375,644.6900024414062
155,155,6.458333333333333,42,1,car,0.26918432116508484,838.4146118164062,541.6404418945312,884.5801391601562,594.8683471679688,861.4973754882812,568.25439453125
155,155,6.458333333333333,283,0,pedestrian,0.28784263134002686,1489.431884765625,635.6519775390625,1517.0316162109375,701.5335693359375,1503.2317504882812,668.5927734375
155,155,6.458333333333333,286,4,bus,0.5337222218513489,1083.43505859375,682.1363525390625,1689.4410400390625,1079.8603515625,1386.4380493164062,880.9983520507812
155,155,6.458333333333333,95,1,car,0.2931724786758423,374.7913513183594,701.7631225585938,478.3074035644531,809.2275390625,426.54937744140625,755.4953308105469
155,155,6.458333333333333,250,0,pedestrian,0.4152688682079315,1006.2027587890625,796.635498046875,1037.63818359375,908.1445922851562,1021.9204711914062,852.3900451660156
155,155,6.458333333333333,272,3,truck,0.5343400239944458,410.4205017089844,884.10546875,571.421875,1075.7161865234375,490.9211883544922,979.9108276367188
155,155,6.458333333333333,267,1,car,0.5141230225563049,1116.3514404296875,1027.269775390625,1274.1544189453125,1079.346435546875,1195.2529296875,1053.30810546875
156,156,6.5,102,0,pedestrian,0.573483943939209,540.3995361328125,613.2413940429688,561.8732299804688,677.4824829101562,551.1363830566406,645.3619384765625
156,156,6.5,42,1,car,0.5565266013145447,839.8189086914062,541.3773803710938,885.3876342773438,594.23046875,862.603271484375,567.8039245605469
156,156,6.5,283,0,pedestrian,0.40699437260627747,1490.1676025390625,634.3944091796875,1519.0894775390625,702.6283569335938,1504.6285400390625,668.5113830566406
156,156,6.5,286,4,bus,0.468045711517334,1083.302001953125,686.163330078125,1689.6834716796875,1079.838623046875,1386.4927368164062,883.0009765625
156,156,6.5,95,1,car,0.2785470187664032,376.2663879394531,700.1141967773438,478.85638427734375,810.3593139648438,427.56138610839844,755.2367553710938
156,156,6.5,250,0,pedestrian,0.49967142939567566,1003.3536987304688,796.3109130859375,1038.220947265625,908.6651611328125,1020.7873229980469,852.488037109375
156,156,6.5,272,3,truck,0.7035146951675415,415.88916015625,878.4718017578125,575.1925659179688,1075.93212890625,495.5408630371094,977.2019653320312
156,156,6.5,320,0,pedestrian,0.36172860860824585,535.6219482421875,611.0230102539062,559.8963012695312,676.4662475585938,547.7591247558594,643.74462890625
156,156,6.5,13,0,pedestrian,0.471271812915802,487.8026428222656,711.7028198242188,524.8714599609375,812.630615234375,506.33705139160156,762.1667175292969
157,157,6.541666666666667,102,0,pedestrian,0.5913503170013428,540.1954345703125,613.1853637695312,561.0162963867188,677.7924194335938,550.6058654785156,645.4888916015625
157,157,6.541666666666667,42,1,car,0.5495284795761108,840.6510620117188,540.8366088867188,885.5,593.9281005859375,863.0755310058594,567.3823547363281
157,157,6.541666666666667,283,0,pedestrian,0.3345755934715271,1490.9947509765625,634.9113159179688,1521.4019775390625,703.6558227539062,1506.1983642578125,669.2835693359375
157,157,6.541666666666667,286,4,bus,0.5768972635269165,1082.9737548828125,680.244873046875,1691.8363037109375,1080.0,1387.405029296875,880.1224365234375
157,157,6.541666666666667,95,1,car,0.34486210346221924,376.6136169433594,699.1795043945312,479.1282043457031,811.20361328125,427.87091064453125,755.1915588378906
157,157,6.541666666666667,250,0,pedestrian,0.4875078499317169,1002.975341796875,796.4521484375,1038.3458251953125,910.0348510742188,1020.6605834960938,853.2434997558594
157,157,6.541666666666667,272,3,truck,0.48130062222480774,423.669189453125,872.552001953125,577.4141845703125,1072.6085205078125,500.54168701171875,972.5802612304688
157,157,6.541666666666667,320,0,pedestrian,0.3668612241744995,535.2146606445312,610.53515625,559.9038696289062,676.7338256835938,547.5592651367188,643.6344909667969
157,157,6.541666666666667,327,0,pedestrian,0.33576807379722595,578.2734375,676.6473388671875,602.2346801757812,734.9287719726562,590.2540588378906,705.7880554199219
157,157,6.541666666666667,13,0,pedestrian,0.6043384671211243,487.7957458496094,711.5224609375,525.098388671875,813.364013671875,506.4470672607422,762.4432373046875
157,157,6.541666666666667,198,1,car,0.32287004590034485,1049.477783203125,478.3833923339844,1077.41015625,510.91778564453125,1063.4439697265625,494.6505889892578
157,157,6.541666666666667,4,1,car,0.3310776650905609,887.1669921875,495.9197082519531,931.1024780273438,542.150634765625,909.1347351074219,519.0351715087891
158,158,6.583333333333333,102,0,pedestrian,0.5292880535125732,539.9141845703125,613.213134765625,560.4857177734375,678.1232299804688,550.199951171875,645.6681823730469
158,158,6.583333333333333,283,0,pedestrian,0.3188909590244293,1490.184814453125,634.81982421875,1522.4639892578125,704.187255859375,1506.3244018554688,669.5035400390625
158,158,6.583333333333333,286,4,bus,0.6047301292419434,1082.8961181640625,680.6873168945312,1694.203369140625,1080.0,1388.5497436523438,880.3436584472656
158,158,6.583333333333333,95,1,car,0.43860095739364624,376.2764587402344,699.4340209960938,479.32208251953125,812.06005859375,427.7992706298828,755.7470397949219
158,158,6.583333333333333,250,0,pedestrian,0.48502638936042786,1004.044189453125,796.527587890625,1038.3902587890625,910.6910400390625,1021.2172241210938,853.6093139648438
158,158,6.583333333333333,272,1,car,0.7666085362434387,430.2896728515625,866.9265747070312,579.7516479492188,1065.365234375,505.0206604003906,966.1459045410156
158,158,6.583333333333333,320,0,pedestrian,0.3317599892616272,535.4918212890625,610.185546875,559.9258422851562,676.854248046875,547.7088317871094,643.5198974609375
158,158,6.583333333333333,327,0,pedestrian,0.2878391146659851,578.3336791992188,674.2271728515625,603.2155151367188,741.7672729492188,590.7745971679688,707.9972229003906
158,158,6.583333333333333,13,0,pedestrian,0.6126446723937988,487.83270263671875,711.1550903320312,525.1456909179688,814.1506958007812,506.48919677734375,762.6528930664062
158,158,6.583333333333333,334,4,bus,0.33614832162857056,1086.2098388671875,667.5400390625,1680.1866455078125,1080.0,1383.1982421875,873.77001953125
158,158,6.583333333333333,336,2,van,0.3201228380203247,1155.72607421875,574.4935913085938,1210.0294189453125,646.0615844726562,1182.8777465820312,610.277587890625
158,158,6.583333333333333,198,1,car,0.29903581738471985,1049.6678466796875,478.71759033203125,1077.3553466796875,511.11407470703125,1063.5115966796875,494.91583251953125
158,158,6.583333333333333,4,1,car,0.3781684339046478,887.5906372070312,494.8214416503906,931.7938232421875,541.2948608398438,909.6922302246094,518.0581512451172
159,159,6.625,102,0,pedestrian,0.5954864025115967,539.7694702148438,612.9536743164062,560.2372436523438,678.155029296875,550.0033569335938,645.5543518066406
159,159,6.625,286,4,bus,0.45610716938972473,1081.1402587890625,683.3864135742188,1695.4346923828125,1080.0,1388.2874755859375,881.6932067871094
159,159,6.625,95,1,car,0.3769093453884125,376.23492431640625,699.393798828125,479.4415588378906,812.6265258789062,427.83824157714844,756.0101623535156
159,159,6.625,327,0,pedestrian,0.33167463541030884,579.00634765625,671.3040771484375,603.9686889648438,744.7890014648438,591.4875183105469,708.0465393066406
159,159,6.625,13,0,pedestrian,0.6246803998947144,487.8031921386719,710.9067993164062,525.2601928710938,814.8399658203125,506.5316925048828,762.8733825683594
159,159,6.625,334,4,bus,0.5444489121437073,1086.3726806640625,671.35107421875,1676.99609375,1080.0,1381.6843872070312,875.675537109375
159,159,6.625,336,2,van,0.25521597266197205,1155.828125,574.9216918945312,1210.103271484375,647.98486328125,1182.9656982421875,611.4532775878906
159,159,6.625,4,1,car,0.4355848431587219,887.8191528320312,494.1753234863281,932.4603881835938,540.91650390625,910.1397705078125,517.5459136962891
159,159,6.625,42,1,car,0.2818773090839386,840.2791137695312,539.9010009765625,884.8092651367188,592.4329223632812,862.544189453125,566.1669616699219
160,160,6.666666666666667,102,0,pedestrian,0.5031203031539917,539.2433471679688,612.9624633789062,559.6803588867188,677.7708129882812,549.4618530273438,645.3666381835938
160,160,6.666666666666667,95,1,car,0.32761478424072266,376.2892761230469,699.434326171875,479.4977111816406,813.0916748046875,427.89349365234375,756.2630004882812
160,160,6.666666666666667,327,0,pedestrian,0.32240915298461914,578.5338745117188,668.6242065429688,606.58642578125,756.3938598632812,592.5601501464844,712.509033203125
160,160,6.666666666666667,13,0,pedestrian,0.6139574646949768,487.9372863769531,710.8651733398438,525.2412109375,815.1112060546875,506.58924865722656,762.9881896972656
160,160,6.666666666666667,4,1,car,0.3260735869407654,888.3463745117188,494.7507629394531,932.6957397460938,540.8738403320312,910.5210571289062,517.8123016357422
160,160,6.666666666666667,342,1,car,0.3149976432323456,925.4638671875,479.9355773925781,951.8616333007812,510.441162109375,938.6627502441406,495.18836975097656
160,160,6.666666666666667,42,1,car,0.43880417943000793,839.8369140625,539.2955932617188,885.7616577148438,591.7857666015625,862.7992858886719,565.5406799316406
160,160,6.666666666666667,250,0,pedestrian,0.38562437891960144,1005.058349609375,803.6068115234375,1039.0137939453125,911.5792846679688,1022.0360717773438,857.5930480957031
160,160,6.666666666666667,272,1,car,0.2914465367794037,438.1814880371094,855.3983154296875,585.5560913085938,1049.09521484375,511.86878967285156,952.2467651367188
160,160,6.666666666666667,320,0,pedestrian,0.32348737120628357,535.6882934570312,611.0453491210938,559.4607543945312,676.5811767578125,547.5745239257812,643.8132629394531
161,161,6.708333333333333,102,0,pedestrian,0.46348220109939575,539.275634765625,615.2987060546875,559.1486206054688,677.5555419921875,549.2121276855469,646.4271240234375
161,161,6.708333333333333,95,1,car,0.39612531661987305,376.40936279296875,700.2484130859375,479.5917663574219,812.8743896484375,428.0005645751953,756.5614013671875
161,161,6.708333333333333,13,0,pedestrian,0.5329190492630005,487.95074462890625,711.967041015625,525.1593627929688,815.5664672851562,506.5550537109375,763.7667541503906
161,161,6.708333333333333,4,1,car,0.3613845109939575,890.0467529296875,496.0394287109375,933.275634765625,541.1766357421875,911.6611938476562,518.6080322265625
161,161,6.708333333333333,342,1,car,0.3208877444267273,924.976806640625,479.54205322265625,951.78271484375,510.2566223144531,938.3797607421875,494.8993377685547
161,161,6.708333333333333,42,1,car,0.5173525214195251,839.8876342773438,538.6756591796875,886.259521484375,590.8457641601562,863.0735778808594,564.7607116699219
161,161,6.708333333333333,344,1,car,0.4908614456653595,839.7122802734375,539.3761596679688,885.43603515625,590.860107421875,862.5741577148438,565.1181335449219
161,161,6.708333333333333,250,0,pedestrian,0.30326372385025024,1005.6502075195312,803.8984985351562,1038.916748046875,911.928955078125,1022.2834777832031,857.9137268066406
161,161,6.708333333333333,272,1,car,0.34638524055480957,443.8372802734375,849.4588623046875,588.5450439453125,1040.244384765625,516.191162109375,944.8516235351562
161,161,6.708333333333333,320,0,pedestrian,0.302081435918808,535.822021484375,612.4666748046875,558.7088012695312,675.9550170898438,547.2654113769531,644.2108459472656
161,161,6.708333333333333,286,4,bus,0.6186274290084839,1084.6820068359375,676.673583984375,1676.8023681640625,1079.9208984375,1380.7421875,878.2972412109375
162,162,6.75,102,0,pedestrian,0.34980422258377075,539.0047607421875,615.9258422851562,558.4193115234375,677.0253295898438,548.7120361328125,646.4755859375
162,162,6.75,95,1,car,0.3444627523422241,376.2662658691406,700.6740112304688,479.5056457519531,812.98828125,427.8859558105469,756.8311462402344
162,162,6.75,13,0,pedestrian,0.5312885046005249,488.2582702636719,712.2875366210938,525.2799072265625,815.4520263671875,506.7690887451172,763.8697814941406
162,162,6.75,4,1,car,0.3158162534236908,891.29736328125,496.69842529296875,932.9784545898438,540.7136840820312,912.1379089355469,518.7060546875
162,162,6.75,342,1,car,0.30297213792800903,924.9191284179688,479.3450927734375,951.7220458984375,510.086669921875,938.3205871582031,494.71588134765625
162,162,6.75,42,1,car,0.5292316675186157,840.3267211914062,538.6939086914062,886.264892578125,590.3739013671875,863.2958068847656,564.5339050292969
162,162,6.75,344,1,car,0.5200263261795044,839.93017578125,539.534912109375,885.6069946289062,590.5737915039062,862.7685852050781,565.0543518066406
162,162,6.75,250,0,pedestrian,0.3041684925556183,1005.7244262695312,807.9073486328125,1038.7132568359375,911.9417724609375,1022.2188415527344,859.924560546875
162,162,6.75,272,3,truck,0.25899654626846313,447.8677978515625,844.0695190429688,590.589111328125,1031.51513671875,519.2284545898438,937.7923278808594
162,162,6.75,320,0,pedestrian,0.3440801203250885,535.7307739257812,612.89306640625,558.2837524414062,675.6828002929688,547.0072631835938,644.2879333496094
162,162,6.75,286,4,bus,0.5105170011520386,1085.7369384765625,676.4603881835938,1669.6710205078125,1079.62646484375,1377.7039794921875,878.0434265136719
162,162,6.75,283,0,pedestrian,0.3905409276485443,1498.1822509765625,638.9591064453125,1526.8294677734375,705.3178100585938,1512.505859375,672.1384582519531
162,162,6.75,336,2,van,0.3047180473804474,1156.4490966796875,574.277587890625,1209.9014892578125,641.5354614257812,1183.17529296875,607.9065246582031
163,163,6.791666666666667,95,1,car,0.35457226634025574,376.068115234375,700.8992919921875,479.5786437988281,813.013427734375,427.82337951660156,756.9563598632812
163,163,6.791666666666667,13,0,pedestrian,0.5514295697212219,488.52093505859375,712.9273681640625,525.4520263671875,815.4701538085938,506.9864807128906,764.1987609863281
163,163,6.791666666666667,4,1,car,0.40878650546073914,892.735595703125,497.6206970214844,933.1513061523438,539.76953125,912.9434509277344,518.6951141357422
163,163,6.791666666666667,342,1,car,0.36169809103012085,924.692138671875,479.9291076660156,951.5362548828125,509.8614807128906,938.1141967773438,494.8952941894531
163,163,6.791666666666667,42,1,car,0.5036576390266418,840.4663696289062,539.4765625,885.9151000976562,590.2879638671875,863.1907348632812,564.8822631835938
163,163,6.791666666666667,344,1,car,0.5323666930198669,839.4292602539062,540.4708251953125,885.1637573242188,590.69970703125,862.2965087890625,565.5852661132812
163,163,6.791666666666667,250,0,pedestrian,0.3972269296646118,1005.917236328125,808.3363647460938,1038.962646484375,912.5823974609375,1022.43994140625,860.4593811035156
163,163,6.791666666666667,272,1,car,0.5462480187416077,454.9428405761719,838.7984008789062,592.5367431640625,1022.1172485351562,523.7397918701172,930.4578247070312
163,163,6.791666666666667,320,0,pedestrian,0.294795423746109,534.0686645507812,611.314697265625,557.5982055664062,675.306396484375,545.8334350585938,643.310546875
163,163,6.791666666666667,286,4,bus,0.48603975772857666,1085.398681640625,675.8746948242188,1667.80859375,1079.4041748046875,1376.6036376953125,877.6394348144531
163,163,6.791666666666667,283,0,pedestrian,0.3669135868549347,1500.1590576171875,640.530517578125,1527.367431640625,706.0679321289062,1513.7632446289062,673.2992248535156
163,163,6.791666666666667,336,2,van,0.3280796706676483,1156.8021240234375,574.1608276367188,1210.1466064453125,638.6920776367188,1183.474365234375,606.4264526367188
164,164,6.833333333333333,95,1,car,0.4272136688232422,375.99127197265625,701.5888671875,479.6414794921875,812.9105224609375,427.8163757324219,757.2496948242188
164,164,6.833333333333333,13,0,pedestrian,0.5671864151954651,488.67919921875,713.1460571289062,525.6549682617188,815.93017578125,507.1670837402344,764.5381164550781
164,164,6.833333333333333,4,1,car,0.4779665768146515,892.8192749023438,498.6302490234375,933.6990356445312,539.4384155273438,913.2591552734375,519.0343322753906
164,164,6.833333333333333,342,1,car,0.41187456250190735,924.690185546875,481.0682373046875,951.1768798828125,509.6494140625,937.9335327148438,495.35882568359375
164,164,6.833333333333333,42,1,car,0.46502771973609924,840.8959350585938,539.8897705078125,885.7908325195312,589.7159423828125,863.3433837890625,564.8028564453125
164,164,6.833333333333333,344,1,car,0.4882436990737915,839.3802490234375,540.7312622070312,884.72216796875,590.4105834960938,862.0512084960938,565.5709228515625
164,164,6.833333333333333,250,0,pedestrian,0.43824300169944763,1006.4732055664062,807.5408325195312,1039.2196044921875,913.8548583984375,1022.8464050292969,860.6978454589844
164,164,6.833333333333333,272,1,car,0.692215085029602,458.4031677246094,833.281005859375,594.0856323242188,1012.9649047851562,526.2444000244141,923.1229553222656
164,164,6.833333333333333,286,4,bus,0.4480956196784973,1085.8428955078125,678.8617553710938,1670.4517822265625,1079.5880126953125,1378.1473388671875,879.2248840332031
164,164,6.833333333333333,283,0,pedestrian,0.4278600513935089,1502.0250244140625,640.7389526367188,1527.9306640625,706.7764892578125,1514.9778442382812,673.7577209472656
164,164,6.833333333333333,336,2,van,0.3444414436817169,1157.179931640625,574.2469482421875,1209.90625,637.5430908203125,1183.5430908203125,605.89501953125
164,164,6.833333333333333,290,1,car,0.30532515048980713,890.1023559570312,492.52618408203125,927.0300903320312,521.9247436523438,908.5662231445312,507.2254638671875
164,164,6.833333333333333,198,1,car,0.30181509256362915,1048.7584228515625,482.86004638671875,1076.4993896484375,513.7808837890625,1062.62890625,498.3204650878906
165,165,6.875,95,1,car,0.3322148621082306,376.2276916503906,701.8707275390625,479.7914123535156,812.6918334960938,428.0095520019531,757.2812805175781
165,165,6.875,13,0,pedestrian,0.5284706354141235,488.9089660644531,713.2045288085938,525.8399047851562,816.2252197265625,507.3744354248047,764.7148742675781
165,165,6.875,4,1,car,0.47813668847084045,892.639892578125,498.9759826660156,934.231201171875,539.3719482421875,913.435546875,519.1739654541016
165,165,6.875,342,1,car,0.40019357204437256,925.0432739257812,481.6925354003906,951.318359375,509.63873291015625,938.1808166503906,495.66563415527344
165,165,6.875,42,1,car,0.33089086413383484,840.6480712890625,539.2179565429688,886.4865112304688,588.9533081054688,863.5672912597656,564.0856323242188
165,165,6.875,344,1,car,0.44017294049263,838.9169311523438,539.61328125,885.5757446289062,589.6043090820312,862.246337890625,564.6087951660156
165,165,6.875,250,0,pedestrian,0.3487096130847931,1007.0206298828125,806.7659912109375,1038.8922119140625,914.0372314453125,1022.9564208984375,860.401611328125
165,165,6.875,272,1,car,0.4613945186138153,463.2403564453125,828.669677734375,596.4970703125,1004.00244140625,529.8687133789062,916.3360595703125
165,165,6.875,286,4,bus,0.4384971857070923,1087.4400634765625,679.7437744140625,1668.8291015625,1077.7794189453125,1378.1345825195312,878.7615966796875
165,165,6.875,283,0,pedestrian,0.43361446261405945,1504.0216064453125,639.5502319335938,1528.476318359375,707.2896728515625,1516.2489624023438,673.4199523925781
165,165,6.875,336,2,van,0.3372165858745575,1157.3634033203125,574.3137817382812,1209.7498779296875,638.0543823242188,1183.556640625,606.18408203125
165,165,6.875,198,1,car,0.3327152132987976,1048.5972900390625,483.4881896972656,1076.204345703125,513.9894409179688,1062.4008178710938,498.7388153076172
165,165,6.875,320,0,pedestrian,0.2596486508846283,530.3693237304688,611.0452880859375,555.8919677734375,675.0606689453125,543.1306457519531,643.052978515625
166,166,6.916666666666667,95,1,car,0.31056147813796997,376.56695556640625,701.9902954101562,479.96539306640625,812.2160034179688,428.26617431640625,757.1031494140625
166,166,6.916666666666667,13,0,pedestrian,0.5081578493118286,489.4570617675781,713.806884765625,526.0176391601562,816.3956298828125,507.7373504638672,765.1012573242188
166,166,6.916666666666667,4,1,car,0.5181325674057007,892.8919067382812,499.2754211425781,934.5355834960938,539.4576416015625,913.7137451171875,519.3665313720703
166,166,6.916666666666667,342,1,car,0.37455588579177856,924.63623046875,481.7052307128906,951.4072875976562,509.65618896484375,938.0217590332031,495.6807098388672
166,166,6.916666666666667,42,1,car,0.4432584345340729,839.9723510742188,538.2791137695312,887.0648193359375,588.5553588867188,863.5185852050781,563.417236328125
166,166,6.916666666666667,250,0,pedestrian,0.2617061138153076,1006.1809692382812,805.379638671875,1038.55517578125,914.2096557617188,1022.3680725097656,859.7946472167969
166,166,6.916666666666667,272,3,truck,0.3049232065677643,466.375732421875,824.2830200195312,598.2611694335938,997.1934204101562,532.3184509277344,910.7382202148438
166,166,6.916666666666667,286,4,bus,0.4194096028804779,1089.104736328125,679.0001831054688,1673.0626220703125,1076.56591796875,1381.0836791992188,877.7830505371094
166,166,6.916666666666667,283,0,pedestrian,0.5295121073722839,1505.0380859375,639.8265991210938,1528.5185546875,708.2060546875,1516.7783203125,674.0163269042969
166,166,6.916666666666667,336,2,van,0.34051284193992615,1157.663330078125,574.3992919921875,1209.765625,638.255615234375,1183.7144775390625,606.3274536132812
166,166,6.916666666666667,198,1,car,0.3701510727405548,1048.385009765625,483.9843444824219,1076.047119140625,514.2472534179688,1062.216064453125,499.1157989501953
166,166,6.916666666666667,320,0,pedestrian,0.30142080783843994,527.69091796875,611.0831909179688,553.2470092773438,675.0934448242188,540.4689636230469,643.0883178710938
167,167,6.958333333333333,95,1,car,0.2895847260951996,376.758544921875,701.4669799804688,480.14532470703125,812.33447265625,428.4519348144531,756.9007263183594
167,167,6.958333333333333,13,0,pedestrian,0.5882534384727478,489.77899169921875,714.2933959960938,526.2207641601562,815.9893798828125,507.9998779296875,765.1413879394531
167,167,6.958333333333333,4,1,car,0.4779622256755829,893.40283203125,498.6636962890625,935.1246948242188,538.7183227539062,914.2637634277344,518.6910095214844
167,167,6.958333333333333,342,1,car,0.2617325484752655,925.3807983398438,481.1463317871094,952.20361328125,509.2772216796875,938.7922058105469,495.21177673339844
167,167,6.958333333333333,42,1,car,0.36868587136268616,839.4021606445312,537.5219116210938,888.0322875976562,588.4088134765625,863.7172241210938,562.9653625488281
167,167,6.958333333333333,272,3,truck,0.42915159463882446,471.0766296386719,821.23583984375,600.6807250976562,990.117919921875,535.8786773681641,905.6768798828125
167,167,6.958333333333333,283,0,pedestrian,0.5489789247512817,1504.6392822265625,639.5026245117188,1529.828857421875,709.3397216796875,1517.2340698242188,674.4211730957031
167,167,6.958333333333333,336,2,van,0.30566391348838806,1157.82421875,574.8240356445312,1209.9444580078125,641.5989379882812,1183.8843383789062,608.2114868164062
167,167,6.958333333333333,198,1,car,0.25469693541526794,1048.225341796875,484.10491943359375,1076.189453125,514.812255859375,1062.2073974609375,499.4585876464844
167,167,6.958333333333333,320,0,pedestrian,0.29349127411842346,524.9085083007812,611.0758056640625,550.7071533203125,673.4636840820312,537.8078308105469,642.2697448730469
168,168,7.0,95,1,car,0.30561181902885437,376.95654296875,701.2266845703125,480.2590637207031,812.7640380859375,428.60780334472656,756.995361328125
168,168,7.0,13,0,pedestrian,0.5573028922080994,489.9071350097656,714.2744750976562,526.2763061523438,815.7254028320312,508.0917205810547,764.9999389648438
168,168,7.0,4,1,car,0.4405243694782257,894.4334106445312,497.7234191894531,935.8050537109375,537.6356201171875,915.1192321777344,517.6795196533203
168,168,7.0,42,1,car,0.5245583653450012,841.7374267578125,537.0125122070312,889.6323852539062,588.0652465820312,865.6849060058594,562.5388793945312
168,168,7.0,272,3,truck,0.318161278963089,475.36004638671875,817.12939453125,601.6512451171875,983.99951171875,538.5056457519531,900.564453125
168,168,7.0,283,0,pedestrian,0.5680434107780457,1504.8380126953125,639.6221923828125,1532.185791015625,710.8443603515625,1518.5119018554688,675.2332763671875
168,168,7.0,336,2,van,0.30022409558296204,1157.600341796875,574.6964721679688,1210.080078125,642.8927001953125,1183.8402099609375,608.7945861816406
168,168,7.0,320,0,pedestrian,0.2563185393810272,522.582275390625,611.1124267578125,548.3295288085938,672.3966064453125,535.4559020996094,641.7545166015625
168,168,7.0,250,0,pedestrian,0.2766430377960205,1007.0214233398438,811.8740234375,1038.24755859375,912.6270751953125,1022.6344909667969,862.2505493164062
169,169,7.041666666666667,95,1,car,0.36678558588027954,377.0200500488281,700.72265625,480.2841491699219,812.7545776367188,428.652099609375,756.7386169433594
169,169,7.041666666666667,13,0,pedestrian,0.5130951404571533,489.98162841796875,714.708251953125,526.0310668945312,816.1700439453125,508.00634765625,765.4391479492188
169,169,7.041666666666667,4,1,car,0.29486241936683655,894.8577270507812,496.6895751953125,936.1510009765625,536.8884887695312,915.5043640136719,516.7890319824219
169,169,7.041666666666667,42,1,car,0.6081737875938416,843.399658203125,537.213134765625,889.8804321289062,587.1544189453125,866.6400451660156,562.1837768554688
169,169,7.041666666666667,283,0,pedestrian,0.3449028432369232,1505.6722412109375,640.3301391601562,1533.4940185546875,711.2916870117188,1519.5831298828125,675.8109130859375
169,169,7.041666666666667,336,2,van,0.2646125257015228,1156.918212890625,574.5112915039062,1210.2093505859375,644.4406127929688,1183.5637817382812,609.4759521484375
169,169,7.041666666666667,286,4,bus,0.2680879831314087,1090.4715576171875,679.7191162109375,1682.2601318359375,1076.6473388671875,1386.3658447265625,878.1832275390625
170,170,7.083333333333333,95,1,car,0.37823686003685,377.0,700.5902709960938,480.4412536621094,812.9033203125,428.7206268310547,756.7467956542969
170,170,7.083333333333333,13,0,pedestrian,0.5582582354545593,490.1622009277344,714.2457275390625,526.235107421875,816.6969604492188,508.1986541748047,765.4713439941406
170,170,7.083333333333333,42,1,car,0.5550863742828369,842.9453735351562,537.1870727539062,890.2400512695312,586.7919921875,866.5927124023438,561.9895324707031
170,170,7.083333333333333,336,2,van,0.29666846990585327,1156.9764404296875,575.1143188476562,1210.01171875,644.6002807617188,1183.4940795898438,609.8572998046875
170,170,7.083333333333333,286,4,bus,0.310267835855484,1092.227294921875,683.8382568359375,1671.796630859375,1071.630126953125,1382.011962890625,877.7341918945312
170,170,7.083333333333333,250,0,pedestrian,0.29960623383522034,1008.1721801757812,813.6825561523438,1038.6090087890625,912.9860229492188,1023.3905944824219,863.3342895507812
171,171,7.125,95,1,car,0.40626510977745056,376.790283203125,700.5402221679688,480.2850646972656,812.5079345703125,428.5376739501953,756.5240783691406
171,171,7.125,13,0,pedestrian,0.5451359152793884,490.1288146972656,714.3733520507812,525.97607421875,816.4253540039062,508.0524444580078,765.3993530273438
171,171,7.125,42,1,car,0.5346788167953491,842.42822265625,536.9685668945312,890.99169921875,586.8375854492188,866.7099609375,561.903076171875
171,171,7.125,336,2,van,0.3104284107685089,1157.3096923828125,575.4278564453125,1210.048583984375,640.11669921875,1183.6791381835938,607.7722778320312
171,171,7.125,286,4,bus,0.2794831395149231,1094.3494873046875,684.1327514648438,1669.4239501953125,1072.5213623046875,1381.88671875,878.3270568847656
171,171,7.125,250,0,pedestrian,0.40121763944625854,1007.8184814453125,814.6019287109375,1038.26806640625,913.5331420898438,1023.0432739257812,864.0675354003906
171,171,7.125,4,1,car,0.26340991258621216,895.3790283203125,496.1305847167969,937.156982421875,537.1011352539062,916.2680053710938,516.6158599853516
171,171,7.125,283,0,pedestrian,0.5675481557846069,1506.944580078125,640.4188232421875,1537.5772705078125,712.692138671875,1522.2609252929688,676.5554809570312
172,172,7.166666666666667,95,1,car,0.39604511857032776,376.4703063964844,700.783935546875,480.27886962890625,812.5046997070312,428.3745880126953,756.6443176269531
172,172,7.166666666666667,13,0,pedestrian,0.5159226059913635,490.1487731933594,714.8079223632812,525.8284912109375,816.92919921875,507.98863220214844,765.8685607910156
172,172,7.166666666666667,42,1,car,0.5522332787513733,842.6563720703125,535.8672485351562,891.48779296875,586.5460815429688,867.0720825195312,561.2066650390625
172,172,7.166666666666667,336,2,van,0.28117939829826355,1157.7022705078125,574.9095458984375,1209.8753662109375,636.1093139648438,1183.788818359375,605.5094299316406
172,172,7.166666666666667,250,0,pedestrian,0.37390565872192383,1007.553466796875,814.8662719726562,1038.40234375,913.814453125,1022.9779052734375,864.3403625488281
172,172,7.166666666666667,4,1,car,0.31726792454719543,895.6043701171875,496.3013000488281,937.318359375,537.2039794921875,916.4613647460938,516.7526397705078
172,172,7.166666666666667,283,0,pedestrian,0.577945351600647,1507.7623291015625,640.248291015625,1539.76611328125,713.4627685546875,1523.7642211914062,676.8555297851562
172,172,7.166666666666667,272,1,car,0.2524157464504242,488.5962829589844,798.9381713867188,610.966796875,961.5901489257812,549.7815399169922,880.26416015625
173,173,7.208333333333333,95,1,car,0.35942336916923523,376.50396728515625,699.8985595703125,480.1918029785156,812.7371215820312,428.34788513183594,756.3178405761719
173,173,7.208333333333333,13,0,pedestrian,0.41203388571739197,490.38983154296875,716.1857299804688,525.9284057617188,817.1964111328125,508.15911865234375,766.6910705566406
173,173,7.208333333333333,42,1,car,0.6748292446136475,843.113037109375,535.8785400390625,891.7928466796875,586.04833984375,867.4529418945312,560.9634399414062
173,173,7.208333333333333,336,2,van,0.2937222123146057,1157.0770263671875,574.8849487304688,1210.1124267578125,634.837890625,1183.5947265625,604.8614196777344
173,173,7.208333333333333,250,0,pedestrian,0.31784990429878235,1007.05859375,815.725341796875,1038.1182861328125,913.9327392578125,1022.5884399414062,864.8290405273438
173,173,7.208333333333333,4,1,car,0.40991637110710144,895.9083251953125,497.2882385253906,937.230712890625,536.8151245117188,916.5695190429688,517.0516815185547
173,173,7.208333333333333,283,0,pedestrian,0.3495555818080902,1508.063720703125,641.1625366210938,1540.650390625,714.0941772460938,1524.3570556640625,677.6283569335938
173,173,7.208333333333333,286,4,bus,0.4008796513080597,1094.9158935546875,676.8300170898438,1665.4481201171875,1072.4471435546875,1380.1820068359375,874.6385803222656
174,174,7.25,95,1,car,0.4931088387966156,378.2203063964844,700.5921020507812,479.6033020019531,813.1177978515625,428.91180419921875,756.8549499511719
174,174,7.25,13,0,pedestrian,0.40932387113571167,490.76904296875,718.3767700195312,526.3795166015625,817.4624633789062,508.57427978515625,767.9196166992188
174,174,7.25,42,1,car,0.675261378288269,843.7583618164062,535.8923950195312,891.7125854492188,585.3511352539062,867.7354736328125,560.6217651367188
174,174,7.25,336,2,van,0.26218700408935547,1157.11328125,574.7086791992188,1209.827880859375,634.512451171875,1183.4705810546875,604.6105651855469
174,174,7.25,250,0,pedestrian,0.42633360624313354,1006.16064453125,816.8440551757812,1037.8463134765625,914.7042846679688,1022.0034790039062,865.774169921875
174,174,7.25,4,1,car,0.36960718035697937,895.9186401367188,497.966552734375,937.3662719726562,536.3090209960938,916.6424560546875,517.1377868652344
174,174,7.25,283,0,pedestrian,0.3869054317474365,1508.2957763671875,642.3328247070312,1541.162841796875,714.558349609375,1524.7293090820312,678.4455871582031
174,174,7.25,286,4,bus,0.315518319606781,1094.4447021484375,671.0145874023438,1669.63525390625,1076.3233642578125,1382.0399780273438,873.6689758300781
174,174,7.25,272,3,truck,0.40349245071411133,495.45794677734375,792.2283935546875,614.5674438476562,949.14697265625,555.0126953125,870.6876831054688
175,175,7.291666666666667,95,1,car,0.47104132175445557,379.2585754394531,700.5838012695312,479.07958984375,814.0018310546875,429.16908264160156,757.2928161621094
175,175,7.291666666666667,13,0,pedestrian,0.36107107996940613,490.80108642578125,718.4132690429688,526.497802734375,817.8728637695312,508.6494445800781,768.14306640625
175,175,7.291666666666667,42,1,car,0.6949358582496643,845.0823364257812,535.7215576171875,891.3507080078125,584.524169921875,868.2165222167969,560.1228637695312
175,175,7.291666666666667,336,2,van,0.28165164589881897,1156.224853515625,574.8270263671875,1210.4058837890625,635.3463134765625,1183.3153686523438,605.086669921875
175,175,7.291666666666667,250,0,pedestrian,0.3504790663719177,1004.4044189453125,816.2811889648438,1037.3704833984375,915.6510009765625,1020.887451171875,865.9660949707031
175,175,7.291666666666667,4,1,car,0.32169270515441895,896.2752685546875,498.40252685546875,937.5463256835938,535.5712280273438,916.9107971191406,516.9868774414062
175,175,7.291666666666667,283,0,pedestrian,0.2632561922073364,1509.5728759765625,643.9523315429688,1541.59716796875,715.7749633789062,1525.5850219726562,679.8636474609375
175,175,7.291666666666667,286,4,bus,0.37021180987358093,1092.8963623046875,670.732421875,1671.8140869140625,1078.8072509765625,1382.355224609375,874.7698364257812
176,176,7.333333333333333,95,1,car,0.44409701228141785,379.58709716796875,701.0028686523438,478.649169921875,814.339111328125,429.1181335449219,757.6709899902344
176,176,7.333333333333333,42,1,car,0.6681562066078186,846.5592651367188,535.9887084960938,891.1416625976562,583.3472900390625,868.8504638671875,559.6679992675781
176,176,7.333333333333333,250,0,pedestrian,0.2948501408100128,1004.04736328125,815.3003540039062,1036.81201171875,915.9107055664062,1020.4296875,865.6055297851562
176,176,7.333333333333333,4,1,car,0.2554521858692169,896.9691772460938,498.6404113769531,937.9290771484375,534.6785888671875,917.4491271972656,516.6595001220703
176,176,7.333333333333333,286,4,bus,0.5067102313041687,1095.7640380859375,670.8687133789062,1671.3656005859375,1079.718017578125,1383.5648193359375,875.2933654785156
176,176,7.333333333333333,272,2,van,0.2682943344116211,500.7813415527344,783.2523193359375,616.1183471679688,936.5907592773438,558.4498443603516,859.9215393066406
177,177,7.375,95,1,car,0.26592743396759033,379.5211486816406,701.7830200195312,478.2864074707031,815.2439575195312,428.9037780761719,758.5134887695312
177,177,7.375,42,1,car,0.6789544820785522,846.8579711914062,535.8336791992188,891.1439208984375,582.6804809570312,869.0009460449219,559.257080078125
177,177,7.375,4,1,car,0.3127405047416687,897.4888916015625,499.21759033203125,938.1190795898438,534.1996459960938,917.8039855957031,516.7086181640625
177,177,7.375,286,4,bus,0.32712072134017944,1098.5740966796875,669.242919921875,1671.9373779296875,1080.0,1385.2557373046875,874.6214599609375
177,177,7.375,368,0,pedestrian,0.369178831577301,1393.201904296875,591.715576171875,1417.74951171875,651.7654418945312,1405.4757080078125,621.7405090332031
177,177,7.375,272,3,truck,0.29568472504615784,501.79034423828125,780.2088623046875,616.9761352539062,931.4569091796875,559.3832397460938,855.8328857421875
177,177,7.375,283,0,pedestrian,0.49225038290023804,1513.381591796875,640.4761962890625,1546.1795654296875,715.5296630859375,1529.7805786132812,678.0029296875
178,178,7.416666666666667,95,1,car,0.30915722250938416,379.6539001464844,701.7378540039062,478.2247314453125,815.2913818359375,428.93931579589844,758.5146179199219
178,178,7.416666666666667,42,1,car,0.6212453842163086,847.0346069335938,535.307861328125,891.4816284179688,582.2327880859375,869.2581176757812,558.7703247070312
178,178,7.416666666666667,4,1,car,0.31246867775917053,897.5623779296875,498.9561767578125,938.35498046875,533.885986328125,917.9586791992188,516.4210815429688
178,178,7.416666666666667,286,4,bus,0.32017505168914795,1098.258544921875,668.9803466796875,1674.8099365234375,1080.0,1386.5342407226562,874.4901733398438
178,178,7.416666666666667,370,3,truck,0.3340580463409424,948.7142944335938,438.552734375,980.4869384765625,474.0655822753906,964.6006164550781,456.3091583251953
178,178,7.416666666666667,283,0,pedestrian,0.5095818042755127,1516.2152099609375,639.6361083984375,1547.716552734375,715.9290161132812,1531.9658813476562,677.7825622558594
179,179,7.458333333333333,42,1,car,0.6676449179649353,847.0191650390625,534.9144287109375,891.7984619140625,581.9993896484375,869.4088134765625,558.4569091796875
179,179,7.458333333333333,4,1,car,0.2973822057247162,897.5866088867188,498.5452575683594,938.7820434570312,533.5825805664062,918.184326171875,516.0639190673828
179,179,7.458333333333333,286,4,bus,0.46363040804862976,1097.2200927734375,672.5243530273438,1677.0177001953125,1078.06298828125,1387.118896484375,875.2936706542969
179,179,7.458333333333333,370,3,truck,0.2749236822128296,948.9954833984375,438.438720703125,980.2921752929688,473.8788146972656,964.6438293457031,456.1587677001953
179,179,7.458333333333333,283,0,pedestrian,0.30974075198173523,1518.4136962890625,637.9254150390625,1549.5714111328125,714.1510009765625,1533.9925537109375,676.0382080078125
179,179,7.458333333333333,250,0,pedestrian,0.25040239095687866,1003.003662109375,811.3043823242188,1034.484130859375,915.6475219726562,1018.743896484375,863.4759521484375
179,179,7.458333333333333,368,0,pedestrian,0.3280765116214752,1393.9525146484375,587.1218872070312,1420.40771484375,652.4849243164062,1407.1801147460938,619.8034057617188
180,180,7.5,42,1,car,0.6743484139442444,848.1085815429688,535.2605590820312,891.7887573242188,581.615966796875,869.9486694335938,558.4382629394531
180,180,7.5,286,4,bus,0.29790276288986206,1096.998779296875,681.3704833984375,1680.02392578125,1077.997314453125,1388.5113525390625,879.6838989257812
180,180,7.5,370,3,truck,0.2717771828174591,949.1363525390625,438.41107177734375,980.0657958984375,473.6590576171875,964.60107421875,456.0350646972656
180,180,7.5,283,0,pedestrian,0.38837558031082153,1519.087158203125,638.3624267578125,1550.709716796875,713.7567138671875,1534.8984375,676.0595703125
180,180,7.5,368,0,pedestrian,0.33704814314842224,1394.091552734375,584.7518920898438,1421.2584228515625,651.2893676757812,1407.6749877929688,618.0206298828125
180,180,7.5,336,1,car,0.3000149428844452,1155.014892578125,575.5366821289062,1210.467529296875,636.1151123046875,1182.7412109375,605.8258972167969
180,180,7.5,272,3,truck,0.3344971537590027,511.0392761230469,771.6517944335938,620.9312133789062,917.633544921875,565.9852447509766,844.6426696777344
180,180,7.5,95,1,car,0.43681079149246216,380.2216796875,706.1211547851562,477.0883483886719,814.8920288085938,428.65501403808594,760.506591796875
181,181,7.541666666666667,42,1,car,0.6651054620742798,848.542236328125,534.8448486328125,892.2459106445312,580.6008911132812,870.3940734863281,557.7228698730469
181,181,7.541666666666667,286,4,bus,0.3246041238307953,1096.8427734375,672.814208984375,1678.7315673828125,1079.3328857421875,1387.7871704101562,876.0735473632812
181,181,7.541666666666667,283,0,pedestrian,0.6111825704574585,1518.5673828125,637.3897094726562,1552.070068359375,715.2418212890625,1535.3187255859375,676.3157653808594
181,181,7.541666666666667,368,0,pedestrian,0.3791908919811249,1394.6932373046875,582.7860107421875,1422.58837890625,651.5308837890625,1408.6408081054688,617.158447265625
181,181,7.541666666666667,377,0,pedestrian,0.3290276825428009,1357.9481201171875,588.39990234375,1386.478515625,657.8856811523438,1372.2133178710938,623.1427917480469
181,181,7.541666666666667,272,1,car,0.3279799818992615,513.9276733398438,768.2787475585938,621.7452392578125,913.2950439453125,567.8364562988281,840.7868957519531
181,181,7.541666666666667,95,1,car,0.33336544036865234,380.1946716308594,706.9727172851562,476.897705078125,814.730224609375,428.5461883544922,760.8514709472656
181,181,7.541666666666667,4,1,car,0.3483806252479553,898.124755859375,498.8583679199219,939.2236938476562,533.3543701171875,918.6742248535156,516.1063690185547
181,181,7.541666666666667,250,0,pedestrian,0.4742688238620758,1001.63037109375,811.2086181640625,1034.735595703125,914.7470092773438,1018.1829833984375,862.9778137207031
182,182,7.583333333333333,42,1,car,0.7032241821289062,849.1041870117188,534.2571411132812,892.3438110351562,579.9058837890625,870.7239990234375,557.0815124511719
182,182,7.583333333333333,286,4,bus,0.33774781227111816,1097.268310546875,667.412353515625,1677.4288330078125,1079.8958740234375,1387.3485717773438,873.6541137695312
182,182,7.583333333333333,283,0,pedestrian,0.25528934597969055,1518.4896240234375,637.1824340820312,1553.010986328125,716.632080078125,1535.7503051757812,676.9072570800781
182,182,7.583333333333333,368,0,pedestrian,0.3537715971469879,1395.47314453125,583.02685546875,1423.616943359375,651.692138671875,1409.5450439453125,617.3594970703125
182,182,7.583333333333333,377,0,pedestrian,0.2818244993686676,1357.2869873046875,588.8047485351562,1385.9058837890625,658.0714721679688,1371.596435546875,623.4381103515625
182,182,7.583333333333333,95,1,car,0.33377397060394287,380.1177673339844,706.0465698242188,476.7719421386719,814.7274780273438,428.4448547363281,760.3870239257812
182,182,7.583333333333333,4,1,car,0.4068698287010193,898.4939575195312,499.7142028808594,938.939208984375,532.8757934570312,918.7165832519531,516.2949981689453
182,182,7.583333333333333,250,0,pedestrian,0.47047269344329834,1000.225830078125,808.2373657226562,1034.757568359375,914.55029296875,1017.49169921875,861.3938293457031
183,183,7.625,42,1,car,0.6604543328285217,849.5066528320312,533.6503295898438,892.2515869140625,579.01416015625,870.8791198730469,556.3322448730469
183,183,7.625,283,0,pedestrian,0.5526050925254822,1519.6241455078125,638.2265625,1552.6646728515625,718.6513671875,1536.1444091796875,678.43896484375
183,183,7.625,368,0,pedestrian,0.31153109669685364,1395.582763671875,584.0781860351562,1424.2081298828125,653.79296875,1409.8954467773438,618.9355773925781
183,183,7.625,377,0,pedestrian,0.27044034004211426,1357.1561279296875,589.3648071289062,1385.595458984375,659.0831298828125,1371.3757934570312,624.2239685058594
183,183,7.625,95,1,car,0.28315311670303345,378.7332458496094,702.3579711914062,477.67010498046875,815.0358276367188,428.20167541503906,758.6968994140625
183,183,7.625,4,1,car,0.3996865153312683,899.3426513671875,500.8139953613281,938.5098876953125,532.0076293945312,918.92626953125,516.4108123779297
183,183,7.625,250,0,pedestrian,0.45344278216362,1000.07666015625,805.0972900390625,1033.9345703125,913.9423217773438,1017.005615234375,859.5198059082031
183,183,7.625,13,0,pedestrian,0.4344521164894104,490.1929931640625,715.6253662109375,526.9778442382812,818.1112060546875,508.5854187011719,766.8682861328125
183,183,7.625,370,3,truck,0.2907980680465698,948.88427734375,438.3585205078125,979.25634765625,473.763427734375,964.0703125,456.06097412109375
183,183,7.625,272,1,car,0.3670918643474579,518.6480712890625,761.378173828125,623.2581176757812,905.1281127929688,570.9530944824219,833.2531433105469
184,184,7.666666666666667,42,1,car,0.6436029076576233,849.9307861328125,532.08544921875,892.5291748046875,578.2002563476562,871.22998046875,555.1428527832031
184,184,7.666666666666667,283,0,pedestrian,0.32417017221450806,1520.752197265625,640.7254028320312,1553.4332275390625,722.8062744140625,1537.0927124023438,681.7658386230469
184,184,7.666666666666667,95,1,car,0.2607834041118622,378.1418762207031,700.7625122070312,477.8512878417969,814.5131225585938,427.99658203125,757.6378173828125
184,184,7.666666666666667,4,1,car,0.3222366273403168,900.1229248046875,501.1461181640625,937.962890625,530.9357299804688,919.0429077148438,516.0409240722656
184,184,7.666666666666667,13,0,pedestrian,0.47354793548583984,490.4472961425781,715.2536010742188,526.3497314453125,817.89697265625,508.3985137939453,766.5752868652344
184,184,7.666666666666667,370,3,truck,0.40614110231399536,948.5403442382812,437.9371643066406,979.2678833007812,473.7301025390625,963.9041137695312,455.83363342285156
184,184,7.666666666666667,336,1,car,0.28868651390075684,1156.436279296875,576.1353149414062,1208.9412841796875,634.9099731445312,1182.6887817382812,605.5226440429688
185,185,7.708333333333333,42,1,car,0.6263236999511719,850.6093139648438,530.911376953125,892.6541748046875,577.4429321289062,871.6317443847656,554.1771545410156
185,185,7.708333333333333,283,0,pedestrian,0.6297304630279541,1521.6474609375,645.5894165039062,1553.1854248046875,724.5615844726562,1537.4164428710938,685.0755004882812
185,185,7.708333333333333,95,1,car,0.25096696615219116,377.3625793457031,700.0427856445312,477.7663269042969,813.4811401367188,427.564453125,756.761962890625
185,185,7.708333333333333,4,1,car,0.34969907999038696,900.6024169921875,501.3832702636719,937.8800659179688,531.081298828125,919.2412414550781,516.2322845458984
185,185,7.708333333333333,13,0,pedestrian,0.3968016505241394,490.9161376953125,716.2350463867188,525.7315063476562,816.5026245117188,508.3238220214844,766.3688354492188
185,185,7.708333333333333,370,3,truck,0.4087606370449066,948.7137451171875,437.6969299316406,978.9898071289062,473.8066711425781,963.8517761230469,455.7518005371094
185,185,7.708333333333333,286,4,bus,0.3602544665336609,1096.98291015625,674.5692138671875,1668.7410888671875,1080.0,1382.8619995117188,877.2846069335938
185,185,7.708333333333333,272,1,car,0.3237779140472412,520.896240234375,755.68212890625,624.5313720703125,897.5372924804688,572.7138061523438,826.6097106933594
186,186,7.75,42,1,car,0.5879392027854919,851.4546508789062,529.9996948242188,892.6913452148438,576.889404296875,872.072998046875,553.4445495605469
186,186,7.75,283,0,pedestrian,0.6122174263000488,1521.9111328125,647.0247192382812,1553.2984619140625,725.6254272460938,1537.6047973632812,686.3250732421875
186,186,7.75,4,1,car,0.3331865668296814,900.6484985351562,501.1956787109375,938.194091796875,531.4572143554688,919.4212951660156,516.3264465332031
186,186,7.75,13,0,pedestrian,0.2863925099372864,491.1546325683594,717.5265502929688,525.240966796875,817.3858032226562,508.1977996826172,767.4561767578125
186,186,7.75,370,3,truck,0.3404904305934906,949.1995239257812,437.64447021484375,978.6380615234375,473.83599853515625,963.9187927246094,455.740234375
187,187,7.791666666666667,42,1,car,0.5531217455863953,851.7645263671875,529.5317993164062,892.8333740234375,576.8402709960938,872.2989501953125,553.18603515625
187,187,7.791666666666667,283,0,pedestrian,0.5759168267250061,1523.14111328125,647.9746704101562,1553.865966796875,725.7615356445312,1538.5035400390625,686.8681030273438
187,187,7.791666666666667,4,1,car,0.33754414319992065,900.5698852539062,500.9254455566406,938.6604614257812,531.7909545898438,919.6151733398438,516.3582000732422
187,187,7.791666666666667,370,3,truck,0.3516141474246979,949.445556640625,437.8854064941406,978.2288818359375,473.7479248046875,963.8372192382812,455.81666564941406
187,187,7.791666666666667,95,1,car,0.2575899660587311,377.77349853515625,700.6792602539062,477.32659912109375,814.0065307617188,427.550048828125,757.3428955078125
188,188,7.833333333333333,42,1,car,0.5089808106422424,851.8143920898438,529.2094116210938,893.002197265625,576.8728637695312,872.4082946777344,553.0411376953125
188,188,7.833333333333333,283,0,pedestrian,0.59800124168396,1524.4244384765625,649.1261596679688,1554.6627197265625,725.6624145507812,1539.5435791015625,687.394287109375
188,188,7.833333333333333,4,1,car,0.33452197909355164,900.5150146484375,500.7746887207031,938.8637084960938,531.8115844726562,919.6893615722656,516.2931365966797
188,188,7.833333333333333,370,3,truck,0.30490776896476746,949.837890625,438.7167053222656,977.46826171875,473.6029357910156,963.653076171875,456.1598205566406
188,188,7.833333333333333,390,3,truck,0.333857923746109,1009.9932250976562,424.9801940917969,1041.330322265625,459.8663635253906,1025.6617736816406,442.42327880859375
188,188,7.833333333333333,95,1,car,0.2597501277923584,378.1422119140625,701.2571411132812,476.83404541015625,814.41162109375,427.4881286621094,757.8343811035156
188,188,7.833333333333333,336,2,van,0.3186545968055725,1157.052978515625,575.6351318359375,1212.3092041015625,644.2366333007812,1184.6810913085938,609.9358825683594
189,189,7.875,42,1,car,0.5006850361824036,851.7028198242188,529.4452514648438,893.1842651367188,577.1469116210938,872.4435424804688,553.2960815429688
189,189,7.875,283,0,pedestrian,0.6277636289596558,1525.6370849609375,649.3728637695312,1555.86572265625,725.3613891601562,1540.7514038085938,687.3671264648438
189,189,7.875,4,1,car,0.34590113162994385,900.5203247070312,500.6921691894531,939.1951293945312,531.9503173828125,919.8577270507812,516.3212432861328
189,189,7.875,370,3,truck,0.2850983142852783,950.344970703125,440.2731628417969,977.5606079101562,473.81561279296875,963.9527893066406,457.0443878173828
189,189,7.875,390,3,truck,0.3605356216430664,1008.1936645507812,427.4252624511719,1042.6060791015625,462.14605712890625,1025.3998718261719,444.78565979003906
189,189,7.875,336,2,van,0.2888110280036926,1157.1383056640625,575.663818359375,1213.05712890625,643.677734375,1185.0977172851562,609.6707763671875
189,189,7.875,286,4,bus,0.309856116771698,1095.0426025390625,658.5728759765625,1674.328369140625,1079.6343994140625,1384.6854858398438,869.1036376953125
189,189,7.875,13,0,pedestrian,0.305317223072052,489.78997802734375,717.9642333984375,524.927490234375,819.287841796875,507.3587341308594,768.6260375976562
190,190,7.916666666666667,42,1,car,0.6233099102973938,851.8088989257812,531.6271362304688,893.9337768554688,577.7806396484375,872.871337890625,554.7038879394531
190,190,7.916666666666667,283,0,pedestrian,0.5684529542922974,1527.2279052734375,649.6958618164062,1558.4508056640625,723.5725708007812,1542.83935546875,686.6342163085938
190,190,7.916666666666667,4,1,car,0.4062272310256958,901.130615234375,500.5994873046875,939.6910400390625,532.3552856445312,920.4108276367188,516.4773864746094
190,190,7.916666666666667,370,3,truck,0.25679442286491394,951.0836181640625,441.721923828125,977.5636596679688,473.72564697265625,964.3236389160156,457.7237854003906
190,190,7.916666666666667,390,3,truck,0.3575138747692108,1007.9984130859375,429.172607421875,1042.37158203125,463.23675537109375,1025.1849975585938,446.2046813964844
190,190,7.916666666666667,336,2,van,0.3297882378101349,1157.4278564453125,573.8624267578125,1214.2923583984375,646.4364013671875,1185.860107421875,610.1494140625
190,190,7.916666666666667,286,4,bus,0.38888028264045715,1097.59326171875,660.547607421875,1680.4417724609375,1079.130126953125,1389.0175170898438,869.8388671875
190,190,7.916666666666667,13,0,pedestrian,0.278705894947052,492.73883056640625,725.1322021484375,526.7869262695312,822.3839111328125,509.76287841796875,773.758056640625
190,190,7.916666666666667,250,0,pedestrian,0.3312317430973053,1000.9842529296875,812.23095703125,1035.1785888671875,913.7976684570312,1018.0814208984375,863.0143127441406
190,190,7.916666666666667,95,1,car,0.43858593702316284,382.2022705078125,707.947998046875,477.7667236328125,815.5642700195312,429.9844970703125,761.7561340332031
191,191,7.958333333333333,42,1,car,0.49540975689888,853.6498413085938,530.8945922851562,896.2288208007812,578.1343994140625,874.9393310546875,554.5144958496094
191,191,7.958333333333333,283,0,pedestrian,0.7197134494781494,1533.197998046875,642.9127807617188,1562.0546875,718.9513549804688,1547.6263427734375,680.9320678710938
191,191,7.958333333333333,4,1,car,0.4059266149997711,901.6056518554688,500.7718505859375,940.2506103515625,531.9057006835938,920.9281311035156,516.3387756347656
191,191,7.958333333333333,390,3,truck,0.2826906144618988,1008.4798583984375,429.5199279785156,1042.598876953125,463.5502014160156,1025.5393676757812,446.5350646972656
191,191,7.958333333333333,286,4,bus,0.3396148681640625,1100.6741943359375,659.9805908203125,1686.2698974609375,1078.326904296875,1393.4720458984375,869.1537475585938
191,191,7.958333333333333,13,0,pedestrian,0.36073219776153564,496.4046630859375,728.2789306640625,529.1846923828125,825.2047729492188,512.794677734375,776.7418518066406
191,191,7.958333333333333,395,0,pedestrian,0.34589385986328125,1101.7037353515625,533.7973022460938,1122.5062255859375,583.0452270507812,1112.10498046875,558.4212646484375
191,191,7.958333333333333,95,1,car,0.41975319385528564,382.0104064941406,710.8148803710938,480.9100646972656,819.3449096679688,431.4602355957031,765.0798950195312
191,191,7.958333333333333,377,0,pedestrian,0.2736402153968811,1363.3902587890625,590.5350341796875,1386.01025390625,658.3344116210938,1374.7002563476562,624.4347229003906
192,192,8.0,42,1,car,0.5515624284744263,857.3260498046875,533.2855834960938,900.3368530273438,578.63916015625,878.8314514160156,555.9623718261719
192,192,8.0,283,0,pedestrian,0.46003735065460205,1539.7373046875,642.8804321289062,1568.4912109375,717.986572265625,1554.1142578125,680.4335021972656
192,192,8.0,390,3,truck,0.27024319767951965,1012.0081787109375,429.8470153808594,1047.12744140625,463.8479919433594,1029.5678100585938,446.8475036621094
192,192,8.0,13,0,pedestrian,0.3062235414981842,502.86627197265625,731.5227661132812,534.179443359375,826.1893310546875,518.5228576660156,778.8560485839844
192,192,8.0,395,0,pedestrian,0.2838417589664459,1104.9951171875,533.9478149414062,1126.0235595703125,578.8645629882812,1115.5093383789062,556.4061889648438
192,192,8.0,95,1,car,0.5957289338111877,388.1783752441406,712.5154418945312,487.1512145996094,822.4921875,437.664794921875,767.5038146972656
192,192,8.0,397,0,pedestrian,0.35990336537361145,523.1904296875,622.353759765625,542.3745727539062,676.7740478515625,532.7825012207031,649.5639038085938
192,192,8.0,272,3,truck,0.39573103189468384,538.0955200195312,749.7932739257812,640.3985595703125,934.7183837890625,589.2470397949219,842.2558288574219
192,192,8.0,336,2,van,0.28085893392562866,1159.8873291015625,573.973876953125,1218.760986328125,655.8532104492188,1189.3241577148438,614.9135437011719
193,193,8.041666666666666,42,1,car,0.5716651678085327,858.5516357421875,536.969482421875,902.3668823242188,583.2769165039062,880.4592590332031,560.1231994628906
193,193,8.041666666666666,283,0,pedestrian,0.5345488786697388,1542.909423828125,647.7073364257812,1572.3416748046875,724.8302001953125,1557.6255493164062,686.2687683105469
193,193,8.041666666666666,390,3,truck,0.48245692253112793,1013.7037963867188,431.95050048828125,1051.2147216796875,469.6320495605469,1032.4592590332031,450.79127502441406
193,193,8.041666666666666,13,0,pedestrian,0.4070533812046051,503.6846008300781,739.3944091796875,534.74658203125,832.4130859375,519.2155914306641,785.9037475585938
193,193,8.041666666666666,95,1,car,0.38379424810409546,389.23699951171875,713.7955932617188,490.2087097167969,827.0458374023438,439.7228546142578,770.4207153320312
193,193,8.041666666666666,4,1,car,0.5441394448280334,908.449951171875,501.8504333496094,945.2216796875,535.0499877929688,926.8358154296875,518.4502105712891
193,193,8.041666666666666,286,4,bus,0.28227826952934265,1115.5010986328125,701.642333984375,1715.5948486328125,1079.6741943359375,1415.5479736328125,890.6582641601562
194,194,8.083333333333334,42,1,car,0.2817383408546448,862.1726684570312,539.9432373046875,903.8624877929688,586.6173706054688,883.017578125,563.2803039550781
194,194,8.083333333333334,283,0,pedestrian,0.4667511284351349,1546.2708740234375,654.0014038085938,1575.724365234375,732.0740966796875,1560.9976196289062,693.0377502441406
194,194,8.083333333333334,390,3,truck,0.5832744836807251,1014.5196533203125,436.1045837402344,1052.177490234375,475.4653015136719,1033.3485717773438,455.7849426269531
194,194,8.083333333333334,13,0,pedestrian,0.30564746260643005,505.1060791015625,739.2939453125,536.1416015625,836.9048461914062,520.6238403320312,788.0993957519531
194,194,8.083333333333334,95,1,car,0.4097350835800171,390.4189758300781,720.3196411132812,491.2200012207031,833.519775390625,440.8194885253906,776.9197082519531
194,194,8.083333333333334,4,1,car,0.4188501536846161,909.1220703125,505.5033874511719,946.1990356445312,538.6478271484375,927.6605529785156,522.0756072998047
194,194,8.083333333333334,272,3,truck,0.26728585362434387,544.0045166015625,756.1875610351562,643.840087890625,935.3645629882812,593.9223022460938,845.7760620117188
195,195,8.125,42,1,car,0.5856139063835144,863.149658203125,544.2413940429688,905.0743408203125,589.9552612304688,884.1119995117188,567.0983276367188
195,195,8.125,283,0,pedestrian,0.6498594880104065,1550.0587158203125,658.88818359375,1579.2491455078125,735.6300659179688,1564.6539306640625,697.2591247558594
195,195,8.125,390,3,truck,0.44881269335746765,1015.9169311523438,439.8907165527344,1051.8946533203125,473.4940490722656,1033.9057922363281,456.6923828125
195,195,8.125,13,0,pedestrian,0.7049522399902344,507.8013000488281,745.2820434570312,539.0192260742188,841.4617309570312,523.4102630615234,793.3718872070312
195,195,8.125,95,2,van,0.31173986196517944,392.32464599609375,724.0503540039062,492.93145751953125,837.1332397460938,442.6280517578125,780.591796875
195,195,8.125,4,1,car,0.3944356441497803,910.7278442382812,509.28173828125,947.973388671875,543.2506103515625,929.3506164550781,526.2661743164062
196,196,8.166666666666666,42,1,car,0.612032949924469,867.2351684570312,545.91943359375,912.3313598632812,590.4756469726562,889.7832641601562,568.1975402832031
196,196,8.166666666666666,283,0,pedestrian,0.6765710115432739,1558.0810546875,656.681884765625,1588.216552734375,734.2371215820312,1573.1488037109375,695.4595031738281
196,196,8.166666666666666,13,0,pedestrian,0.42909491062164307,514.874267578125,749.9955444335938,548.2711181640625,846.2139892578125,531.5726928710938,798.1047668457031
196,196,8.166666666666666,336,2,van,0.28967663645744324,1172.9537353515625,593.2225952148438,1230.7330322265625,656.7496337890625,1201.8433837890625,624.9861145019531
197,197,8.208333333333334,42,1,car,0.5871970653533936,882.9419555664062,546.85107421875,925.79638671875,591.9052734375,904.3691711425781,569.378173828125
197,197,8.208333333333334,283,0,pedestrian,0.6406460404396057,1576.04296875,656.3568115234375,1606.1519775390625,733.6614990234375,1591.0974731445312,695.0091552734375
197,197,8.208333333333334,13,0,pedestrian,0.686160683631897,529.9993286132812,749.2425537109375,564.1453857421875,849.3623046875,547.0723571777344,799.3024291992188
197,197,8.208333333333334,250,0,pedestrian,0.5621148347854614,1039.496337890625,841.074951171875,1081.946044921875,942.525390625,1060.72119140625,891.8001708984375
197,197,8.208333333333334,95,1,car,0.293068528175354,417.8033752441406,732.0195922851562,513.7010498046875,843.72900390625,465.75221252441406,787.8742980957031
197,197,8.208333333333334,4,1,car,0.3279169499874115,929.6015014648438,510.93865966796875,965.9534301757812,544.6334228515625,947.7774658203125,527.7860412597656
198,198,8.25,42,1,car,0.6389503479003906,891.9552612304688,549.4483032226562,935.5580444335938,595.0894775390625,913.7566528320312,572.2688903808594
198,198,8.25,283,0,pedestrian,0.5156694650650024,1589.7855224609375,659.3081665039062,1618.6773681640625,735.161865234375,1604.2314453125,697.2350158691406
198,198,8.25,250,0,pedestrian,0.3972126245498657,1052.071533203125,848.6784057617188,1088.9970703125,947.755859375,1070.5343017578125,898.2171325683594
198,198,8.25,4,1,car,0.2654964029788971,939.0675048828125,514.7745971679688,975.686279296875,548.6201171875,957.3768920898438,531.6973571777344
198,198,8.25,377,0,pedestrian,0.2566065490245819,1405.6070556640625,610.3612060546875,1429.7708740234375,671.3295288085938,1417.68896484375,640.8453674316406
198,198,8.25,286,4,bus,0.26872438192367554,1155.8670654296875,706.0479125976562,1761.2869873046875,1080.0,1458.5770263671875,893.0239562988281
199,199,8.291666666666666,42,1,car,0.5602436661720276,898.8157958984375,552.8079833984375,941.5972900390625,597.7275390625,920.20654296875,575.2677612304688
199,199,8.291666666666666,283,0,pedestrian,0.48243752121925354,1598.6295166015625,662.6970825195312,1626.861572265625,738.040283203125,1612.7455444335938,700.3686828613281
199,199,8.291666666666666,4,1,car,0.3574662208557129,944.8176879882812,520.5113525390625,981.9789428710938,552.5751953125,963.3983154296875,536.5432739257812
199,199,8.291666666666666,13,0,pedestrian,0.5984525680541992,547.120361328125,761.7321166992188,579.8779296875,857.0850219726562,563.4991455078125,809.4085693359375
199,199,8.291666666666666,95,1,car,0.3936951756477356,435.76446533203125,745.1220703125,531.5806274414062,853.5282592773438,483.67254638671875,799.3251647949219
200,200,8.333333333333334,42,1,car,0.3415840268135071,904.063232421875,553.5241088867188,946.329345703125,598.2054443359375,925.1962890625,575.8647766113281
200,200,8.333333333333334,283,0,pedestrian,0.6355129480361938,1603.6177978515625,664.4052124023438,1633.95556640625,742.2500610351562,1618.7866821289062,703.32763671875
200,200,8.333333333333334,13,0,pedestrian,0.5332038402557373,549.7027587890625,760.7752075195312,583.5675048828125,856.965576171875,566.6351318359375,808.8703918457031
200,200,8.333333333333334,95,1,car,0.40787750482559204,440.5333557128906,744.1367797851562,536.6959838867188,851.7342529296875,488.6146697998047,797.9355163574219
200,200,8.333333333333334,336,2,van,0.30534905195236206,1206.25927734375,599.0774536132812,1264.9537353515625,662.9443969726562,1235.6065063476562,631.0109252929688
201,201,8.375,42,1,car,0.5356833934783936,909.7039794921875,552.7164916992188,950.0302734375,597.322509765625,929.8671264648438,575.0195007324219
201,201,8.375,283,0,pedestrian,0.6912139058113098,1610.021484375,667.2103271484375,1639.9827880859375,743.81494140625,1625.0021362304688,705.5126342773438
201,201,8.375,13,0,pedestrian,0.6200080513954163,553.234619140625,754.5362548828125,588.5934448242188,852.7088012695312,570.9140319824219,803.6225280761719
201,201,8.375,95,2,van,0.44113340973854065,443.21575927734375,740.8309326171875,539.3638305664062,850.3929443359375,491.289794921875,795.6119384765625
202,202,8.416666666666666,42,1,car,0.6641978621482849,914.8335571289062,553.3573608398438,956.1849975585938,595.5390014648438,935.50927734375,574.4481811523438
202,202,8.416666666666666,283,0,pedestrian,0.3502861559391022,1615.9293212890625,669.8746948242188,1646.6923828125,743.9154663085938,1631.3108520507812,706.8950805664062
202,202,8.416666666666666,13,0,pedestrian,0.45412009954452515,559.7291870117188,753.331298828125,595.1223754882812,853.0451049804688,577.42578125,803.1882019042969
202,202,8.416666666666666,95,2,van,0.2512719929218292,453.4173889160156,744.6943359375,543.429443359375,851.34375,498.4234161376953,798.01904296875
202,202,8.416666666666666,390,4,bus,0.37431100010871887,1062.8907470703125,440.8554382324219,1099.6806640625,490.21502685546875,1081.2857055664062,465.5352325439453
202,202,8.416666666666666,4,1,car,0.28748470544815063,959.6456909179688,525.8156127929688,995.4890747070312,553.2715454101562,977.5673828125,539.5435791015625
203,203,8.458333333333334,42,1,car,0.3463151156902313,922.9325561523438,545.0213623046875,962.331298828125,588.103271484375,942.6319274902344,566.5623168945312
203,203,8.458333333333334,283,0,pedestrian,0.6945051550865173,1624.2523193359375,661.3621826171875,1656.0096435546875,737.5873413085938,1640.1309814453125,699.4747619628906
203,203,8.458333333333334,13,0,pedestrian,0.7651917934417725,566.8513793945312,744.9937133789062,601.9873046875,846.5442504882812,584.4193420410156,795.7689819335938
203,203,8.458333333333334,95,2,van,0.4030322730541229,458.5932312011719,733.4832153320312,545.1881103515625,843.005126953125,501.8906707763672,788.2441711425781
203,203,8.458333333333334,390,4,bus,0.4981265068054199,1069.3162841796875,434.60272216796875,1106.6123046875,483.6381530761719,1087.9642944335938,459.1204376220703
204,204,8.5,42,1,car,0.6914238929748535,923.5711059570312,537.1522216796875,963.3339233398438,580.39111328125,943.4525146484375,558.7716674804688
204,204,8.5,283,0,pedestrian,0.7767311334609985,1625.4898681640625,654.1121826171875,1658.619384765625,730.8839111328125,1642.0546264648438,692.498046875
204,204,8.5,13,0,pedestrian,0.6660944819450378,566.3583374023438,740.64501953125,601.9927978515625,841.0267944335938,584.1755676269531,790.8359069824219
204,204,8.5,95,2,van,0.6537306904792786,458.65277099609375,727.5148315429688,546.5971069335938,837.387939453125,502.62493896484375,782.4513854980469
204,204,8.5,390,3,truck,0.46962830424308777,1069.00537109375,430.7521667480469,1107.4759521484375,477.0558166503906,1088.2406616210938,453.90399169921875
204,204,8.5,286,4,bus,0.33759498596191406,1186.66748046875,689.5307006835938,1793.6241455078125,1079.541748046875,1490.1458129882812,884.5362243652344
205,205,8.541666666666666,42,1,car,0.640143096446991,923.082275390625,533.6959838867188,963.9791259765625,575.6533813476562,943.5307006835938,554.6746826171875
205,205,8.541666666666666,283,0,pedestrian,0.421650767326355,1627.959716796875,646.8688354492188,1659.1651611328125,722.8970947265625,1643.5624389648438,684.8829650878906
205,205,8.541666666666666,13,0,pedestrian,0.6498790979385376,567.4827880859375,735.0399780273438,602.5603637695312,837.1915283203125,585.0215759277344,786.1157531738281
205,205,8.541666666666666,95,2,van,0.5829408764839172,460.015380859375,724.2037963867188,547.2615356445312,834.40185546875,503.6384582519531,779.3028259277344
205,205,8.541666666666666,390,4,bus,0.3419119417667389,1069.23486328125,427.6524963378906,1106.1019287109375,471.209716796875,1087.6683959960938,449.4311065673828
206,206,8.583333333333334,42,1,car,0.5807546377182007,922.2011108398438,523.1345825195312,962.6085205078125,565.8007202148438,942.4048156738281,544.4676513671875
206,206,8.583333333333334,283,0,pedestrian,0.6767135858535767,1626.016845703125,637.739013671875,1659.75244140625,712.5999145507812,1642.8846435546875,675.1694641113281
206,206,8.583333333333334,13,0,pedestrian,0.7778958678245544,566.2756958007812,726.2057495117188,601.4719848632812,828.8470458984375,583.8738403320312,777.5263977050781
206,206,8.583333333333334,390,3,truck,0.41124045848846436,1066.5162353515625,409.4375305175781,1105.7156982421875,462.9151611328125,1086.115966796875,436.1763458251953
207,207,8.625,42,1,car,0.6136380434036255,920.3329467773438,518.5355834960938,960.4768676757812,560.8515625,940.4049072265625,539.6935729980469
207,207,8.625,283,0,pedestrian,0.7728949189186096,1622.0472412109375,633.7901611328125,1658.4420166015625,708.9768676757812,1640.24462890625,671.3835144042969
207,207,8.625,13,0,pedestrian,0.7649309039115906,560.8862915039062,720.0765380859375,597.5697021484375,824.5830078125,579.2279968261719,772.3297729492188
207,207,8.625,390,4,bus,0.4142477512359619,1063.4852294921875,408.6014099121094,1104.115966796875,458.8561096191406,1083.8005981445312,433.728759765625
208,208,8.666666666666666,42,1,car,0.5262857675552368,919.4451904296875,515.4937744140625,960.4025268554688,559.131591796875,939.9238586425781,537.3126831054688
208,208,8.666666666666666,283,0,pedestrian,0.6264001727104187,1622.4228515625,632.1941528320312,1658.07470703125,707.8638916015625,1640.248779296875,670.0290222167969
208,208,8.666666666666666,13,0,pedestrian,0.6897542476654053,559.8226318359375,718.239501953125,596.1836547851562,821.7351684570312,578.0031433105469,769.9873352050781
208,208,8.666666666666666,390,3,truck,0.36956432461738586,1063.2738037109375,411.44158935546875,1102.504638671875,457.1801452636719,1082.8892211914062,434.3108673095703
208,208,8.666666666666666,448,1,car,0.5223639607429504,459.1778564453125,997.7203979492188,651.8524169921875,1077.0899658203125,555.51513671875,1037.4051818847656
208,208,8.666666666666666,95,2,van,0.31870442628860474,454.9305114746094,709.6536254882812,549.2094116210938,820.893310546875,502.06996154785156,765.2734680175781
209,209,8.708333333333334,42,1,car,0.5418118834495544,917.5595092773438,513.2991333007812,960.1473999023438,554.1267700195312,938.8534545898438,533.7129516601562
209,209,8.708333333333334,283,0,pedestrian,0.5994372963905334,1619.0875244140625,626.6023559570312,1655.5025634765625,705.5223999023438,1637.2950439453125,666.0623779296875
209,209,8.708333333333334,13,0,pedestrian,0.3959391713142395,558.0068359375,717.82275390625,594.4442749023438,818.8590698242188,576.2255554199219,768.3409118652344
209,209,8.708333333333334,390,3,truck,0.5334432721138,1062.2821044921875,409.61639404296875,1100.2169189453125,454.4167785644531,1081.24951171875,432.01658630371094
209,209,8.708333333333334,448,1,car,0.5903077721595764,459.5057373046875,984.9962768554688,652.5913696289062,1077.901123046875,556.0485534667969,1031.4486999511719
209,209,8.708333333333334,95,1,car,0.47203996777534485,452.2351379394531,708.24365234375,549.2693481445312,817.4295043945312,500.7522430419922,762.8365783691406
210,210,8.75,42,1,car,0.4761091470718384,913.9525146484375,508.501220703125,953.5092163085938,550.3112182617188,933.7308654785156,529.4062194824219
210,210,8.75,283,0,pedestrian,0.6861746311187744,1615.5169677734375,622.8251953125,1650.4119873046875,702.2305908203125,1632.9644775390625,662.5278930664062
210,210,8.75,13,0,pedestrian,0.31796178221702576,552.973388671875,715.6315307617188,589.5641479492188,815.6226806640625,571.2687683105469,765.6271057128906
210,210,8.75,390,3,truck,0.26734763383865356,1058.5565185546875,408.3625183105469,1093.6785888671875,451.2051696777344,1076.1175537109375,429.7838439941406
210,210,8.75,448,2,van,0.4799484312534332,457.6976013183594,971.7001342773438,654.9660034179688,1078.958740234375,556.3318023681641,1025.3294372558594
210,210,8.75,455,3,truck,0.40752342343330383,957.1555786132812,472.9320983886719,995.7548217773438,506.63250732421875,976.4552001953125,489.7823028564453
211,211,8.791666666666666,42,1,car,0.3965141773223877,912.6586303710938,505.4605712890625,951.7180786132812,548.2654418945312,932.1883544921875,526.8630065917969
211,211,8.791666666666666,283,0,pedestrian,0.5765606164932251,1615.55224609375,621.3743286132812,1648.6231689453125,699.5385131835938,1632.0877075195312,660.4564208984375
211,211,8.791666666666666,13,0,pedestrian,0.3691881597042084,551.5247192382812,718.3563842773438,587.881591796875,814.8025512695312,569.7031555175781,766.5794677734375
211,211,8.791666666666666,448,1,car,0.438259482383728,464.087158203125,961.7284545898438,660.1593627929688,1079.7449951171875,562.1232604980469,1020.7367248535156
211,211,8.791666666666666,455,1,car,0.406493216753006,957.7464599609375,476.2916259765625,989.3665771484375,504.1679382324219,973.5565185546875,490.2297821044922
211,211,8.791666666666666,250,0,pedestrian,0.503455400466919,1074.5406494140625,822.3226928710938,1107.9132080078125,924.7302856445312,1091.2269287109375,873.5264892578125
211,211,8.791666666666666,336,3,truck,0.3013717830181122,1205.2364501953125,551.8670654296875,1266.197265625,633.023193359375,1235.7168579101562,592.4451293945312
211,211,8.791666666666666,95,1,car,0.3163791298866272,445.9425048828125,705.3765258789062,545.5945434570312,812.62353515625,495.7685241699219,759.0000305175781
212,212,8.833333333333334,283,0,pedestrian,0.5704939961433411,1610.5804443359375,621.341064453125,1645.8338623046875,698.7925415039062,1628.2071533203125,660.0668029785156
212,212,8.833333333333334,13,0,pedestrian,0.6670291423797607,550.3905639648438,721.9466552734375,585.1500244140625,814.0968017578125,567.7702941894531,768.021728515625
212,212,8.833333333333334,448,1,car,0.633265495300293,472.71917724609375,950.4183349609375,670.4266967773438,1079.5302734375,571.5729370117188,1014.9743041992188
212,212,8.833333333333334,455,1,car,0.4299400746822357,957.875,478.50714111328125,987.2438354492188,502.70709228515625,972.5594177246094,490.60711669921875
212,212,8.833333333333334,463,2,van,0.5262755751609802,1114.1453857421875,519.8981323242188,1164.89013671875,580.3131713867188,1139.5177612304688,550.1056518554688
212,212,8.833333333333334,464,1,car,0.374176025390625,445.2243347167969,704.180908203125,540.9608154296875,811.4183959960938,493.0925750732422,757.7996520996094
212,212,8.833333333333334,250,0,pedestrian,0.424765020608902,1069.707763671875,819.8693237304688,1105.2794189453125,924.713134765625,1087.4935913085938,872.2912292480469
212,212,8.833333333333334,95,2,van,0.385079026222229,444.9364929199219,704.0260620117188,541.27685546875,811.29833984375,493.10667419433594,757.6622009277344
212,212,8.833333333333334,286,4,bus,0.2833925783634186,1157.7530517578125,668.186767578125,1766.4345703125,1078.3028564453125,1462.0938110351562,873.2448120117188
213,213,8.875,283,0,pedestrian,0.4520977735519409,1607.2586669921875,622.6588134765625,1641.8123779296875,699.5772705078125,1624.5355224609375,661.1180419921875
213,213,8.875,13,0,pedestrian,0.7057734131813049,546.3900756835938,724.4494018554688,579.55419921875,815.1152954101562,562.9721374511719,769.7823486328125
213,213,8.875,448,1,car,0.8004606366157532,478.1722412109375,941.1434936523438,672.989013671875,1080.0,575.5806274414062,1010.5717468261719
213,213,8.875,455,1,car,0.36402878165245056,953.646728515625,478.535888671875,985.277099609375,503.2148742675781,969.4619140625,490.87538146972656
213,213,8.875,250,0,pedestrian,0.3332799971103668,1067.314208984375,817.6448974609375,1104.46337890625,926.62939453125,1085.8887939453125,872.1371459960938
213,213,8.875,95,1,car,0.561181366443634,439.5642395019531,701.7501831054688,538.824951171875,810.3350219726562,489.19459533691406,756.0426025390625
213,213,8.875,390,4,bus,0.3638969361782074,1047.5592041015625,404.91778564453125,1083.8626708984375,448.5562744140625,1065.7109375,426.7370300292969
213,213,8.875,42,1,car,0.29819220304489136,909.4457397460938,502.57080078125,947.3271484375,546.1388549804688,928.3864440917969,524.3548278808594
214,214,8.916666666666666,283,0,pedestrian,0.3797578513622284,1605.05419921875,623.689208984375,1637.8060302734375,698.8834838867188,1621.4301147460938,661.2863464355469
214,214,8.916666666666666,13,0,pedestrian,0.4885171353816986,540.6659545898438,729.3447265625,575.7796020507812,815.3173217773438,558.2227783203125,772.3310241699219
214,214,8.916666666666666,448,2,van,0.26251503825187683,485.42523193359375,930.8062744140625,677.9374389648438,1080.0,581.6813354492188,1005.4031372070312
214,214,8.916666666666666,455,1,car,0.3502785861492157,950.5122680664062,478.634521484375,982.1327514648438,503.6053161621094,966.322509765625,491.1199188232422
214,214,8.916666666666666,250,0,pedestrian,0.4859189987182617,1064.60888671875,820.82568359375,1102.99658203125,928.7454833984375,1083.802734375,874.7855834960938
214,214,8.916666666666666,95,1,car,0.6446734070777893,436.5365905761719,701.3540649414062,535.6630859375,810.0374755859375,486.09983825683594,755.6957702636719
214,214,8.916666666666666,390,4,bus,0.5877014994621277,1044.2255859375,405.3265686035156,1081.5526123046875,449.2919616699219,1062.8890991210938,427.30926513671875
214,214,8.916666666666666,42,1,car,0.48815175890922546,905.3906860351562,501.76007080078125,944.6417846679688,544.6490478515625,925.0162353515625,523.2045593261719
214,214,8.916666666666666,286,4,bus,0.42004868388175964,1158.5076904296875,700.910888671875,1775.958251953125,1079.5240478515625,1467.2329711914062,890.2174682617188
215,215,8.958333333333334,283,0,pedestrian,0.7035905718803406,1603.0693359375,623.4407348632812,1635.38427734375,698.6101684570312,1619.226806640625,661.0254516601562
215,215,8.958333333333334,13,0,pedestrian,0.5161470770835876,536.4232177734375,717.0591430664062,572.8820190429688,814.3250122070312,554.6526184082031,765.6920776367188
215,215,8.958333333333334,448,1,car,0.5855807662010193,492.6329345703125,921.5218505859375,681.924072265625,1079.9698486328125,587.2785034179688,1000.745849609375
215,215,8.958333333333334,390,4,bus,0.4406343400478363,1041.866943359375,404.9537658691406,1079.0550537109375,448.82781982421875,1060.4609985351562,426.8907928466797
215,215,8.958333333333334,42,1,car,0.5311408638954163,903.0516357421875,500.5314025878906,942.431640625,543.3507690429688,922.7416381835938,521.9410858154297
216,216,9.0,283,0,pedestrian,0.7674386501312256,1601.590087890625,625.3905029296875,1634.2086181640625,700.3572998046875,1617.8993530273438,662.8739013671875
216,216,9.0,13,0,pedestrian,0.5303515791893005,532.982666015625,712.5804443359375,570.0946044921875,813.347900390625,551.5386352539062,762.9641723632812
216,216,9.0,448,1,car,0.73525071144104,500.11968994140625,913.0314331054688,684.7260131835938,1080.0,592.4228515625,996.5157165527344
216,216,9.0,390,3,truck,0.48311421275138855,1038.889404296875,406.4855041503906,1077.5052490234375,449.89202880859375,1058.1973266601562,428.1887664794922
216,216,9.0,42,1,car,0.5366963744163513,900.118408203125,500.2535400390625,939.8330078125,542.7279663085938,919.9757080078125,521.4907531738281
216,216,9.0,455,1,car,0.3007504642009735,947.6978149414062,477.9524841308594,980.5640869140625,504.4939270019531,964.1309509277344,491.22320556640625
216,216,9.0,95,1,car,0.26713860034942627,426.60040283203125,697.1873168945312,528.372802734375,813.82470703125,477.4866027832031,755.5060119628906
217,217,9.041666666666666,283,0,pedestrian,0.6288668513298035,1600.0361328125,625.8101196289062,1632.96044921875,702.1156005859375,1616.498291015625,663.9628601074219
217,217,9.041666666666666,13,0,pedestrian,0.5733239054679871,530.7235717773438,711.302001953125,568.2200317382812,813.5214233398438,549.4718017578125,762.4117126464844
217,217,9.041666666666666,448,1,car,0.888157069683075,506.5813293457031,905.2759399414062,687.8717041015625,1080.0,597.2265167236328,992.6379699707031
217,217,9.041666666666666,42,1,car,0.510114312171936,897.6533813476562,499.5407409667969,937.8101196289062,542.9638671875,917.7317504882812,521.2523040771484
218,218,9.083333333333334,283,0,pedestrian,0.7073965668678284,1597.831298828125,626.7615966796875,1630.739013671875,704.7847290039062,1614.28515625,665.7731628417969
218,218,9.083333333333334,13,0,pedestrian,0.7191380262374878,529.0257568359375,708.9939575195312,566.2042846679688,813.2155151367188,547.6150207519531,761.104736328125
218,218,9.083333333333334,448,1,car,0.7383882999420166,515.1915893554688,896.7473754882812,690.8548583984375,1079.78515625,603.0232238769531,988.2662658691406
218,218,9.083333333333334,42,1,car,0.4798204004764557,896.7786254882812,498.9532470703125,936.361572265625,542.9276123046875,916.5700988769531,520.9404296875
218,218,9.083333333333334,500,1,car,0.37337353825569153,1098.620361328125,477.4557800292969,1137.69970703125,510.068359375,1118.1600341796875,493.76206970214844
218,218,9.083333333333334,390,3,truck,0.41734105348587036,1035.952392578125,407.1123962402344,1076.7802734375,453.0252990722656,1056.3663330078125,430.06884765625
219,219,9.125,283,0,pedestrian,0.7269871234893799,1597.279296875,626.9287719726562,1629.2470703125,707.5664672851562,1613.26318359375,667.2476196289062
219,219,9.125,13,0,pedestrian,0.7745901346206665,526.6859741210938,708.611572265625,563.8744506835938,813.44287109375,545.2802124023438,761.0272216796875
219,219,9.125,448,1,car,0.3382951021194458,519.56591796875,887.7343139648438,693.0209350585938,1079.5576171875,606.2934265136719,983.6459655761719
219,219,9.125,42,1,car,0.4028683304786682,896.1178588867188,498.811767578125,935.1123657226562,542.5557861328125,915.6151123046875,520.6837768554688
219,219,9.125,500,1,car,0.293224960565567,1100.3778076171875,477.5633544921875,1138.7259521484375,510.23736572265625,1119.5518798828125,493.9003601074219
219,219,9.125,505,0,pedestrian,0.3410836160182953,1132.1986083984375,522.5667114257812,1154.061767578125,573.083251953125,1143.1301879882812,547.8249816894531
219,219,9.125,390,3,truck,0.40431374311447144,1035.093017578125,407.9823913574219,1076.0548095703125,454.64947509765625,1055.5739135742188,431.31593322753906
220,220,9.166666666666666,283,0,pedestrian,0.7888688445091248,1596.737060546875,629.474365234375,1628.3397216796875,709.9933471679688,1612.5383911132812,669.7338562011719
220,220,9.166666666666666,13,0,pedestrian,0.788258969783783,525.5276489257812,710.953125,561.9912719726562,813.6577758789062,543.7594604492188,762.3054504394531
220,220,9.166666666666666,448,1,car,0.6909209489822388,526.6488037109375,881.5807495117188,696.6277465820312,1079.9124755859375,611.6382751464844,980.7466125488281
220,220,9.166666666666666,42,1,car,0.43061697483062744,895.1115112304688,499.0927429199219,933.922607421875,542.8949584960938,914.5170593261719,520.9938507080078
220,220,9.166666666666666,512,1,car,0.4175609052181244,936.8932495117188,479.45367431640625,966.5433349609375,505.6878967285156,951.7182922363281,492.57078552246094
220,220,9.166666666666666,463,2,van,0.42574548721313477,1096.560302734375,533.4329833984375,1143.056884765625,587.21533203125,1119.80859375,560.3241577148438
220,220,9.166666666666666,250,0,pedestrian,0.5968018174171448,1052.255859375,837.508544921875,1090.8319091796875,950.6983032226562,1071.5438842773438,894.1034240722656
220,220,9.166666666666666,286,4,bus,0.31608080863952637,1137.75244140625,680.7322387695312,1756.202392578125,1080.0,1446.9774169921875,880.3661193847656
220,220,9.166666666666666,95,1,car,0.27065590023994446,417.7458190917969,701.990478515625,513.8178100585938,812.2607421875,465.7818145751953,757.1256103515625
221,221,9.208333333333334,283,0,pedestrian,0.7617068290710449,1595.6685791015625,632.8211059570312,1627.8084716796875,711.6751708984375,1611.738525390625,672.2481384277344
221,221,9.208333333333334,13,0,pedestrian,0.7117626070976257,522.972412109375,710.7296752929688,559.3949584960938,814.0279541015625,541.1836853027344,762.3788146972656
221,221,9.208333333333334,448,1,car,0.5172383189201355,532.3988037109375,876.2454223632812,700.4979248046875,1078.9288330078125,616.4483642578125,977.5871276855469
221,221,9.208333333333334,42,1,car,0.5438754558563232,894.2659301757812,498.98443603515625,932.5535888671875,542.9984741210938,913.4097595214844,520.991455078125
221,221,9.208333333333334,512,1,car,0.3117601275444031,936.1819458007812,479.0376281738281,966.7906494140625,505.42822265625,951.4862976074219,492.23292541503906
221,221,9.208333333333334,250,0,pedestrian,0.5720353126525879,1049.8486328125,838.6295166015625,1089.2528076171875,952.0450439453125,1069.5507202148438,895.3372802734375
221,221,9.208333333333334,286,4,bus,0.27319958806037903,1129.5325927734375,673.3590087890625,1758.274169921875,1080.0,1443.9033813476562,876.6795043945312
221,221,9.208333333333334,95,1,car,0.3018263578414917,415.0596923828125,701.0648193359375,513.4166870117188,812.428466796875,464.2381896972656,756.7466430664062
222,222,9.25,283,0,pedestrian,0.7047635316848755,1594.46435546875,633.7779541015625,1625.781494140625,713.3591918945312,1610.1229248046875,673.5685729980469
222,222,9.25,13,0,pedestrian,0.5768420100212097,522.2274780273438,713.777587890625,556.8389892578125,813.6373901367188,539.5332336425781,763.7074890136719
222,222,9.25,448,1,car,0.7492480874061584,540.2451171875,868.406494140625,704.769287109375,1077.790283203125,622.5072021484375,973.098388671875
222,222,9.25,42,1,car,0.33867862820625305,893.3309936523438,498.2713623046875,931.4351196289062,542.3428955078125,912.383056640625,520.30712890625
222,222,9.25,250,0,pedestrian,0.5006897449493408,1048.7193603515625,837.5798950195312,1089.050537109375,954.3212890625,1068.8849487304688,895.9505920410156
222,222,9.25,286,4,bus,0.634508490562439,1128.74267578125,677.1240844726562,1751.28759765625,1080.0,1440.01513671875,878.5620422363281
222,222,9.25,397,0,pedestrian,0.32312214374542236,547.3780517578125,613.6468505859375,572.918701171875,677.6356201171875,560.1483764648438,645.6412353515625
222,222,9.25,390,3,truck,0.33760732412338257,1030.4945068359375,413.9609069824219,1067.74658203125,454.6612548828125,1049.1205444335938,434.3110809326172
222,222,9.25,463,2,van,0.3599393367767334,1092.4000244140625,532.492919921875,1145.792724609375,588.8870849609375,1119.0963745117188,560.6900024414062
223,223,9.291666666666666,283,0,pedestrian,0.4839785099029541,1593.6544189453125,633.8240356445312,1623.931640625,712.8763427734375,1608.7930297851562,673.3501892089844
223,223,9.291666666666666,13,0,pedestrian,0.5005007982254028,520.4119262695312,715.1729736328125,555.0895385742188,814.7645874023438,537.750732421875,764.9687805175781
223,223,9.291666666666666,448,1,car,0.3223763406276703,547.4967041015625,861.77099609375,709.9491577148438,1073.9283447265625,628.7229309082031,967.8496704101562
223,223,9.291666666666666,42,1,car,0.41368645429611206,893.45068359375,498.5424499511719,930.50927734375,541.02294921875,911.97998046875,519.7826995849609
223,223,9.291666666666666,390,3,truck,0.41063976287841797,1028.4705810546875,414.02685546875,1065.5574951171875,454.9104309082031,1047.0140380859375,434.46864318847656
223,223,9.291666666666666,463,2,van,0.3403242826461792,1090.6298828125,531.3997802734375,1146.6375732421875,588.751708984375,1118.6337280273438,560.0757446289062
223,223,9.291666666666666,336,2,van,0.31812867522239685,1179.70263671875,555.233154296875,1239.7735595703125,637.3455810546875,1209.7380981445312,596.2893676757812
223,223,9.291666666666666,512,1,car,0.3360714912414551,935.6804809570312,478.4709167480469,965.0166625976562,503.3876037597656,950.3485717773438,490.92926025390625
224,224,9.333333333333334,283,0,pedestrian,0.6685022711753845,1592.228515625,633.9100952148438,1622.1951904296875,711.3743286132812,1607.2118530273438,672.6422119140625
224,224,9.333333333333334,13,0,pedestrian,0.3760274052619934,518.3811645507812,713.1664428710938,554.170166015625,815.6163940429688,536.2756652832031,764.3914184570312
224,224,9.333333333333334,448,1,car,0.37869951128959656,556.3247680664062,856.0595703125,714.7982177734375,1063.6732177734375,635.5614929199219,959.8663940429688
224,224,9.333333333333334,42,1,car,0.2523975670337677,892.228271484375,499.9447021484375,926.7903442382812,541.3613891601562,909.5093078613281,520.6530456542969
224,224,9.333333333333334,390,3,truck,0.5316486358642578,1026.711181640625,413.036376953125,1063.460205078125,455.91204833984375,1045.085693359375,434.4742126464844
224,224,9.333333333333334,463,1,car,0.2761155068874359,1090.17529296875,531.6493530273438,1144.330322265625,586.2059936523438,1117.2528076171875,558.9276733398438
224,224,9.333333333333334,336,2,van,0.2563989758491516,1179.892578125,555.01708984375,1238.0782470703125,629.0081787109375,1208.9854125976562,592.0126342773438
224,224,9.333333333333334,512,1,car,0.42107832431793213,933.7296752929688,478.0582275390625,963.3452758789062,502.53900146484375,948.5374755859375,490.2986145019531
224,224,9.333333333333334,250,0,pedestrian,0.5884028077125549,1045.4471435546875,838.0542602539062,1091.767578125,956.4660034179688,1068.6073608398438,897.2601318359375
225,225,9.375,283,0,pedestrian,0.733047604560852,1591.5277099609375,633.516357421875,1620.8431396484375,710.522705078125,1606.1854248046875,672.01953125
225,225,9.375,13,0,pedestrian,0.5353355407714844,517.6607666015625,711.3734130859375,553.1344604492188,816.7278442382812,535.3976135253906,764.0506286621094
225,225,9.375,448,1,car,0.5778563022613525,564.15283203125,850.6182250976562,718.9096069335938,1054.4876708984375,641.5312194824219,952.5529479980469
225,225,9.375,42,1,car,0.2990766763687134,891.7379150390625,500.4407958984375,924.9779663085938,541.842041015625,908.3579406738281,521.1414184570312
225,225,9.375,390,3,truck,0.3931031823158264,1025.1473388671875,415.4877624511719,1060.907470703125,456.6051025390625,1043.0274047851562,436.0464324951172
225,225,9.375,512,1,car,0.39474666118621826,931.6495971679688,478.3460693359375,962.1591186523438,502.46826171875,946.9043579101562,490.40716552734375
225,225,9.375,250,0,pedestrian,0.616912305355072,1044.68017578125,836.9227905273438,1093.19287109375,957.344482421875,1068.9365234375,897.1336364746094
226,226,9.416666666666666,283,0,pedestrian,0.7728458642959595,1590.1363525390625,632.4140014648438,1620.150146484375,709.4887084960938,1605.1432495117188,670.9513549804688
226,226,9.416666666666666,13,0,pedestrian,0.6486055850982666,515.113525390625,714.5433349609375,551.7565307617188,817.74853515625,533.4350280761719,766.1459350585938
226,226,9.416666666666666,448,2,van,0.30280324816703796,571.88134765625,842.6134643554688,723.655517578125,1046.100341796875,647.7684326171875,944.3569030761719
226,226,9.416666666666666,42,1,car,0.3192735016345978,889.8407592773438,500.20880126953125,924.6563720703125,541.5156860351562,907.2485656738281,520.8622436523438
226,226,9.416666666666666,390,4,bus,0.422200471162796,1021.7816162109375,413.12335205078125,1059.4283447265625,458.02935791015625,1040.60498046875,435.57635498046875
226,226,9.416666666666666,512,1,car,0.3119249641895294,929.0714721679688,477.8754577636719,960.0377197265625,502.30877685546875,944.5545959472656,490.0921173095703
226,226,9.416666666666666,527,1,car,0.3322931230068207,926.9862060546875,475.0337829589844,962.5311279296875,503.0136413574219,944.7586669921875,489.0237121582031
227,227,9.458333333333334,283,0,pedestrian,0.7905665636062622,1589.3455810546875,632.5194091796875,1619.865966796875,708.341796875,1604.6057739257812,670.4306030273438
227,227,9.458333333333334,13,0,pedestrian,0.5256450772285461,512.5902099609375,713.2411499023438,548.91748046875,819.0045776367188,530.7538452148438,766.1228637695312
227,227,9.458333333333334,448,1,car,0.4039791524410248,578.76416015625,836.84814453125,726.3436889648438,1035.3350830078125,652.5539245605469,936.0916137695312
227,227,9.458333333333334,42,1,car,0.44277578592300415,888.2372436523438,500.15704345703125,924.1920776367188,540.9144897460938,906.2146606445312,520.5357666015625
227,227,9.458333333333334,390,4,bus,0.3887556493282318,1018.8759155273438,414.5828552246094,1057.734375,458.94171142578125,1038.3051452636719,436.7622833251953
227,227,9.458333333333334,512,1,car,0.35011857748031616,927.1489868164062,477.6705627441406,957.5578002929688,502.2308654785156,942.3533935546875,489.9507141113281
227,227,9.458333333333334,527,1,car,0.2890194356441498,925.2177124023438,474.93658447265625,959.2982177734375,502.122802734375,942.2579650878906,488.5296936035156
227,227,9.458333333333334,528,3,truck,0.362615704536438,1018.5145263671875,414.55865478515625,1057.908447265625,459.140625,1038.2114868164062,436.8496398925781
227,227,9.458333333333334,505,0,pedestrian,0.2973937690258026,1120.18505859375,529.859619140625,1140.648681640625,575.9000244140625,1130.4168701171875,552.8798217773438
227,227,9.458333333333334,250,0,pedestrian,0.41016334295272827,1047.330810546875,838.126708984375,1091.5325927734375,962.2730102539062,1069.4317016601562,900.1998596191406
228,228,9.5,283,0,pedestrian,0.7968066930770874,1588.169921875,633.0902099609375,1619.3939208984375,706.9171142578125,1603.7819213867188,670.003662109375
228,228,9.5,13,0,pedestrian,0.4067205786705017,511.2919921875,716.642822265625,547.4779663085938,818.5994262695312,529.3849792480469,767.6211242675781
228,228,9.5,448,1,car,0.2841792702674866,584.6735229492188,830.467529296875,729.152587890625,1025.4864501953125,656.9130554199219,927.9769897460938
228,228,9.5,42,1,car,0.4285031259059906,886.9664916992188,500.1295471191406,923.6401977539062,540.1272583007812,905.3033447265625,520.1284027099609
228,228,9.5,390,4,bus,0.36200466752052307,1017.581787109375,413.07586669921875,1056.350830078125,459.3605651855469,1036.96630859375,436.2182159423828
228,228,9.5,512,1,car,0.32867366075515747,926.5763549804688,477.8798522949219,957.0062255859375,501.7456970214844,941.7912902832031,489.8127746582031
228,228,9.5,527,1,car,0.2886417508125305,924.4248046875,474.8770446777344,957.6744995117188,501.7372131347656,941.0496520996094,488.30712890625
228,228,9.5,528,3,truck,0.4710049629211426,1017.6241455078125,412.6329650878906,1056.496337890625,459.30535888671875,1037.0602416992188,435.9691619873047
228,228,9.5,250,0,pedestrian,0.49449422955513,1047.734130859375,839.2617797851562,1089.9888916015625,963.7572631835938,1068.8615112304688,901.509521484375
229,229,9.541666666666666,283,0,pedestrian,0.8186907172203064,1587.4700927734375,632.59326171875,1618.94091796875,706.1442260742188,1603.2055053710938,669.3687438964844
229,229,9.541666666666666,13,0,pedestrian,0.47809135913848877,509.30218505859375,715.2990112304688,547.0059814453125,819.3832397460938,528.1540832519531,767.3411254882812
229,229,9.541666666666666,448,1,car,0.3383306562900543,590.7568969726562,825.5748291015625,733.4129028320312,1015.8143310546875,662.0848999023438,920.694580078125
229,229,9.541666666666666,42,1,car,0.355221152305603,885.8431396484375,499.2117919921875,921.354248046875,539.0936889648438,903.5986938476562,519.1527404785156
229,229,9.541666666666666,390,4,bus,0.3300474286079407,1015.8566284179688,411.8755187988281,1055.221923828125,459.47412109375,1035.5392761230469,435.67481994628906
229,229,9.541666666666666,512,1,car,0.35184285044670105,928.2305297851562,478.3576354980469,956.5675659179688,501.47259521484375,942.3990478515625,489.9151153564453
229,229,9.541666666666666,527,1,car,0.2858319878578186,924.0640869140625,473.6146240234375,956.5459594726562,500.7152404785156,940.3050231933594,487.16493225097656
229,229,9.541666666666666,528,3,truck,0.45883625745773315,1016.003173828125,411.2677001953125,1055.4420166015625,459.32623291015625,1035.7225952148438,435.2969665527344
229,229,9.541666666666666,250,0,pedestrian,0.374961793422699,1048.962646484375,841.9469604492188,1090.9044189453125,964.7813110351562,1069.9335327148438,903.3641357421875
229,229,9.541666666666666,505,0,pedestrian,0.39047783613204956,1119.4505615234375,529.9024047851562,1136.4779052734375,575.1593017578125,1127.9642333984375,552.5308532714844
230,230,9.583333333333334,283,0,pedestrian,0.8136283159255981,1586.58935546875,631.2434692382812,1618.9544677734375,705.2108154296875,1602.7719116210938,668.2271423339844
230,230,9.583333333333334,13,0,pedestrian,0.4127731919288635,508.39691162109375,715.9207153320312,545.5664672851562,819.9989624023438,526.981689453125,767.9598388671875
230,230,9.583333333333334,448,1,car,0.28427207469940186,597.2737426757812,820.1388549804688,736.8375244140625,1005.5145874023438,667.0556335449219,912.8267211914062
230,230,9.583333333333334,42,1,car,0.40620899200439453,884.9376220703125,499.8123474121094,920.6818237304688,538.127685546875,902.8097229003906,518.9700164794922
230,230,9.583333333333334,512,1,car,0.3202362060546875,926.646728515625,478.1997375488281,957.1870727539062,502.1428527832031,941.9169006347656,490.1712951660156
230,230,9.583333333333334,527,1,car,0.2763170003890991,923.6965942382812,472.50701904296875,956.9596557617188,501.02996826171875,940.328125,486.76849365234375
230,230,9.583333333333334,95,2,van,0.35279154777526855,399.7247314453125,707.894775390625,497.6091003417969,822.7386474609375,448.6669158935547,765.3167114257812
231,231,9.625,283,0,pedestrian,0.7345816493034363,1585.920166015625,628.6522827148438,1618.63330078125,704.153076171875,1602.2767333984375,666.4026794433594
231,231,9.625,13,0,pedestrian,0.28265371918678284,507.81396484375,717.1989135742188,544.538818359375,820.944580078125,526.1763916015625,769.0717468261719
231,231,9.625,448,1,car,0.5530748963356018,602.9846801757812,816.6924438476562,739.6640625,996.1611328125,671.3243713378906,906.4267883300781
231,231,9.625,42,1,car,0.2654736340045929,884.114501953125,499.85516357421875,918.8458862304688,537.7421264648438,901.4801940917969,518.7986450195312
231,231,9.625,95,2,van,0.27702492475509644,400.89288330078125,708.7955322265625,498.15771484375,823.0518188476562,449.5252990722656,765.9236755371094
231,231,9.625,286,4,bus,0.3537837862968445,1125.9327392578125,667.4454345703125,1745.0343017578125,1078.7744140625,1435.4835205078125,873.1099243164062
231,231,9.625,390,3,truck,0.34615400433540344,1013.2545776367188,412.10357666015625,1053.7330322265625,459.9340515136719,1033.4938049316406,436.01881408691406
232,232,9.666666666666666,283,0,pedestrian,0.6586313247680664,1584.9273681640625,626.4885864257812,1618.7857666015625,703.7740478515625,1601.8565673828125,665.1313171386719
232,232,9.666666666666666,448,1,car,0.4379330277442932,608.4271850585938,810.77197265625,742.5713500976562,985.00390625,675.499267578125,897.887939453125
232,232,9.666666666666666,42,1,car,0.34683746099472046,884.209228515625,500.06207275390625,918.4803466796875,537.1683349609375,901.3447875976562,518.6152038574219
232,232,9.666666666666666,286,4,bus,0.46651920676231384,1125.43994140625,673.8123779296875,1739.123779296875,1078.326416015625,1432.2818603515625,876.0693969726562
232,232,9.666666666666666,390,3,truck,0.2560599744319916,1012.0697021484375,414.77313232421875,1053.17724609375,459.6467590332031,1032.6234741210938,437.20994567871094
232,232,9.666666666666666,463,1,car,0.2674243152141571,1082.8477783203125,527.2532958984375,1133.3509521484375,579.9473876953125,1108.099365234375,553.600341796875
232,232,9.666666666666666,527,1,car,0.3646138906478882,920.7555541992188,471.4311218261719,949.8140258789062,500.1630859375,935.2847900390625,485.79710388183594
233,233,9.708333333333334,283,0,pedestrian,0.6941043734550476,1584.598876953125,627.2000122070312,1619.7286376953125,704.484375,1602.1637573242188,665.8421936035156
233,233,9.708333333333334,448,2,van,0.4346502125263214,614.9631958007812,804.2619018554688,745.813720703125,975.5039672851562,680.3884582519531,889.8829345703125
233,233,9.708333333333334,42,1,car,0.4145719110965729,884.79150390625,499.9100036621094,918.8978271484375,536.7694091796875,901.8446655273438,518.3397064208984
233,233,9.708333333333334,286,4,bus,0.5282313823699951,1124.3626708984375,678.5765380859375,1741.3248291015625,1079.819580078125,1432.84375,879.1980590820312
233,233,9.708333333333334,539,1,car,0.33961695432662964,923.11474609375,467.87310791015625,952.5658569335938,493.83868408203125,937.8403015136719,480.85589599609375
233,233,9.708333333333334,463,1,car,0.3159516453742981,1084.587890625,527.0985107421875,1133.3492431640625,579.0179443359375,1108.9685668945312,553.0582275390625
233,233,9.708333333333334,527,1,car,0.37273356318473816,920.5567626953125,471.2587890625,949.2142944335938,500.0362243652344,934.8855285644531,485.6475067138672
233,233,9.708333333333334,13,0,pedestrian,0.28841090202331543,506.37017822265625,717.2069091796875,543.499267578125,822.1917114257812,524.9347229003906,769.6993103027344
234,234,9.75,283,0,pedestrian,0.7595295906066895,1586.2166748046875,628.501708984375,1622.28662109375,705.69921875,1604.2516479492188,667.1004638671875
234,234,9.75,42,1,car,0.4587337076663971,885.350830078125,498.85791015625,920.158203125,536.6341552734375,902.7545166015625,517.7460327148438
234,234,9.75,286,4,bus,0.5294702053070068,1129.57177734375,683.2628173828125,1735.1396484375,1079.6024169921875,1432.355712890625,881.4326171875
234,234,9.75,539,1,car,0.32372280955314636,923.734375,468.98681640625,952.9617309570312,495.406494140625,938.3480529785156,482.1966552734375
234,234,9.75,463,1,car,0.27593380212783813,1084.296875,528.0969848632812,1134.245361328125,583.6166381835938,1109.2711181640625,555.8568115234375
234,234,9.75,527,1,car,0.31687232851982117,920.742431640625,471.8157043457031,950.0866088867188,500.3493957519531,935.4145202636719,486.0825500488281
234,234,9.75,13,0,pedestrian,0.3748520612716675,508.0850830078125,718.2762451171875,544.7726440429688,821.4677734375,526.4288635253906,769.8720092773438
234,234,9.75,250,0,pedestrian,0.31898656487464905,1048.7513427734375,851.7545166015625,1094.2073974609375,973.4264526367188,1071.4793701171875,912.5904846191406
234,234,9.75,390,3,truck,0.37828147411346436,1012.2493896484375,411.7862548828125,1053.771240234375,461.5774841308594,1033.0103149414062,436.68186950683594
235,235,9.791666666666666,283,0,pedestrian,0.7093979716300964,1587.2060546875,630.2716674804688,1624.7587890625,707.9226684570312,1605.982421875,669.09716796875
235,235,9.791666666666666,42,1,car,0.436170756816864,885.906494140625,498.7461853027344,921.3799438476562,536.1416625976562,903.6432189941406,517.4439239501953
235,235,9.791666666666666,286,4,bus,0.42945653200149536,1127.75390625,674.0774536132812,1737.28466796875,1079.9749755859375,1432.519287109375,877.0262145996094
235,235,9.791666666666666,539,1,car,0.295602023601532,923.329345703125,470.74664306640625,953.4362182617188,497.7868957519531,938.3827819824219,484.2667694091797
235,235,9.791666666666666,463,1,car,0.2918955087661743,1085.8260498046875,529.197021484375,1134.2542724609375,580.93603515625,1110.0401611328125,555.0665283203125
235,235,9.791666666666666,527,1,car,0.27507561445236206,920.474365234375,471.8173522949219,950.0089721679688,499.7972106933594,935.2416687011719,485.8072814941406
235,235,9.791666666666666,13,0,pedestrian,0.5146757364273071,508.6087951660156,717.5034790039062,544.7906494140625,820.9371948242188,526.6997222900391,769.2203369140625
235,235,9.791666666666666,390,3,truck,0.3711053431034088,1013.4680786132812,411.00543212890625,1054.498046875,462.1472473144531,1033.9830627441406,436.5763397216797
235,235,9.791666666666666,95,2,van,0.2585289776325226,401.5360412597656,709.0291748046875,498.6503601074219,822.6170043945312,450.09320068359375,765.8230895996094
235,235,9.791666666666666,448,3,truck,0.35200852155685425,627.689208984375,789.5535888671875,753.30810546875,958.7869873046875,690.4986572265625,874.1702880859375
236,236,9.833333333333334,283,0,pedestrian,0.7000113725662231,1586.7830810546875,632.3545532226562,1624.9862060546875,710.16796875,1605.8846435546875,671.2612609863281
236,236,9.833333333333334,42,1,car,0.44227224588394165,886.4248657226562,497.7078552246094,921.6693725585938,535.62939453125,904.047119140625,516.6686248779297
236,236,9.833333333333334,539,1,car,0.30338922142982483,923.3486328125,469.5198059082031,952.9859619140625,496.48876953125,938.1672973632812,483.00428771972656
236,236,9.833333333333334,463,1,car,0.33108875155448914,1085.931396484375,528.5744018554688,1134.62158203125,581.74365234375,1110.2764892578125,555.1590270996094
236,236,9.833333333333334,527,1,car,0.29947054386138916,920.5791015625,471.3110656738281,949.0325317382812,498.8135681152344,934.8058166503906,485.06231689453125
236,236,9.833333333333334,13,0,pedestrian,0.43021899461746216,508.29833984375,717.908935546875,544.6754760742188,820.9916381835938,526.4869079589844,769.4502868652344
236,236,9.833333333333334,390,4,bus,0.4681952893733978,1013.6451416015625,410.2648620605469,1054.9508056640625,463.09222412109375,1034.2979736328125,436.6785430908203
236,236,9.833333333333334,546,3,truck,0.40130752325057983,1013.6242065429688,410.0062255859375,1054.96142578125,463.0295715332031,1034.2928161621094,436.5178985595703
236,236,9.833333333333334,95,2,van,0.2871999442577362,400.4001159667969,707.956787109375,498.0151672363281,822.4306030273438,449.2076416015625,765.1936950683594
236,236,9.833333333333334,448,3,truck,0.33124083280563354,632.5108642578125,778.1972045898438,757.1104125976562,948.8388061523438,694.8106384277344,863.5180053710938
236,236,9.833333333333334,500,3,truck,0.41117116808891296,1089.593505859375,477.5019226074219,1138.3018798828125,516.1760864257812,1113.9476928710938,496.83900451660156
237,237,9.875,283,0,pedestrian,0.674257218837738,1587.104248046875,632.5936279296875,1626.789794921875,710.8348999023438,1606.947021484375,671.7142639160156
237,237,9.875,42,1,car,0.40514570474624634,886.2685546875,495.69891357421875,922.953125,535.2706909179688,904.61083984375,515.4848022460938
237,237,9.875,463,1,car,0.3321506679058075,1085.580078125,527.8814086914062,1135.857421875,582.8893432617188,1110.71875,555.3853759765625
237,237,9.875,13,0,pedestrian,0.5156306624412537,508.9971618652344,717.5781860351562,545.1366577148438,821.35498046875,527.0669097900391,769.4665832519531
237,237,9.875,390,4,bus,0.5935274958610535,1013.9767456054688,409.90447998046875,1055.8057861328125,463.6004943847656,1034.8912658691406,436.7524871826172
237,237,9.875,546,3,truck,0.3417404890060425,1013.9415283203125,409.8677978515625,1055.8509521484375,463.472412109375,1034.896240234375,436.67010498046875
237,237,9.875,95,1,car,0.32078441977500916,401.286865234375,708.3584594726562,498.53326416015625,822.4691162109375,449.9100646972656,765.4137878417969
237,237,9.875,448,3,truck,0.459853857755661,638.8509521484375,773.3218383789062,761.6435546875,939.9681396484375,700.2472534179688,856.6449890136719
237,237,9.875,550,1,car,0.33233535289764404,583.38525390625,682.9381713867188,663.9508056640625,789.9132690429688,623.6680297851562,736.4257202148438
237,237,9.875,500,3,truck,0.3694804310798645,1089.7218017578125,477.7872009277344,1138.5830078125,516.7957763671875,1114.1524047851562,497.29148864746094
238,238,9.916666666666666,283,0,pedestrian,0.48210689425468445,1588.714111328125,633.0122680664062,1627.2972412109375,710.4138793945312,1608.0056762695312,671.7130737304688
238,238,9.916666666666666,42,1,car,0.3793671727180481,887.4991455078125,496.22930908203125,923.9512939453125,535.3058471679688,905.7252197265625,515.767578125
238,238,9.916666666666666,463,1,car,0.29010429978370667,1085.8599853515625,528.8159790039062,1136.271484375,584.1456298828125,1111.0657348632812,556.4808044433594
238,238,9.916666666666666,13,0,pedestrian,0.6896846294403076,509.2473449707031,715.408447265625,546.0538940429688,822.5997924804688,527.6506195068359,769.0041198730469
238,238,9.916666666666666,390,3,truck,0.30209869146347046,1014.2216186523438,409.2394104003906,1056.4620361328125,463.78179931640625,1035.3418273925781,436.51060485839844
238,238,9.916666666666666,546,4,bus,0.6494157314300537,1014.1018676757812,409.19232177734375,1056.4501953125,463.6375427246094,1035.2760314941406,436.41493225097656
238,238,9.916666666666666,95,1,car,0.3902798891067505,403.3573913574219,709.5057983398438,499.3722229003906,822.5113525390625,451.36480712890625,766.0085754394531
238,238,9.916666666666666,448,3,truck,0.2561170160770416,645.4033203125,764.209716796875,765.6781616210938,932.5296020507812,705.5407409667969,848.3696594238281
238,238,9.916666666666666,500,3,truck,0.3653421103954315,1090.8179931640625,477.0078125,1140.502197265625,517.1968383789062,1115.6600952148438,497.1023254394531
238,238,9.916666666666666,552,0,pedestrian,0.4019003212451935,503.3988342285156,1000.711181640625,566.9104614257812,1079.83349609375,535.1546478271484,1040.2723388671875
238,238,9.916666666666666,539,1,car,0.3189338743686676,923.76806640625,466.2281494140625,954.0692138671875,494.3795471191406,938.9186401367188,480.30384826660156
239,239,9.958333333333334,283,0,pedestrian,0.7256648540496826,1592.8109130859375,632.98681640625,1630.5062255859375,712.73095703125,1611.6585693359375,672.85888671875
239,239,9.958333333333334,42,1,car,0.4874301850795746,888.61669921875,496.6114196777344,925.2254028320312,535.30908203125,906.9210510253906,515.9602508544922
239,239,9.958333333333334,463,1,car,0.335342675447464,1085.87158203125,530.7124633789062,1136.1900634765625,585.3301391601562,1111.0308227539062,558.0213012695312
239,239,9.958333333333334,13,0,pedestrian,0.6106839776039124,508.98284912109375,715.029052734375,546.0020751953125,823.1060180664062,527.4924621582031,769.0675354003906
239,239,9.958333333333334,390,3,truck,0.39052456617355347,1013.8367309570312,410.4203796386719,1056.0621337890625,464.6004943847656,1034.9494323730469,437.51043701171875
239,239,9.958333333333334,546,4,bus,0.47766953706741333,1013.6296997070312,410.5712585449219,1055.917236328125,464.50164794921875,1034.7734680175781,437.5364532470703
239,239,9.958333333333334,95,1,car,0.43497592210769653,404.1399230957031,709.6239013671875,499.5287170410156,822.2240600585938,451.8343200683594,765.9239807128906
239,239,9.958333333333334,448,3,truck,0.387573778629303,651.06396484375,762.9745483398438,769.9761962890625,924.4699096679688,710.5200805664062,843.7222290039062
239,239,9.958333333333334,500,3,truck,0.2915131747722626,1093.1356201171875,477.80328369140625,1141.0244140625,517.29443359375,1117.0800170898438,497.5488586425781
239,239,9.958333333333334,552,0,pedestrian,0.4301634430885315,508.0827331542969,993.7034912109375,573.1184692382812,1079.0126953125,540.6006011962891,1036.3580932617188
239,239,9.958333333333334,539,1,car,0.3122290074825287,924.1918334960938,465.4139099121094,954.737060546875,493.6470642089844,939.4644470214844,479.5304870605469
239,239,9.958333333333334,250,0,pedestrian,0.25571343302726746,1058.4737548828125,867.4537353515625,1100.3746337890625,986.4598999023438,1079.4241943359375,926.9568176269531
239,239,9.958333333333334,527,1,car,0.25334399938583374,921.6007690429688,470.836669921875,949.9025268554688,497.41351318359375,935.7516479492188,484.1250915527344
240,240,10.0,283,0,pedestrian,0.7400214672088623,1594.2882080078125,632.7136840820312,1632.3740234375,713.9150390625,1613.3311157226562,673.3143615722656
240,240,10.0,42,1,car,0.44380760192871094,888.8935546875,496.8742980957031,925.2781372070312,534.8868408203125,907.0858459472656,515.8805694580078
240,240,10.0,463,1,car,0.35728776454925537,1085.619873046875,531.52734375,1136.7559814453125,585.2144165039062,1111.1879272460938,558.3708801269531
240,240,10.0,13,0,pedestrian,0.5491191148757935,508.8914794921875,716.003173828125,545.8382568359375,823.435791015625,527.3648681640625,769.719482421875
240,240,10.0,390,3,truck,0.3836449980735779,1013.3026733398438,411.3440246582031,1055.64453125,465.12530517578125,1034.4736022949219,438.2346649169922
240,240,10.0,546,4,bus,0.5075199604034424,1013.1087036132812,411.5540771484375,1055.5001220703125,465.029052734375,1034.3044128417969,438.29156494140625
240,240,10.0,95,1,car,0.4259938895702362,403.70404052734375,709.5651245117188,499.7529296875,822.1824340820312,451.7284851074219,765.873779296875
240,240,10.0,448,3,truck,0.45603710412979126,655.7528076171875,759.348388671875,773.0739135742188,917.87939453125,714.4133605957031,838.6138916015625
240,240,10.0,500,1,car,0.4193871319293976,1094.45751953125,481.2890319824219,1139.69287109375,517.1360473632812,1117.0751953125,499.21253967285156
240,240,10.0,552,0,pedestrian,0.4845161437988281,513.189453125,984.1719360351562,578.1593627929688,1078.95361328125,545.6744079589844,1031.5627746582031
240,240,10.0,539,1,car,0.3236267566680908,924.0191650390625,465.4071350097656,954.8467407226562,493.4188232421875,939.4329528808594,479.41297912597656
240,240,10.0,250,0,pedestrian,0.5550691485404968,1055.847412109375,871.1516723632812,1100.748291015625,992.372314453125,1078.2978515625,931.7619934082031
240,240,10.0,527,1,car,0.311592698097229,921.580078125,470.9913635253906,949.7662353515625,497.0990295410156,935.6731567382812,484.0451965332031
240,240,10.0,550,1,car,0.3581811189651489,585.72314453125,681.4955444335938,664.1422729492188,787.6482543945312,624.9327087402344,734.5718994140625
241,241,10.041666666666666,283,0,pedestrian,0.7701581716537476,1595.7275390625,633.3588256835938,1634.306884765625,714.6399536132812,1615.0172119140625,673.9993896484375
241,241,10.041666666666666,42,1,car,0.4194967746734619,889.1966552734375,496.5810241699219,925.783447265625,534.3350219726562,907.4900512695312,515.4580230712891
241,241,10.041666666666666,463,1,car,0.30554869771003723,1086.62646484375,531.5951538085938,1136.3448486328125,585.7489013671875,1111.4856567382812,558.6720275878906
241,241,10.041666666666666,13,0,pedestrian,0.5421780943870544,508.8719787597656,715.4600830078125,546.1270141601562,823.7144775390625,527.4994964599609,769.5872802734375
241,241,10.041666666666666,390,3,truck,0.3267486095428467,1013.3989868164062,411.6045837402344,1055.0814208984375,465.9546203613281,1034.2402038574219,438.77960205078125
241,241,10.041666666666666,546,4,bus,0.5246351957321167,1013.2327270507812,411.7768859863281,1054.902587890625,465.8907470703125,1034.0676574707031,438.8338165283203
241,241,10.041666666666666,95,1,car,0.4505056142807007,403.8471984863281,709.1874389648438,499.8886413574219,822.1689453125,451.867919921875,765.6781921386719
241,241,10.041666666666666,448,1,car,0.31316280364990234,661.7172241210938,756.9682006835938,777.5233764648438,911.41015625,719.6203002929688,834.1891784667969
241,241,10.041666666666666,500,1,car,0.35983094573020935,1096.247802734375,483.22967529296875,1139.1829833984375,516.3004150390625,1117.7153930664062,499.7650451660156
241,241,10.041666666666666,552,0,pedestrian,0.4551995098590851,519.5113525390625,976.7841186523438,582.8207397460938,1078.680908203125,551.1660461425781,1027.7325134277344
241,241,10.041666666666666,539,1,car,0.33796626329421997,924.1879272460938,465.6412353515625,955.027099609375,493.5946350097656,939.6075134277344,479.61793518066406
241,241,10.041666666666666,250,0,pedestrian,0.25168269872665405,1054.5780029296875,874.5411376953125,1101.8760986328125,1000.0086059570312,1078.22705078125,937.2748718261719
241,241,10.041666666666666,527,1,car,0.3503367602825165,921.8384399414062,470.9081115722656,949.621337890625,496.7168884277344,935.7298889160156,483.8125
241,241,10.041666666666666,550,1,car,0.3036304712295532,585.9769897460938,680.2820434570312,664.5191650390625,786.4622192382812,625.2480773925781,733.3721313476562
242,242,10.083333333333334,283,0,pedestrian,0.6810543537139893,1598.4366455078125,634.8084716796875,1634.8428955078125,715.1943969726562,1616.6397705078125,675.0014343261719
242,242,10.083333333333334,42,1,car,0.33329057693481445,890.48388671875,496.81732177734375,926.728515625,533.345703125,908.606201171875,515.0815124511719
242,242,10.083333333333334,463,1,car,0.33547738194465637,1088.3306884765625,530.5536499023438,1135.8809814453125,583.82861328125,1112.1058349609375,557.1911315917969
242,242,10.083333333333334,13,0,pedestrian,0.45015859603881836,508.7302551269531,713.6273193359375,546.2031860351562,823.2559204101562,527.4667205810547,768.4416198730469
242,242,10.083333333333334,546,3,truck,0.4238314628601074,1013.92236328125,423.8176574707031,1054.532470703125,469.010009765625,1034.2274169921875,446.41383361816406
242,242,10.083333333333334,95,1,car,0.42714792490005493,404.4869079589844,709.1200561523438,499.2340393066406,821.6804809570312,451.8604736328125,765.4002685546875
242,242,10.083333333333334,552,0,pedestrian,0.3280157446861267,523.8477783203125,971.2507934570312,588.0249633789062,1077.264892578125,555.9363708496094,1024.2578430175781
242,242,10.083333333333334,539,1,car,0.3780505657196045,924.43310546875,466.8077087402344,954.93017578125,494.09552001953125,939.681640625,480.4516143798828
242,242,10.083333333333334,527,1,car,0.32078689336776733,922.1966552734375,470.9824523925781,948.91552734375,496.2574157714844,935.5560913085938,483.61993408203125
242,242,10.083333333333334,550,1,car,0.273995965719223,587.0631713867188,679.6681518554688,665.0903930664062,785.6251831054688,626.0767822265625,732.6466674804688
242,242,10.083333333333334,558,1,car,0.4079340100288391,888.4502563476562,494.6932373046875,924.5621337890625,528.9050903320312,906.5061950683594,511.7991638183594
242,242,10.083333333333334,336,3,truck,0.3349120616912842,1166.2890625,557.761962890625,1231.8726806640625,640.1396484375,1199.0808715820312,598.9508056640625
243,243,10.125,283,0,pedestrian,0.6301637887954712,1600.3017578125,635.9984130859375,1634.7801513671875,715.921875,1617.5409545898438,675.9601440429688
243,243,10.125,42,1,car,0.2974304258823395,890.7592163085938,496.568115234375,927.8215942382812,532.6442260742188,909.2904052734375,514.6061706542969
243,243,10.125,463,1,car,0.4006616473197937,1088.8436279296875,530.2633056640625,1135.37548828125,583.0654296875,1112.1095581054688,556.6643676757812
243,243,10.125,13,0,pedestrian,0.5115190744400024,508.50555419921875,713.4227294921875,546.4434204101562,823.4190063476562,527.4744873046875,768.4208679199219
243,243,10.125,546,3,truck,0.2558462917804718,1013.968017578125,425.78338623046875,1054.892333984375,470.10931396484375,1034.43017578125,447.94635009765625
243,243,10.125,95,1,car,0.4017794132232666,404.26263427734375,709.1409301757812,499.3268127441406,821.7600708007812,451.7947235107422,765.4505004882812
243,243,10.125,552,0,pedestrian,0.5676879286766052,527.0704345703125,962.242919921875,589.1508178710938,1075.3411865234375,558.1106262207031,1018.7920532226562
243,243,10.125,539,1,car,0.4221208393573761,924.1708984375,467.7901916503906,955.68994140625,495.2046813964844,939.930419921875,481.4974365234375
243,243,10.125,527,1,car,0.2718440294265747,922.0911254882812,470.7999572753906,949.1216430664062,496.4513854980469,935.6063842773438,483.62567138671875
243,243,10.125,550,1,car,0.3082943856716156,587.3818359375,679.0476684570312,665.0357055664062,783.8795776367188,626.2087707519531,731.463623046875
243,243,10.125,558,1,car,0.3602532148361206,888.9111328125,495.318359375,925.857666015625,529.5761108398438,907.3843994140625,512.4472351074219
243,243,10.125,390,4,bus,0.44597795605659485,1014.0823364257812,411.5821838378906,1056.038818359375,467.5641174316406,1035.0605773925781,439.5731506347656
243,243,10.125,448,1,car,0.4131321907043457,670.50732421875,747.381103515625,783.1796264648438,896.4306640625,726.8434753417969,821.9058837890625
244,244,10.166666666666666,283,0,pedestrian,0.6777697205543518,1602.57421875,636.788818359375,1634.9676513671875,716.109130859375,1618.7709350585938,676.448974609375
244,244,10.166666666666666,42,1,car,0.297171413898468,891.1936645507812,496.6153564453125,928.2056274414062,532.163330078125,909.6996459960938,514.3893432617188
244,244,10.166666666666666,463,1,car,0.2676357328891754,1090.50732421875,531.5540771484375,1134.6580810546875,583.6351318359375,1112.5827026367188,557.5946044921875
244,244,10.166666666666666,13,0,pedestrian,0.5042877197265625,509.057373046875,714.4850463867188,547.0880737304688,823.9224243164062,528.0727233886719,769.2037353515625
244,244,10.166666666666666,546,3,truck,0.32779794931411743,1013.9636840820312,425.2496032714844,1055.443603515625,469.9553527832031,1034.7036437988281,447.60247802734375
244,244,10.166666666666666,552,0,pedestrian,0.30966609716415405,530.9193725585938,955.4222412109375,590.6847534179688,1074.840087890625,560.8020629882812,1015.1311645507812
244,244,10.166666666666666,539,1,car,0.3766040503978729,924.3611450195312,468.4228210449219,956.69482421875,495.8682556152344,940.5279846191406,482.1455383300781
244,244,10.166666666666666,550,1,car,0.2728649377822876,588.3947143554688,678.6622314453125,665.528564453125,783.1852416992188,626.9616394042969,730.9237365722656
244,244,10.166666666666666,558,1,car,0.28470247983932495,889.56494140625,495.087646484375,925.86376953125,530.02685546875,907.71435546875,512.5572509765625
244,244,10.166666666666666,390,4,bus,0.3659234642982483,1014.2285766601562,412.01141357421875,1056.8525390625,467.9627685546875,1035.5405578613281,439.9870910644531
244,244,10.166666666666666,448,1,car,0.5430727005004883,675.3181762695312,742.7664184570312,785.6039428710938,889.2485961914062,730.4610595703125,816.0075073242188
244,244,10.166666666666666,286,4,bus,0.29539230465888977,1128.6595458984375,667.8052978515625,1744.939453125,1079.3052978515625,1436.7994995117188,873.5552978515625
245,245,10.208333333333334,283,0,pedestrian,0.7014946937561035,1604.0894775390625,637.1213989257812,1636.2327880859375,716.5224609375,1620.1611328125,676.8219299316406
245,245,10.208333333333334,42,1,car,0.26916319131851196,891.8323974609375,496.889404296875,928.1744384765625,531.8773193359375,910.00341796875,514.3833618164062
245,245,10.208333333333334,13,0,pedestrian,0.6823052763938904,509.9229736328125,717.1416625976562,548.3182373046875,824.782470703125,529.12060546875,770.9620666503906
245,245,10.208333333333334,546,3,truck,0.4186950922012329,1014.3089599609375,426.68719482421875,1055.889892578125,469.6737365722656,1035.0994262695312,448.1804656982422
245,245,10.208333333333334,552,0,pedestrian,0.2963685691356659,536.566162109375,949.2985229492188,597.064453125,1073.287841796875,566.8153076171875,1011.2931823730469
245,245,10.208333333333334,539,1,car,0.30817291140556335,924.734619140625,469.1441345214844,958.0631713867188,496.5137634277344,941.3988952636719,482.8289489746094
245,245,10.208333333333334,558,1,car,0.31510740518569946,890.0796508789062,494.8278503417969,925.3897094726562,530.0790405273438,907.7346801757812,512.4534454345703
246,246,10.25,283,0,pedestrian,0.6705796718597412,1604.87353515625,636.7183227539062,1637.9459228515625,717.0603637695312,1621.4097290039062,676.8893432617188
246,246,10.25,13,0,pedestrian,0.7669856548309326,510.0888366699219,719.0033569335938,548.96435546875,825.2469482421875,529.5265960693359,772.1251525878906
246,246,10.25,546,3,truck,0.3739238381385803,1014.1207275390625,422.4317626953125,1056.4254150390625,469.8685607910156,1035.2730712890625,446.15016174316406
246,246,10.25,558,1,car,0.2525460720062256,890.5831909179688,495.14337158203125,925.9305419921875,530.502685546875,908.2568664550781,512.8230285644531
246,246,10.25,390,3,truck,0.2545199394226074,1014.3525390625,413.5580139160156,1057.5986328125,468.4302062988281,1035.9755859375,440.9941101074219
246,246,10.25,448,3,truck,0.31614384055137634,687.4669799804688,732.5261840820312,794.6163940429688,875.585693359375,741.0416870117188,804.0559387207031
246,246,10.25,286,4,bus,0.5661190152168274,1134.094970703125,672.91845703125,1741.2322998046875,1078.5185546875,1437.6636352539062,875.718505859375
247,247,10.291666666666666,283,0,pedestrian,0.6561875939369202,1606.074462890625,637.4788818359375,1639.28759765625,717.9108276367188,1622.6810302734375,677.6948547363281
247,247,10.291666666666666,13,0,pedestrian,0.7948237657546997,510.42498779296875,722.8807373046875,548.8506469726562,825.4298706054688,529.6378173828125,774.1553039550781
247,247,10.291666666666666,546,3,truck,0.47303980588912964,1014.693115234375,421.93438720703125,1056.838623046875,470.51239013671875,1035.765869140625,446.223388671875
247,247,10.291666666666666,286,4,bus,0.5504549741744995,1132.2437744140625,672.00537109375,1741.43701171875,1079.19091796875,1436.8403930664062,875.59814453125
247,247,10.291666666666666,250,0,pedestrian,0.32759004831314087,1059.836669921875,862.9130859375,1109.42041015625,1009.5735473632812,1084.6285400390625,936.2433166503906
248,248,10.333333333333334,283,0,pedestrian,0.3463990390300751,1609.0606689453125,638.7582397460938,1642.52880859375,719.3504638671875,1625.7947387695312,679.0543518066406
248,248,10.333333333333334,13,0,pedestrian,0.6704681515693665,511.13372802734375,720.9777221679688,549.2828979492188,824.3087158203125,530.2083129882812,772.6432189941406
248,248,10.333333333333334,546,3,truck,0.5767012238502502,1015.3695678710938,422.56768798828125,1057.9522705078125,471.0857238769531,1036.6609191894531,446.8267059326172
248,248,10.333333333333334,286,4,bus,0.4837491512298584,1131.8143310546875,677.4181518554688,1741.422119140625,1079.7430419921875,1436.6182250976562,878.5805969238281
248,248,10.333333333333334,250,0,pedestrian,0.48953527212142944,1060.67919921875,869.5968017578125,1112.203857421875,1009.8563232421875,1086.4415283203125,939.7265625
248,248,10.333333333333334,550,1,car,0.34453848004341125,591.173095703125,677.05322265625,668.1766357421875,777.5623779296875,629.6748657226562,727.3078002929688
248,248,10.333333333333334,552,0,pedestrian,0.31664812564849854,549.7972412109375,930.0755004882812,607.46533203125,1057.978759765625,578.6312866210938,994.0271301269531
248,248,10.333333333333334,390,4,bus,0.3157694637775421,1015.3636474609375,420.86431884765625,1058.2545166015625,470.70416259765625,1036.80908203125,445.78424072265625
249,249,10.375,283,0,pedestrian,0.552495002746582,1610.927001953125,639.3759155273438,1644.7066650390625,719.9629516601562,1627.8168334960938,679.66943359375
249,249,10.375,13,0,pedestrian,0.4270525276660919,511.84857177734375,718.1259765625,549.7932739257812,823.57275390625,530.8209228515625,770.849365234375
249,249,10.375,546,4,bus,0.393775075674057,1016.20654296875,415.281005859375,1060.22265625,470.9712829589844,1038.214599609375,443.1261444091797
249,249,10.375,286,4,bus,0.42030590772628784,1135.6317138671875,682.1001586914062,1738.133544921875,1079.7852783203125,1436.8826293945312,880.9427185058594
249,249,10.375,250,0,pedestrian,0.5015329122543335,1059.9449462890625,868.0442504882812,1114.464599609375,1010.0255126953125,1087.2047729492188,939.0348815917969
249,249,10.375,571,0,pedestrian,0.32316625118255615,1151.1441650390625,529.7677001953125,1170.1978759765625,575.5880737304688,1160.6710205078125,552.6778869628906
249,249,10.375,390,3,truck,0.4789572060108185,1016.2562255859375,414.43316650390625,1060.3614501953125,470.8028259277344,1038.308837890625,442.6179962158203
249,249,10.375,448,2,van,0.29300111532211304,699.2369995117188,718.9894409179688,805.2493286132812,856.041748046875,752.2431640625,787.5155944824219
250,250,10.416666666666666,283,0,pedestrian,0.3438531458377838,1612.0782470703125,640.046630859375,1646.197509765625,719.9061889648438,1629.1378784179688,679.9764099121094
250,250,10.416666666666666,13,0,pedestrian,0.7065452337265015,513.3025512695312,717.9044189453125,550.9803466796875,823.409423828125,532.1414489746094,770.6569213867188
250,250,10.416666666666666,546,3,truck,0.43488025665283203,1017.0844116210938,410.819091796875,1061.3817138671875,470.9356689453125,1039.2330627441406,440.87738037109375
250,250,10.416666666666666,286,4,bus,0.7008049488067627,1137.666015625,688.9061279296875,1738.1875,1079.8360595703125,1437.9267578125,884.37109375
250,250,10.416666666666666,250,0,pedestrian,0.273934543132782,1060.0576171875,869.7985229492188,1116.892822265625,1010.9566040039062,1088.4752197265625,940.3775634765625
250,250,10.416666666666666,571,0,pedestrian,0.33257365226745605,1151.338623046875,527.7677612304688,1170.3463134765625,575.1898803710938,1160.8424682617188,551.4788208007812
250,250,10.416666666666666,390,4,bus,0.5389450192451477,1017.1444091796875,410.61163330078125,1061.417236328125,470.8690185546875,1039.2808227539062,440.7403259277344
250,250,10.416666666666666,448,2,van,0.26379066705703735,704.2142944335938,713.8052368164062,808.6553344726562,848.5647583007812,756.434814453125,781.1849975585938
250,250,10.416666666666666,550,1,car,0.27911168336868286,593.32080078125,674.1361083984375,670.2158813476562,775.6695556640625,631.7683410644531,724.90283203125
251,251,10.458333333333334,283,0,pedestrian,0.2754364609718323,1613.7789306640625,638.5913696289062,1649.509765625,721.4210815429688,1631.6443481445312,680.0062255859375
251,251,10.458333333333334,13,0,pedestrian,0.7463785409927368,514.8120727539062,717.0067138671875,552.9474487304688,824.0715942382812,533.8797607421875,770.5391540527344
251,251,10.458333333333334,546,4,bus,0.37832358479499817,1017.4865112304688,406.1524658203125,1063.24267578125,471.8990173339844,1040.3645935058594,439.02574157714844
251,251,10.458333333333334,390,3,truck,0.34049704670906067,1017.54443359375,406.1949157714844,1063.2391357421875,471.8876953125,1040.3917846679688,439.0413055419922
251,251,10.458333333333334,448,1,car,0.4213155210018158,710.0744018554688,709.3985595703125,811.85107421875,842.51611328125,760.9627380371094,775.9573364257812
251,251,10.458333333333334,550,1,car,0.3871549069881439,594.0985717773438,673.7034912109375,671.870361328125,774.95751953125,632.9844665527344,724.3305053710938
251,251,10.458333333333334,463,1,car,0.45052850246429443,1093.5157470703125,532.792724609375,1135.5638427734375,587.649169921875,1114.539794921875,560.220947265625
252,252,10.5,13,0,pedestrian,0.72153639793396,516.0919799804688,716.3785400390625,553.7083129882812,824.2963256835938,534.900146484375,770.3374328613281
252,252,10.5,546,4,bus,0.4330786168575287,1017.6995849609375,403.33746337890625,1064.036376953125,472.9396667480469,1040.8679809570312,438.13856506347656
252,252,10.5,390,3,truck,0.33846157789230347,1017.7546997070312,403.4880676269531,1064.0184326171875,472.9489440917969,1040.8865661621094,438.218505859375
252,252,10.5,448,1,car,0.3349752426147461,714.9004516601562,706.1815185546875,814.3251953125,835.8008422851562,764.6128234863281,770.9911804199219
252,252,10.5,550,3,truck,0.3691418766975403,594.2697143554688,672.4136352539062,672.3519287109375,774.3707275390625,633.3108215332031,723.3921813964844
252,252,10.5,463,1,car,0.5511670112609863,1093.548095703125,533.0972290039062,1135.899658203125,586.0210571289062,1114.723876953125,559.5591430664062
252,252,10.5,42,1,car,0.27944502234458923,898.5243530273438,488.2442932128906,933.1979370117188,523.0439453125,915.8611450195312,505.6441192626953
252,252,10.5,250,0,pedestrian,0.39451518654823303,1062.642333984375,882.002197265625,1118.5614013671875,1018.9678955078125,1090.6018676757812,950.4850463867188
253,253,10.541666666666666,13,0,pedestrian,0.6772809624671936,517.3221435546875,715.9478759765625,554.1754150390625,823.6373901367188,535.748779296875,769.7926330566406
253,253,10.541666666666666,390,3,truck,0.543510377407074,1019.8194580078125,415.6785888671875,1062.905029296875,472.40130615234375,1041.3622436523438,444.0399475097656
253,253,10.541666666666666,550,3,truck,0.4176690876483917,595.0301513671875,670.6865844726562,672.4760131835938,774.0247192382812,633.7530822753906,722.3556518554688
253,253,10.541666666666666,463,1,car,0.4675300419330597,1093.400146484375,532.9153442382812,1135.939453125,586.7506713867188,1114.6697998046875,559.8330078125
253,253,10.541666666666666,42,3,truck,0.4023796021938324,899.762451171875,487.152099609375,937.4605102539062,524.615234375,918.6114807128906,505.8836669921875
253,253,10.541666666666666,250,0,pedestrian,0.612608015537262,1063.822509765625,888.0632934570312,1116.237060546875,1020.7887573242188,1090.02978515625,954.426025390625
253,253,10.541666666666666,336,2,van,0.40252113342285156,1175.303466796875,553.4487915039062,1236.9464111328125,613.0292358398438,1206.1249389648438,583.239013671875
253,253,10.541666666666666,283,0,pedestrian,0.4901307225227356,1617.704833984375,635.7667236328125,1651.7171630859375,720.6505737304688,1634.7109985351562,678.2086486816406
254,254,10.583333333333334,13,0,pedestrian,0.719466507434845,518.0293579101562,715.961669921875,554.4039916992188,823.1478881835938,536.2166748046875,769.5547790527344
254,254,10.583333333333334,390,3,truck,0.5256224870681763,1020.6112670898438,422.949951171875,1062.4154052734375,472.37860107421875,1041.5133361816406,447.6642761230469
254,254,10.583333333333334,550,1,car,0.3811706006526947,595.856201171875,669.9058837890625,672.1923217773438,773.07666015625,634.0242614746094,721.4912719726562
254,254,10.583333333333334,463,1,car,0.35070669651031494,1092.8052978515625,532.8025512695312,1135.7821044921875,588.2815551757812,1114.293701171875,560.5420532226562
254,254,10.583333333333334,42,3,truck,0.2813861668109894,900.6110229492188,486.502685546875,938.2640380859375,524.1441650390625,919.4375305175781,505.32342529296875
254,254,10.583333333333334,584,1,car,0.33954426646232605,1104.666015625,480.5898132324219,1144.96484375,516.189208984375,1124.8154296875,498.38951110839844
254,254,10.583333333333334,336,2,van,0.5348553657531738,1175.3067626953125,553.3392333984375,1237.4437255859375,612.6875,1206.375244140625,583.0133666992188
254,254,10.583333333333334,283,0,pedestrian,0.4017610251903534,1618.3873291015625,635.5283813476562,1651.979248046875,720.3077392578125,1635.1832885742188,677.9180603027344
254,254,10.583333333333334,552,0,pedestrian,0.34643855690956116,578.9828491210938,891.2390747070312,634.0263061523438,1000.4409790039062,606.5045776367188,945.8400268554688
254,254,10.583333333333334,448,1,car,0.25734490156173706,726.9268188476562,697.1388549804688,821.644287109375,825.3907470703125,774.2855529785156,761.2648010253906
255,255,10.625,13,0,pedestrian,0.6499016284942627,519.36865234375,716.399169921875,554.6002197265625,822.0117797851562,536.9844360351562,769.2054748535156
255,255,10.625,390,3,truck,0.40309062600135803,1022.1218872070312,428.4364318847656,1063.3369140625,473.0205078125,1042.7294006347656,450.7284698486328
255,255,10.625,550,1,car,0.25668251514434814,596.7552490234375,668.3803100585938,672.9183959960938,770.8287963867188,634.8368225097656,719.6045532226562
255,255,10.625,336,2,van,0.5095120072364807,1176.324951171875,553.2713012695312,1237.2738037109375,615.4193115234375,1206.7993774414062,584.3453063964844
255,255,10.625,283,0,pedestrian,0.5262015461921692,1620.8563232421875,636.9757080078125,1653.20458984375,721.1957397460938,1637.0304565429688,679.0857238769531
255,255,10.625,585,3,truck,0.43604883551597595,675.1717529296875,920.3316040039062,887.5214233398438,1078.109619140625,781.3465881347656,999.2206115722656
255,255,10.625,589,0,pedestrian,0.34982776641845703,1513.9281005859375,582.6519775390625,1539.3455810546875,654.7437744140625,1526.6368408203125,618.6978759765625
255,255,10.625,448,3,truck,0.3372576832771301,730.454833984375,691.166259765625,824.9176025390625,818.7965698242188,777.6862182617188,754.9814147949219
256,256,10.666666666666666,13,0,pedestrian,0.7134522795677185,519.0469970703125,716.0982055664062,554.1790161132812,821.5712890625,536.6130065917969,768.8347473144531
256,256,10.666666666666666,390,3,truck,0.36527085304260254,1022.6326904296875,432.2963562011719,1063.85888671875,473.8631896972656,1043.2457885742188,453.07977294921875
256,256,10.666666666666666,336,2,van,0.45239493250846863,1177.00439453125,553.278076171875,1237.0714111328125,616.7376098632812,1207.0379028320312,585.0078430175781
256,256,10.666666666666666,283,0,pedestrian,0.5109393000602722,1622.365478515625,638.87548828125,1654.076171875,721.7921142578125,1638.2208251953125,680.3338012695312
256,256,10.666666666666666,585,3,truck,0.2812199890613556,686.94482421875,908.7298583984375,888.5280151367188,1079.062744140625,787.7364196777344,993.8963012695312
256,256,10.666666666666666,589,0,pedestrian,0.2869579792022705,1514.60498046875,581.9512329101562,1542.669921875,655.8541259765625,1528.637451171875,618.9026794433594
256,256,10.666666666666666,448,3,truck,0.31471073627471924,735.4535522460938,686.4918823242188,827.7636108398438,812.0496826171875,781.6085815429688,749.2707824707031
257,257,10.708333333333334,13,0,pedestrian,0.7026519775390625,518.888427734375,715.07861328125,553.9857177734375,821.000732421875,536.4370727539062,768.0396728515625
257,257,10.708333333333334,390,3,truck,0.34118402004241943,1023.0318603515625,432.08599853515625,1063.7308349609375,475.111572265625,1043.38134765625,453.5987854003906
257,257,10.708333333333334,336,2,van,0.4721083343029022,1177.4549560546875,553.529296875,1236.59912109375,615.8741455078125,1207.0270385742188,584.7017211914062
257,257,10.708333333333334,283,0,pedestrian,0.7678641080856323,1624.7349853515625,639.9527587890625,1656.2569580078125,721.6072387695312,1640.4959716796875,680.7799987792969
257,257,10.708333333333334,585,3,truck,0.5110110640525818,675.1685791015625,896.4406127929688,889.0492553710938,1079.875244140625,782.1089172363281,988.1579284667969
257,257,10.708333333333334,250,0,pedestrian,0.25007474422454834,1068.4205322265625,891.8776245117188,1122.191162109375,1029.850341796875,1095.3058471679688,960.8639831542969
257,257,10.708333333333334,552,0,pedestrian,0.27534088492393494,590.856201171875,873.93017578125,638.7224731445312,970.9176025390625,614.7893371582031,922.4238891601562
258,258,10.75,13,0,pedestrian,0.7070671319961548,519.7820434570312,714.1719970703125,554.1976928710938,820.4404296875,536.9898681640625,767.3062133789062
258,258,10.75,390,3,truck,0.3471556603908539,1023.96240234375,431.7318420410156,1063.9334716796875,475.86004638671875,1043.9479370117188,453.7959442138672
258,258,10.75,336,2,van,0.3613824248313904,1177.3909912109375,553.3618774414062,1236.18115234375,615.9678955078125,1206.7860717773438,584.6648864746094
258,258,10.75,283,0,pedestrian,0.7562772035598755,1626.7911376953125,640.568115234375,1657.34326171875,722.1470336914062,1642.0671997070312,681.3575744628906
258,258,10.75,585,3,truck,0.6542912721633911,673.9302368164062,884.63037109375,890.296875,1078.5872802734375,782.1135559082031,981.6088256835938
258,258,10.75,250,0,pedestrian,0.4427865445613861,1068.4388427734375,892.5050659179688,1122.286865234375,1032.4580078125,1095.3628540039062,962.4815368652344
258,258,10.75,589,0,pedestrian,0.28432172536849976,1515.632568359375,583.4825439453125,1544.94970703125,658.93359375,1530.2911376953125,621.2080688476562
258,258,10.75,448,1,car,0.28877729177474976,741.2026977539062,679.9330444335938,831.242431640625,801.432373046875,786.2225646972656,740.6827087402344
259,259,10.791666666666666,13,0,pedestrian,0.6275016069412231,520.509033203125,715.1175537109375,553.6863403320312,819.6627807617188,537.0976867675781,767.3901672363281
259,259,10.791666666666666,390,3,truck,0.37000539898872375,1024.5028076171875,430.0643005371094,1064.26025390625,476.1866149902344,1044.3815307617188,453.1254577636719
259,259,10.791666666666666,336,2,van,0.35867825150489807,1177.5089111328125,553.429443359375,1235.867919921875,614.8069458007812,1206.6884155273438,584.1181945800781
259,259,10.791666666666666,283,0,pedestrian,0.4603427052497864,1627.53369140625,642.3417358398438,1657.45361328125,721.5518798828125,1642.49365234375,681.9468078613281
259,259,10.791666666666666,585,3,truck,0.7470505833625793,677.0060424804688,873.0657348632812,890.530029296875,1077.7164306640625,783.7680358886719,975.3910827636719
259,259,10.791666666666666,448,3,truck,0.255575567483902,744.1047973632812,676.9708251953125,832.131103515625,795.8843383789062,788.1179504394531,736.4275817871094
260,260,10.833333333333334,13,0,pedestrian,0.6592427492141724,520.027587890625,715.4930419921875,553.98046875,819.252685546875,537.0040283203125,767.3728637695312
260,260,10.833333333333334,390,3,truck,0.33555087447166443,1024.1282958984375,428.435791015625,1065.1749267578125,476.4868469238281,1044.651611328125,452.46131896972656
260,260,10.833333333333334,336,2,van,0.36787107586860657,1177.0780029296875,553.0762329101562,1235.6058349609375,614.9120483398438,1206.3419189453125,583.994140625
260,260,10.833333333333334,283,0,pedestrian,0.6339365243911743,1626.3643798828125,644.7120971679688,1658.655029296875,724.5449829101562,1642.5097045898438,684.6285400390625
260,260,10.833333333333334,448,3,truck,0.3621232211589813,746.3822021484375,673.09423828125,833.3544921875,790.1286010742188,789.8683471679688,731.6114196777344
261,261,10.875,13,0,pedestrian,0.6443546414375305,520.3427734375,715.0510864257812,554.8843383789062,819.1116333007812,537.6135559082031,767.0813598632812
261,261,10.875,390,3,truck,0.32414495944976807,1023.8077392578125,426.73236083984375,1065.5345458984375,476.24102783203125,1044.671142578125,451.4866943359375
261,261,10.875,336,2,van,0.31370145082473755,1176.8760986328125,552.383056640625,1235.4219970703125,616.4453125,1206.1490478515625,584.4141845703125
261,261,10.875,283,0,pedestrian,0.5745335221290588,1626.3321533203125,646.0442504882812,1659.5904541015625,726.9801025390625,1642.9613037109375,686.5121765136719
261,261,10.875,448,3,truck,0.47731849551200867,751.5001831054688,669.041015625,836.0177612304688,784.7900390625,793.7589721679688,726.91552734375
261,261,10.875,589,0,pedestrian,0.41093993186950684,1525.1497802734375,586.61083984375,1549.884033203125,654.4852294921875,1537.5169067382812,620.5480346679688
261,261,10.875,585,3,truck,0.6223223805427551,690.6442260742188,850.6170043945312,892.5797729492188,1076.0743408203125,791.6119995117188,963.3456726074219
262,262,10.916666666666666,13,0,pedestrian,0.7384772300720215,520.2861328125,713.5125732421875,555.91259765625,820.0546875,538.099365234375,766.7836303710938
262,262,10.916666666666666,390,3,truck,0.3101615011692047,1023.6341552734375,424.8406677246094,1065.9837646484375,476.13250732421875,1044.8089599609375,450.48658752441406
262,262,10.916666666666666,283,0,pedestrian,0.5167253017425537,1625.0927734375,645.65283203125,1661.6561279296875,728.5191040039062,1643.3744506835938,687.0859680175781
262,262,10.916666666666666,448,1,car,0.4328954517841339,755.94482421875,664.7691650390625,838.7013549804688,779.937255859375,797.3230895996094,722.3532104492188
262,262,10.916666666666666,589,0,pedestrian,0.4421131908893585,1527.0675048828125,582.6461181640625,1551.034912109375,653.7329711914062,1539.0512084960938,618.1895446777344
262,262,10.916666666666666,585,3,truck,0.6283063292503357,699.92578125,841.87548828125,893.88232421875,1075.93115234375,796.904052734375,958.9033203125
262,262,10.916666666666666,42,1,car,0.31033653020858765,905.8863525390625,481.9534606933594,942.4873657226562,517.830322265625,924.1868591308594,499.8918914794922
263,263,10.958333333333334,13,0,pedestrian,0.6312402486801147,521.2908325195312,714.240966796875,555.8121337890625,820.0578002929688,538.5514831542969,767.1493835449219
263,263,10.958333333333334,390,3,truck,0.39196375012397766,1023.923583984375,422.78033447265625,1066.650634765625,476.71356201171875,1045.287109375,449.7469482421875
263,263,10.958333333333334,283,0,pedestrian,0.6191430687904358,1628.6015625,646.1630859375,1665.078125,728.6846923828125,1646.83984375,687.4238891601562
263,263,10.958333333333334,448,3,truck,0.5754300951957703,758.6988525390625,662.3743896484375,841.74169921875,773.5164794921875,800.2202758789062,717.9454345703125
263,263,10.958333333333334,589,0,pedestrian,0.6273837089538574,1530.306884765625,582.4464111328125,1554.843505859375,653.59033203125,1542.5751953125,618.0183715820312
263,263,10.958333333333334,585,3,truck,0.8274623155593872,707.7727661132812,834.41552734375,895.7420043945312,1074.57080078125,801.7573852539062,954.4931640625
263,263,10.958333333333334,602,4,bus,0.33185961842536926,1023.81103515625,422.0382385253906,1066.657958984375,476.62042236328125,1045.2344970703125,449.32933044433594
263,263,10.958333333333334,42,1,car,0.4273678660392761,907.0491333007812,482.3529357910156,942.5454711914062,517.1698608398438,924.7973022460938,499.7613983154297
263,263,10.958333333333334,584,1,car,0.3393719494342804,1115.78369140625,482.9884338378906,1151.4310302734375,518.7144165039062,1133.6073608398438,500.85142517089844
263,263,10.958333333333334,336,2,van,0.3013453483581543,1176.865478515625,551.5001831054688,1236.006103515625,619.4337158203125,1206.435791015625,585.4669494628906
264,264,11.0,13,0,pedestrian,0.6416864991188049,521.7551879882812,716.5418701171875,555.7783813476562,819.93701171875,538.7667846679688,768.2394409179688
264,264,11.0,390,3,truck,0.4750202000141144,1025.1458740234375,424.3466796875,1067.0924072265625,477.8202209472656,1046.119140625,451.0834503173828
264,264,11.0,283,0,pedestrian,0.5452315211296082,1629.4808349609375,647.7318115234375,1665.46826171875,729.9613037109375,1647.4745483398438,688.8465576171875
264,264,11.0,448,3,truck,0.3947560489177704,761.613037109375,659.1409912109375,843.8818359375,768.8540649414062,802.7474365234375,713.9975280761719
264,264,11.0,589,0,pedestrian,0.4920535087585449,1532.9566650390625,584.3544921875,1557.050048828125,653.491455078125,1545.0033569335938,618.9229736328125
264,264,11.0,585,3,truck,0.8016886711120605,714.0047607421875,826.0850830078125,897.599365234375,1062.2828369140625,805.8020629882812,944.1839599609375
264,264,11.0,602,4,bus,0.4366123080253601,1025.2703857421875,424.4507141113281,1067.0816650390625,477.74932861328125,1046.176025390625,451.1000213623047
264,264,11.0,42,1,car,0.5261873602867126,908.2178344726562,483.1698303222656,943.0902709960938,516.8316650390625,925.654052734375,500.00074768066406
264,264,11.0,584,1,car,0.32575172185897827,1116.212646484375,483.6531066894531,1151.3114013671875,519.2442016601562,1133.7620239257812,501.4486541748047
264,264,11.0,336,2,van,0.3272610902786255,1177.0572509765625,551.7205810546875,1236.5450439453125,618.7236938476562,1206.8011474609375,585.2221374511719
265,265,11.041666666666666,13,0,pedestrian,0.6245816349983215,521.61376953125,715.838134765625,555.7355346679688,819.7578125,538.6746520996094,767.7979736328125
265,265,11.041666666666666,390,3,truck,0.4167554974555969,1026.411865234375,426.4637451171875,1067.48291015625,478.48687744140625,1046.9473876953125,452.4753112792969
265,265,11.041666666666666,283,0,pedestrian,0.5652777552604675,1631.78515625,649.3953857421875,1668.3953857421875,731.0888671875,1650.0902709960938,690.2421264648438
265,265,11.041666666666666,448,3,truck,0.4038952887058258,764.6414184570312,657.7957763671875,845.4845581054688,763.8536376953125,805.06298828125,710.82470703125
265,265,11.041666666666666,589,0,pedestrian,0.7729235887527466,1534.316650390625,582.4071044921875,1560.0496826171875,654.0138549804688,1547.1831665039062,618.2104797363281
265,265,11.041666666666666,585,3,truck,0.7331979274749756,719.0158081054688,816.9308471679688,897.4716796875,1048.537109375,808.2437438964844,932.7339782714844
265,265,11.041666666666666,602,4,bus,0.424558162689209,1026.6600341796875,427.0753479003906,1067.4483642578125,478.44134521484375,1047.05419921875,452.7583465576172
265,265,11.041666666666666,42,1,car,0.4141111373901367,908.8787231445312,482.9056701660156,943.7098388671875,516.39208984375,926.2942810058594,499.6488800048828
265,265,11.041666666666666,584,1,car,0.2851535677909851,1115.97998046875,483.88427734375,1150.4271240234375,519.8421630859375,1133.2035522460938,501.86322021484375
265,265,11.041666666666666,336,2,van,0.3327556848526001,1177.3558349609375,552.1734008789062,1237.177978515625,617.5343017578125,1207.2669067382812,584.8538513183594
265,265,11.041666666666666,550,3,truck,0.4028090238571167,599.6712036132812,661.59765625,673.0165405273438,760.3378295898438,636.3438720703125,710.9677429199219
266,266,11.083333333333334,13,0,pedestrian,0.5144972205162048,521.6001586914062,715.4509887695312,555.5620727539062,819.5994262695312,538.5811157226562,767.5252075195312
266,266,11.083333333333334,390,3,truck,0.4003899097442627,1027.381103515625,426.6321105957031,1069.54248046875,479.2154235839844,1048.4617919921875,452.92376708984375
266,266,11.083333333333334,283,0,pedestrian,0.661279559135437,1632.650146484375,648.0578002929688,1669.6114501953125,730.7993774414062,1651.1307983398438,689.4285888671875
266,266,11.083333333333334,589,0,pedestrian,0.7405227422714233,1535.257080078125,583.4095458984375,1561.7965087890625,654.1552124023438,1548.5267944335938,618.7823791503906
266,266,11.083333333333334,585,3,truck,0.6578900218009949,723.45263671875,808.543701171875,899.2639770507812,1035.103759765625,811.3583068847656,921.82373046875
266,266,11.083333333333334,602,4,bus,0.38398540019989014,1027.6064453125,427.0519714355469,1069.73974609375,479.1891784667969,1048.673095703125,453.1205749511719
266,266,11.083333333333334,42,1,car,0.44823792576789856,909.2752685546875,482.3127746582031,944.1506958007812,516.0603637695312,926.7129821777344,499.1865692138672
266,266,11.083333333333334,550,3,truck,0.27404606342315674,599.5567626953125,660.1255493164062,672.6917724609375,759.27685546875,636.124267578125,709.7012023925781
267,267,11.125,13,0,pedestrian,0.4793643653392792,521.6278076171875,713.8889770507812,555.7557983398438,819.4633178710938,538.6918029785156,766.6761474609375
267,267,11.125,390,3,truck,0.41979342699050903,1027.830322265625,423.8639831542969,1071.187744140625,480.7538146972656,1049.509033203125,452.30889892578125
267,267,11.125,283,0,pedestrian,0.6451905369758606,1633.837890625,647.1544189453125,1670.378173828125,729.3903198242188,1652.1080322265625,688.2723693847656
267,267,11.125,589,0,pedestrian,0.7227482795715332,1535.44189453125,584.4463500976562,1562.5538330078125,655.5831909179688,1548.9978637695312,620.0147705078125
267,267,11.125,585,3,truck,0.5935297608375549,727.8734741210938,800.6768188476562,899.1637573242188,1021.4224853515625,813.5186157226562,911.0496520996094
267,267,11.125,602,4,bus,0.36865153908729553,1028.0067138671875,423.8718566894531,1071.44775390625,480.8273010253906,1049.7272338867188,452.3495788574219
267,267,11.125,42,1,car,0.29722118377685547,909.802734375,481.14630126953125,944.5478515625,515.1082763671875,927.17529296875,498.1272888183594
267,267,11.125,550,3,truck,0.34657877683639526,599.501953125,659.3590698242188,672.2848510742188,757.7850952148438,635.8934020996094,708.5720825195312
267,267,11.125,336,2,van,0.25078532099723816,1178.4410400390625,552.5103759765625,1236.7073974609375,618.4550170898438,1207.57421875,585.4826965332031
268,268,11.166666666666666,13,0,pedestrian,0.5616208910942078,522.4229125976562,716.2117309570312,556.279052734375,819.9063110351562,539.3509826660156,768.0590209960938
268,268,11.166666666666666,390,4,bus,0.43298161029815674,1028.114990234375,419.846923828125,1073.128173828125,481.7389831542969,1050.62158203125,450.79295349121094
268,268,11.166666666666666,589,0,pedestrian,0.4814302325248718,1536.0040283203125,585.4878540039062,1563.495849609375,655.6209106445312,1549.7499389648438,620.5543823242188
268,268,11.166666666666666,585,3,truck,0.7893855571746826,732.3663940429688,794.6266479492188,902.1159057617188,1008.4688110351562,817.2411499023438,901.5477294921875
268,268,11.166666666666666,602,3,truck,0.4974113702774048,1028.2406005859375,419.6070556640625,1073.4178466796875,481.81756591796875,1050.8292236328125,450.7123107910156
268,268,11.166666666666666,42,1,car,0.37464141845703125,910.202880859375,481.3730773925781,944.9791870117188,514.3594360351562,927.5910339355469,497.8662567138672
268,268,11.166666666666666,550,3,truck,0.3661563992500305,599.4196166992188,658.3434448242188,672.5841064453125,757.0332641601562,636.0018615722656,707.6883544921875
268,268,11.166666666666666,448,1,car,0.42805033922195435,772.8956909179688,649.05859375,852.4935302734375,750.3540649414062,812.6946105957031,699.7063293457031
269,269,11.208333333333334,13,0,pedestrian,0.5477425456047058,523.32177734375,717.7408447265625,556.2631225585938,820.0276489257812,539.7924499511719,768.8842468261719
269,269,11.208333333333334,390,3,truck,0.5174065828323364,1028.488525390625,418.9233093261719,1073.9801025390625,482.16241455078125,1051.2343139648438,450.54286193847656
269,269,11.208333333333334,589,0,pedestrian,0.6042881011962891,1537.3541259765625,587.317626953125,1566.2401123046875,656.8485107421875,1551.797119140625,622.0830688476562
269,269,11.208333333333334,585,3,truck,0.6935012936592102,736.198486328125,787.5639038085938,903.1738891601562,995.0400390625,819.6861877441406,891.3019714355469
269,269,11.208333333333334,602,4,bus,0.36521124839782715,1028.589599609375,418.6763000488281,1074.227783203125,482.21368408203125,1051.40869140625,450.4449920654297
269,269,11.208333333333334,42,1,car,0.4249117970466614,910.2926635742188,482.684326171875,944.6123046875,514.2223510742188,927.4524841308594,498.4533386230469
269,269,11.208333333333334,448,1,car,0.443371444940567,777.2390747070312,645.7664184570312,854.1625366210938,744.7717895507812,815.7008056640625,695.2691040039062
269,269,11.208333333333334,283,0,pedestrian,0.34824338555336,1638.957275390625,648.3351440429688,1675.2513427734375,731.5453491210938,1657.1043090820312,689.9402465820312
