source_frame_index,frame_index,timestamp_seconds,track_id,class_id,class_name,confidence,x1,y1,x2,y2,center_x,center_y
0,0,0.0,1,0,pedestrian,0.6850156188011169,502.3194580078125,696.1441650390625,531.5521240234375,789.842529296875,516.935791015625,742.9933471679688
0,0,0.0,2,0,pedestrian,0.6846975684165955,1598.62744140625,665.8116455078125,1633.54443359375,758.95751953125,1616.0859375,712.3845825195312
0,0,0.0,3,3,truck,0.6024037003517151,800.1668701171875,453.66278076171875,916.530029296875,586.9036254882812,858.3484497070312,520.283203125
0,0,0.0,4,1,car,0.5500825643539429,835.45556640625,587.1621704101562,918.97509765625,670.3495483398438,877.21533203125,628.755859375
0,0,0.0,5,4,bus,0.3852921724319458,1086.161376953125,670.901123046875,1645.985595703125,1079.00390625,1366.073486328125,874.9525146484375
0,0,0.0,6,0,pedestrian,0.35792848467826843,462.19659423828125,685.5286254882812,492.09588623046875,786.4812622070312,477.146240234375,736.0049438476562
0,0,0.0,7,0,pedestrian,0.35711851716041565,552.3822631835938,593.1702270507812,572.1066284179688,653.9760131835938,562.2444458007812,623.5731201171875
0,0,0.0,8,3,truck,0.3504102826118469,1065.5670166015625,543.3279418945312,1155.8289794921875,637.9275512695312,1110.697998046875,590.6277465820312
0,0,0.0,9,3,truck,0.3204094469547272,907.4136352539062,452.7265625,953.0783081054688,516.5244140625,930.2459716796875,484.62548828125
0,0,0.0,10,0,pedestrian,0.2784683108329773,1063.3685302734375,545.4437255859375,1085.5250244140625,592.5472412109375,1074.44677734375,568.9954833984375
0,0,0.0,11,2,van,0.25323545932769775,835.45556640625,587.1621704101562,918.97509765625,670.3495483398438,877.21533203125,628.755859375
0,0,0.0,12,0,pedestrian,0.2528507113456726,215.33885192871094,685.4390869140625,250.3801727294922,763.6663818359375,232.85951232910156,724.552734375
1,1,0.041666666666666664,1,0,pedestrian,0.5641124844551086,501.170166015625,695.9985961914062,530.2706909179688,789.26953125,515.7204284667969,742.6340637207031
1,1,0.041666666666666664,2,0,pedestrian,0.6578584313392639,1599.1572265625,666.5978393554688,1634.45361328125,760.781982421875,1616.805419921875,713.6899108886719
1,1,0.041666666666666664,3,3,truck,0.6491572260856628,801.1521606445312,455.3539733886719,914.6819458007812,585.3003540039062,857.9170532226562,520.3271636962891
1,1,0.041666666666666664,4,1,car,0.5333666801452637,834.3729248046875,586.1608276367188,917.5662841796875,669.0415649414062,875.9696044921875,627.6011962890625
1,1,0.041666666666666664,6,0,pedestrian,0.39592352509498596,461.4198913574219,686.8419799804688,491.2474060058594,787.5274658203125,476.3336486816406,737.1847229003906
1,1,0.041666666666666664,7,0,pedestrian,0.4556385278701782,550.266845703125,593.405029296875,571.0881958007812,657.6278686523438,560.6775207519531,625.5164489746094
1,1,0.041666666666666664,8,3,truck,0.29081952571868896,1063.7396240234375,543.707275390625,1153.351806640625,637.6057739257812,1108.5457153320312,590.6565246582031
1,1,0.041666666666666664,11,2,van,0.259285032749176,834.3729248046875,586.1608276367188,917.5662841796875,669.0415649414062,875.9696044921875,627.6011962890625
1,1,0.041666666666666664,12,0,pedestrian,0.38088223338127136,213.5037384033203,685.6235961914062,247.82032775878906,762.2643432617188,230.6620330810547,723.9439697265625
2,2,0.08333333333333333,1,0,pedestrian,0.46858444809913635,499.7461853027344,693.5855712890625,528.5064086914062,785.763427734375,514.1262969970703,739.6744995117188
2,2,0.08333333333333333,2,0,pedestrian,0.7339453101158142,1599.7657470703125,666.2830200195312,1635.24072265625,760.9861450195312,1617.5032348632812,713.6345825195312
2,2,0.08333333333333333,3,3,truck,0.5760087370872498,803.448486328125,457.5075378417969,915.3150024414062,585.5836791992188,859.3817443847656,521.5456085205078
2,2,0.08333333333333333,4,1,car,0.8427852392196655,834.8104248046875,587.1297607421875,915.5409545898438,667.5517578125,875.1756896972656,627.3407592773438
2,2,0.08333333333333333,6,0,pedestrian,0.3442223370075226,460.47576904296875,686.2603149414062,490.2442932128906,786.7799682617188,475.3600311279297,736.5201416015625
2,2,0.08333333333333333,7,0,pedestrian,0.5274168252944946,548.30078125,593.2189331054688,569.5191650390625,658.6276245117188,558.9099731445312,625.9232788085938
2,2,0.08333333333333333,8,3,truck,0.34300845861434937,1062.33740234375,546.699462890625,1151.17724609375,639.7176513671875,1106.75732421875,593.2085571289062
2,2,0.08333333333333333,12,0,pedestrian,0.45433366298675537,211.67056274414062,685.5768432617188,245.8914337158203,762.1303100585938,228.78099822998047,723.8535766601562
2,2,0.08333333333333333,13,0,pedestrian,0.420245885848999,499.50152587890625,694.7786254882812,529.0404663085938,787.4868774414062,514.27099609375,741.1327514648438
2,2,0.08333333333333333,5,4,bus,0.33588483929634094,1087.4140625,680.2282104492188,1629.7733154296875,1075.262451171875,1358.5936889648438,877.7453308105469
3,3,0.125,1,0,pedestrian,0.4137444794178009,499.0511474609375,692.30810546875,527.752197265625,784.3706665039062,513.4016723632812,738.3393859863281
3,3,0.125,2,0,pedestrian,0.6822096109390259,1600.233642578125,667.54150390625,1636.0543212890625,763.1822509765625,1618.1439819335938,715.3618774414062
3,3,0.125,3,3,truck,0.4839877784252167,804.2450561523438,458.3131103515625,915.8628540039062,586.1640014648438,860.053955078125,522.2385559082031
3,3,0.125,4,1,car,0.8212676048278809,835.4275512695312,587.6571655273438,914.5026245117188,666.3502807617188,874.965087890625,627.0037231445312
3,3,0.125,6,0,pedestrian,0.3394295871257782,460.3437805175781,687.3475341796875,489.4639587402344,785.65966796875,474.90386962890625,736.5036010742188
3,3,0.125,7,0,pedestrian,0.4446214437484741,547.7883911132812,593.2962036132812,568.6758422851562,657.5824584960938,558.2321166992188,625.4393310546875
3,3,0.125,8,2,van,0.5001482963562012,1061.583984375,546.4945068359375,1151.21826171875,640.2810668945312,1106.401123046875,593.3877868652344
3,3,0.125,12,0,pedestrian,0.28136885166168213,211.70816040039062,684.8040771484375,246.2361602783203,762.0421752929688,228.97216033935547,723.4231262207031
3,3,0.125,13,0,pedestrian,0.5480384230613708,498.576904296875,695.1698608398438,528.2158203125,788.2547607421875,513.3963623046875,741.7123107910156
4,4,0.16666666666666666,1,0,pedestrian,0.31880277395248413,497.96923828125,691.7842407226562,526.1610107421875,782.1698608398438,512.0651245117188,736.97705078125
4,4,0.16666666666666666,2,0,pedestrian,0.35636332631111145,1600.281005859375,667.085205078125,1636.63427734375,763.9830322265625,1618.4576416015625,715.5341186523438
4,4,0.16666666666666666,3,3,truck,0.5315613746643066,804.1571044921875,459.0546875,914.5494384765625,585.51025390625,859.353271484375,522.282470703125
4,4,0.16666666666666666,4,1,car,0.7914414405822754,836.1290893554688,587.4918212890625,913.3385009765625,664.18212890625,874.7337951660156,625.8369750976562
4,4,0.16666666666666666,6,0,pedestrian,0.2674136459827423,457.7864685058594,687.1640014648438,486.5773010253906,784.4749755859375,472.181884765625,735.8194885253906
4,4,0.16666666666666666,7,0,pedestrian,0.4787406325340271,547.5064697265625,592.4515380859375,568.640625,657.521240234375,558.0735473632812,624.9863891601562
4,4,0.16666666666666666,8,2,van,0.47468432784080505,1065.300048828125,551.5419311523438,1150.8233642578125,640.8795166015625,1108.0617065429688,596.2107238769531
4,4,0.16666666666666666,13,0,pedestrian,0.5851512551307678,497.09259033203125,695.2490234375,527.0328369140625,789.2794799804688,512.0627136230469,742.2642517089844
4,4,0.16666666666666666,20,1,car,0.4724300503730774,916.4456787109375,485.4382019042969,946.17236328125,518.3335571289062,931.3090209960938,501.88587951660156
5,5,0.20833333333333334,3,3,truck,0.569251298904419,804.1566162109375,458.706787109375,913.4215698242188,583.761962890625,858.7890930175781,521.234375
5,5,0.20833333333333334,4,1,car,0.7444301247596741,835.7494506835938,586.3414306640625,912.3956298828125,662.40380859375,874.0725402832031,624.3726196289062
5,5,0.20833333333333334,6,0,pedestrian,0.2559014558792114,455.30810546875,687.0254516601562,484.2519226074219,785.1214599609375,469.78001403808594,736.0734558105469
5,5,0.20833333333333334,7,0,pedestrian,0.45270678400993347,546.9244995117188,592.1273803710938,568.2476806640625,657.7298583984375,557.5860900878906,624.9286193847656
5,5,0.20833333333333334,8,2,van,0.4363456070423126,1063.373046875,550.2647094726562,1151.764892578125,642.6061401367188,1107.5689697265625,596.4354248046875
5,5,0.20833333333333334,13,0,pedestrian,0.6586519479751587,494.49169921875,693.7103881835938,525.5057983398438,791.0751342773438,509.9987487792969,742.3927612304688
5,5,0.20833333333333334,20,1,car,0.4057405889034271,914.6563110351562,481.7723388671875,947.0420532226562,517.6146850585938,930.8491821289062,499.6935119628906
5,5,0.20833333333333334,12,0,pedestrian,0.3482663035392761,207.855224609375,685.783447265625,242.397705078125,762.8685913085938,225.12646484375,724.3260192871094
6,6,0.25,3,3,truck,0.5175444483757019,804.6163940429688,459.16668701171875,912.709228515625,582.6251220703125,858.6628112792969,520.8959045410156
6,6,0.25,4,1,car,0.5497063994407654,835.443359375,585.6162109375,912.0380859375,661.5433959960938,873.74072265625,623.5798034667969
6,6,0.25,7,0,pedestrian,0.42871272563934326,546.6559448242188,592.4395751953125,567.878173828125,657.6337890625,557.2670593261719,625.0366821289062
6,6,0.25,8,2,van,0.4388529658317566,1063.615478515625,550.5870361328125,1151.1766357421875,642.05810546875,1107.3960571289062,596.3225708007812
6,6,0.25,13,0,pedestrian,0.7020623683929443,493.1947021484375,693.21240234375,524.4906616210938,791.2515258789062,508.8426818847656,742.2319641113281
6,6,0.25,20,1,car,0.34134361147880554,914.5147094726562,481.3263244628906,946.9423828125,517.2161865234375,930.7285461425781,499.27125549316406
6,6,0.25,26,0,pedestrian,0.344352126121521,437.1405029296875,532.2802124023438,457.4186706542969,585.9007568359375,447.2795867919922,559.0904846191406
6,6,0.25,12,0,pedestrian,0.44875550270080566,207.7171630859375,686.5272216796875,242.3665008544922,763.8248901367188,225.04183197021484,725.1760559082031
7,7,0.2916666666666667,3,3,truck,0.4921521842479706,804.061767578125,457.306884765625,913.39306640625,582.0618286132812,858.7274169921875,519.6843566894531
7,7,0.2916666666666667,4,1,car,0.4489632844924927,834.7298583984375,585.1738891601562,910.0857543945312,659.7936401367188,872.4078063964844,622.4837646484375
7,7,0.2916666666666667,7,0,pedestrian,0.4050863981246948,545.593505859375,593.28369140625,566.93212890625,658.5718383789062,556.2628173828125,625.9277648925781
7,7,0.2916666666666667,8,2,van,0.27279132604599,1058.5078125,546.4234008789062,1151.245849609375,643.4067993164062,1104.8768310546875,594.9151000976562
7,7,0.2916666666666667,13,0,pedestrian,0.7403894662857056,492.683837890625,693.1943359375,524.031005859375,791.11279296875,508.357421875,742.153564453125
7,7,0.2916666666666667,20,1,car,0.2941702902317047,914.1825561523438,479.9306945800781,947.3040161132812,516.6807250976562,930.7432861328125,498.3057098388672
7,7,0.2916666666666667,26,0,pedestrian,0.3104720711708069,437.0323486328125,531.06201171875,457.5224304199219,585.259521484375,447.2773895263672,558.1607666015625
7,7,0.2916666666666667,12,0,pedestrian,0.44019627571105957,208.11843872070312,687.3143920898438,242.13116455078125,763.162353515625,225.1248016357422,725.2383728027344
7,7,0.2916666666666667,5,4,bus,0.26261788606643677,1088.567138671875,683.5509643554688,1622.539306640625,1071.2794189453125,1355.55322265625,877.4151916503906
7,7,0.2916666666666667,6,0,pedestrian,0.2573506534099579,454.6333312988281,686.72314453125,484.10491943359375,786.6153564453125,469.36912536621094,736.6692504882812
8,8,0.3333333333333333,3,3,truck,0.49232906103134155,803.9661865234375,455.9429626464844,913.827880859375,581.117431640625,858.8970336914062,518.5301971435547
8,8,0.3333333333333333,4,1,car,0.5874099731445312,834.2025146484375,584.28564453125,909.705810546875,659.0360107421875,871.9541625976562,621.6608276367188
8,8,0.3333333333333333,7,0,pedestrian,0.561786413192749,544.3508911132812,593.8600463867188,565.5818481445312,658.580810546875,554.9663696289062,626.2204284667969
8,8,0.3333333333333333,8,3,truck,0.31177183985710144,1055.8798828125,544.5468139648438,1151.486083984375,644.5804443359375,1103.6829833984375,594.5636291503906
8,8,0.3333333333333333,13,0,pedestrian,0.7060307860374451,492.3041687011719,692.6990966796875,523.7811889648438,790.8753662109375,508.0426788330078,741.7872314453125
8,8,0.3333333333333333,12,0,pedestrian,0.32396382093429565,209.2672119140625,688.4669189453125,241.21607971191406,759.5631713867188,225.24164581298828,724.0150451660156
8,8,0.3333333333333333,31,0,pedestrian,0.3984546363353729,460.50799560546875,686.7468872070312,490.585693359375,790.0402221679688,475.5468444824219,738.3935546875
8,8,0.3333333333333333,5,4,bus,0.542164146900177,1096.12255859375,695.5305786132812,1615.8126220703125,1070.7091064453125,1355.9675903320312,883.1198425292969
8,8,0.3333333333333333,6,0,pedestrian,0.2612723112106323,454.0416259765625,686.39892578125,483.36431884765625,785.4747924804688,468.7029724121094,735.9368591308594
9,9,0.375,3,3,truck,0.5201916098594666,804.6238403320312,455.207275390625,913.5128784179688,579.1446533203125,859.068359375,517.1759643554688
9,9,0.375,4,2,van,0.5796539187431335,832.8948974609375,581.684326171875,910.9161987304688,659.0363159179688,871.9055480957031,620.3603210449219
9,9,0.375,7,0,pedestrian,0.5521289110183716,543.9625854492188,594.0950317382812,565.365478515625,659.2113647460938,554.6640319824219,626.6531982421875
9,9,0.375,8,3,truck,0.32496947050094604,1054.504638671875,544.7935791015625,1151.9573974609375,646.7681884765625,1103.2310180664062,595.7808837890625
9,9,0.375,13,0,pedestrian,0.6605036854743958,491.5704345703125,692.0401000976562,523.2166748046875,790.606689453125,507.3935546875,741.3233947753906
9,9,0.375,12,0,pedestrian,0.316911518573761,208.57925415039062,688.1148681640625,240.58236694335938,758.6215209960938,224.580810546875,723.3681945800781
9,9,0.375,31,0,pedestrian,0.4192064702510834,458.7274475097656,685.9320678710938,489.24346923828125,790.6530151367188,473.98545837402344,738.2925415039062
9,9,0.375,5,4,bus,0.5514261722564697,1093.311767578125,694.5778198242188,1616.768310546875,1070.9893798828125,1355.0400390625,882.7835998535156
9,9,0.375,6,0,pedestrian,0.3388482630252838,453.56591796875,685.3452758789062,483.83447265625,787.3412475585938,468.7001953125,736.34326171875
9,9,0.375,34,1,car,0.3693263530731201,1065.231201171875,509.8087158203125,1104.17626953125,549.8280639648438,1084.7037353515625,529.8183898925781
10,10,0.4166666666666667,3,3,truck,0.5545027256011963,805.8550415039062,455.760009765625,913.3358154296875,577.9472045898438,859.5954284667969,516.8536071777344
10,10,0.4166666666666667,4,2,van,0.5892581939697266,833.0635986328125,580.6871948242188,910.9906616210938,657.9904174804688,872.0271301269531,619.3388061523438
10,10,0.4166666666666667,7,0,pedestrian,0.5208836793899536,543.3798217773438,593.7396850585938,565.38671875,660.5654907226562,554.3832702636719,627.152587890625
10,10,0.4166666666666667,8,3,truck,0.47555339336395264,1059.151611328125,547.777099609375,1153.3382568359375,646.4212036132812,1106.2449340820312,597.0991516113281
10,10,0.4166666666666667,13,0,pedestrian,0.6750671863555908,491.197021484375,691.7679443359375,523.1304321289062,791.14013671875,507.1637268066406,741.4540405273438
10,10,0.4166666666666667,12,0,pedestrian,0.3480284810066223,207.71543884277344,687.9371948242188,240.55111694335938,760.0150146484375,224.1332778930664,723.9761047363281
10,10,0.4166666666666667,31,0,pedestrian,0.45062392950057983,458.5303039550781,685.7057495117188,489.0479431152344,790.33251953125,473.78912353515625,738.0191345214844
10,10,0.4166666666666667,5,4,bus,0.6378651857376099,1092.574951171875,695.538818359375,1616.6749267578125,1070.8829345703125,1354.6249389648438,883.2108764648438
10,10,0.4166666666666667,6,0,pedestrian,0.3169340491294861,452.1934509277344,684.9049682617188,483.0861511230469,788.3843383789062,467.6398010253906,736.6446533203125
10,10,0.4166666666666667,34,1,car,0.36566808819770813,1065.217529296875,510.37396240234375,1103.412109375,549.5924072265625,1084.3148193359375,529.9831848144531
11,11,0.4583333333333333,3,3,truck,0.5498526692390442,807.058837890625,458.3036193847656,912.452392578125,577.68896484375,859.755615234375,517.9962921142578
11,11,0.4583333333333333,4,2,van,0.4555085003376007,833.2900390625,580.2008056640625,911.1513671875,657.3922119140625,872.220703125,618.7965087890625
11,11,0.4583333333333333,7,0,pedestrian,0.42258116602897644,542.2565307617188,594.115478515625,564.8358154296875,662.7196655273438,553.5461730957031,628.4175720214844
11,11,0.4583333333333333,8,3,truck,0.4403662383556366,1064.6307373046875,554.461669921875,1154.0772705078125,648.3756103515625,1109.35400390625,601.4186401367188
11,11,0.4583333333333333,13,0,pedestrian,0.677394688129425,491.6512145996094,692.8789672851562,523.2269287109375,790.9200439453125,507.43907165527344,741.8995056152344
11,11,0.4583333333333333,12,0,pedestrian,0.3671726882457733,206.2936553955078,687.6266479492188,240.15402221679688,761.6083374023438,223.22383880615234,724.6174926757812
11,11,0.4583333333333333,31,0,pedestrian,0.4271252453327179,458.0919494628906,685.621337890625,488.82940673828125,790.9420166015625,473.46067810058594,738.2816772460938
11,11,0.4583333333333333,5,4,bus,0.5671998858451843,1088.8297119140625,691.826904296875,1619.36767578125,1070.7913818359375,1354.0986938476562,881.3091430664062
11,11,0.4583333333333333,6,0,pedestrian,0.3079579770565033,451.8701171875,685.1180419921875,483.0668640136719,789.0718994140625,467.46849060058594,737.094970703125
11,11,0.4583333333333333,34,1,car,0.2502982020378113,1064.8958740234375,510.3028869628906,1103.775634765625,550.281494140625,1084.3357543945312,530.2921905517578
12,12,0.5,3,3,truck,0.5060309171676636,808.445556640625,461.2508544921875,911.9405517578125,577.8134155273438,860.1930541992188,519.5321350097656
12,12,0.5,4,2,van,0.4804503917694092,833.8690795898438,579.630126953125,911.5942993164062,656.5643310546875,872.731689453125,618.0972290039062
12,12,0.5,7,0,pedestrian,0.453443318605423,542.263671875,594.9965209960938,564.4584350585938,662.3391723632812,553.3610534667969,628.6678466796875
12,12,0.5,8,3,truck,0.5648195743560791,1063.027587890625,554.18212890625,1154.467041015625,650.6470336914062,1108.747314453125,602.4145812988281
12,12,0.5,13,0,pedestrian,0.6603002548217773,492.3152160644531,694.3226928710938,523.5538940429688,791.1096801757812,507.93455505371094,742.7161865234375
12,12,0.5,31,0,pedestrian,0.4313090443611145,458.6117858886719,686.4069213867188,489.2870788574219,791.43994140625,473.9494323730469,738.9234313964844
12,12,0.5,5,4,bus,0.3146570920944214,1084.839599609375,686.5875854492188,1623.6893310546875,1070.7802734375,1354.2644653320312,878.6839294433594
12,12,0.5,6,0,pedestrian,0.319160133600235,453.4507751464844,684.9563598632812,484.98394775390625,789.5545043945312,469.2173614501953,737.2554321289062
13,13,0.5416666666666666,3,3,truck,0.5041171312332153,809.3458862304688,462.19244384765625,912.4330444335938,577.5938720703125,860.8894653320312,519.8931579589844
13,13,0.5416666666666666,4,2,van,0.44276201725006104,834.7743530273438,579.0518188476562,912.267822265625,655.4114990234375,873.5210876464844,617.2316589355469
13,13,0.5416666666666666,7,0,pedestrian,0.3508491516113281,542.6574096679688,595.475341796875,564.586181640625,661.9291381835938,553.6217956542969,628.7022399902344
13,13,0.5416666666666666,8,3,truck,0.43895429372787476,1057.26953125,553.1629028320312,1152.944091796875,654.27734375,1105.1068115234375,603.7201232910156
13,13,0.5416666666666666,13,0,pedestrian,0.6625037789344788,492.3052062988281,694.8857421875,523.6424560546875,791.7425537109375,507.9738311767578,743.3141479492188
13,13,0.5416666666666666,31,0,pedestrian,0.4042283892631531,458.28021240234375,686.6978759765625,489.104248046875,792.1748046875,473.6922302246094,739.4363403320312
13,13,0.5416666666666666,6,0,pedestrian,0.30139899253845215,452.918701171875,684.5020751953125,484.9537353515625,790.4054565429688,468.93621826171875,737.4537658691406
13,13,0.5416666666666666,12,0,pedestrian,0.3077887296676636,204.774169921875,687.4217529296875,239.40919494628906,762.8076782226562,222.09168243408203,725.1147155761719
14,14,0.5833333333333334,3,3,truck,0.5505249500274658,808.9668579101562,459.8062438964844,913.98876953125,577.1021728515625,861.4778137207031,518.4542083740234
14,14,0.5833333333333334,4,2,van,0.4675242006778717,835.3143920898438,578.502685546875,912.6244506835938,654.3805541992188,873.9694213867188,616.4416198730469
14,14,0.5833333333333334,7,0,pedestrian,0.2844274044036865,542.343505859375,595.7420043945312,564.64404296875,663.2721557617188,553.4937744140625,629.507080078125
14,14,0.5833333333333334,8,3,truck,0.45142123103141785,1057.993408203125,557.7145385742188,1151.035888671875,655.9254760742188,1104.5146484375,606.8200073242188
14,14,0.5833333333333334,13,0,pedestrian,0.6579567790031433,491.7891540527344,694.4215087890625,523.65087890625,792.5455932617188,507.7200164794922,743.4835510253906
14,14,0.5833333333333334,31,0,pedestrian,0.3527054190635681,458.083984375,686.56982421875,489.00836181640625,792.4058227539062,473.5461730957031,739.4878234863281
14,14,0.5833333333333334,6,0,pedestrian,0.28389519453048706,452.46044921875,684.241455078125,484.7185363769531,790.529541015625,468.58949279785156,737.385498046875
14,14,0.5833333333333334,42,3,truck,0.4255237281322479,661.7568969726562,692.1937255859375,762.6697998046875,823.4307861328125,712.2133483886719,757.812255859375
14,14,0.5833333333333334,12,0,pedestrian,0.363874226808548,204.221435546875,688.128173828125,239.3490753173828,764.1441040039062,221.7852554321289,726.1361389160156
14,14,0.5833333333333334,5,4,bus,0.26704567670822144,1078.98876953125,672.7728881835938,1642.733154296875,1075.75634765625,1360.8609619140625,874.2646179199219
15,15,0.625,3,3,truck,0.4009239077568054,807.8948364257812,456.4049072265625,915.9089965820312,577.081787109375,861.9019165039062,516.7433471679688
15,15,0.625,4,1,car,0.4003823399543762,835.4254760742188,578.2399291992188,912.7509155273438,653.962158203125,874.0881958007812,616.1010437011719
15,15,0.625,8,3,truck,0.49930062890052795,1061.7066650390625,563.1240234375,1150.5570068359375,656.1257934570312,1106.1318359375,609.6249084472656
15,15,0.625,13,0,pedestrian,0.6641726493835449,491.3417053222656,693.9594116210938,523.6387939453125,793.0447998046875,507.49024963378906,743.5021057128906
15,15,0.625,31,0,pedestrian,0.352037638425827,457.87127685546875,686.9197998046875,488.86859130859375,793.0490112304688,473.36993408203125,739.9844055175781
15,15,0.625,6,0,pedestrian,0.26472437381744385,452.0622253417969,684.2440185546875,484.4213562011719,790.633056640625,468.2417907714844,737.4385375976562
15,15,0.625,12,0,pedestrian,0.3769727051258087,203.67355346679688,687.8660278320312,239.68724060058594,765.5516357421875,221.6803970336914,726.7088317871094
15,15,0.625,5,4,bus,0.40109384059906006,1077.5362548828125,670.4281616210938,1645.24560546875,1077.281005859375,1361.3909301757812,873.8545837402344
16,16,0.6666666666666666,3,3,truck,0.4840816259384155,808.048828125,455.0268249511719,916.7089233398438,576.4922485351562,862.3788757324219,515.7595367431641
16,16,0.6666666666666666,4,1,car,0.5993546843528748,835.900634765625,577.9675903320312,912.1263427734375,652.3574829101562,874.0134887695312,615.1625366210938
16,16,0.6666666666666666,8,3,truck,0.2953697443008423,1062.533935546875,565.0984497070312,1151.044677734375,657.247802734375,1106.789306640625,611.1731262207031
16,16,0.6666666666666666,13,0,pedestrian,0.6255389451980591,491.4823913574219,694.036865234375,523.7105102539062,792.7987670898438,507.59645080566406,743.4178161621094
16,16,0.6666666666666666,31,0,pedestrian,0.337804913520813,457.6907958984375,686.5048217773438,488.8830261230469,793.5315551757812,473.2869110107422,740.0181884765625
16,16,0.6666666666666666,6,0,pedestrian,0.2786000370979309,451.1017761230469,684.1343383789062,483.3652648925781,790.3042602539062,467.2335205078125,737.2192993164062
16,16,0.6666666666666666,12,0,pedestrian,0.34683144092559814,203.39088439941406,687.5372924804688,239.53355407714844,765.4108276367188,221.46221923828125,726.4740600585938
16,16,0.6666666666666666,5,4,bus,0.6397592425346375,1087.848388671875,688.4569702148438,1629.478515625,1074.9256591796875,1358.6634521484375,881.6913146972656
16,16,0.6666666666666666,42,3,truck,0.4211733341217041,665.6658325195312,685.0978393554688,766.3831787109375,816.0695190429688,716.0245056152344,750.5836791992188
17,17,0.7083333333333334,3,3,truck,0.33069074153900146,808.712646484375,455.68988037109375,916.3768310546875,575.89990234375,862.5447387695312,515.7948913574219
17,17,0.7083333333333334,4,1,car,0.8204375505447388,836.1837768554688,577.126708984375,911.737060546875,650.688720703125,873.9604187011719,613.90771484375
17,17,0.7083333333333334,8,2,van,0.38345465064048767,1053.9410400390625,554.6567993164062,1154.5242919921875,659.2853393554688,1104.232666015625,606.9710693359375
17,17,0.7083333333333334,13,0,pedestrian,0.6249827146530151,491.5674743652344,694.458740234375,523.5823974609375,792.3326416015625,507.57493591308594,743.3956909179688
17,17,0.7083333333333334,31,0,pedestrian,0.3124539256095886,457.263916015625,686.1207885742188,488.64129638671875,793.83740234375,472.9526062011719,739.9790954589844
17,17,0.7083333333333334,6,0,pedestrian,0.2652077078819275,450.9071960449219,682.8262939453125,483.4667053222656,789.75732421875,467.18695068359375,736.2918090820312
17,17,0.7083333333333334,5,4,bus,0.6151012182235718,1089.9520263671875,693.8238525390625,1624.0775146484375,1073.3438720703125,1357.0147705078125,883.5838623046875
17,17,0.7083333333333334,49,1,car,0.3306819200515747,932.041748046875,443.22381591796875,964.6098022460938,472.9059753417969,948.3257751464844,458.0648956298828
17,17,0.7083333333333334,7,0,pedestrian,0.3139246702194214,540.6469116210938,596.3153686523438,562.8485107421875,663.3849487304688,551.7477111816406,629.8501586914062
18,18,0.75,3,3,truck,0.4408288598060608,808.8444213867188,455.5771484375,916.5065307617188,575.8058471679688,862.6754760742188,515.6914978027344
18,18,0.75,4,1,car,0.5629606246948242,835.9635620117188,576.5512084960938,911.4326171875,649.8876953125,873.6980895996094,613.2194519042969
18,18,0.75,8,3,truck,0.3326493799686432,1054.9832763671875,556.1740112304688,1154.2139892578125,659.2591552734375,1104.5986328125,607.7165832519531
18,18,0.75,13,0,pedestrian,0.5788525342941284,491.5864562988281,694.7257080078125,523.4146118164062,791.8447265625,507.5005340576172,743.2852172851562
18,18,0.75,31,0,pedestrian,0.29327523708343506,456.9334411621094,686.598388671875,488.1766052246094,793.83251953125,472.5550231933594,740.2154541015625
18,18,0.75,6,0,pedestrian,0.27775728702545166,450.7798156738281,682.6724243164062,483.3367004394531,788.9812622070312,467.0582580566406,735.8268432617188
18,18,0.75,5,4,bus,0.42588087916374207,1092.7568359375,696.6084594726562,1624.753173828125,1073.10888671875,1358.7550048828125,884.8586730957031
18,18,0.75,49,1,car,0.3046853840351105,931.5958862304688,443.1656494140625,963.654052734375,472.3427429199219,947.6249694824219,457.7541961669922
18,18,0.75,7,0,pedestrian,0.35971373319625854,540.875,596.8075561523438,562.8958740234375,663.0756225585938,551.8854370117188,629.9415893554688
19,19,0.7916666666666666,3,3,truck,0.4512525498867035,809.3905639648438,456.73309326171875,916.0692749023438,575.6973876953125,862.7299194335938,516.2152404785156
19,19,0.7916666666666666,4,1,car,0.7951993942260742,835.966064453125,576.1453857421875,911.2257690429688,649.0936279296875,873.5959167480469,612.6195068359375
19,19,0.7916666666666666,8,3,truck,0.2879446744918823,1060.7548828125,564.5061645507812,1155.9935302734375,663.8960571289062,1108.3742065429688,614.2011108398438
19,19,0.7916666666666666,13,0,pedestrian,0.5330482125282288,491.2550964355469,695.1084594726562,523.1277465820312,792.0405883789062,507.19142150878906,743.5745239257812
19,19,0.7916666666666666,31,0,pedestrian,0.26471206545829773,457.6413879394531,688.43310546875,488.3153381347656,793.6486206054688,472.9783630371094,741.0408630371094
19,19,0.7916666666666666,6,0,pedestrian,0.26776421070098877,451.546630859375,683.2611083984375,483.9634704589844,788.2513427734375,467.7550506591797,735.7562255859375
19,19,0.7916666666666666,5,4,bus,0.36260905861854553,1091.9649658203125,698.5721435546875,1623.6116943359375,1073.1334228515625,1357.788330078125,885.852783203125
19,19,0.7916666666666666,7,0,pedestrian,0.33637291193008423,540.8613891601562,597.05908203125,562.8536987304688,663.0037231445312,551.8575439453125,630.0314025878906
20,20,0.8333333333333334,3,3,truck,0.5013407468795776,809.1303100585938,456.58953857421875,915.6880493164062,575.4402465820312,862.4091796875,516.014892578125
20,20,0.8333333333333334,4,1,car,0.8011474013328552,836.0317993164062,575.4949951171875,910.7999267578125,647.6036987304688,873.4158630371094,611.5493469238281
20,20,0.8333333333333334,8,3,truck,0.2759520411491394,1063.9410400390625,565.6586303710938,1155.5087890625,661.0736083984375,1109.7249145507812,613.3661193847656
20,20,0.8333333333333334,13,0,pedestrian,0.53703373670578,490.99017333984375,695.3890380859375,522.839111328125,791.9673461914062,506.9146423339844,743.6781921386719
20,20,0.8333333333333334,31,0,pedestrian,0.2769545316696167,458.7492370605469,690.7300415039062,488.4670715332031,792.5806884765625,473.608154296875,741.6553649902344
20,20,0.8333333333333334,6,0,pedestrian,0.2959915101528168,452.90478515625,684.1746826171875,484.7826843261719,786.6861572265625,468.84373474121094,735.430419921875
20,20,0.8333333333333334,5,4,bus,0.33226028084754944,1091.5025634765625,698.3062744140625,1625.6856689453125,1073.0030517578125,1358.5941162109375,885.6546630859375
20,20,0.8333333333333334,7,0,pedestrian,0.28688305616378784,540.3798217773438,597.4097900390625,562.43115234375,663.6044311523438,551.4054870605469,630.5071105957031
20,20,0.8333333333333334,61,0,pedestrian,0.3314218521118164,531.7833862304688,595.541015625,555.4214477539062,660.571044921875,543.6024169921875,628.0560302734375
20,20,0.8333333333333334,42,1,car,0.3425293564796448,677.307861328125,679.9532470703125,770.6903076171875,800.8822631835938,723.9990844726562,740.4177551269531
21,21,0.875,3,3,truck,0.40024977922439575,808.7659301757812,455.17913818359375,916.0910034179688,575.0738525390625,862.428466796875,515.1264953613281
21,21,0.875,4,1,car,0.7017486095428467,835.4451904296875,574.5966796875,911.4998779296875,647.875732421875,873.4725341796875,611.2362060546875
21,21,0.875,13,0,pedestrian,0.5911663174629211,490.480712890625,695.4359741210938,522.4771728515625,791.979248046875,506.47894287109375,743.7076110839844
21,21,0.875,31,0,pedestrian,0.2923181354999542,458.9468078613281,691.1175537109375,488.507568359375,792.1973876953125,473.72718811035156,741.657470703125
21,21,0.875,6,0,pedestrian,0.28589412569999695,452.5876770019531,684.1732788085938,484.7226867675781,786.717529296875,468.6551818847656,735.4454040527344
21,21,0.875,5,4,bus,0.2942797839641571,1083.6875,683.5264892578125,1641.8623046875,1075.666748046875,1362.77490234375,879.5966186523438
21,21,0.875,7,0,pedestrian,0.27514833211898804,539.4482421875,596.7255859375,561.6858520507812,663.4909057617188,550.5670471191406,630.1082458496094
21,21,0.875,61,0,pedestrian,0.3837358057498932,532.205810546875,595.607421875,555.8677368164062,660.7451782226562,544.0367736816406,628.1763000488281
21,21,0.875,65,0,pedestrian,0.34933698177337646,1621.36962890625,680.7142333984375,1657.4107666015625,767.1774291992188,1639.3901977539062,723.9458312988281
21,21,0.875,42,1,car,0.45633354783058167,680.6481323242188,676.7362060546875,773.1748657226562,796.46044921875,726.9114990234375,736.5983276367188
21,21,0.875,12,0,pedestrian,0.3171943128108978,201.4009552001953,688.143798828125,237.426513671875,765.4908447265625,219.41373443603516,726.8173217773438
22,22,0.9166666666666666,3,3,truck,0.32406124472618103,810.1452026367188,456.0188903808594,916.2183837890625,574.3951416015625,863.1817932128906,515.2070159912109
22,22,0.9166666666666666,4,1,car,0.6225264072418213,835.2086181640625,574.8885498046875,910.844970703125,647.6848754882812,873.0267944335938,611.2867126464844
22,22,0.9166666666666666,13,0,pedestrian,0.6361657977104187,490.2174377441406,695.7516479492188,522.094482421875,791.6712646484375,506.1559600830078,743.7114562988281
22,22,0.9166666666666666,31,0,pedestrian,0.3520188629627228,459.25323486328125,692.1965942382812,488.66009521484375,792.6311645507812,473.9566650390625,742.4138793945312
22,22,0.9166666666666666,6,0,pedestrian,0.2629427909851074,452.4784851074219,684.2744750976562,485.1051025390625,787.85107421875,468.7917938232422,736.0627746582031
22,22,0.9166666666666666,5,4,bus,0.4753125011920929,1088.982666015625,694.1412353515625,1633.328125,1075.1588134765625,1361.1553955078125,884.6500244140625
22,22,0.9166666666666666,7,0,pedestrian,0.2665655314922333,538.720703125,596.6809692382812,560.8047485351562,663.0158081054688,549.7627258300781,629.848388671875
22,22,0.9166666666666666,61,0,pedestrian,0.37942299246788025,532.5560913085938,595.9158325195312,555.72119140625,659.7454223632812,544.1386413574219,627.8306274414062
22,22,0.9166666666666666,65,0,pedestrian,0.29013770818710327,1623.351318359375,680.6432495117188,1656.6727294921875,760.490966796875,1640.0120239257812,720.5671081542969
22,22,0.9166666666666666,42,1,car,0.38931378722190857,683.4566650390625,673.8754272460938,774.4488525390625,791.4951171875,728.9527587890625,732.6852722167969
22,22,0.9166666666666666,12,0,pedestrian,0.28692391514778137,201.30844116210938,688.15673828125,237.3448486328125,765.33349609375,219.32664489746094,726.7451171875
23,23,0.9583333333333334,3,4,bus,0.4027882516384125,810.593505859375,456.5259094238281,915.9384765625,573.7274780273438,863.2659912109375,515.1266937255859
23,23,0.9583333333333334,4,1,car,0.6985763311386108,835.466796875,574.9697265625,909.8121948242188,646.1859130859375,872.6394958496094,610.5778198242188
23,23,0.9583333333333334,13,0,pedestrian,0.6297252178192139,490.0565490722656,696.0618286132812,521.985107421875,792.1531982421875,506.0208282470703,744.1075134277344
23,23,0.9583333333333334,31,0,pedestrian,0.33978942036628723,459.7748718261719,692.43603515625,489.2335205078125,793.2957153320312,474.5041961669922,742.8658752441406
23,23,0.9583333333333334,5,4,bus,0.698170006275177,1090.7337646484375,698.4175415039062,1632.101318359375,1076.1156005859375,1361.4175415039062,887.2665710449219
23,23,0.9583333333333334,61,0,pedestrian,0.3677775263786316,532.9996948242188,596.4847412109375,555.9508056640625,659.7423706054688,544.4752502441406,628.1135559082031
23,23,0.9583333333333334,12,0,pedestrian,0.30637261271476746,200.634765625,687.8338623046875,237.21282958984375,766.17138671875,218.92379760742188,727.0026245117188
24,24,1.0,3,3,truck,0.3744550943374634,810.8247680664062,456.57861328125,915.7136840820312,572.8612060546875,863.2692260742188,514.7199096679688
24,24,1.0,4,1,car,0.744334876537323,835.2974853515625,574.0940551757812,909.5758056640625,645.2506713867188,872.4366455078125,609.67236328125
24,24,1.0,13,0,pedestrian,0.6723445653915405,490.0488586425781,696.2911987304688,522.1279907226562,793.0299682617188,506.0884246826172,744.6605834960938
24,24,1.0,31,0,pedestrian,0.30293065309524536,460.15631103515625,692.6268920898438,489.6769104003906,794.1886596679688,474.91661071777344,743.4077758789062
24,24,1.0,5,4,bus,0.6486230492591858,1087.4869384765625,696.6707763671875,1632.49169921875,1076.31494140625,1359.9893188476562,886.4928588867188
24,24,1.0,61,0,pedestrian,0.3869856894016266,533.0432739257812,596.9177856445312,556.050048828125,660.3355712890625,544.5466613769531,628.6266784667969
24,24,1.0,8,3,truck,0.3939723074436188,1059.826171875,564.1209106445312,1155.4837646484375,664.165283203125,1107.6549682617188,614.1430969238281
24,24,1.0,65,0,pedestrian,0.4485744535923004,1621.4727783203125,683.8104858398438,1666.0748291015625,790.9486083984375,1643.7738037109375,737.3795471191406
25,25,1.0416666666666667,3,3,truck,0.4592452049255371,811.0800170898438,456.0584716796875,916.5001831054688,572.5244750976562,863.7901000976562,514.2914733886719
25,25,1.0416666666666667,4,1,car,0.2715955972671509,835.9938354492188,572.8006591796875,910.533935546875,644.2783813476562,873.2638854980469,608.5395202636719
25,25,1.0416666666666667,13,0,pedestrian,0.6407790780067444,489.5727233886719,695.9856567382812,521.9046020507812,793.5971069335938,505.73866271972656,744.7913818359375
25,25,1.0416666666666667,5,4,bus,0.6622997522354126,1077.916015625,682.5360717773438,1644.0540771484375,1078.1298828125,1360.9850463867188,880.3329772949219
25,25,1.0416666666666667,61,0,pedestrian,0.404574453830719,532.9573974609375,596.7843017578125,556.8392944335938,662.6790771484375,544.8983459472656,629.731689453125
25,25,1.0416666666666667,75,4,bus,0.45046916604042053,1092.4344482421875,691.21044921875,1623.6563720703125,1075.942626953125,1358.04541015625,883.5765380859375
25,25,1.0416666666666667,65,0,pedestrian,0.5598059296607971,1622.75732421875,682.8512573242188,1669.9796142578125,796.3641967773438,1646.3684692382812,739.6077270507812
25,25,1.0416666666666667,12,0,pedestrian,0.2656138241291046,200.39175415039062,687.8748168945312,236.7239227294922,765.8607177734375,218.5578384399414,726.8677673339844
26,26,1.0833333333333333,3,3,truck,0.4984705150127411,812.2630004882812,456.50299072265625,917.2394409179688,572.0444946289062,864.751220703125,514.2737426757812
26,26,1.0833333333333333,4,1,car,0.373075932264328,836.7083129882812,572.4110717773438,910.3323974609375,642.9512329101562,873.5203552246094,607.68115234375
26,26,1.0833333333333333,13,0,pedestrian,0.6340932846069336,488.9753723144531,695.4766845703125,521.669189453125,794.1329956054688,505.32228088378906,744.8048400878906
26,26,1.0833333333333333,5,4,bus,0.7730477452278137,1075.9921875,678.053955078125,1648.3853759765625,1078.6405029296875,1362.1887817382812,878.3472290039062
26,26,1.0833333333333333,61,0,pedestrian,0.4101915657520294,532.1258544921875,596.92431640625,556.4816284179688,664.1458129882812,544.3037414550781,630.5350646972656
26,26,1.0833333333333333,65,0,pedestrian,0.3379478454589844,1624.7802734375,681.5028686523438,1672.4442138671875,796.28515625,1648.6122436523438,738.8940124511719
26,26,1.0833333333333333,12,0,pedestrian,0.33029696345329285,201.1085968017578,689.2069091796875,236.28793334960938,764.717041015625,218.6982650756836,726.9619750976562
26,26,1.0833333333333333,31,0,pedestrian,0.27110958099365234,460.2279052734375,689.744873046875,490.3582763671875,793.8432006835938,475.2930908203125,741.7940368652344
26,26,1.0833333333333333,8,3,truck,0.279757022857666,1062.2662353515625,570.1190795898438,1162.7347412109375,677.791748046875,1112.50048828125,623.9554138183594
27,27,1.125,3,3,truck,0.40537431836128235,814.0819702148438,458.8785400390625,917.0054931640625,571.4730224609375,865.5437316894531,515.17578125
27,27,1.125,4,1,car,0.5476195216178894,837.0924682617188,572.6597900390625,909.1905517578125,641.7659301757812,873.1415100097656,607.2128601074219
27,27,1.125,13,0,pedestrian,0.5864053964614868,489.6451721191406,695.9879150390625,521.8833618164062,793.4722900390625,505.76426696777344,744.7301025390625
27,27,1.125,5,4,bus,0.7598978281021118,1074.8428955078125,673.9560546875,1652.590087890625,1078.810302734375,1363.7164916992188,876.3831787109375
27,27,1.125,61,0,pedestrian,0.3576335310935974,531.5382690429688,597.7994384765625,555.343994140625,663.5699462890625,543.4411315917969,630.6846923828125
27,27,1.125,65,0,pedestrian,0.3397650718688965,1626.0355224609375,683.3193359375,1673.2060546875,797.85791015625,1649.6207885742188,740.588623046875
27,27,1.125,12,0,pedestrian,0.3044584393501282,202.0227813720703,690.4666137695312,236.67193603515625,764.741943359375,219.34735870361328,727.6042785644531
27,27,1.125,81,0,pedestrian,0.34167352318763733,449.455322265625,538.43798828125,466.37860107421875,586.6564331054688,457.9169616699219,562.5472106933594
27,27,1.125,31,0,pedestrian,0.28802961111068726,461.2425842285156,696.0143432617188,489.5209655761719,793.5479125976562,475.38177490234375,744.7811279296875
27,27,1.125,8,3,truck,0.3287944197654724,1063.692626953125,572.9825439453125,1160.7347412109375,678.3494262695312,1112.2136840820312,625.6659851074219
28,28,1.1666666666666667,3,3,truck,0.3944116234779358,814.2642211914062,459.52996826171875,917.8092651367188,572.2406005859375,866.0367431640625,515.8852844238281
28,28,1.1666666666666667,4,1,car,0.5738080143928528,837.6600341796875,573.2844848632812,907.9991455078125,640.5866088867188,872.82958984375,606.935546875
28,28,1.1666666666666667,13,0,pedestrian,0.6055276393890381,490.3523254394531,697.3748779296875,521.9634399414062,793.1656494140625,506.1578826904297,745.270263671875
28,28,1.1666666666666667,5,4,bus,0.39145320653915405,1086.7174072265625,688.9279174804688,1643.2147216796875,1076.1302490234375,1364.966064453125,882.5290832519531
28,28,1.1666666666666667,61,0,pedestrian,0.3353853225708008,531.6782836914062,598.628662109375,555.5216064453125,664.6163330078125,543.5999450683594,631.6224975585938
28,28,1.1666666666666667,65,0,pedestrian,0.2559936046600342,1628.631103515625,685.2145385742188,1675.8966064453125,800.3023071289062,1652.2638549804688,742.7584228515625
28,28,1.1666666666666667,81,0,pedestrian,0.3352069854736328,450.2498474121094,538.0415649414062,467.0955810546875,586.04296875,458.67271423339844,562.0422668457031
28,28,1.1666666666666667,31,0,pedestrian,0.3857188820838928,461.7649841308594,710.00048828125,487.0997619628906,795.25634765625,474.432373046875,752.62841796875
28,28,1.1666666666666667,8,3,truck,0.3764112591743469,1067.10693359375,576.7594604492188,1159.982666015625,679.3739013671875,1113.5447998046875,628.0666809082031
28,28,1.1666666666666667,42,1,car,0.2758220434188843,696.9675903320312,662.6929321289062,781.1179809570312,770.690185546875,739.0427856445312,716.6915588378906
29,29,1.2083333333333333,3,3,truck,0.2759533226490021,816.1317138671875,459.7209167480469,918.4923706054688,570.8968505859375,867.3120422363281,515.3088836669922
29,29,1.2083333333333333,4,1,car,0.5992750525474548,837.495361328125,572.5393676757812,907.9454345703125,640.0425415039062,872.7203979492188,606.2909545898438
29,29,1.2083333333333333,13,0,pedestrian,0.5869200229644775,490.6620178222656,697.8355712890625,521.9364624023438,792.7560424804688,506.2992401123047,745.2958068847656
29,29,1.2083333333333333,5,4,bus,0.630668044090271,1084.890380859375,693.5065307617188,1637.802978515625,1077.1754150390625,1361.3466796875,885.3409729003906
29,29,1.2083333333333333,61,0,pedestrian,0.33772239089012146,531.9129028320312,598.9566650390625,555.9302978515625,665.5027465820312,543.9216003417969,632.2297058105469
29,29,1.2083333333333333,81,0,pedestrian,0.325019896030426,450.9416809082031,537.6094360351562,467.9169006347656,586.0108032226562,459.4292907714844,561.8101196289062
29,29,1.2083333333333333,31,0,pedestrian,0.44995567202568054,461.1644287109375,714.7879028320312,485.78729248046875,795.6073608398438,473.4758605957031,755.1976318359375
29,29,1.2083333333333333,8,3,truck,0.3803236186504364,1067.37841796875,576.9115600585938,1158.379150390625,678.65380859375,1112.8787841796875,627.7826843261719
29,29,1.2083333333333333,12,0,pedestrian,0.30398139357566833,202.01022338867188,690.6649780273438,236.61227416992188,765.0646362304688,219.31124877929688,727.8648071289062
30,30,1.25,3,4,bus,0.31196072697639465,818.6461181640625,461.77069091796875,918.24267578125,569.5714721679688,868.4443969726562,515.6710815429688
30,30,1.25,4,1,car,0.5202299356460571,837.4569091796875,571.2688598632812,908.4669799804688,639.5360107421875,872.9619445800781,605.4024353027344
30,30,1.25,13,0,pedestrian,0.615161120891571,490.6463623046875,698.0419921875,521.8003540039062,792.6838989257812,506.2233581542969,745.3629455566406
30,30,1.25,5,4,bus,0.6482735872268677,1079.317138671875,683.484375,1648.1805419921875,1078.7818603515625,1363.7488403320312,881.1331176757812
30,30,1.25,61,0,pedestrian,0.3418746888637543,532.0540771484375,598.9492797851562,556.0584106445312,665.5821533203125,544.0562438964844,632.2657165527344
30,30,1.25,81,0,pedestrian,0.3342338502407074,451.2111511230469,536.767578125,468.6220703125,586.421875,459.91661071777344,561.5947265625
30,30,1.25,31,0,pedestrian,0.33638378977775574,461.191162109375,716.2408447265625,485.55059814453125,794.2005615234375,473.3708801269531,755.220703125
30,30,1.25,8,3,truck,0.3269222676753998,1068.1033935546875,576.7449340820312,1157.2008056640625,677.2811279296875,1112.652099609375,627.0130310058594
30,30,1.25,12,0,pedestrian,0.3837287425994873,202.04312133789062,689.8429565429688,236.82447814941406,764.4453735351562,219.43379974365234,727.1441650390625
30,30,1.25,42,3,truck,0.25027936697006226,702.4321899414062,658.7048950195312,785.12841796875,763.7695922851562,743.7803039550781,711.2372436523438
31,31,1.2916666666666667,3,4,bus,0.4424093961715698,821.781005859375,467.0538330078125,915.7556762695312,568.3328247070312,868.7683410644531,517.6933288574219
31,31,1.2916666666666667,4,1,car,0.4926539361476898,837.3184204101562,570.0484008789062,909.8475952148438,639.921630859375,873.5830078125,604.9850158691406
31,31,1.2916666666666667,13,0,pedestrian,0.6100466847419739,490.6197814941406,698.0203247070312,521.6763916015625,792.5567626953125,506.14808654785156,745.2885437011719
31,31,1.2916666666666667,5,4,bus,0.6268174052238464,1084.148681640625,689.1343383789062,1644.300537109375,1077.0753173828125,1364.224609375,883.1048278808594
31,31,1.2916666666666667,81,0,pedestrian,0.33364206552505493,451.83831787109375,535.9619750976562,469.39227294921875,586.0794677734375,460.61529541015625,561.0207214355469
31,31,1.2916666666666667,31,0,pedestrian,0.3167667090892792,462.1195983886719,716.676513671875,486.5145568847656,793.3151245117188,474.31707763671875,754.9958190917969
31,31,1.2916666666666667,8,3,truck,0.28984585404396057,1067.384521484375,577.6270141601562,1156.071533203125,678.2503662109375,1111.72802734375,627.9386901855469
31,31,1.2916666666666667,12,0,pedestrian,0.3689611852169037,201.81759643554688,689.2979125976562,236.99891662597656,764.6520385742188,219.40825653076172,726.9749755859375
31,31,1.2916666666666667,42,3,truck,0.2834415137767792,703.552978515625,655.8274536132812,787.4163208007812,761.7105712890625,745.4846496582031,708.7690124511719
32,32,1.3333333333333333,3,4,bus,0.3413317799568176,823.1189575195312,467.26385498046875,916.3606567382812,567.5109252929688,869.7398071289062,517.3873901367188
32,32,1.3333333333333333,4,1,car,0.39971858263015747,837.4285278320312,569.3521728515625,910.8387451171875,640.14111328125,874.1336364746094,604.7466430664062
32,32,1.3333333333333333,13,0,pedestrian,0.6078318953514099,491.0813903808594,699.944580078125,521.6336669921875,792.9202270507812,506.35752868652344,746.4324035644531
32,32,1.3333333333333333,5,4,bus,0.5466163754463196,1082.31982421875,689.0757446289062,1642.4361572265625,1076.232177734375,1362.3779907226562,882.6539611816406
32,32,1.3333333333333333,81,0,pedestrian,0.26021650433540344,452.1696472167969,535.153076171875,469.7743835449219,585.5279541015625,460.9720153808594,560.3405151367188
32,32,1.3333333333333333,42,3,truck,0.2829053997993469,705.2944946289062,652.6666870117188,789.83642578125,758.9555053710938,747.5654602050781,705.8110961914062
32,32,1.3333333333333333,7,0,pedestrian,0.3204253315925598,532.8228149414062,598.9013671875,555.6565551757812,667.2100219726562,544.2396850585938,633.0556945800781
33,33,1.375,3,3,truck,0.27177029848098755,820.22412109375,459.8868713378906,920.0476684570312,567.6687622070312,870.1358947753906,513.7778167724609
33,33,1.375,4,1,car,0.49341315031051636,837.9718017578125,568.8823852539062,910.9356079101562,639.3970947265625,874.4537048339844,604.1397399902344
33,33,1.375,13,0,pedestrian,0.63832688331604,491.6968688964844,702.1221923828125,521.7763671875,793.8394775390625,506.7366180419922,747.9808349609375
33,33,1.375,5,4,bus,0.42857035994529724,1080.5262451171875,689.0520629882812,1640.906005859375,1075.876953125,1360.7161254882812,882.4645080566406
33,33,1.375,42,3,truck,0.4991757273674011,706.9058227539062,648.6727905273438,792.4772338867188,756.331298828125,749.6915283203125,702.5020446777344
33,33,1.375,98,2,van,0.35058069229125977,374.14520263671875,682.990478515625,459.5959777832031,790.6151123046875,416.87059020996094,736.8027954101562
33,33,1.375,7,0,pedestrian,0.33274492621421814,532.7734375,599.8733520507812,555.2897338867188,667.030029296875,544.0315856933594,633.4516906738281
34,34,1.4166666666666667,3,3,truck,0.29530012607574463,818.6830444335938,457.10040283203125,921.7741088867188,568.9597778320312,870.2285766601562,513.0300903320312
34,34,1.4166666666666667,4,1,car,0.43330830335617065,839.1317749023438,568.6419677734375,911.0485229492188,638.4725341796875,875.0901489257812,603.5572509765625
34,34,1.4166666666666667,13,0,pedestrian,0.6771030426025391,491.6127014160156,702.3639526367188,522.1231079101562,795.5758666992188,506.86790466308594,748.9699096679688
34,34,1.4166666666666667,5,4,bus,0.3554915487766266,1085.560302734375,692.5810546875,1643.1163330078125,1076.1011962890625,1364.3383178710938,884.3411254882812
34,34,1.4166666666666667,42,3,truck,0.49872925877571106,709.7933959960938,648.3771362304688,793.3029174804688,753.0263061523438,751.5481567382812,700.7017211914062
34,34,1.4166666666666667,98,2,van,0.3120456635951996,374.2343444824219,681.9420776367188,462.45098876953125,792.984375,418.34266662597656,737.4632263183594
34,34,1.4166666666666667,7,0,pedestrian,0.3337291479110718,532.5906982421875,600.1307373046875,555.4853515625,667.6325073242188,544.0380249023438,633.8816223144531
34,34,1.4166666666666667,104,0,pedestrian,0.3856741487979889,538.9487915039062,605.1422119140625,558.4132080078125,672.6345825195312,548.6809997558594,638.8883972167969
35,35,1.4583333333333333,3,3,truck,0.34773731231689453,818.9978637695312,455.7102355957031,922.6809692382812,568.65087890625,870.8394165039062,512.1805572509766
35,35,1.4583333333333333,4,3,truck,0.34467703104019165,840.4762573242188,568.4440307617188,911.096923828125,637.2086181640625,875.7865905761719,602.8263244628906
35,35,1.4583333333333333,13,0,pedestrian,0.6203207969665527,492.07720947265625,701.8272094726562,522.9691162109375,796.7509155273438,507.5231628417969,749.2890625
35,35,1.4583333333333333,5,4,bus,0.4375925064086914,1086.6119384765625,693.1694946289062,1643.003173828125,1075.06982421875,1364.8075561523438,884.1196594238281
35,35,1.4583333333333333,42,3,truck,0.4191253185272217,712.954345703125,649.20361328125,793.8613891601562,749.9881591796875,753.4078674316406,699.5958862304688
35,35,1.4583333333333333,98,2,van,0.3546251952648163,372.02130126953125,682.5584106445312,460.58306884765625,794.1544799804688,416.30218505859375,738.3564453125
35,35,1.4583333333333333,7,0,pedestrian,0.3002285957336426,532.6769409179688,600.9988403320312,555.18359375,666.7433471679688,543.9302673339844,633.87109375
35,35,1.4583333333333333,104,0,pedestrian,0.26917070150375366,538.3143310546875,604.028076171875,557.853515625,671.736328125,548.0839233398438,637.8822021484375
36,36,1.5,3,3,truck,0.3538304567337036,820.0506591796875,454.90447998046875,922.844970703125,567.2136840820312,871.4478149414062,511.05908203125
36,36,1.5,4,3,truck,0.3764582872390747,842.0912475585938,568.2113647460938,910.9076538085938,635.3905029296875,876.4994506835938,601.8009338378906
36,36,1.5,13,0,pedestrian,0.6387599110603333,493.1135559082031,703.099609375,523.6029052734375,797.4583740234375,508.3582305908203,750.2789916992188
36,36,1.5,5,4,bus,0.43226853013038635,1088.887939453125,689.217041015625,1652.243408203125,1074.421630859375,1370.565673828125,881.8193359375
36,36,1.5,42,1,car,0.44709503650665283,714.75390625,649.514892578125,794.115966796875,747.8399047851562,754.4349365234375,698.6773986816406
36,36,1.5,7,0,pedestrian,0.3045666813850403,532.6112670898438,601.906005859375,555.3998413085938,667.9536743164062,544.0055541992188,634.9298400878906
36,36,1.5,104,0,pedestrian,0.26154887676239014,537.9586181640625,604.3950805664062,557.779541015625,673.031982421875,547.8690795898438,638.7135314941406
37,37,1.5416666666666667,3,3,truck,0.3695467710494995,820.068603515625,454.3527526855469,922.7222900390625,566.9468994140625,871.3954467773438,510.6498260498047
37,37,1.5416666666666667,4,1,car,0.5138338804244995,843.020751953125,568.0033569335938,910.2432861328125,633.7234497070312,876.6320190429688,600.8634033203125
37,37,1.5416666666666667,13,0,pedestrian,0.6710424423217773,493.5338439941406,703.4500122070312,523.7849731445312,797.5879516601562,508.65940856933594,750.5189819335938
37,37,1.5416666666666667,5,4,bus,0.44121068716049194,1079.63671875,678.4266357421875,1658.90478515625,1074.7515869140625,1369.270751953125,876.589111328125
37,37,1.5416666666666667,42,1,car,0.5659313797950745,717.8787841796875,650.7077026367188,795.0563354492188,745.3707885742188,756.4675598144531,698.0392456054688
37,37,1.5416666666666667,7,0,pedestrian,0.3388824760913849,532.1905517578125,603.10107421875,556.4928588867188,673.0870361328125,544.3417053222656,638.0940551757812
37,37,1.5416666666666667,104,0,pedestrian,0.2827209532260895,537.6363525390625,604.7526245117188,557.5813598632812,673.84228515625,547.6088562011719,639.2974548339844
37,37,1.5416666666666667,8,3,truck,0.2696349620819092,1068.8563232421875,574.5349731445312,1159.1427001953125,678.71240234375,1113.99951171875,626.6236877441406
38,38,1.5833333333333333,3,3,truck,0.5905405282974243,821.6553344726562,457.2444763183594,923.0707397460938,568.9840698242188,872.363037109375,513.1142730712891
38,38,1.5833333333333333,4,1,car,0.6465756893157959,843.0134887695312,567.8820190429688,909.7354736328125,633.1198120117188,876.3744812011719,600.5009155273438
38,38,1.5833333333333333,13,0,pedestrian,0.672843337059021,493.750244140625,703.2266845703125,523.920654296875,797.65478515625,508.83544921875,750.4407348632812
38,38,1.5833333333333333,5,4,bus,0.427827924489975,1073.2412109375,677.43359375,1652.580810546875,1075.3194580078125,1362.9110107421875,876.3765258789062
38,38,1.5833333333333333,42,1,car,0.3426293432712555,718.8883056640625,644.1430053710938,798.9920654296875,741.9865112304688,758.940185546875,693.0647583007812
38,38,1.5833333333333333,7,0,pedestrian,0.29921671748161316,532.1075439453125,603.3745727539062,557.3097534179688,675.7789306640625,544.7086486816406,639.5767517089844
38,38,1.5833333333333333,104,0,pedestrian,0.30014264583587646,537.4541625976562,604.6554565429688,557.71142578125,674.8189086914062,547.5827941894531,639.7371826171875
39,39,1.625,3,3,truck,0.5095528364181519,827.5036010742188,466.2508850097656,919.4342651367188,567.066162109375,873.4689331054688,516.6585235595703
39,39,1.625,4,1,car,0.29384973645210266,843.160888671875,567.3777465820312,910.0345458984375,632.6539306640625,876.5977172851562,600.0158386230469
39,39,1.625,13,0,pedestrian,0.6917331218719482,494.0168151855469,703.282958984375,524.1029663085938,797.876220703125,509.0598907470703,750.57958984375
39,39,1.625,5,4,bus,0.302886962890625,1071.7947998046875,678.375,1649.0576171875,1075.708251953125,1360.4262084960938,877.0416259765625
39,39,1.625,7,0,pedestrian,0.2957272231578827,532.1419677734375,603.6654663085938,557.780029296875,677.2734375,544.9609985351562,640.4694519042969
39,39,1.625,104,0,pedestrian,0.25975698232650757,537.2991333007812,604.95166015625,557.7586059570312,675.8007202148438,547.5288696289062,640.3761901855469
39,39,1.625,119,3,truck,0.4136746823787689,825.788818359375,459.9181213378906,921.080810546875,568.0393676757812,873.434814453125,513.9787445068359
40,40,1.6666666666666667,3,3,truck,0.4271467924118042,836.7197265625,484.53985595703125,913.61962890625,566.2291870117188,875.169677734375,525.384521484375
40,40,1.6666666666666667,13,0,pedestrian,0.6026787161827087,494.3977355957031,703.158203125,524.3294067382812,797.7781372070312,509.3635711669922,750.4681701660156
40,40,1.6666666666666667,5,4,bus,0.3586760461330414,1072.6016845703125,683.2028198242188,1642.4136962890625,1076.1861572265625,1357.5076904296875,879.6944885253906
40,40,1.6666666666666667,7,0,pedestrian,0.3010682463645935,532.1612548828125,603.9425048828125,558.0144653320312,678.1780395507812,545.0878601074219,641.0602722167969
40,40,1.6666666666666667,119,3,truck,0.4423503279685974,827.9666137695312,461.2715148925781,921.7589111328125,567.6698608398438,874.8627624511719,514.4706878662109
40,40,1.6666666666666667,122,1,car,0.3974803388118744,921.8317260742188,476.9992980957031,952.1309204101562,508.83447265625,936.9813232421875,492.91688537597656
40,40,1.6666666666666667,125,0,pedestrian,0.47729989886283875,463.4770202636719,697.3203125,501.1112365722656,794.7020874023438,482.29412841796875,746.0111999511719
40,40,1.6666666666666667,81,0,pedestrian,0.48174813389778137,458.9007873535156,536.890380859375,475.9781494140625,585.3113403320312,467.43946838378906,561.1008605957031
40,40,1.6666666666666667,42,1,car,0.27427858114242554,724.9348754882812,644.05712890625,801.4329223632812,736.55615234375,763.1838989257812,690.306640625
41,41,1.7083333333333333,3,3,truck,0.29222965240478516,841.666259765625,495.8640441894531,910.2250366210938,565.7420654296875,875.9456481933594,530.8030548095703
41,41,1.7083333333333333,13,0,pedestrian,0.5844323039054871,493.9808654785156,702.7705688476562,524.2432250976562,798.5554809570312,509.11204528808594,750.6630249023438
41,41,1.7083333333333333,5,4,bus,0.4082193374633789,1073.41943359375,683.9103393554688,1640.75439453125,1075.8717041015625,1357.0869140625,879.8910217285156
41,41,1.7083333333333333,119,3,truck,0.3074318766593933,830.0453491210938,464.8069152832031,921.5235595703125,568.4170532226562,875.7844543457031,516.6119842529297
41,41,1.7083333333333333,122,1,car,0.3395377993583679,922.1879272460938,477.330078125,951.5576782226562,508.1966552734375,936.872802734375,492.76336669921875
41,41,1.7083333333333333,81,0,pedestrian,0.45745617151260376,459.63787841796875,537.6607666015625,476.5356140136719,585.1975708007812,468.0867462158203,561.4291687011719
41,41,1.7083333333333333,4,3,truck,0.4083439111709595,843.4412841796875,565.5355834960938,911.3759155273438,631.9141845703125,877.4085998535156,598.7248840332031
41,41,1.7083333333333333,104,0,pedestrian,0.32656171917915344,537.3267211914062,604.98095703125,558.0501708984375,676.6874389648438,547.6884460449219,640.8341979980469
42,42,1.75,3,3,truck,0.40067365765571594,839.7156982421875,492.0623474121094,912.9697265625,565.29345703125,876.3427124023438,528.6779022216797
42,42,1.75,13,0,pedestrian,0.6234511137008667,493.4075012207031,703.2528076171875,524.04052734375,800.0400390625,508.72401428222656,751.6464233398438
42,42,1.75,5,4,bus,0.26942500472068787,1078.093505859375,681.1238403320312,1650.7818603515625,1075.5794677734375,1364.4376831054688,878.3516540527344
42,42,1.75,119,3,truck,0.39731723070144653,831.2315063476562,467.0203857421875,921.3800048828125,568.9765014648438,876.3057556152344,517.9984436035156
42,42,1.75,122,1,car,0.2686747908592224,922.5150756835938,477.2575378417969,951.3333740234375,507.57208251953125,936.9242248535156,492.41481018066406
42,42,1.75,81,0,pedestrian,0.4302007257938385,460.0781555175781,537.7192993164062,477.2100830078125,585.4450073242188,468.6441192626953,561.5821533203125
42,42,1.75,4,3,truck,0.3666425347328186,843.7374877929688,565.2385864257812,911.9957275390625,631.9041137695312,877.8666076660156,598.5713500976562
42,42,1.75,104,0,pedestrian,0.328174889087677,537.287109375,605.690185546875,557.9329223632812,677.22119140625,547.6100158691406,641.4556884765625
42,42,1.75,42,1,car,0.5344840288162231,727.7703857421875,638.4453735351562,805.0657958984375,731.4910278320312,766.4180908203125,684.9682006835938
43,43,1.7916666666666667,13,0,pedestrian,0.5810756683349609,493.0058898925781,703.6163330078125,523.9282836914062,800.9596557617188,508.4670867919922,752.2879943847656
43,43,1.7916666666666667,5,4,bus,0.2731139063835144,1081.080322265625,681.831298828125,1654.8392333984375,1075.65966796875,1367.9597778320312,878.7454833984375
43,43,1.7916666666666667,119,3,truck,0.3866717219352722,835.4840087890625,475.73193359375,915.8491821289062,565.8384399414062,875.6665954589844,520.7851867675781
43,43,1.7916666666666667,122,1,car,0.2508266568183899,922.579833984375,476.7161865234375,951.5133056640625,507.21368408203125,937.0465698242188,491.9649353027344
43,43,1.7916666666666667,81,0,pedestrian,0.3416675925254822,460.7328186035156,539.041015625,477.6820068359375,585.8128051757812,469.20741271972656,562.4269104003906
43,43,1.7916666666666667,4,2,van,0.28138214349746704,843.5535888671875,565.8253784179688,911.4359130859375,631.9647827148438,877.4947509765625,598.8950805664062
43,43,1.7916666666666667,104,0,pedestrian,0.2578202188014984,536.9209594726562,606.380126953125,557.4036254882812,677.565185546875,547.1622924804688,641.97265625
43,43,1.7916666666666667,42,1,car,0.3203803300857544,729.6807861328125,635.1041870117188,807.4140625,728.3214111328125,768.5474243164062,681.7127990722656
44,44,1.8333333333333333,13,0,pedestrian,0.551517128944397,492.89483642578125,703.9340209960938,523.9029541015625,801.135986328125,508.3988952636719,752.5350036621094
44,44,1.8333333333333333,5,4,bus,0.3394811749458313,1073.298583984375,673.9967651367188,1659.3162841796875,1077.568359375,1366.3074340820312,875.7825622558594
44,44,1.8333333333333333,119,3,truck,0.32932010293006897,835.3128662109375,472.0055847167969,918.061767578125,564.454833984375,876.6873168945312,518.2302093505859
44,44,1.8333333333333333,122,1,car,0.3050130605697632,922.6939697265625,476.0428771972656,952.015625,507.0223693847656,937.3547973632812,491.5326232910156
44,44,1.8333333333333333,81,0,pedestrian,0.35095885396003723,461.3991394042969,539.1443481445312,478.22796630859375,585.211181640625,469.8135528564453,562.1777648925781
44,44,1.8333333333333333,4,3,truck,0.28204119205474854,843.7344970703125,565.4067993164062,911.508544921875,631.3421020507812,877.6215209960938,598.3744506835938
44,44,1.8333333333333333,42,1,car,0.30793634057044983,730.7058715820312,631.797607421875,809.0596923828125,725.708251953125,769.8827819824219,678.7529296875
44,44,1.8333333333333333,98,2,van,0.26677197217941284,368.63720703125,687.8341674804688,452.7243347167969,794.760498046875,410.68077087402344,741.2973327636719
44,44,1.8333333333333333,7,0,pedestrian,0.33431488275527954,531.67333984375,605.71142578125,557.7957153320312,681.2062377929688,544.7345275878906,643.4588317871094
45,45,1.875,13,0,pedestrian,0.6000105142593384,492.3810729980469,703.9166259765625,523.6870727539062,801.3336791992188,508.03407287597656,752.6251525878906
45,45,1.875,5,4,bus,0.300645112991333,1073.1358642578125,672.5548095703125,1659.9168701171875,1077.71044921875,1366.5263671875,875.1326293945312
45,45,1.875,119,3,truck,0.4910142421722412,836.4810791015625,471.5987548828125,918.1881103515625,562.7028198242188,877.3345947265625,517.1507873535156
45,45,1.875,122,1,car,0.26815420389175415,922.7315063476562,475.79302978515625,952.1795043945312,506.98199462890625,937.4555053710938,491.38751220703125
45,45,1.875,81,0,pedestrian,0.3074590563774109,461.9432373046875,539.3027954101562,478.8211669921875,585.1718139648438,470.3822021484375,562.2373046875
45,45,1.875,42,3,truck,0.3208370804786682,731.836669921875,626.4603271484375,813.02099609375,723.8590698242188,772.4288330078125,675.1596984863281
45,45,1.875,7,0,pedestrian,0.3794459104537964,531.7037353515625,605.8146362304688,557.6531982421875,681.207275390625,544.678466796875,643.5109558105469
46,46,1.9166666666666667,13,0,pedestrian,0.3554309904575348,493.99755859375,704.3285522460938,524.7725830078125,800.3322143554688,509.38507080078125,752.3303833007812
46,46,1.9166666666666667,119,3,truck,0.4475100338459015,833.9960327148438,466.3302917480469,922.3197631835938,564.7637329101562,878.1578979492188,515.5470123291016
46,46,1.9166666666666667,122,1,car,0.26135677099227905,923.077392578125,475.7666931152344,952.3008422851562,506.8193664550781,937.6891174316406,491.29302978515625
46,46,1.9166666666666667,81,0,pedestrian,0.2990979254245758,462.4494323730469,539.4022827148438,479.3586730957031,585.0859375,470.904052734375,562.2441101074219
46,46,1.9166666666666667,42,3,truck,0.3651619553565979,732.3980102539062,624.0518798828125,814.6141967773438,723.0597534179688,773.506103515625,673.5558166503906
46,46,1.9166666666666667,7,0,pedestrian,0.38995662331581116,531.7814331054688,605.9812622070312,557.5557250976562,681.1344604492188,544.6685791015625,643.557861328125
46,46,1.9166666666666667,125,0,pedestrian,0.34223055839538574,467.514892578125,698.3126220703125,505.26617431640625,796.766357421875,486.3905334472656,747.5394897460938
46,46,1.9166666666666667,4,1,car,0.385242223739624,844.8524169921875,565.2011108398438,910.5836181640625,628.849609375,877.718017578125,597.0253601074219
47,47,1.9583333333333333,13,0,pedestrian,0.2605871260166168,495.7322692871094,704.7266235351562,525.9825439453125,799.7761840820312,510.85740661621094,752.2514038085938
47,47,1.9583333333333333,119,3,truck,0.5184492468833923,832.387451171875,461.63739013671875,924.3135375976562,564.0116577148438,878.3504943847656,512.8245239257812
47,47,1.9583333333333333,81,0,pedestrian,0.2547718286514282,463.26934814453125,539.0029907226562,480.6276550292969,585.6290893554688,471.94850158691406,562.3160400390625
47,47,1.9583333333333333,42,1,car,0.2891830503940582,735.060546875,625.0274658203125,814.4141235351562,720.5406494140625,774.7373352050781,672.7840576171875
47,47,1.9583333333333333,7,0,pedestrian,0.37546467781066895,531.4360961914062,605.9755249023438,557.3012084960938,681.2907104492188,544.36865234375,643.6331176757812
47,47,1.9583333333333333,125,0,pedestrian,0.37875431776046753,470.1480712890625,699.4219360351562,507.2912902832031,796.7384033203125,488.7196807861328,748.0801696777344
47,47,1.9583333333333333,4,1,car,0.47207003831863403,845.7904663085938,565.4389038085938,910.30126953125,627.6813354492188,878.0458679199219,596.5601196289062
47,47,1.9583333333333333,98,2,van,0.27105584740638733,371.1922302246094,688.7003173828125,454.66314697265625,795.2085571289062,412.9276885986328,741.9544372558594
47,47,1.9583333333333333,5,4,bus,0.3539120554924011,1075.2818603515625,673.0015869140625,1660.634521484375,1077.628173828125,1367.9581909179688,875.3148803710938
48,48,2.0,13,0,pedestrian,0.3195202350616455,495.81329345703125,704.623046875,526.0216674804688,799.7092895507812,510.91748046875,752.1661682128906
48,48,2.0,119,3,truck,0.38776811957359314,832.3126831054688,458.3045349121094,925.2853393554688,561.8822631835938,878.7990112304688,510.09339904785156
48,48,2.0,7,0,pedestrian,0.3745846748352051,531.6788330078125,606.214111328125,557.5156860351562,681.5328979492188,544.5972595214844,643.8735046386719
48,48,2.0,125,0,pedestrian,0.39950263500213623,471.2117004394531,699.5621948242188,508.2364501953125,797.1215209960938,489.7240753173828,748.3418579101562
48,48,2.0,5,4,bus,0.31428882479667664,1074.0052490234375,673.2212524414062,1656.8758544921875,1077.3057861328125,1365.4405517578125,875.2635192871094
49,49,2.0416666666666665,13,0,pedestrian,0.41954079270362854,495.23272705078125,704.96533203125,525.572509765625,800.3692626953125,510.4026184082031,752.6672973632812
49,49,2.0416666666666665,7,0,pedestrian,0.4035704433917999,532.07763671875,606.4360961914062,557.7467041015625,681.46044921875,544.9121704101562,643.9482727050781
49,49,2.0416666666666665,125,0,pedestrian,0.32607796788215637,472.5401611328125,699.8703002929688,509.2724914550781,797.26904296875,490.9063262939453,748.5696716308594
49,49,2.0416666666666665,5,4,bus,0.3823365271091461,1072.2353515625,671.7020263671875,1656.214599609375,1077.7176513671875,1364.2249755859375,874.7098388671875
49,49,2.0416666666666665,122,1,car,0.2681584060192108,923.1591186523438,475.5542907714844,952.08837890625,506.4539489746094,937.6237487792969,491.0041198730469
49,49,2.0416666666666665,42,1,car,0.4101899266242981,740.7012329101562,625.4546508789062,814.2909545898438,713.6483154296875,777.49609375,669.5514831542969
50,50,2.0833333333333335,13,0,pedestrian,0.39574965834617615,494.8143615722656,705.4468994140625,525.2666625976562,801.2288818359375,510.04051208496094,753.337890625
50,50,2.0833333333333335,7,0,pedestrian,0.4143409729003906,532.1803588867188,606.5364990234375,557.720703125,681.4488525390625,544.9505310058594,643.99267578125
50,50,2.0833333333333335,125,0,pedestrian,0.2835109829902649,474.0494384765625,700.593505859375,510.4779357910156,797.7574462890625,492.26368713378906,749.1754760742188
50,50,2.0833333333333335,5,4,bus,0.3838544487953186,1071.023193359375,670.1839599609375,1655.2935791015625,1077.4541015625,1363.1583862304688,873.8190307617188
50,50,2.0833333333333335,144,0,pedestrian,0.4486496150493622,1686.927978515625,727.7205810546875,1738.01318359375,830.3693237304688,1712.4705810546875,779.0449523925781
50,50,2.0833333333333335,122,1,car,0.3145909011363983,922.9707641601562,475.4081115722656,952.122802734375,506.64404296875,937.5467834472656,491.0260772705078
50,50,2.0833333333333335,42,1,car,0.425817608833313,742.7661743164062,624.069091796875,815.7435302734375,711.0914916992188,779.2548522949219,667.5802917480469
50,50,2.0833333333333335,3,3,truck,0.3313117027282715,855.9882202148438,501.0601806640625,916.44140625,559.2355346679688,886.2148132324219,530.1478576660156
50,50,2.0833333333333335,81,0,pedestrian,0.25679588317871094,466.37310791015625,537.9439086914062,484.3231506347656,586.115966796875,475.34812927246094,562.0299377441406
50,50,2.0833333333333335,4,1,car,0.26167720556259155,847.4403076171875,562.4705810546875,911.700439453125,624.1799926757812,879.5703735351562,593.3252868652344
51,51,2.125,13,0,pedestrian,0.4392237663269043,494.5919494628906,705.5901489257812,525.0763549804688,801.6830444335938,509.8341522216797,753.6365966796875
51,51,2.125,7,0,pedestrian,0.42329952120780945,532.4406127929688,606.7284545898438,557.7369384765625,681.3189697265625,545.0887756347656,644.0237121582031
51,51,2.125,5,4,bus,0.5329021215438843,1070.971923828125,667.4074096679688,1658.633056640625,1078.0595703125,1364.802490234375,872.7334899902344
51,51,2.125,122,1,car,0.37713488936424255,923.3800048828125,475.84637451171875,951.9888916015625,506.5892028808594,937.6844482421875,491.21778869628906
51,51,2.125,145,1,car,0.33612146973609924,1006.1881103515625,436.6492919921875,1030.455322265625,458.9796142578125,1018.3217163085938,447.814453125
51,51,2.125,3,3,truck,0.29383692145347595,851.2948608398438,501.3912353515625,913.7822875976562,558.6862182617188,882.53857421875,530.0387268066406
51,51,2.125,81,0,pedestrian,0.25304654240608215,467.140380859375,538.361328125,484.4978942871094,584.8919677734375,475.8191375732422,561.6266479492188
51,51,2.125,4,1,car,0.49702000617980957,848.07421875,561.8132934570312,912.1483154296875,623.183349609375,880.1112670898438,592.4983215332031
51,51,2.125,119,3,truck,0.3095351755619049,837.4635009765625,466.4403991699219,924.131591796875,562.3903198242188,880.7975463867188,514.4153594970703
52,52,2.1666666666666665,13,0,pedestrian,0.37276872992515564,494.0494079589844,705.6173706054688,524.4153442382812,801.105224609375,509.2323760986328,753.3612976074219
52,52,2.1666666666666665,7,0,pedestrian,0.4182586967945099,532.5890502929688,606.9005126953125,557.63330078125,681.232666015625,545.1111755371094,644.0665893554688
52,52,2.1666666666666665,5,4,bus,0.5332092046737671,1072.4388427734375,665.633544921875,1661.53125,1077.913818359375,1366.9850463867188,871.773681640625
52,52,2.1666666666666665,122,1,car,0.3009481430053711,923.5792846679688,475.8807067871094,951.7921142578125,506.33905029296875,937.6856994628906,491.10987854003906
52,52,2.1666666666666665,145,1,car,0.3493482768535614,1005.8412475585938,437.0410461425781,1030.0567626953125,459.3136291503906,1017.9490051269531,448.1773376464844
52,52,2.1666666666666665,4,1,car,0.49487054347991943,848.6856079101562,561.346923828125,912.3723754882812,622.1248168945312,880.5289916992188,591.7358703613281
52,52,2.1666666666666665,119,3,truck,0.29873260855674744,837.0675659179688,463.51690673828125,925.32275390625,560.9259033203125,881.1951599121094,512.2214050292969
52,52,2.1666666666666665,98,2,van,0.28708896040916443,375.7650451660156,685.58447265625,464.70050048828125,798.1439819335938,420.23277282714844,741.8642272949219
53,53,2.2083333333333335,13,0,pedestrian,0.35127946734428406,494.1783142089844,706.1970825195312,524.2091064453125,800.5458984375,509.19371032714844,753.3714904785156
53,53,2.2083333333333335,7,0,pedestrian,0.40541622042655945,532.7100830078125,606.7650146484375,557.6436157226562,681.2738647460938,545.1768493652344,644.0194396972656
53,53,2.2083333333333335,5,4,bus,0.6170610785484314,1073.9642333984375,666.2462158203125,1661.470458984375,1077.626953125,1367.7173461914062,871.9365844726562
53,53,2.2083333333333335,145,1,car,0.3339698314666748,1005.3540649414062,437.6138916015625,1029.9412841796875,460.2409973144531,1017.6476745605469,448.9274444580078
53,53,2.2083333333333335,4,1,car,0.680215060710907,848.8032836914062,560.4351196289062,912.9238891601562,621.556640625,880.8635864257812,590.9958801269531
53,53,2.2083333333333335,98,2,van,0.2671501040458679,375.4256286621094,685.3778076171875,465.0678405761719,798.3128662109375,420.2467346191406,741.8453369140625
53,53,2.2083333333333335,125,0,pedestrian,0.30280983448028564,478.2756042480469,704.3902587890625,513.9900512695312,800.5834350585938,496.13282775878906,752.4868469238281
53,53,2.2083333333333335,42,1,car,0.2712659537792206,748.7656860351562,620.91796875,821.6270141601562,707.1930541992188,785.1963500976562,664.0555114746094
53,53,2.2083333333333335,81,0,pedestrian,0.2774750590324402,468.0109558105469,537.0211181640625,485.50299072265625,584.0266723632812,476.75697326660156,560.5238952636719
54,54,2.25,13,0,pedestrian,0.36096465587615967,494.2660827636719,707.2194213867188,523.86474609375,800.2108764648438,509.06541442871094,753.7151489257812
54,54,2.25,7,0,pedestrian,0.31743764877319336,533.0143432617188,606.845458984375,557.8197021484375,681.6033935546875,545.4170227050781,644.2244262695312
54,54,2.25,5,4,bus,0.45347461104393005,1075.5794677734375,667.5946655273438,1660.563232421875,1077.8074951171875,1368.0713500976562,872.7010803222656
54,54,2.25,145,1,car,0.30930382013320923,1004.5267333984375,438.1902160644531,1029.3280029296875,461.07977294921875,1016.9273681640625,449.63499450683594
54,54,2.25,4,1,car,0.6815351843833923,848.2860107421875,559.1273803710938,913.141357421875,621.0894775390625,880.7136840820312,590.1084289550781
54,54,2.25,98,2,van,0.29858019948005676,374.78277587890625,686.1614379882812,463.6239318847656,798.05322265625,419.20335388183594,742.1073303222656
54,54,2.25,125,0,pedestrian,0.3479335904121399,478.91265869140625,706.6895751953125,513.5299682617188,800.8654174804688,496.2213134765625,753.7774963378906
55,55,2.2916666666666665,13,0,pedestrian,0.4265609681606293,492.81146240234375,707.33203125,522.75390625,800.9249267578125,507.7826843261719,754.1284790039062
55,55,2.2916666666666665,7,0,pedestrian,0.31701764464378357,533.1895751953125,607.0187377929688,557.9112548828125,682.1209106445312,545.5504150390625,644.56982421875
55,55,2.2916666666666665,5,4,bus,0.4054100215435028,1078.6390380859375,672.7508544921875,1656.4852294921875,1077.7618408203125,1367.5621337890625,875.25634765625
55,55,2.2916666666666665,145,1,car,0.2730481028556824,1004.5167236328125,438.44195556640625,1029.2357177734375,461.343994140625,1016.876220703125,449.8929748535156
55,55,2.2916666666666665,4,1,car,0.5752198100090027,847.9303588867188,557.7078857421875,913.5317993164062,620.5942993164062,880.7310791015625,589.1510925292969
55,55,2.2916666666666665,125,0,pedestrian,0.37804049253463745,479.2684020996094,706.216796875,514.010986328125,801.493896484375,496.6396942138672,753.8553466796875
55,55,2.2916666666666665,42,1,car,0.4139542877674103,751.0792846679688,616.9953002929688,823.37060546875,701.906005859375,787.2249450683594,659.4506530761719
56,56,2.3333333333333335,13,0,pedestrian,0.431625634431839,491.58660888671875,707.4274291992188,522.0070190429688,801.8408203125,506.79681396484375,754.6341247558594
56,56,2.3333333333333335,5,4,bus,0.386643648147583,1082.088623046875,675.9130859375,1655.692626953125,1077.556640625,1368.890625,876.73486328125
56,56,2.3333333333333335,4,1,car,0.3010563552379608,847.5728759765625,556.3800048828125,913.8972778320312,620.2052612304688,880.7350769042969,588.2926330566406
56,56,2.3333333333333335,125,0,pedestrian,0.29801711440086365,480.5423889160156,705.8822631835938,515.4198608398438,802.1492919921875,497.9811248779297,754.0157775878906
56,56,2.3333333333333335,42,1,car,0.5457816123962402,752.4937744140625,615.8988037109375,823.9911499023438,699.4011840820312,788.2424621582031,657.6499938964844
56,56,2.3333333333333335,119,3,truck,0.35490185022354126,839.5596923828125,463.2412109375,923.961669921875,555.5159301757812,881.7606811523438,509.3785705566406
57,57,2.375,13,0,pedestrian,0.4059348404407501,490.8113098144531,706.742431640625,521.7970581054688,802.3135375976562,506.30418395996094,754.5279846191406
57,57,2.375,5,4,bus,0.3064943552017212,1098.172119140625,702.50537109375,1638.1890869140625,1076.7215576171875,1368.1806030273438,889.6134643554688
57,57,2.375,4,1,car,0.2863873839378357,848.873291015625,555.8336791992188,914.2612915039062,618.6660766601562,881.5672912597656,587.2498779296875
57,57,2.375,42,1,car,0.35269972681999207,753.3394165039062,615.1392211914062,824.7589721679688,698.215087890625,789.0491943359375,656.6771545410156
57,57,2.375,119,3,truck,0.29986757040023804,842.3382568359375,468.9044189453125,922.4251098632812,554.990234375,882.3816833496094,511.94732666015625
57,57,2.375,98,2,van,0.27902939915657043,373.2279357910156,687.6607666015625,461.6502380371094,798.5582275390625,417.4390869140625,743.1094970703125
57,57,2.375,7,0,pedestrian,0.35787656903266907,533.1983032226562,608.286865234375,557.4757690429688,682.4050903320312,545.3370361328125,645.3459777832031
57,57,2.375,145,1,car,0.3306293189525604,1004.5113525390625,439.4550476074219,1028.736328125,461.9317626953125,1016.6238403320312,450.6934051513672
58,58,2.4166666666666665,13,0,pedestrian,0.44227299094200134,489.8124084472656,706.5453491210938,521.3056030273438,802.7373046875,505.5590057373047,754.6413269042969
58,58,2.4166666666666665,5,4,bus,0.3928218185901642,1096.3553466796875,705.577880859375,1635.28564453125,1076.715576171875,1365.8204956054688,891.146728515625
58,58,2.4166666666666665,4,1,car,0.44521981477737427,849.7901611328125,555.3084716796875,915.2853393554688,618.1622924804688,882.5377502441406,586.7353820800781
58,58,2.4166666666666665,119,3,truck,0.2685498595237732,842.8875122070312,471.09088134765625,922.4035034179688,555.1180419921875,882.6455078125,513.1044616699219
58,58,2.4166666666666665,98,2,van,0.46826982498168945,375.1455993652344,689.392333984375,464.14276123046875,799.8925170898438,419.64418029785156,744.6424255371094
58,58,2.4166666666666665,7,0,pedestrian,0.3805537819862366,533.3892822265625,609.4711303710938,557.1800537109375,682.5612182617188,545.28466796875,646.0161743164062
58,58,2.4166666666666665,145,1,car,0.2566951811313629,1003.67578125,440.340087890625,1027.8939208984375,462.8886413574219,1015.7848510742188,451.61436462402344
59,59,2.4583333333333335,13,0,pedestrian,0.39828526973724365,489.40997314453125,706.2521362304688,521.4144287109375,803.358154296875,505.4122009277344,754.8051452636719
59,59,2.4583333333333335,5,4,bus,0.46769362688064575,1081.9166259765625,684.689697265625,1652.024169921875,1078.4989013671875,1366.9703979492188,881.5942993164062
59,59,2.4583333333333335,4,1,car,0.3332933485507965,850.2760009765625,554.87744140625,915.2039184570312,617.0326538085938,882.7399597167969,585.9550476074219
59,59,2.4583333333333335,119,3,truck,0.37010255455970764,841.572021484375,468.9707336425781,924.2626342773438,555.241455078125,882.9173278808594,512.1060943603516
59,59,2.4583333333333335,98,2,van,0.5118436813354492,376.344482421875,692.4555053710938,463.94757080078125,800.6250610351562,420.1460266113281,746.540283203125
59,59,2.4583333333333335,7,0,pedestrian,0.3978770077228546,533.4887084960938,610.0969848632812,557.0431518554688,682.7879638671875,545.2659301757812,646.4424743652344
59,59,2.4583333333333335,152,4,bus,0.34278643131256104,1097.3028564453125,697.856689453125,1632.537841796875,1077.18896484375,1364.9203491210938,887.5228271484375
59,59,2.4583333333333335,42,3,truck,0.29146698117256165,755.4725952148438,610.3777465820312,828.5845947265625,695.73779296875,792.0285949707031,653.0577697753906
60,60,2.5,13,0,pedestrian,0.4336933493614197,489.0942687988281,706.5438232421875,521.4505615234375,804.1962280273438,505.2724151611328,755.3700256347656
60,60,2.5,5,4,bus,0.5433485507965088,1077.147216796875,678.37451171875,1656.362548828125,1079.3060302734375,1366.7548828125,878.8402709960938
60,60,2.5,4,3,truck,0.2596581280231476,850.3277587890625,554.2904052734375,915.5658569335938,616.619873046875,882.9468078613281,585.4551391601562
60,60,2.5,119,3,truck,0.27717992663383484,844.77978515625,475.6689147949219,922.630615234375,555.3117065429688,883.7052001953125,515.4903106689453
60,60,2.5,98,2,van,0.5325523614883423,376.5485534667969,693.7944946289062,463.6192932128906,800.857421875,420.08392333984375,747.3259582519531
60,60,2.5,7,0,pedestrian,0.394113153219223,533.5856323242188,610.9414672851562,556.8746337890625,683.1537475585938,545.2301330566406,647.047607421875
60,60,2.5,152,4,bus,0.3701360821723938,1099.842041015625,702.8775024414062,1628.600830078125,1077.0479736328125,1364.221435546875,889.9627380371094
60,60,2.5,42,3,truck,0.40370503067970276,756.43994140625,609.9636840820312,828.8159790039062,694.6756591796875,792.6279602050781,652.3196716308594
61,61,2.5416666666666665,13,0,pedestrian,0.48033615946769714,489.14447021484375,707.3887939453125,521.3157958984375,804.0657958984375,505.2301330566406,755.727294921875
61,61,2.5416666666666665,5,4,bus,0.5835959315299988,1078.2020263671875,679.04052734375,1655.4501953125,1078.85595703125,1366.8261108398438,878.9482421875
61,61,2.5416666666666665,4,3,truck,0.45628201961517334,850.8919067382812,553.9739990234375,915.5731811523438,615.5790405273438,883.2325439453125,584.7765197753906
61,61,2.5416666666666665,119,3,truck,0.2704313397407532,845.11669921875,474.53521728515625,924.2490234375,554.7521362304688,884.682861328125,514.6436767578125
61,61,2.5416666666666665,98,2,van,0.5443604588508606,376.79400634765625,694.7274780273438,463.5535583496094,800.8989868164062,420.1737823486328,747.813232421875
61,61,2.5416666666666665,7,0,pedestrian,0.36429375410079956,533.6575927734375,611.6109619140625,556.6564331054688,683.322021484375,545.1570129394531,647.4664916992188
61,61,2.5416666666666665,42,3,truck,0.38585641980171204,758.1434326171875,608.6281127929688,829.936767578125,692.8778076171875,794.0401000976562,650.7529602050781
62,62,2.5833333333333335,13,0,pedestrian,0.3379204273223877,489.69085693359375,708.7923583984375,520.9474487304688,802.1634521484375,505.31915283203125,755.4779052734375
62,62,2.5833333333333335,5,4,bus,0.6052799820899963,1080.34814453125,682.3771362304688,1649.787109375,1076.755126953125,1365.067626953125,879.5661315917969
62,62,2.5833333333333335,4,1,car,0.2882818281650543,851.4021606445312,554.142822265625,915.4241333007812,614.7765502929688,883.4131469726562,584.4596862792969
62,62,2.5833333333333335,98,2,van,0.5583579540252686,377.2214660644531,694.0750122070312,465.0145263671875,800.9489135742188,421.1179962158203,747.511962890625
62,62,2.5833333333333335,7,0,pedestrian,0.4086855947971344,533.7189331054688,612.1783447265625,556.3607788085938,683.0032348632812,545.0398559570312,647.5907897949219
62,62,2.5833333333333335,42,1,car,0.32917022705078125,759.392822265625,607.611572265625,830.3803100585938,691.1369018554688,794.8865661621094,649.3742370605469
63,63,2.625,13,0,pedestrian,0.3284909129142761,489.673828125,709.5082397460938,520.4478759765625,800.9204711914062,505.06085205078125,755.21435546875
63,63,2.625,5,4,bus,0.6581646800041199,1081.707275390625,683.160888671875,1650.449462890625,1076.34375,1366.078369140625,879.7523193359375
63,63,2.625,4,1,car,0.6371203064918518,851.1239624023438,554.2072143554688,915.1021118164062,614.5361938476562,883.113037109375,584.3717041015625
63,63,2.625,98,2,van,0.5741345882415771,377.8403015136719,694.9008178710938,465.2676086425781,800.611572265625,421.553955078125,747.7561950683594
63,63,2.625,7,0,pedestrian,0.43725675344467163,533.4268798828125,612.4671630859375,555.8831787109375,682.911865234375,544.655029296875,647.6895141601562
63,63,2.625,122,1,car,0.27350467443466187,927.6514892578125,478.5130310058594,951.7571411132812,504.27593994140625,939.7043151855469,491.3944854736328
64,64,2.6666666666666665,13,0,pedestrian,0.35204046964645386,489.202392578125,709.4564208984375,520.3216552734375,801.60498046875,504.76202392578125,755.5307006835938
64,64,2.6666666666666665,5,4,bus,0.6056143045425415,1085.1031494140625,687.1603393554688,1649.809814453125,1076.28515625,1367.4564819335938,881.7227478027344
64,64,2.6666666666666665,4,1,car,0.5610156655311584,851.0572509765625,553.8324584960938,914.7265014648438,613.6771850585938,882.8918762207031,583.7548217773438
64,64,2.6666666666666665,98,2,van,0.5922437310218811,377.8829650878906,695.0506591796875,465.7518310546875,800.536376953125,421.81739807128906,747.7935180664062
64,64,2.6666666666666665,7,0,pedestrian,0.4633050262928009,533.2244262695312,612.6713256835938,555.5130004882812,682.5989379882812,544.3687133789062,647.6351318359375
64,64,2.6666666666666665,122,1,car,0.25671815872192383,927.6381225585938,478.797119140625,951.6896362304688,504.2390441894531,939.6638793945312,491.51808166503906
65,65,2.7083333333333335,13,0,pedestrian,0.41191694140434265,488.0653076171875,708.761474609375,520.2799682617188,803.8427124023438,504.1726379394531,756.3020935058594
65,65,2.7083333333333335,5,4,bus,0.5654988884925842,1088.25732421875,689.657470703125,1650.9403076171875,1076.215576171875,1369.5988159179688,882.9365234375
65,65,2.7083333333333335,4,1,car,0.46468454599380493,851.3660888671875,554.0582885742188,914.3880004882812,613.0327758789062,882.8770446777344,583.5455322265625
65,65,2.7083333333333335,98,2,van,0.5763944387435913,377.0397033691406,695.6924438476562,465.1051330566406,800.7159423828125,421.0724182128906,748.2041931152344
65,65,2.7083333333333335,7,0,pedestrian,0.5287291407585144,532.8096313476562,612.6121215820312,555.174072265625,682.7305908203125,543.9918518066406,647.6713562011719
65,65,2.7083333333333335,122,1,car,0.2734087109565735,927.468994140625,478.95245361328125,951.4849243164062,504.12652587890625,939.4769592285156,491.53948974609375
65,65,2.7083333333333335,42,1,car,0.3998553156852722,763.6680297851562,606.0752563476562,833.4002685546875,688.3638305664062,798.5341491699219,647.2195434570312
66,66,2.75,13,0,pedestrian,0.42584869265556335,486.8251037597656,708.2493896484375,520.0056762695312,805.4357299804688,503.41539001464844,756.8425598144531
66,66,2.75,5,4,bus,0.4832848012447357,1089.1551513671875,689.9616088867188,1653.9462890625,1076.9600830078125,1371.5507202148438,883.4608459472656
66,66,2.75,4,1,car,0.5513951182365417,851.4087524414062,554.3038940429688,913.6700439453125,612.306396484375,882.5393981933594,583.3051452636719
66,66,2.75,98,2,van,0.5037509202957153,375.7762756347656,696.1650390625,464.5256042480469,801.2947998046875,420.15093994140625,748.7299194335938
66,66,2.75,7,0,pedestrian,0.5247284173965454,532.400146484375,612.95703125,554.777099609375,683.3096313476562,543.588623046875,648.1333312988281
66,66,2.75,122,1,car,0.27899232506752014,927.367919921875,478.9000549316406,951.4710693359375,503.9572448730469,939.4194946289062,491.42864990234375
66,66,2.75,42,1,car,0.27237018942832947,766.5283203125,606.0802612304688,834.5188598632812,686.1340942382812,800.5235900878906,646.107177734375
66,66,2.75,145,1,car,0.32170334458351135,1002.06640625,444.52667236328125,1025.15771484375,466.3239440917969,1013.612060546875,455.42530822753906
67,67,2.7916666666666665,13,0,pedestrian,0.45816513895988464,485.9742431640625,708.4125366210938,519.7114868164062,806.1751708984375,502.8428649902344,757.2938537597656
67,67,2.7916666666666665,5,4,bus,0.43750011920928955,1089.6043701171875,688.52294921875,1658.80712890625,1077.6295166015625,1374.2057495117188,883.0762329101562
67,67,2.7916666666666665,4,1,car,0.7057279944419861,851.0834350585938,553.3759155273438,913.2976684570312,611.1213989257812,882.1905517578125,582.2486572265625
67,67,2.7916666666666665,98,2,van,0.43420425057411194,374.0326232910156,696.9772338867188,462.97357177734375,801.8492431640625,418.5030975341797,749.4132385253906
67,67,2.7916666666666665,7,0,pedestrian,0.5407215356826782,532.0012817382812,613.1358032226562,554.08544921875,682.7935791015625,543.0433654785156,647.9646911621094
67,67,2.7916666666666665,122,1,car,0.2568311095237732,927.3118896484375,478.6601867675781,951.5704956054688,503.7234802246094,939.4411926269531,491.19183349609375
67,67,2.7916666666666665,145,1,car,0.3613883852958679,1001.7159423828125,444.9875183105469,1024.9195556640625,467.19647216796875,1013.3177490234375,456.0919952392578
68,68,2.8333333333333335,13,0,pedestrian,0.4700334370136261,485.2298278808594,708.2518920898438,519.4523315429688,806.4354858398438,502.34107971191406,757.3436889648438
68,68,2.8333333333333335,5,4,bus,0.28857290744781494,1086.75146484375,685.6875,1660.25,1077.3565673828125,1373.500732421875,881.5220336914062
68,68,2.8333333333333335,4,1,car,0.7755836248397827,851.2359008789062,552.6578369140625,912.975341796875,609.8231811523438,882.1056213378906,581.2405090332031
68,68,2.8333333333333335,98,2,van,0.41367197036743164,373.3251037597656,697.068603515625,463.29364013671875,802.5342407226562,418.3093719482422,749.8014221191406
68,68,2.8333333333333335,7,0,pedestrian,0.4392596483230591,531.8404541015625,613.3408203125,553.77392578125,682.5594482421875,542.8071899414062,647.9501342773438
68,68,2.8333333333333335,145,1,car,0.3647174835205078,1001.1400756835938,445.7289733886719,1024.4337158203125,468.3232727050781,1012.7868957519531,457.026123046875
68,68,2.8333333333333335,42,1,car,0.4516865015029907,769.0278930664062,603.83740234375,835.2288818359375,681.5907592773438,802.1283874511719,642.7140808105469
69,69,2.875,13,0,pedestrian,0.3999825417995453,484.82147216796875,708.6304321289062,519.3222045898438,806.4650268554688,502.07183837890625,757.5477294921875
69,69,2.875,5,4,bus,0.3762547969818115,1086.2615966796875,687.5661010742188,1657.4111328125,1077.0550537109375,1371.8363647460938,882.3105773925781
69,69,2.875,4,1,car,0.8353764414787292,851.044189453125,552.0499877929688,912.9879760742188,609.4275512695312,882.0160827636719,580.73876953125
69,69,2.875,98,2,van,0.5191217064857483,373.8729553222656,696.0144653320312,465.8996276855469,803.383544921875,419.88629150390625,749.6990051269531
69,69,2.875,7,0,pedestrian,0.41114816069602966,531.3193359375,613.9376220703125,553.2559814453125,683.3704223632812,542.2876586914062,648.6540222167969
69,69,2.875,145,1,car,0.3492124080657959,1000.8361206054688,446.54449462890625,1024.276123046875,469.4732666015625,1012.5561218261719,458.0088806152344
69,69,2.875,160,0,pedestrian,0.483781635761261,1525.1983642578125,763.9158325195312,1563.1732177734375,854.791259765625,1544.185791015625,809.3535461425781
69,69,2.875,42,1,car,0.40519049763679504,771.0022583007812,603.4009399414062,836.0106811523438,679.52197265625,803.5064697265625,641.4614562988281
70,70,2.9166666666666665,13,0,pedestrian,0.3159189820289612,484.9047546386719,708.8242797851562,519.554931640625,806.2556762695312,502.22984313964844,757.5399780273438
70,70,2.9166666666666665,5,4,bus,0.3628411293029785,1083.6619873046875,688.3502807617188,1653.57470703125,1076.9332275390625,1368.6183471679688,882.6417541503906
70,70,2.9166666666666665,4,1,car,0.8812251687049866,851.8219604492188,552.0093994140625,912.6331787109375,608.2122192382812,882.2275695800781,580.1108093261719
70,70,2.9166666666666665,98,2,van,0.5476090908050537,374.04840087890625,695.4686889648438,467.2701416015625,803.8213500976562,420.6592712402344,749.64501953125
70,70,2.9166666666666665,7,0,pedestrian,0.3166707456111908,530.9005126953125,614.4237670898438,552.5704956054688,683.1522216796875,541.7355041503906,648.7879943847656
70,70,2.9166666666666665,145,1,car,0.25630608201026917,1000.0394287109375,446.5668640136719,1023.7765502929688,470.2255859375,1011.9079895019531,458.39622497558594
70,70,2.9166666666666665,160,0,pedestrian,0.5709383487701416,1528.4591064453125,766.1925659179688,1564.7567138671875,852.9207763671875,1546.60791015625,809.5566711425781
70,70,2.9166666666666665,42,1,car,0.45683345198631287,772.9400024414062,602.0364990234375,837.1531982421875,676.9632568359375,805.0466003417969,639.4998779296875
70,70,2.9166666666666665,164,0,pedestrian,0.6561669707298279,1750.460205078125,754.4243774414062,1804.2813720703125,862.1683349609375,1777.3707885742188,808.2963562011719
71,71,2.9583333333333335,13,0,pedestrian,0.26372817158699036,485.11474609375,708.874267578125,519.7225341796875,805.680419921875,502.41864013671875,757.27734375
71,71,2.9583333333333335,4,1,car,0.8850148320198059,852.209228515625,552.3471069335938,912.0518188476562,607.41259765625,882.1305236816406,579.8798522949219
71,71,2.9583333333333335,98,2,van,0.5780984163284302,373.7712707519531,695.5143432617188,467.3333435058594,803.7899169921875,420.55230712890625,749.6521301269531
71,71,2.9583333333333335,160,0,pedestrian,0.41907569766044617,1532.0498046875,766.6526489257812,1569.750732421875,856.143310546875,1550.9002685546875,811.3979797363281
71,71,2.9583333333333335,42,1,car,0.341159462928772,773.65771484375,600.4888305664062,837.9287109375,675.3884887695312,805.793212890625,637.9386596679688
71,71,2.9583333333333335,164,0,pedestrian,0.4766989052295685,1749.9052734375,755.1790771484375,1804.1492919921875,863.9070434570312,1777.0272827148438,809.5430603027344
72,72,3.0,13,0,pedestrian,0.31823965907096863,484.799560546875,708.3568115234375,520.050048828125,806.585693359375,502.4248046875,757.4712524414062
72,72,3.0,4,1,car,0.8918442130088806,852.344970703125,551.7957763671875,911.9247436523438,606.4592895507812,882.1348571777344,579.1275329589844
72,72,3.0,98,2,van,0.5641264915466309,373.9176330566406,695.8180541992188,467.6167907714844,803.8878784179688,420.7672119140625,749.8529663085938
72,72,3.0,42,1,car,0.3878379762172699,774.5140380859375,598.5,839.2411499023438,673.7371215820312,806.8775939941406,636.1185607910156
72,72,3.0,164,0,pedestrian,0.6304569244384766,1751.5233154296875,756.7928466796875,1805.6915283203125,865.5361938476562,1778.607421875,811.1645202636719
72,72,3.0,5,4,bus,0.30548539757728577,1098.9696044921875,711.1040649414062,1633.758544921875,1073.459716796875,1366.3640747070312,892.2818908691406
73,73,3.0416666666666665,13,0,pedestrian,0.3446018099784851,484.2748107910156,707.7590942382812,520.0718383789062,806.8929443359375,502.17332458496094,757.3260192871094
73,73,3.0416666666666665,4,1,car,0.895715057849884,852.31005859375,551.0987548828125,912.1203002929688,605.91015625,882.2151794433594,578.5044555664062
73,73,3.0416666666666665,98,2,van,0.40389493107795715,373.0409851074219,696.0892333984375,466.74249267578125,804.1947631835938,419.89173889160156,750.1419982910156
73,73,3.0416666666666665,42,1,car,0.37788689136505127,775.6411743164062,598.2200317382812,840.1118774414062,672.8560791015625,807.8765258789062,635.5380554199219
73,73,3.0416666666666665,164,0,pedestrian,0.2692609429359436,1755.05029296875,758.42236328125,1808.5364990234375,866.158935546875,1781.7933959960938,812.2906494140625
73,73,3.0416666666666665,7,0,pedestrian,0.2519367039203644,528.2542114257812,613.6613159179688,550.810791015625,685.5927734375,539.5325012207031,649.6270446777344
74,74,3.0833333333333335,13,0,pedestrian,0.39871886372566223,484.2006530761719,707.82275390625,520.1832885742188,807.0004272460938,502.1919708251953,757.4115905761719
74,74,3.0833333333333335,4,1,car,0.9077574014663696,852.78125,550.873779296875,912.0330810546875,604.9722900390625,882.4071655273438,577.9230346679688
74,74,3.0833333333333335,98,2,van,0.4410710632801056,371.6430358886719,695.8167114257812,465.447998046875,804.344482421875,418.54551696777344,750.0805969238281
74,74,3.0833333333333335,42,1,car,0.3499504029750824,775.7142333984375,595.7783813476562,841.7929077148438,672.4951171875,808.7535705566406,634.1367492675781
74,74,3.0833333333333335,164,0,pedestrian,0.3876729905605316,1757.084228515625,758.89013671875,1810.6654052734375,867.1729736328125,1783.8748168945312,813.0315551757812
74,74,3.0833333333333335,7,0,pedestrian,0.3125724494457245,527.0707397460938,613.2522583007812,549.9476928710938,686.3610229492188,538.5092163085938,649.806640625
75,75,3.125,13,0,pedestrian,0.327719509601593,483.9096984863281,707.5460815429688,519.9868774414062,806.495361328125,501.9482879638672,757.0207214355469
75,75,3.125,4,1,car,0.8691717982292175,852.8131103515625,550.2452392578125,911.7583618164062,603.8392944335938,882.2857360839844,577.0422668457031
75,75,3.125,98,2,van,0.44065240025520325,370.7980651855469,695.5609741210938,464.0644226074219,803.8987426757812,417.4312438964844,749.7298583984375
75,75,3.125,164,0,pedestrian,0.3045431971549988,1759.621826171875,761.5772705078125,1811.81494140625,867.58740234375,1785.7183837890625,814.5823364257812
75,75,3.125,7,0,pedestrian,0.26213395595550537,526.375,613.2442626953125,549.3355712890625,686.8546142578125,537.8552856445312,650.0494384765625
75,75,3.125,180,1,car,0.35334646701812744,992.1957397460938,728.2201538085938,1075.11865234375,836.7705688476562,1033.6571960449219,782.495361328125
76,76,3.1666666666666665,13,0,pedestrian,0.3225399851799011,483.5084533691406,706.944091796875,519.7025146484375,805.5657958984375,501.60548400878906,756.2549438476562
76,76,3.1666666666666665,4,1,car,0.8912807703018188,853.0713500976562,549.49072265625,911.9776000976562,602.8492431640625,882.5244750976562,576.1699829101562
76,76,3.1666666666666665,98,2,van,0.39011475443840027,372.24609375,695.4970703125,465.3406677246094,803.5714721679688,418.7933807373047,749.5342712402344
76,76,3.1666666666666665,164,0,pedestrian,0.3673107624053955,1761.147216796875,762.0018310546875,1813.4073486328125,868.210205078125,1787.2772827148438,815.1060180664062
76,76,3.1666666666666665,180,1,car,0.5723274946212769,993.3601684570312,729.3234252929688,1074.940185546875,835.893798828125,1034.1501770019531,782.6086120605469
77,77,3.2083333333333335,13,0,pedestrian,0.33032190799713135,483.101806640625,706.1614990234375,519.4281616210938,804.5586547851562,501.2649841308594,755.3600769042969
77,77,3.2083333333333335,4,1,car,0.8409020304679871,852.5341186523438,547.5737915039062,913.1599731445312,602.6514282226562,882.8470458984375,575.1126098632812
77,77,3.2083333333333335,98,2,van,0.5932847261428833,373.1060791015625,694.7211303710938,466.8176574707031,803.1996459960938,419.9618682861328,748.9603881835938
77,77,3.2083333333333335,164,0,pedestrian,0.5248275399208069,1762.9847412109375,760.8834228515625,1816.9151611328125,870.275634765625,1789.949951171875,815.5795288085938
77,77,3.2083333333333335,180,1,car,0.4269755780696869,993.2290649414062,730.0687866210938,1074.529052734375,835.9114379882812,1033.8790588378906,782.9901123046875
77,77,3.2083333333333335,42,1,car,0.25821834802627563,779.8143310546875,594.4597778320312,843.9031372070312,668.9865112304688,811.8587341308594,631.72314453125
77,77,3.2083333333333335,7,0,pedestrian,0.3149469196796417,526.3906860351562,613.4271850585938,549.2420654296875,687.0287475585938,537.8163757324219,650.2279663085938
78,78,3.25,13,0,pedestrian,0.39199134707450867,483.0417175292969,705.8311157226562,519.5718383789062,804.3506469726562,501.30677795410156,755.0908813476562
78,78,3.25,4,1,car,0.8172927498817444,852.6527709960938,546.238037109375,914.3475952148438,602.596923828125,883.5001831054688,574.41748046875
78,78,3.25,98,2,van,0.5612428784370422,373.3731384277344,693.9043579101562,467.8337097167969,803.0072021484375,420.6034240722656,748.4557800292969
78,78,3.25,164,0,pedestrian,0.6171682476997375,1764.4019775390625,758.1109619140625,1820.2052001953125,871.7490234375,1792.3035888671875,814.9299926757812
78,78,3.25,7,0,pedestrian,0.3264503479003906,526.4675903320312,613.8095092773438,549.092041015625,686.9418334960938,537.7798156738281,650.3756713867188
79,79,3.2916666666666665,13,0,pedestrian,0.47218823432922363,482.7554931640625,705.6436767578125,519.620361328125,804.704345703125,501.18792724609375,755.1740112304688
79,79,3.2916666666666665,4,1,car,0.803695559501648,852.7363891601562,545.6968994140625,914.1543579101562,602.106201171875,883.4453735351562,573.9015502929688
79,79,3.2916666666666665,98,2,van,0.5022160410881042,373.09320068359375,693.3472290039062,468.02783203125,802.9459838867188,420.5605163574219,748.1466064453125
79,79,3.2916666666666665,164,0,pedestrian,0.30416902899742126,1767.60498046875,759.402587890625,1822.5765380859375,871.7937622070312,1795.0907592773438,815.5981750488281
79,79,3.2916666666666665,7,0,pedestrian,0.37586498260498047,526.435302734375,614.4680786132812,548.752685546875,686.6856079101562,537.593994140625,650.5768432617188
79,79,3.2916666666666665,180,1,car,0.34961026906967163,993.6535034179688,732.0887451171875,1073.9210205078125,835.9790649414062,1033.7872619628906,784.0339050292969
80,80,3.3333333333333335,13,0,pedestrian,0.589409351348877,481.95806884765625,705.40380859375,519.4896240234375,805.7653198242188,500.7238464355469,755.5845642089844
80,80,3.3333333333333335,4,1,car,0.7813485264778137,853.06298828125,545.2584228515625,913.9039306640625,601.549560546875,883.4834594726562,573.4039916992188
80,80,3.3333333333333335,98,2,van,0.3415619432926178,372.3494873046875,694.693359375,466.647705078125,803.605224609375,419.49859619140625,749.1492919921875
80,80,3.3333333333333335,164,0,pedestrian,0.6640137434005737,1769.6900634765625,761.0236206054688,1824.075439453125,872.5040893554688,1796.8827514648438,816.7638549804688
80,80,3.3333333333333335,7,0,pedestrian,0.4084765315055847,526.4067993164062,615.0862426757812,548.3685913085938,686.1235961914062,537.3876953125,650.6049194335938
80,80,3.3333333333333335,201,0,pedestrian,0.38029158115386963,736.9029541015625,600.263671875,757.2671508789062,661.2249755859375,747.0850524902344,630.7443237304688
80,80,3.3333333333333335,42,1,car,0.3558627963066101,784.291015625,594.279541015625,845.5518188476562,665.29248046875,814.9214172363281,629.7860107421875
81,81,3.375,13,0,pedestrian,0.37652119994163513,481.78765869140625,706.0791625976562,519.3892822265625,806.1453247070312,500.5884704589844,756.1122436523438
81,81,3.375,4,1,car,0.7463078498840332,853.746826171875,544.901123046875,913.4329223632812,600.4435424804688,883.5898742675781,572.6723327636719
81,81,3.375,98,2,van,0.29043251276016235,372.1331481933594,695.3046875,466.1715393066406,803.933349609375,419.15234375,749.6190185546875
81,81,3.375,164,0,pedestrian,0.5328187346458435,1773.566650390625,762.1260986328125,1827.400634765625,872.5534057617188,1800.483642578125,817.3397521972656
81,81,3.375,7,0,pedestrian,0.3775090277194977,526.7064208984375,615.3504028320312,548.3515625,685.3704223632812,537.5289916992188,650.3604125976562
81,81,3.375,201,0,pedestrian,0.3816300928592682,739.220703125,600.5936889648438,759.0877685546875,659.9786376953125,749.1542358398438,630.2861633300781
82,82,3.4166666666666665,13,0,pedestrian,0.25961238145828247,480.7813415527344,706.5831909179688,518.575439453125,807.1112060546875,499.6783905029297,756.8471984863281
82,82,3.4166666666666665,4,1,car,0.7301459312438965,854.8668823242188,544.4509887695312,912.4445190429688,598.1163940429688,883.6557006835938,571.28369140625
82,82,3.4166666666666665,7,0,pedestrian,0.3521396517753601,526.677978515625,615.1390380859375,548.3756713867188,685.4275512695312,537.5268249511719,650.2832946777344
82,82,3.4166666666666665,201,0,pedestrian,0.4107056260108948,742.3131103515625,601.1524047851562,761.488037109375,658.3749389648438,751.9005737304688,629.763671875
82,82,3.4166666666666665,42,1,car,0.3240664601325989,785.8023681640625,593.3558959960938,846.9715576171875,663.8014526367188,816.386962890625,628.5786743164062
83,83,3.4583333333333335,13,0,pedestrian,0.4441922605037689,480.4073181152344,707.2845458984375,518.26513671875,807.8812255859375,499.3362274169922,757.5828857421875
83,83,3.4583333333333335,4,1,car,0.7257318496704102,855.8994750976562,543.9779663085938,912.1715698242188,596.3610229492188,884.0355224609375,570.1694946289062
83,83,3.4583333333333335,7,0,pedestrian,0.3544614315032959,526.5352783203125,614.9798583984375,548.5527954101562,686.462646484375,537.5440368652344,650.7212524414062
83,83,3.4583333333333335,201,0,pedestrian,0.4090442359447479,744.5000610351562,600.7552490234375,764.1742553710938,659.387451171875,754.337158203125,630.0713500976562
83,83,3.4583333333333335,215,0,pedestrian,0.6863701939582825,287.5503845214844,995.2562255859375,355.4346008300781,1080.0,321.49249267578125,1037.6281127929688
83,83,3.4583333333333335,42,1,car,0.5122964382171631,787.0452270507812,592.70361328125,848.4928588867188,663.172607421875,817.76904296875,627.9381103515625
84,84,3.5,13,0,pedestrian,0.4847527742385864,480.1407470703125,707.4962158203125,518.1834106445312,808.3889770507812,499.1620788574219,757.9425964355469
84,84,3.5,4,1,car,0.49550333619117737,856.0809936523438,543.2552490234375,912.3221435546875,595.5747680664062,884.2015686035156,569.4150085449219
84,84,3.5,7,0,pedestrian,0.32901373505592346,525.984375,614.8029174804688,548.4230346679688,687.844482421875,537.2037048339844,651.3236999511719
84,84,3.5,201,0,pedestrian,0.34167641401290894,744.9902954101562,601.5618896484375,766.2719116210938,664.7754516601562,755.631103515625,633.1686706542969
84,84,3.5,215,0,pedestrian,0.5885196924209595,291.8596496582031,988.546142578125,364.9311218261719,1080.0,328.3953857421875,1034.2730712890625
84,84,3.5,42,1,car,0.5307790637016296,787.5986938476562,590.5949096679688,850.1978759765625,662.4679565429688,818.8982849121094,626.5314331054688
84,84,3.5,98,1,car,0.2601151764392853,372.1575927734375,700.047119140625,463.2652587890625,805.3579711914062,417.71142578125,752.7025451660156
85,85,3.5416666666666665,13,0,pedestrian,0.5556163787841797,479.8363952636719,707.730224609375,518.2122802734375,809.53173828125,499.0243377685547,758.6309814453125
85,85,3.5416666666666665,4,2,van,0.4075424373149872,856.12646484375,542.3171997070312,912.334716796875,594.6400146484375,884.2305908203125,568.4786071777344
85,85,3.5416666666666665,7,0,pedestrian,0.3529488742351532,525.5330810546875,614.954833984375,548.1231689453125,688.6842651367188,536.828125,651.8195495605469
85,85,3.5416666666666665,201,0,pedestrian,0.29676857590675354,746.6671752929688,602.2918701171875,768.1688232421875,665.8475952148438,757.4179992675781,634.0697326660156
85,85,3.5416666666666665,215,0,pedestrian,0.5593663454055786,299.9140930175781,979.210693359375,380.2086181640625,1080.0,340.0613555908203,1029.6053466796875
85,85,3.5416666666666665,42,1,car,0.38674119114875793,787.225341796875,587.0507202148438,851.3841552734375,660.9443969726562,819.3047485351562,623.99755859375
85,85,3.5416666666666665,98,1,car,0.3540339469909668,372.1649475097656,700.03076171875,464.20361328125,806.4921264648438,418.1842803955078,753.2614440917969
85,85,3.5416666666666665,119,3,truck,0.36326083540916443,864.6620483398438,497.9298400878906,919.33984375,548.310791015625,892.0009460449219,523.1203155517578
86,86,3.5833333333333335,13,0,pedestrian,0.6281558275222778,479.66888427734375,708.0344848632812,518.1902465820312,810.436767578125,498.9295654296875,759.2356262207031
86,86,3.5833333333333335,4,1,car,0.44478049874305725,856.3163452148438,542.3960571289062,911.980712890625,594.2241821289062,884.1485290527344,568.3101196289062
86,86,3.5833333333333335,7,0,pedestrian,0.3799419105052948,525.0639038085938,615.2706909179688,547.5918579101562,688.8995361328125,536.327880859375,652.0851135253906
86,86,3.5833333333333335,215,0,pedestrian,0.2690662741661072,304.4593505859375,973.0643920898438,388.7513122558594,1079.396484375,346.60533142089844,1026.2304382324219
86,86,3.5833333333333335,42,1,car,0.32433459162712097,788.4773559570312,586.2373046875,852.0774536132812,659.6544189453125,820.2774047851562,622.9458618164062
86,86,3.5833333333333335,98,1,car,0.39860519766807556,371.190673828125,698.878173828125,464.74859619140625,807.4505004882812,417.9696350097656,753.1643371582031
86,86,3.5833333333333335,217,0,pedestrian,0.4681656062602997,1605.183349609375,770.7332153320312,1643.4920654296875,848.927978515625,1624.3377075195312,809.8305969238281
86,86,3.5833333333333335,218,1,car,0.3177603781223297,1000.6198120117188,456.8229064941406,1024.2633056640625,482.8890380859375,1012.4415588378906,469.85597229003906
86,86,3.5833333333333335,119,3,truck,0.3551536202430725,861.953369140625,497.1163024902344,920.74755859375,548.6188354492188,891.3504638671875,522.8675689697266
87,87,3.625,13,0,pedestrian,0.6782541871070862,479.8127136230469,708.8033447265625,518.2291259765625,811.2684936523438,499.0209197998047,760.0359191894531
87,87,3.625,4,1,car,0.6387309432029724,856.5809326171875,542.512451171875,911.5567016601562,593.7164916992188,884.0688171386719,568.1144714355469
87,87,3.625,7,0,pedestrian,0.4004051089286804,524.49560546875,616.1516723632812,546.8258056640625,689.0939331054688,535.6607055664062,652.622802734375
87,87,3.625,215,0,pedestrian,0.49920323491096497,312.4739990234375,968.1065673828125,399.6242980957031,1078.7244873046875,356.0491485595703,1023.41552734375
87,87,3.625,98,1,car,0.5692335963249207,371.2242126464844,700.1218872070312,464.2848205566406,808.294921875,417.7545166015625,754.2084045410156
87,87,3.625,217,0,pedestrian,0.34511518478393555,1605.8773193359375,767.5700073242188,1646.4344482421875,850.4606323242188,1626.1558837890625,809.0153198242188
87,87,3.625,218,1,car,0.26896244287490845,1000.4515380859375,456.9334716796875,1024.5155029296875,483.464599609375,1012.4835205078125,470.19903564453125
88,88,3.6666666666666665,13,0,pedestrian,0.6103847622871399,480.0610046386719,709.0003662109375,518.0669555664062,810.716552734375,499.06398010253906,759.8584594726562
88,88,3.6666666666666665,4,1,car,0.5997523665428162,856.82275390625,542.472900390625,911.0740356445312,592.9937133789062,883.9483947753906,567.7333068847656
88,88,3.6666666666666665,7,0,pedestrian,0.428377240896225,524.213623046875,617.3651733398438,546.3648071289062,689.7572631835938,535.2892150878906,653.5612182617188
88,88,3.6666666666666665,215,0,pedestrian,0.3856823444366455,317.53973388671875,961.4351196289062,408.0771789550781,1077.5792236328125,362.80845642089844,1019.5071716308594
88,88,3.6666666666666665,98,1,car,0.5045198798179626,371.36474609375,700.11474609375,465.4059143066406,809.1763305664062,418.3853302001953,754.6455383300781
88,88,3.6666666666666665,217,0,pedestrian,0.34673774242401123,1608.360107421875,763.09033203125,1650.837646484375,850.2293701171875,1629.598876953125,806.6598510742188
88,88,3.6666666666666665,218,1,car,0.2545640170574188,1000.7910766601562,457.7898864746094,1024.4573974609375,483.88311767578125,1012.6242370605469,470.8365020751953
88,88,3.6666666666666665,164,0,pedestrian,0.35635820031166077,1788.3580322265625,776.96142578125,1843.9254150390625,887.2252807617188,1816.1417236328125,832.0933532714844
89,89,3.7083333333333335,13,0,pedestrian,0.652847170829773,479.9145202636719,709.027099609375,517.9622192382812,811.2796020507812,498.93836975097656,760.1533508300781
89,89,3.7083333333333335,4,1,car,0.4798087775707245,856.7572021484375,541.6085205078125,911.0130004882812,592.0900268554688,883.8851013183594,566.8492736816406
89,89,3.7083333333333335,7,0,pedestrian,0.42059847712516785,523.7979125976562,617.7217407226562,545.9805908203125,690.3218383789062,534.8892517089844,654.0217895507812
89,89,3.7083333333333335,215,0,pedestrian,0.4016334116458893,323.0811462402344,953.6111450195312,418.6156921386719,1077.924072265625,370.8484191894531,1015.7676086425781
89,89,3.7083333333333335,98,1,car,0.5602627992630005,371.01629638671875,700.13330078125,464.8735046386719,808.7850341796875,417.9449005126953,754.4591674804688
89,89,3.7083333333333335,217,0,pedestrian,0.37961438298225403,1610.33935546875,760.1856079101562,1654.1192626953125,850.6422729492188,1632.2293090820312,805.4139404296875
89,89,3.7083333333333335,218,1,car,0.27987417578697205,1001.2719116210938,458.20068359375,1025.0758056640625,484.4751281738281,1013.1738586425781,471.33790588378906
89,89,3.7083333333333335,201,0,pedestrian,0.3925284743309021,756.7850952148438,597.4893798828125,779.3004760742188,663.4161376953125,768.0427856445312,630.4527587890625
89,89,3.7083333333333335,42,1,car,0.29881638288497925,791.2059936523438,583.4057006835938,854.0364990234375,656.4451904296875,822.6212463378906,619.9254455566406
90,90,3.75,13,0,pedestrian,0.6175544261932373,479.7370910644531,708.6900634765625,517.9352416992188,811.8648681640625,498.83616638183594,760.2774658203125
90,90,3.75,4,1,car,0.5986834168434143,857.7118530273438,541.240234375,910.7003173828125,590.4298095703125,884.2060852050781,565.8350219726562
90,90,3.75,7,0,pedestrian,0.45905864238739014,523.8657836914062,617.3882446289062,545.9923706054688,690.0237426757812,534.9290771484375,653.7059936523438
90,90,3.75,215,0,pedestrian,0.5472069978713989,323.3184509277344,943.9473876953125,422.8359375,1076.639892578125,373.0771942138672,1010.2936401367188
90,90,3.75,98,1,car,0.5607137680053711,371.3653869628906,699.9534912109375,464.6800537109375,808.0859985351562,418.02272033691406,754.0197448730469
90,90,3.75,217,0,pedestrian,0.5225727558135986,1612.064697265625,756.613525390625,1657.56591796875,851.4520874023438,1634.8153076171875,804.0328063964844
90,90,3.75,218,1,car,0.2857941687107086,1001.7486572265625,458.949462890625,1025.6085205078125,485.3525085449219,1013.6785888671875,472.15098571777344
90,90,3.75,201,0,pedestrian,0.45892637968063354,757.8759155273438,596.4317016601562,781.1990966796875,663.99169921875,769.5375061035156,630.2117004394531
91,91,3.7916666666666665,13,0,pedestrian,0.5380722284317017,479.4179382324219,708.1421508789062,517.6468505859375,811.8295288085938,498.5323944091797,759.98583984375
91,91,3.7916666666666665,4,1,car,0.6952500939369202,857.7594604492188,540.5808715820312,910.9517211914062,589.91064453125,884.3555908203125,565.2457580566406
91,91,3.7916666666666665,7,0,pedestrian,0.44518548250198364,523.9840087890625,617.2279663085938,546.0235595703125,689.86865234375,535.0037841796875,653.5483093261719
91,91,3.7916666666666665,215,0,pedestrian,0.4020300507545471,329.8602294921875,936.6333618164062,427.4582214355469,1069.2930908203125,378.6592254638672,1002.9632263183594
91,91,3.7916666666666665,98,1,car,0.5554184913635254,371.2877197265625,700.0447387695312,464.11688232421875,807.5222778320312,417.7023010253906,753.7835083007812
91,91,3.7916666666666665,217,0,pedestrian,0.6954156756401062,1614.544189453125,760.6952514648438,1658.0299072265625,852.4082641601562,1636.2870483398438,806.5517578125
91,91,3.7916666666666665,218,1,car,0.33721715211868286,1002.008544921875,459.36688232421875,1025.83251953125,485.78973388671875,1013.9205322265625,472.57830810546875
91,91,3.7916666666666665,201,0,pedestrian,0.37979573011398315,759.22900390625,595.4330444335938,782.6669921875,662.9446411132812,770.947998046875,629.1888427734375
91,91,3.7916666666666665,42,1,car,0.45657604932785034,793.8555908203125,583.94921875,853.4446411132812,653.2649536132812,823.6501159667969,618.6070861816406
92,92,3.8333333333333335,13,0,pedestrian,0.6492897868156433,479.1316833496094,707.8822631835938,517.1944580078125,811.434814453125,498.16307067871094,759.6585388183594
92,92,3.8333333333333335,4,1,car,0.7501917481422424,857.5701293945312,539.5317993164062,911.2787475585938,589.2723999023438,884.4244384765625,564.402099609375
92,92,3.8333333333333335,7,0,pedestrian,0.4467889070510864,524.0127563476562,617.1992797851562,546.0044555664062,689.95556640625,535.0086059570312,653.5774230957031
92,92,3.8333333333333335,98,1,car,0.354572057723999,371.49761962890625,700.0941162109375,463.8417053222656,806.808349609375,417.66966247558594,753.4512329101562
92,92,3.8333333333333335,217,0,pedestrian,0.7410986423492432,1617.6126708984375,763.3369140625,1660.499267578125,854.9210815429688,1639.0559692382812,809.1289978027344
92,92,3.8333333333333335,218,1,car,0.3922993540763855,1002.4440307617188,459.9314880371094,1025.88623046875,485.96221923828125,1014.1651306152344,472.9468536376953
92,92,3.8333333333333335,201,0,pedestrian,0.5309979319572449,760.6838989257812,594.9544067382812,785.2103881835938,664.6583251953125,772.9471435546875,629.8063659667969
92,92,3.8333333333333335,42,1,car,0.2766059935092926,793.9976196289062,581.8926391601562,854.2178955078125,652.2570190429688,824.1077575683594,617.0748291015625
92,92,3.8333333333333335,164,0,pedestrian,0.39265352487564087,1801.015869140625,772.7867431640625,1861.0946044921875,892.4893798828125,1831.0552368164062,832.6380615234375
93,93,3.875,13,0,pedestrian,0.6049022078514099,479.138916015625,707.7981567382812,517.0431518554688,811.248291015625,498.0910339355469,759.5232238769531
93,93,3.875,4,1,car,0.6858304142951965,857.7816162109375,539.5084838867188,910.990966796875,588.60302734375,884.3862915039062,564.0557556152344
93,93,3.875,7,0,pedestrian,0.4326963424682617,523.9862670898438,617.5789184570312,545.7874755859375,689.9649658203125,534.8868713378906,653.7719421386719
93,93,3.875,98,1,car,0.4615735411643982,371.6608581542969,701.11474609375,463.2834777832031,806.838623046875,417.47216796875,753.9766845703125
93,93,3.875,217,0,pedestrian,0.7176517844200134,1619.957275390625,763.045166015625,1663.87353515625,857.536865234375,1641.9154052734375,810.291015625
93,93,3.875,218,1,car,0.34614861011505127,1002.8678588867188,460.5023498535156,1026.25732421875,486.51251220703125,1014.5625915527344,473.50743103027344
93,93,3.875,201,0,pedestrian,0.3290015459060669,763.4235229492188,594.9503173828125,787.6132202148438,663.0324096679688,775.5183715820312,628.9913635253906
93,93,3.875,42,1,car,0.44578635692596436,794.5220336914062,580.9716796875,854.8782348632812,651.5712890625,824.7001342773438,616.271484375
93,93,3.875,164,0,pedestrian,0.6096038222312927,1806.847412109375,775.3175048828125,1865.0982666015625,892.6118774414062,1835.9728393554688,833.9646911621094
94,94,3.9166666666666665,13,0,pedestrian,0.4579750597476959,479.21368408203125,708.0870971679688,516.8194580078125,811.1365356445312,498.0165710449219,759.61181640625
94,94,3.9166666666666665,4,1,car,0.7082921862602234,857.8651733398438,539.4408569335938,910.5911254882812,588.0706176757812,884.2281494140625,563.7557373046875
94,94,3.9166666666666665,7,0,pedestrian,0.37971431016921997,523.7095947265625,618.263671875,545.2410888671875,689.9041137695312,534.475341796875,654.0838928222656
94,94,3.9166666666666665,98,1,car,0.4637376070022583,369.8179931640625,701.2587890625,462.0262756347656,807.5279541015625,415.92213439941406,754.3933715820312
94,94,3.9166666666666665,217,0,pedestrian,0.5181329250335693,1623.8948974609375,762.2218627929688,1668.9705810546875,859.7018432617188,1646.4327392578125,810.9618530273438
94,94,3.9166666666666665,218,1,car,0.31161198019981384,1002.8955688476562,461.144775390625,1026.2269287109375,487.1192932128906,1014.5612487792969,474.1320343017578
94,94,3.9166666666666665,201,0,pedestrian,0.30559131503105164,766.088134765625,595.3092041015625,789.630859375,661.1863403320312,777.8594970703125,628.2477722167969
94,94,3.9166666666666665,42,1,car,0.43397632241249084,795.8756713867188,580.6994018554688,855.297119140625,649.9009399414062,825.5863952636719,615.3001708984375
95,95,3.9583333333333335,13,0,pedestrian,0.40973925590515137,479.30047607421875,708.3140869140625,516.6080322265625,810.9967651367188,497.9542541503906,759.6554260253906
95,95,3.9583333333333335,4,1,car,0.5080704689025879,857.7041625976562,537.8098754882812,911.1520385742188,587.2684936523438,884.4281005859375,562.5391845703125
95,95,3.9583333333333335,7,0,pedestrian,0.33314141631126404,523.452880859375,618.239013671875,544.9924926757812,690.0780029296875,534.2226867675781,654.1585083007812
95,95,3.9583333333333335,98,1,car,0.5387383699417114,369.2647705078125,702.5037231445312,460.9382019042969,807.9876708984375,415.1014862060547,755.2456970214844
95,95,3.9583333333333335,217,0,pedestrian,0.6407984495162964,1628.43408203125,767.6187744140625,1673.67578125,864.6470947265625,1651.054931640625,816.1329345703125
95,95,3.9583333333333335,218,1,car,0.28981199860572815,1002.9261474609375,461.2080993652344,1026.647705078125,487.72760009765625,1014.7869262695312,474.4678497314453
95,95,3.9583333333333335,201,0,pedestrian,0.2516202926635742,767.793701171875,595.0386962890625,791.1630249023438,660.0220947265625,779.4783630371094,627.5303955078125
95,95,3.9583333333333335,42,1,car,0.45501136779785156,796.8123168945312,578.0418701171875,856.066162109375,647.1689453125,826.4392395019531,612.6054077148438
95,95,3.9583333333333335,233,0,pedestrian,0.35582345724105835,195.4281768798828,707.2848510742188,236.10606384277344,791.5302734375,215.76712036132812,749.4075622558594
95,95,3.9583333333333335,164,0,pedestrian,0.5159386992454529,1814.3040771484375,775.3046264648438,1871.692138671875,894.1646118164062,1842.9981079101562,834.734619140625
96,96,4.0,13,0,pedestrian,0.3720259666442871,479.397705078125,708.4984130859375,516.3877563476562,810.6151123046875,497.8927307128906,759.5567626953125
96,96,4.0,4,1,car,0.6379458904266357,857.7784423828125,536.7481079101562,911.2474975585938,586.2556762695312,884.5129699707031,561.5018920898438
96,96,4.0,7,0,pedestrian,0.3221588134765625,523.0774536132812,618.1353759765625,544.638916015625,690.075927734375,533.8581848144531,654.1056518554688
96,96,4.0,98,1,car,0.6232831478118896,369.4595947265625,703.1683349609375,460.9190979003906,808.1310424804688,415.18934631347656,755.6496887207031
96,96,4.0,217,0,pedestrian,0.6655714511871338,1632.66455078125,771.736572265625,1680.6673583984375,873.10400390625,1656.6659545898438,822.4202880859375
96,96,4.0,218,1,car,0.2627095878124237,1003.3783569335938,461.23114013671875,1027.287353515625,488.193115234375,1015.3328552246094,474.7121276855469
96,96,4.0,233,0,pedestrian,0.3320859968662262,196.20556640625,708.2691650390625,236.5388946533203,791.887939453125,216.37223052978516,750.0785522460938
96,96,4.0,236,0,pedestrian,0.34522879123687744,1120.2718505859375,541.2000122070312,1147.026123046875,594.73291015625,1133.6489868164062,567.9664611816406
96,96,4.0,164,0,pedestrian,0.39837223291397095,1820.9290771484375,774.9396362304688,1878.77001953125,897.1602172851562,1849.8495483398438,836.0499267578125
97,97,4.041666666666667,13,0,pedestrian,0.33828386664390564,479.7157897949219,709.1251831054688,516.319091796875,810.4285278320312,498.01744079589844,759.77685546875
97,97,4.041666666666667,4,1,car,0.5941771268844604,858.2048950195312,535.6820678710938,911.619384765625,585.1318969726562,884.9121398925781,560.406982421875
97,97,4.041666666666667,7,0,pedestrian,0.31788134574890137,523.1495971679688,618.1847534179688,544.5174560546875,689.5382690429688,533.8335266113281,653.8615112304688
97,97,4.041666666666667,98,1,car,0.6203967928886414,369.2783203125,703.544677734375,460.7703857421875,808.34033203125,415.02435302734375,755.9425048828125
97,97,4.041666666666667,217,0,pedestrian,0.5824106335639954,1636.5596923828125,774.5119018554688,1686.0052490234375,877.239990234375,1661.282470703125,825.8759460449219
97,97,4.041666666666667,233,0,pedestrian,0.3042636513710022,196.18539428710938,708.2743530273438,236.49627685546875,791.885009765625,216.34083557128906,750.0796813964844
97,97,4.041666666666667,236,0,pedestrian,0.3403156101703644,1120.4454345703125,541.2667236328125,1147.10791015625,594.641845703125,1133.7766723632812,567.9542846679688
97,97,4.041666666666667,164,0,pedestrian,0.3336409628391266,1824.5400390625,776.0228271484375,1883.505859375,903.103515625,1854.02294921875,839.5631713867188
97,97,4.041666666666667,237,3,truck,0.3195885717868805,919.6888427734375,448.5799560546875,959.8605346679688,493.8727722167969,939.7746887207031,471.2263641357422
97,97,4.041666666666667,119,1,car,0.2927089333534241,868.7445068359375,497.4178161621094,921.007568359375,540.9225463867188,894.8760375976562,519.1701812744141
97,97,4.041666666666667,42,1,car,0.2690750062465668,798.07763671875,576.4883422851562,856.647705078125,644.9881591796875,827.3626708984375,610.7382507324219
98,98,4.083333333333333,13,0,pedestrian,0.38563570380210876,480.0743713378906,709.8325805664062,516.282470703125,810.2484130859375,498.1784210205078,760.0404968261719
98,98,4.083333333333333,4,1,car,0.34704649448394775,858.0311889648438,534.3975830078125,912.121337890625,584.6130981445312,885.0762634277344,559.5053405761719
98,98,4.083333333333333,7,0,pedestrian,0.303888201713562,523.2816162109375,618.3106689453125,544.3603515625,688.7568969726562,533.8209838867188,653.5337829589844
98,98,4.083333333333333,98,1,car,0.5613155961036682,368.8951416015625,703.526123046875,460.46258544921875,808.263671875,414.6788635253906,755.8948974609375
98,98,4.083333333333333,217,0,pedestrian,0.6364065408706665,1639.6746826171875,776.4705810546875,1691.1534423828125,881.714111328125,1665.4140625,829.0923461914062
98,98,4.083333333333333,236,0,pedestrian,0.3174387216567993,1120.594970703125,541.6179809570312,1146.9818115234375,594.5155029296875,1133.7883911132812,568.0667419433594
98,98,4.083333333333333,237,3,truck,0.43459948897361755,919.967529296875,448.0693054199219,960.2351684570312,493.4806213378906,940.1013488769531,470.77496337890625
98,98,4.083333333333333,119,1,car,0.25115862488746643,868.4074096679688,497.4387512207031,921.75830078125,539.9554443359375,895.0828552246094,518.6970977783203
98,98,4.083333333333333,42,1,car,0.41108688712120056,798.591552734375,575.1640014648438,857.473876953125,644.093994140625,828.03271484375,609.6289978027344
99,99,4.125,13,0,pedestrian,0.5457720160484314,479.7377014160156,709.2734375,516.1470336914062,810.2451782226562,497.94236755371094,759.7593078613281
99,99,4.125,4,1,car,0.36008310317993164,856.4794311523438,532.185546875,911.193359375,583.3148803710938,883.8363952636719,557.7502136230469
99,99,4.125,7,0,pedestrian,0.3162953555583954,523.1337280273438,618.6007690429688,544.4113159179688,689.6051635742188,533.7725219726562,654.1029663085938
99,99,4.125,217,0,pedestrian,0.48929986357688904,1642.125732421875,775.9124145507812,1695.2972412109375,884.7396850585938,1668.7114868164062,830.3260498046875
99,99,4.125,236,0,pedestrian,0.3463303744792938,1120.5274658203125,541.788330078125,1147.050048828125,595.0182495117188,1133.7887573242188,568.4032897949219
99,99,4.125,237,3,truck,0.49346598982810974,920.3214111328125,447.5684509277344,960.6611938476562,493.0416259765625,940.4913024902344,470.30503845214844
100,100,4.166666666666667,13,0,pedestrian,0.5348389148712158,478.3642272949219,706.8098754882812,515.6395263671875,810.2822875976562,497.0018768310547,758.5460815429688
100,100,4.166666666666667,4,1,car,0.3071954548358917,856.2453002929688,530.99462890625,910.9780883789062,582.3377685546875,883.6116943359375,556.6661987304688
100,100,4.166666666666667,7,0,pedestrian,0.3302171230316162,523.2875366210938,618.8807983398438,544.679443359375,690.183349609375,533.9834899902344,654.5320739746094
100,100,4.166666666666667,217,0,pedestrian,0.6288628578186035,1643.90576171875,776.461181640625,1697.565673828125,886.48486328125,1670.7357177734375,831.4730224609375
100,100,4.166666666666667,236,0,pedestrian,0.298505574464798,1120.962890625,542.4711303710938,1147.102294921875,594.9417724609375,1134.0325927734375,568.7064514160156
100,100,4.166666666666667,237,3,truck,0.5623651742935181,920.79541015625,447.2983093261719,961.173828125,492.80621337890625,940.984619140625,470.05226135253906
100,100,4.166666666666667,98,1,car,0.5504178404808044,368.0497741699219,700.2159423828125,461.4171142578125,806.86181640625,414.7334442138672,753.5388793945312
101,101,4.208333333333333,13,0,pedestrian,0.4767673909664154,478.1189270019531,706.5110473632812,515.4615478515625,810.4164428710938,496.7902374267578,758.4637451171875
101,101,4.208333333333333,4,1,car,0.3312334418296814,856.7001953125,531.110595703125,910.6998291015625,581.7440185546875,883.7000122070312,556.4273071289062
101,101,4.208333333333333,7,0,pedestrian,0.35722002387046814,523.6862182617188,619.162109375,545.1253662109375,690.506103515625,534.4057922363281,654.8341064453125
101,101,4.208333333333333,217,0,pedestrian,0.3829714357852936,1646.7581787109375,777.955322265625,1699.4632568359375,886.2395629882812,1673.1107177734375,832.0974426269531
101,101,4.208333333333333,236,0,pedestrian,0.3229789733886719,1121.357666015625,543.16943359375,1147.286865234375,595.1760864257812,1134.322265625,569.1727600097656
101,101,4.208333333333333,237,3,truck,0.5250614285469055,921.1403198242188,447.2894287109375,961.5130615234375,492.79693603515625,941.3266906738281,470.0431823730469
101,101,4.208333333333333,98,1,car,0.5905853509902954,367.7720947265625,699.3047485351562,461.7206115722656,806.454345703125,414.74635314941406,752.8795471191406
101,101,4.208333333333333,218,1,car,0.287839412689209,1004.7491455078125,462.6734619140625,1028.5384521484375,489.5775146484375,1016.643798828125,476.12548828125
101,101,4.208333333333333,164,0,pedestrian,0.33199542760849,1831.3004150390625,778.1818237304688,1890.7320556640625,905.894775390625,1861.0162353515625,842.0382995605469
101,101,4.208333333333333,42,1,car,0.36385852098464966,800.8488159179688,574.8117065429688,858.0388793945312,641.4492797851562,829.44384765625,608.1304931640625
102,102,4.25,13,0,pedestrian,0.5400974154472351,478.1624450683594,706.9351806640625,515.3318481445312,810.4910278320312,496.7471466064453,758.7131042480469
102,102,4.25,4,1,car,0.272995263338089,856.7527465820312,531.065185546875,910.6953735351562,581.6580200195312,883.7240600585938,556.3616027832031
102,102,4.25,7,0,pedestrian,0.36095741391181946,524.0869750976562,619.2239379882812,545.6823120117188,690.9341430664062,534.8846435546875,655.0790405273438
102,102,4.25,217,0,pedestrian,0.26232925057411194,1649.744873046875,777.1002807617188,1703.0538330078125,887.4329833984375,1676.3993530273438,832.2666320800781
102,102,4.25,236,0,pedestrian,0.33902961015701294,1121.575927734375,543.3884887695312,1147.488525390625,595.337890625,1134.5322265625,569.3631896972656
102,102,4.25,237,3,truck,0.5238929986953735,921.358154296875,447.2904052734375,961.66064453125,492.7046203613281,941.5093994140625,469.9975128173828
102,102,4.25,98,1,car,0.6035776138305664,367.640625,698.5493774414062,462.4107971191406,806.4378051757812,415.0257110595703,752.4935913085938
102,102,4.25,218,1,car,0.3034037947654724,1005.240478515625,461.89251708984375,1029.505615234375,489.40576171875,1017.373046875,475.6491394042969
102,102,4.25,164,0,pedestrian,0.3896389901638031,1833.5755615234375,780.194580078125,1893.26806640625,907.9736328125,1863.4218139648438,844.0841064453125
102,102,4.25,42,1,car,0.5537828207015991,802.3656616210938,573.2732543945312,860.0618896484375,641.033447265625,831.2137756347656,607.1533508300781
102,102,4.25,119,3,truck,0.36981403827667236,868.72509765625,491.28863525390625,925.8876953125,536.0642700195312,897.306396484375,513.6764526367188
103,103,4.291666666666667,13,0,pedestrian,0.568073034286499,478.85467529296875,707.9938354492188,515.4603881835938,810.0100708007812,497.15753173828125,759.001953125
103,103,4.291666666666667,4,1,car,0.26273393630981445,857.2033081054688,531.1707763671875,910.631591796875,581.27587890625,883.9174499511719,556.2233276367188
103,103,4.291666666666667,7,0,pedestrian,0.3447398245334625,524.7134399414062,619.0711059570312,546.0526733398438,689.7227783203125,535.383056640625,654.3969421386719
103,103,4.291666666666667,217,0,pedestrian,0.5743324160575867,1653.6448974609375,778.4544067382812,1706.94091796875,890.1148071289062,1680.2929077148438,834.2846069335938
103,103,4.291666666666667,236,0,pedestrian,0.33011892437934875,1121.79345703125,543.3861694335938,1147.7431640625,595.3404541015625,1134.768310546875,569.3633117675781
103,103,4.291666666666667,237,3,truck,0.5353696346282959,921.08203125,447.4343566894531,961.4406127929688,492.90020751953125,941.2613220214844,470.1672821044922
103,103,4.291666666666667,98,1,car,0.4750804603099823,365.9908447265625,698.2713012695312,461.82586669921875,807.0790405273438,413.9083557128906,752.6751708984375
103,103,4.291666666666667,218,1,car,0.3238649070262909,1006.3638305664062,462.8754577636719,1029.870849609375,489.5058288574219,1018.1173400878906,476.1906433105469
103,103,4.291666666666667,164,0,pedestrian,0.3562975227832794,1835.8565673828125,779.3578491210938,1896.1549072265625,908.474365234375,1866.0057373046875,843.9161071777344
103,103,4.291666666666667,42,1,car,0.41177746653556824,801.9838256835938,571.4349975585938,860.0447387695312,639.7175903320312,831.0142822265625,605.5762939453125
103,103,4.291666666666667,119,3,truck,0.37456613779067993,869.02783203125,491.17510986328125,926.494384765625,535.4972534179688,897.7611083984375,513.336181640625
104,104,4.333333333333333,13,0,pedestrian,0.599055290222168,479.05865478515625,708.3483276367188,515.4567260742188,809.8340454101562,497.2576904296875,759.0911865234375
104,104,4.333333333333333,4,1,car,0.28173044323921204,857.8619995117188,529.9512329101562,911.2308349609375,580.114013671875,884.5464172363281,555.0326232910156
104,104,4.333333333333333,7,0,pedestrian,0.315339058637619,525.2416381835938,618.9324951171875,546.6768798828125,689.6351928710938,535.9592590332031,654.2838439941406
104,104,4.333333333333333,217,0,pedestrian,0.6616252064704895,1657.5057373046875,783.2293701171875,1708.8502197265625,892.3646240234375,1683.177978515625,837.7969970703125
104,104,4.333333333333333,236,0,pedestrian,0.2847350537776947,1121.581787109375,542.6410522460938,1147.890625,595.4631958007812,1134.7362060546875,569.0521240234375
104,104,4.333333333333333,237,3,truck,0.45392605662345886,921.1165161132812,447.9695129394531,960.9456787109375,492.8547668457031,941.0310974121094,470.4121398925781
104,104,4.333333333333333,98,1,car,0.5794828534126282,366.48577880859375,699.9334106445312,461.56781005859375,807.6362915039062,414.02679443359375,753.7848510742188
104,104,4.333333333333333,164,0,pedestrian,0.5603793859481812,1841.7802734375,783.3599853515625,1901.6175537109375,911.23681640625,1871.6989135742188,847.2984008789062
104,104,4.333333333333333,119,3,truck,0.2577800750732422,870.6283569335938,491.63275146484375,926.5269165039062,534.1546020507812,898.57763671875,512.8936767578125
105,105,4.375,13,0,pedestrian,0.5515891909599304,479.1953125,708.4306640625,515.4005126953125,809.5225830078125,497.29791259765625,758.9766235351562
105,105,4.375,4,1,car,0.3272067904472351,859.2116088867188,528.9644775390625,912.5231323242188,579.149658203125,885.8673706054688,554.0570678710938
105,105,4.375,7,0,pedestrian,0.34233030676841736,526.01318359375,619.1520385742188,547.3467407226562,689.2817993164062,536.6799621582031,654.2169189453125
105,105,4.375,217,0,pedestrian,0.374133437871933,1662.5400390625,785.3843994140625,1711.5081787109375,890.9076538085938,1687.0241088867188,838.1460266113281
105,105,4.375,236,0,pedestrian,0.2520432770252228,1121.7274169921875,542.7942504882812,1147.46240234375,594.6869506835938,1134.5949096679688,568.7406005859375
105,105,4.375,237,3,truck,0.5036199688911438,921.8597412109375,447.9499206542969,961.2996215820312,492.41583251953125,941.5796813964844,470.18287658691406
105,105,4.375,98,1,car,0.5153407454490662,366.59423828125,700.844482421875,461.3397521972656,808.0448608398438,413.9669952392578,754.4446716308594
105,105,4.375,164,0,pedestrian,0.6870926022529602,1846.1011962890625,786.3823852539062,1904.4693603515625,911.7490234375,1875.2852783203125,849.0657043457031
105,105,4.375,119,3,truck,0.3232417404651642,871.5457153320312,491.2815246582031,927.13623046875,533.1265258789062,899.3409729003906,512.2040252685547
105,105,4.375,218,1,car,0.3669627904891968,1007.5902099609375,463.3540954589844,1032.3514404296875,491.57537841796875,1019.9708251953125,477.46473693847656
106,106,4.416666666666667,13,0,pedestrian,0.619155764579773,479.2283020019531,708.5210571289062,515.3603515625,809.3462524414062,497.29432678222656,758.9336547851562
106,106,4.416666666666667,4,1,car,0.36337733268737793,860.3145751953125,528.3342895507812,913.7249145507812,578.6476440429688,887.0197448730469,553.490966796875
106,106,4.416666666666667,7,0,pedestrian,0.3782327473163605,526.5175170898438,619.0226440429688,548.094970703125,689.71435546875,537.3062438964844,654.3684997558594
106,106,4.416666666666667,217,0,pedestrian,0.5826025605201721,1667.786865234375,787.78369140625,1715.6229248046875,891.4486083984375,1691.7048950195312,839.6161499023438
106,106,4.416666666666667,236,0,pedestrian,0.260419100522995,1121.3297119140625,542.0354614257812,1147.1737060546875,594.5720825195312,1134.251708984375,568.3037719726562
106,106,4.416666666666667,237,3,truck,0.45691820979118347,922.9985961914062,448.21038818359375,961.8342895507812,491.9608154296875,942.4164428710938,470.0856018066406
106,106,4.416666666666667,98,1,car,0.2920064330101013,365.3012390136719,700.6322021484375,460.9815673828125,808.8300170898438,413.1414031982422,754.7311096191406
106,106,4.416666666666667,164,0,pedestrian,0.532848060131073,1850.9176025390625,788.2689819335938,1908.622802734375,912.5758666992188,1879.7702026367188,850.4224243164062
106,106,4.416666666666667,119,3,truck,0.2748148441314697,871.0023803710938,490.14569091796875,927.70166015625,532.56640625,899.3520202636719,511.3560485839844
106,106,4.416666666666667,218,1,car,0.45742857456207275,1007.7550659179688,463.1056213378906,1033.58984375,492.6642150878906,1020.6724548339844,477.8849182128906
106,106,4.416666666666667,42,1,car,0.3476884961128235,801.4688720703125,571.763427734375,857.7976684570312,636.5819091796875,829.6332702636719,604.1726684570312
107,107,4.458333333333333,13,0,pedestrian,0.6415397524833679,479.0821533203125,708.5197143554688,515.2640380859375,809.4196166992188,497.173095703125,758.9696655273438
107,107,4.458333333333333,4,1,car,0.28012192249298096,860.5640869140625,527.3577270507812,914.39404296875,578.0977783203125,887.4790649414062,552.7277526855469
107,107,4.458333333333333,7,0,pedestrian,0.37623631954193115,526.6500244140625,618.534912109375,548.4441528320312,689.4963989257812,537.5470886230469,654.0156555175781
107,107,4.458333333333333,217,0,pedestrian,0.7539663314819336,1670.037353515625,786.9260864257812,1719.3372802734375,894.6046142578125,1694.6873168945312,840.7653503417969
107,107,4.458333333333333,236,0,pedestrian,0.26590508222579956,1121.0198974609375,541.7730712890625,1147.240478515625,595.4820556640625,1134.1301879882812,568.6275634765625
107,107,4.458333333333333,237,3,truck,0.5400121808052063,923.3804321289062,447.95806884765625,962.3789672851562,491.7657470703125,942.8796997070312,469.8619079589844
107,107,4.458333333333333,98,1,car,0.4928221106529236,364.4162902832031,700.14794921875,461.0415954589844,809.5317993164062,412.72894287109375,754.8398742675781
107,107,4.458333333333333,164,0,pedestrian,0.6327201724052429,1856.548095703125,789.5287475585938,1914.654296875,915.9086303710938,1885.6011962890625,852.7186889648438
107,107,4.458333333333333,119,3,truck,0.39648890495300293,870.1883544921875,489.1642761230469,928.530517578125,532.7311401367188,899.3594360351562,510.9477081298828
107,107,4.458333333333333,218,1,car,0.5084429979324341,1008.3916625976562,464.8539123535156,1033.9268798828125,493.8871765136719,1021.1592712402344,479.37054443359375
107,107,4.458333333333333,42,1,car,0.6077510714530945,800.7097778320312,571.5223999023438,857.7506103515625,635.8740844726562,829.2301940917969,603.6982421875
108,108,4.5,13,0,pedestrian,0.6019479632377625,478.923095703125,708.55419921875,515.1194458007812,809.6087036132812,497.0212707519531,759.0814514160156
108,108,4.5,7,0,pedestrian,0.378232479095459,526.9898071289062,618.3936767578125,548.8685913085938,689.1658935546875,537.92919921875,653.77978515625
108,108,4.5,217,0,pedestrian,0.7333412170410156,1673.57958984375,787.4794921875,1723.04296875,895.403076171875,1698.311279296875,841.4412841796875
108,108,4.5,236,0,pedestrian,0.2728917598724365,1120.6015625,541.5448608398438,1147.078369140625,596.1780395507812,1133.8399658203125,568.8614501953125
108,108,4.5,237,3,truck,0.5961052179336548,923.4390869140625,447.6410827636719,962.922607421875,491.7870178222656,943.1808471679688,469.71405029296875
108,108,4.5,98,1,car,0.5106462240219116,364.2110290527344,700.1917724609375,461.14739990234375,809.9956665039062,412.67921447753906,755.0937194824219
108,108,4.5,119,3,truck,0.4348582923412323,869.364013671875,488.3661193847656,929.158203125,532.9760131835938,899.2611083984375,510.6710662841797
108,108,4.5,218,1,car,0.33491137623786926,1008.6161499023438,466.5965881347656,1034.4002685546875,495.8391418457031,1021.5082092285156,481.2178649902344
108,108,4.5,42,1,car,0.3625800609588623,800.953125,571.2592163085938,858.065185546875,634.6827392578125,829.5091552734375,602.9709777832031
109,109,4.541666666666667,13,0,pedestrian,0.49720263481140137,479.1772766113281,708.7874145507812,515.3359985351562,810.2042236328125,497.2566375732422,759.4958190917969
109,109,4.541666666666667,7,0,pedestrian,0.4013063311576843,527.4246826171875,618.8699340820312,549.1987915039062,688.7677001953125,538.3117370605469,653.8188171386719
109,109,4.541666666666667,217,0,pedestrian,0.7277124524116516,1678.494140625,790.0611572265625,1730.209228515625,899.9275512695312,1704.3516845703125,844.9943542480469
109,109,4.541666666666667,236,0,pedestrian,0.2829183340072632,1120.720703125,541.1672973632812,1147.31005859375,596.374267578125,1134.015380859375,568.7707824707031
109,109,4.541666666666667,237,3,truck,0.5826117992401123,923.6383666992188,447.4620666503906,963.64013671875,491.9837646484375,943.6392517089844,469.72291564941406
109,109,4.541666666666667,98,1,car,0.6568784117698669,366.2455749511719,701.3287353515625,462.1736145019531,810.22119140625,414.2095947265625,755.7749633789062
109,109,4.541666666666667,119,3,truck,0.314145565032959,869.96923828125,488.6243896484375,929.1431274414062,532.6569213867188,899.5561828613281,510.6406555175781
109,109,4.541666666666667,218,1,car,0.36487093567848206,1008.119873046875,465.7514953613281,1035.2127685546875,496.3316650390625,1021.6663208007812,481.0415802001953
109,109,4.541666666666667,250,0,pedestrian,0.3166796565055847,477.30426025390625,706.2682495117188,513.0050659179688,807.6270141601562,495.1546630859375,756.9476318359375
109,109,4.541666666666667,4,1,car,0.39989766478538513,862.0278930664062,527.5405883789062,914.87744140625,577.1994018554688,888.4526672363281,552.3699951171875
110,110,4.583333333333333,13,0,pedestrian,0.5105524063110352,479.7596130371094,709.1505126953125,515.6055297851562,810.3489379882812,497.6825714111328,759.7497253417969
110,110,4.583333333333333,7,0,pedestrian,0.4915720522403717,528.0504150390625,619.3458251953125,549.4634399414062,687.4545288085938,538.7569274902344,653.4001770019531
110,110,4.583333333333333,217,0,pedestrian,0.5979569554328918,1681.137939453125,789.4993286132812,1735.5899658203125,902.08349609375,1708.3639526367188,845.7914123535156
110,110,4.583333333333333,236,0,pedestrian,0.2731136083602905,1120.8194580078125,540.7632446289062,1147.537109375,596.6597290039062,1134.1782836914062,568.7114868164062
110,110,4.583333333333333,237,3,truck,0.5260902047157288,924.2858276367188,447.57464599609375,964.3228759765625,491.9779052734375,944.3043518066406,469.7762756347656
110,110,4.583333333333333,98,1,car,0.6058775782585144,367.728271484375,702.0320434570312,462.5225524902344,809.8949584960938,415.1254119873047,755.9635009765625
110,110,4.583333333333333,119,3,truck,0.3349955677986145,870.1963500976562,488.3412780761719,929.3086547851562,532.1814575195312,899.7525024414062,510.26136779785156
110,110,4.583333333333333,218,1,car,0.3969748020172119,1009.1552124023438,466.13690185546875,1036.4200439453125,496.6835632324219,1022.7876281738281,481.4102325439453
110,110,4.583333333333333,250,0,pedestrian,0.3543981909751892,477.4455261230469,706.1947021484375,513.1409912109375,807.6323852539062,495.2932586669922,756.9135437011719
110,110,4.583333333333333,4,1,car,0.49244624376296997,862.8941040039062,528.19091796875,915.0196533203125,577.0310668945312,888.9568786621094,552.6109924316406
110,110,4.583333333333333,42,1,car,0.49170854687690735,802.0672607421875,571.3888549804688,858.93115234375,633.5025634765625,830.4992065429688,602.4457092285156
111,111,4.625,13,0,pedestrian,0.35505208373069763,480.1106872558594,708.8880004882812,515.843505859375,810.3388061523438,497.9770965576172,759.6134033203125
111,111,4.625,7,0,pedestrian,0.5080960988998413,528.2083129882812,619.157470703125,549.8085327148438,687.2820434570312,539.0084228515625,653.2197570800781
111,111,4.625,217,0,pedestrian,0.6102496981620789,1680.3994140625,787.6707153320312,1736.44775390625,902.4654541015625,1708.423583984375,845.0680847167969
111,111,4.625,236,0,pedestrian,0.2562812864780426,1121.3275146484375,541.1884765625,1147.7088623046875,596.6826171875,1134.5181884765625,568.935546875
111,111,4.625,237,3,truck,0.49023762345314026,925.23828125,447.91253662109375,965.08544921875,491.9795227050781,945.161865234375,469.94602966308594
111,111,4.625,98,1,car,0.5178231000900269,368.526123046875,702.1016235351562,462.9129943847656,809.9075927734375,415.7195587158203,756.0046081542969
111,111,4.625,119,3,truck,0.38021937012672424,870.5511474609375,488.04669189453125,930.05224609375,532.0390625,900.3016967773438,510.0428771972656
111,111,4.625,218,1,car,0.39637917280197144,1011.296630859375,467.8518981933594,1038.2210693359375,497.7272644042969,1024.7588500976562,482.7895812988281
111,111,4.625,250,0,pedestrian,0.45323261618614197,477.8316650390625,705.671875,513.7026977539062,807.6991577148438,495.7671813964844,756.6855163574219
111,111,4.625,4,1,car,0.5942719578742981,863.5508422851562,528.5549926757812,915.1334228515625,576.9249877929688,889.3421325683594,552.739990234375
111,111,4.625,42,1,car,0.5767975449562073,802.786376953125,571.5400390625,860.6511840820312,633.8276977539062,831.7187805175781,602.6838684082031
112,112,4.666666666666667,7,0,pedestrian,0.3854978680610657,528.8714599609375,619.1099243164062,550.80126953125,687.511962890625,539.8363647460938,653.3109436035156
112,112,4.666666666666667,217,0,pedestrian,0.7245256900787354,1681.834228515625,786.1077880859375,1738.81689453125,902.175048828125,1710.3255615234375,844.1414184570312
112,112,4.666666666666667,236,0,pedestrian,0.2728347182273865,1121.677001953125,541.1433715820312,1148.1336669921875,597.0455322265625,1134.9053344726562,569.0944519042969
112,112,4.666666666666667,237,3,truck,0.4769226610660553,926.2606811523438,448.339599609375,965.7515869140625,492.0236511230469,946.0061340332031,470.18162536621094
112,112,4.666666666666667,98,1,car,0.5303112864494324,369.23974609375,702.9370727539062,463.1172180175781,810.2911376953125,416.17848205566406,756.6141052246094
112,112,4.666666666666667,119,3,truck,0.32733839750289917,870.5035400390625,487.0939025878906,929.8690185546875,530.8410034179688,900.186279296875,508.9674530029297
112,112,4.666666666666667,218,1,car,0.3679603338241577,1012.2135620117188,469.01519775390625,1039.1435546875,498.64019775390625,1025.6785583496094,483.82769775390625
112,112,4.666666666666667,250,0,pedestrian,0.5218985676765442,478.1826477050781,705.1754150390625,513.9212036132812,806.87841796875,496.0519256591797,756.0269165039062
112,112,4.666666666666667,4,2,van,0.499790221452713,863.18701171875,527.0845336914062,915.7382202148438,576.65283203125,889.4626159667969,551.8686828613281
112,112,4.666666666666667,42,1,car,0.2784796953201294,804.0308227539062,571.0890502929688,862.9863891601562,634.0891723632812,833.5086059570312,602.589111328125
112,112,4.666666666666667,253,1,car,0.34936824440956116,862.951171875,527.0098876953125,915.7254638671875,576.8793334960938,889.3383178710938,551.9446105957031
113,113,4.708333333333333,7,0,pedestrian,0.5707613825798035,529.50732421875,618.8729248046875,551.5634765625,687.0517578125,540.535400390625,652.9623413085938
113,113,4.708333333333333,217,0,pedestrian,0.6838489174842834,1684.489013671875,781.7571411132812,1744.4864501953125,904.9186401367188,1714.4877319335938,843.337890625
113,113,4.708333333333333,237,3,truck,0.3675179183483124,927.3424072265625,448.5875549316406,966.6679077148438,492.333740234375,947.0051574707031,470.4606475830078
113,113,4.708333333333333,98,1,car,0.5262875556945801,369.1324462890625,702.000244140625,464.3382568359375,811.1121215820312,416.7353515625,756.5561828613281
113,113,4.708333333333333,218,1,car,0.2799539268016815,1012.7365112304688,469.3652038574219,1040.16015625,499.3245544433594,1026.4483337402344,484.3448791503906
113,113,4.708333333333333,250,0,pedestrian,0.4264173209667206,478.53155517578125,705.17919921875,514.1265869140625,806.5665283203125,496.3290710449219,755.8728637695312
113,113,4.708333333333333,4,1,car,0.4150005280971527,863.8731079101562,526.8668823242188,915.8340454101562,576.0818481445312,889.8535766601562,551.474365234375
113,113,4.708333333333333,42,1,car,0.302903950214386,803.6075439453125,570.054443359375,863.7936401367188,633.9999389648438,833.7005920410156,602.0271911621094
113,113,4.708333333333333,253,2,van,0.35752761363983154,863.7085571289062,527.00439453125,915.7904052734375,576.258056640625,889.7494812011719,551.6312255859375
114,114,4.75,7,0,pedestrian,0.5987270474433899,529.8404541015625,618.641357421875,551.8920288085938,686.248779296875,540.8662414550781,652.445068359375
114,114,4.75,217,0,pedestrian,0.6311556696891785,1688.863037109375,785.2347412109375,1747.777099609375,907.5328369140625,1718.320068359375,846.3837890625
114,114,4.75,237,3,truck,0.3449877202510834,927.8779907226562,448.33636474609375,967.2794189453125,492.5401916503906,947.5787048339844,470.4382781982422
114,114,4.75,98,1,car,0.5227335095405579,369.6647033691406,701.519287109375,464.70684814453125,810.6492919921875,417.18577575683594,756.0842895507812
114,114,4.75,218,1,car,0.3339558243751526,1013.303955078125,469.7411804199219,1041.6043701171875,500.47296142578125,1027.4541625976562,485.10707092285156
114,114,4.75,250,0,pedestrian,0.35768088698387146,478.7030029296875,705.5167846679688,514.0538940429688,806.3050537109375,496.3784484863281,755.9109191894531
114,114,4.75,4,1,car,0.4015790522098541,864.468505859375,526.393310546875,915.8474731445312,575.1864624023438,890.1579895019531,550.7898864746094
114,114,4.75,42,1,car,0.5100011825561523,805.4857177734375,568.9660034179688,864.2913208007812,631.1809692382812,834.8885192871094,600.073486328125
114,114,4.75,253,2,van,0.31698188185691833,864.3627319335938,526.51806640625,915.8193969726562,575.220458984375,890.091064453125,550.8692626953125
114,114,4.75,119,1,car,0.31013429164886475,871.75390625,488.3009033203125,928.1390380859375,529.629150390625,899.9464721679688,508.96502685546875
115,115,4.791666666666667,7,0,pedestrian,0.6174611449241638,530.8379516601562,617.929443359375,553.0927734375,685.7239990234375,541.9653625488281,651.8267211914062
115,115,4.791666666666667,217,0,pedestrian,0.6361715793609619,1694.4517822265625,787.8540649414062,1751.394287109375,907.5913696289062,1722.9230346679688,847.7227172851562
115,115,4.791666666666667,237,3,truck,0.38932716846466064,928.1063232421875,447.5661926269531,967.3046875,491.80712890625,947.7055053710938,469.68666076660156
115,115,4.791666666666667,98,1,car,0.4867981970310211,370.14202880859375,700.9976196289062,465.4222412109375,810.5504150390625,417.7821350097656,755.7740173339844
115,115,4.791666666666667,218,1,car,0.2581074833869934,1013.7750244140625,469.8795471191406,1042.59326171875,501.1346130371094,1028.1841430664062,485.507080078125
115,115,4.791666666666667,250,0,pedestrian,0.39844781160354614,479.00421142578125,706.1904907226562,513.934326171875,805.795654296875,496.4692687988281,755.9930725097656
115,115,4.791666666666667,4,1,car,0.3539028763771057,865.0387573242188,525.5142822265625,916.4397583007812,574.4208374023438,890.7392578125,549.9675598144531
115,115,4.791666666666667,42,1,car,0.5706709027290344,808.6610717773438,569.1392822265625,866.1688232421875,630.051025390625,837.4149475097656,599.5951538085938
115,115,4.791666666666667,253,2,van,0.30847516655921936,864.9439086914062,525.552001953125,916.5170288085938,574.4058227539062,890.73046875,549.9789123535156
116,116,4.833333333333333,7,0,pedestrian,0.3955959677696228,531.9608154296875,617.9240112304688,553.9639892578125,684.486328125,542.96240234375,651.2051696777344
116,116,4.833333333333333,217,0,pedestrian,0.8074131608009338,1702.5697021484375,792.2350463867188,1755.8155517578125,906.056640625,1729.192626953125,849.1458435058594
116,116,4.833333333333333,237,3,truck,0.3882395923137665,927.9967041015625,446.94598388671875,966.928466796875,491.1202697753906,947.4625854492188,469.0331268310547
116,116,4.833333333333333,98,1,car,0.43123218417167664,370.7681579589844,701.306396484375,465.6580810546875,810.4511108398438,418.21311950683594,755.8787536621094
116,116,4.833333333333333,250,0,pedestrian,0.34409981966018677,478.70843505859375,706.3075561523438,513.1926879882812,804.7571411132812,495.9505615234375,755.5323486328125
116,116,4.833333333333333,4,1,car,0.5752242803573608,866.387939453125,524.7645263671875,916.9306030273438,572.9363403320312,891.6592712402344,548.8504333496094
116,116,4.833333333333333,42,1,car,0.4330728054046631,810.5776977539062,568.3134155273438,867.9102172851562,629.2005004882812,839.2439575195312,598.7569580078125
116,116,4.833333333333333,13,0,pedestrian,0.27404117584228516,481.0960998535156,711.0715942382812,515.810546875,809.9812622070312,498.4533233642578,760.5264282226562
117,117,4.875,7,0,pedestrian,0.37868958711624146,532.6705932617188,617.9212646484375,554.4818115234375,683.46826171875,543.5762023925781,650.6947631835938
117,117,4.875,217,0,pedestrian,0.7871184945106506,1707.42919921875,795.187255859375,1758.419189453125,905.5451049804688,1732.9241943359375,850.3661804199219
117,117,4.875,237,3,truck,0.3482540547847748,927.7815551757812,446.5498962402344,966.5709838867188,490.70440673828125,947.17626953125,468.6271514892578
117,117,4.875,98,1,car,0.44059887528419495,370.84326171875,700.7286376953125,466.49664306640625,810.8718872070312,418.6699523925781,755.8002624511719
117,117,4.875,250,0,pedestrian,0.31971225142478943,479.417724609375,706.27978515625,513.8056640625,804.4781494140625,496.6116943359375,755.3789672851562
117,117,4.875,4,1,car,0.5415701270103455,867.6090087890625,523.2684936523438,917.8016357421875,571.224853515625,892.705322265625,547.2466735839844
117,117,4.875,42,1,car,0.25866371393203735,809.840576171875,565.1114501953125,869.2451782226562,628.3656616210938,839.5428771972656,596.7385559082031
117,117,4.875,256,3,truck,0.3672783374786377,929.8333740234375,445.9905700683594,966.203125,486.3659362792969,948.0182495117188,466.1782531738281
117,117,4.875,13,0,pedestrian,0.33040690422058105,481.7802734375,711.652099609375,516.0828857421875,809.4827880859375,498.93157958984375,760.5674438476562
118,118,4.916666666666667,7,0,pedestrian,0.38619479537010193,533.6590576171875,617.14599609375,555.6622314453125,682.9474487304688,544.66064453125,650.0467224121094
118,118,4.916666666666667,217,0,pedestrian,0.6903336048126221,1714.8818359375,795.9091186523438,1764.9039306640625,905.4277954101562,1739.8928833007812,850.66845703125
118,118,4.916666666666667,237,3,truck,0.30908581614494324,927.9852905273438,446.4446716308594,966.4992065429688,490.4251403808594,947.2422485351562,468.4349060058594
118,118,4.916666666666667,98,1,car,0.4803948700428009,370.6561584472656,699.6746826171875,467.30157470703125,811.0799560546875,418.97886657714844,755.3773193359375
118,118,4.916666666666667,4,1,car,0.5396103858947754,868.0530395507812,522.2063598632812,918.5654907226562,570.5838012695312,893.3092651367188,546.3950805664062
118,118,4.916666666666667,42,1,car,0.415168821811676,811.1595458984375,565.6492919921875,869.220703125,627.3849487304688,840.1901245117188,596.5171203613281
118,118,4.916666666666667,256,3,truck,0.36650413274765015,930.0135498046875,446.1669921875,966.2749633789062,486.3946533203125,948.1442565917969,466.28082275390625
118,118,4.916666666666667,13,0,pedestrian,0.2507716119289398,482.89739990234375,715.208740234375,515.4385375976562,808.1355590820312,499.16796875,761.6721496582031
119,119,4.958333333333333,7,0,pedestrian,0.40313994884490967,534.3333129882812,616.8176879882812,556.5455322265625,683.0230712890625,545.4394226074219,649.9203796386719
119,119,4.958333333333333,217,0,pedestrian,0.4168345630168915,1718.5201416015625,797.5978393554688,1769.3818359375,909.7827758789062,1743.9509887695312,853.6903076171875
119,119,4.958333333333333,237,3,truck,0.2813326418399811,928.8778076171875,446.5888977050781,966.6917114257812,489.8462219238281,947.7847595214844,468.2175598144531
119,119,4.958333333333333,98,1,car,0.46065667271614075,371.2070617675781,699.5482788085938,467.4348449707031,810.414794921875,419.3209533691406,754.9815368652344
119,119,4.958333333333333,4,1,car,0.5598414540290833,867.818359375,520.961669921875,919.0758056640625,570.1806640625,893.4470825195312,545.5711669921875
119,119,4.958333333333333,42,1,car,0.47737792134284973,813.6162719726562,567.6552124023438,869.122802734375,626.5540161132812,841.3695373535156,597.1046142578125
119,119,4.958333333333333,256,3,truck,0.3725834786891937,931.0416870117188,446.5777893066406,966.385986328125,485.6916198730469,948.7138366699219,466.13470458984375
120,120,5.0,7,0,pedestrian,0.3227430582046509,535.3585815429688,616.4016723632812,556.9429321289062,680.3408813476562,546.1507568359375,648.3712768554688
120,120,5.0,217,0,pedestrian,0.7739027142524719,1722.5028076171875,798.4279174804688,1774.2628173828125,911.6788330078125,1748.3828125,855.0533752441406
120,120,5.0,237,3,truck,0.32324665784835815,930.2822875976562,447.2225341796875,966.7297973632812,489.1763610839844,948.5060424804688,468.19944763183594
120,120,5.0,98,1,car,0.35792076587677,370.7819519042969,698.1254272460938,468.1942443847656,810.5930786132812,419.48809814453125,754.3592529296875
120,120,5.0,4,1,car,0.498946875333786,869.1035766601562,521.5308227539062,918.9244995117188,569.33837890625,894.0140380859375,545.4346008300781
120,120,5.0,42,1,car,0.43274471163749695,814.8216552734375,567.9708862304688,869.5757446289062,625.9991455078125,842.1986999511719,596.9850158691406
120,120,5.0,256,3,truck,0.3526840806007385,932.7446899414062,446.5965270996094,966.486572265625,483.83551025390625,949.6156311035156,465.2160186767578
121,121,5.041666666666667,7,0,pedestrian,0.25263771414756775,536.0613403320312,616.1007080078125,557.0792236328125,677.935791015625,546.5702819824219,647.0182495117188
121,121,5.041666666666667,217,0,pedestrian,0.36802998185157776,1724.681884765625,801.6116943359375,1776.1842041015625,913.4258422851562,1750.4330444335938,857.5187683105469
121,121,5.041666666666667,237,3,truck,0.3055408298969269,930.5733642578125,446.6183166503906,967.2484741210938,489.17822265625,948.9109191894531,467.8982696533203
121,121,5.041666666666667,98,2,van,0.3870471119880676,370.51025390625,697.4334716796875,468.3013000488281,810.4484252929688,419.40577697753906,753.9409484863281
121,121,5.041666666666667,4,1,car,0.520662784576416,870.1240234375,521.9178466796875,918.2374877929688,567.9478759765625,894.1807556152344,544.932861328125
121,121,5.041666666666667,42,1,car,0.43879035115242004,814.5120239257812,566.1825561523438,870.3142700195312,625.2662353515625,842.4131469726562,595.7243957519531
121,121,5.041666666666667,256,3,truck,0.3704885244369507,933.1002197265625,445.9825134277344,967.4444580078125,483.7308349609375,950.2723388671875,464.85667419433594
122,122,5.083333333333333,217,0,pedestrian,0.584389328956604,1728.6844482421875,799.8755493164062,1784.60595703125,918.3215942382812,1756.6452026367188,859.0985717773438
122,122,5.083333333333333,237,3,truck,0.2601485550403595,930.5236206054688,445.75604248046875,967.7874145507812,489.3953857421875,949.155517578125,467.5757141113281
122,122,5.083333333333333,98,2,van,0.35690322518348694,370.858642578125,697.4228515625,468.3663024902344,810.0662841796875,419.6124725341797,753.7445678710938
122,122,5.083333333333333,4,1,car,0.48271989822387695,870.337890625,521.7117919921875,918.0740966796875,567.2354125976562,894.2059936523438,544.4736022949219
122,122,5.083333333333333,256,3,truck,0.3143494427204132,933.1517333984375,445.1051025390625,968.8059692382812,484.1593933105469,950.9788513183594,464.6322479248047
123,123,5.125,217,0,pedestrian,0.6314260959625244,1730.8929443359375,798.9266357421875,1791.09423828125,923.8280639648438,1760.9935913085938,861.3773498535156
123,123,5.125,237,3,truck,0.26936641335487366,930.3172607421875,445.26416015625,967.9278564453125,489.60137939453125,949.12255859375,467.4327697753906
123,123,5.125,98,2,van,0.32459208369255066,370.9668884277344,697.1636962890625,468.89208984375,810.3173828125,419.9294891357422,753.7405395507812
123,123,5.125,4,1,car,0.39131131768226624,870.9995727539062,520.8577880859375,918.8973999023438,566.430908203125,894.948486328125,543.6443481445312
123,123,5.125,256,3,truck,0.29182201623916626,933.320068359375,444.56402587890625,969.4976196289062,483.8756103515625,951.4088439941406,464.2198181152344
123,123,5.125,13,0,pedestrian,0.26881957054138184,483.00872802734375,723.4259033203125,513.786376953125,811.0137329101562,498.3975524902344,767.2198181152344
123,123,5.125,7,0,pedestrian,0.2846631407737732,536.593017578125,616.1107177734375,557.8472900390625,678.0296020507812,547.2201538085938,647.0701599121094
123,123,5.125,42,1,car,0.4516049027442932,815.8262329101562,564.94677734375,870.751708984375,622.888916015625,843.2889709472656,593.9178466796875
124,124,5.166666666666667,217,0,pedestrian,0.7675207257270813,1734.0635986328125,800.094970703125,1796.4132080078125,926.93603515625,1765.2384033203125,863.5155029296875
124,124,5.166666666666667,237,3,truck,0.2878614664077759,930.7213134765625,445.5248718261719,967.9303588867188,489.66412353515625,949.3258361816406,467.59449768066406
124,124,5.166666666666667,4,1,car,0.44550377130508423,873.0693359375,521.3425903320312,919.3471069335938,565.0887451171875,896.2082214355469,543.2156677246094
124,124,5.166666666666667,267,0,pedestrian,0.3909428119659424,1016.4318237304688,773.3816528320312,1058.2772216796875,863.2591552734375,1037.3545227050781,818.3204040527344
124,124,5.166666666666667,13,0,pedestrian,0.26696377992630005,483.3651428222656,723.5707397460938,514.28271484375,810.8739624023438,498.8239288330078,767.2223510742188
124,124,5.166666666666667,42,1,car,0.47689089179039,816.526611328125,565.602783203125,870.1084594726562,621.6377563476562,843.3175354003906,593.6202697753906
125,125,5.208333333333333,217,0,pedestrian,0.7350896596908569,1736.1322021484375,797.9325561523438,1800.29443359375,927.3237915039062,1768.2133178710938,862.628173828125
125,125,5.208333333333333,4,1,car,0.6390607357025146,874.1192626953125,521.9463500976562,919.8568115234375,564.7940063476562,896.988037109375,543.3701782226562
125,125,5.208333333333333,267,0,pedestrian,0.30468985438346863,1015.5899047851562,775.1016235351562,1059.8927001953125,870.54052734375,1037.7413024902344,822.8210754394531
125,125,5.208333333333333,13,0,pedestrian,0.25082916021347046,483.0426940917969,719.3693237304688,515.8666381835938,811.45263671875,499.4546661376953,765.4109802246094
125,125,5.208333333333333,42,1,car,0.43435364961624146,817.3974609375,564.8968505859375,870.9901733398438,620.621337890625,844.1938171386719,592.7590942382812
125,125,5.208333333333333,269,0,pedestrian,0.5360558032989502,518.3385620117188,763.6068725585938,551.671142578125,837.2389526367188,535.0048522949219,800.4229125976562
126,126,5.25,217,0,pedestrian,0.41199010610580444,1740.9906005859375,798.265380859375,1804.185791015625,925.6947021484375,1772.5881958007812,861.9800415039062
126,126,5.25,4,1,car,0.785265326499939,874.2008056640625,521.9447631835938,920.1791381835938,564.7197265625,897.1899719238281,543.3322448730469
126,126,5.25,267,0,pedestrian,0.5258861780166626,1016.6083984375,776.3375854492188,1060.08154296875,870.3381958007812,1038.344970703125,823.337890625
126,126,5.25,42,1,car,0.5282308459281921,817.7943725585938,561.707275390625,872.9812622070312,619.2244262695312,845.3878173828125,590.4658508300781
126,126,5.25,269,0,pedestrian,0.443471759557724,518.5160522460938,760.0718994140625,553.6053466796875,837.6377563476562,536.0606994628906,798.8548278808594
126,126,5.25,119,1,car,0.3629939556121826,877.8668823242188,487.33978271484375,928.5564575195312,524.6721801757812,903.211669921875,506.0059814453125
127,127,5.291666666666667,4,1,car,0.6125015616416931,873.7182006835938,519.7590942382812,921.2034301757812,563.950439453125,897.4608154296875,541.8547668457031
127,127,5.291666666666667,267,0,pedestrian,0.27643048763275146,1017.26904296875,776.77587890625,1059.060302734375,867.4514770507812,1038.1646728515625,822.1136779785156
127,127,5.291666666666667,42,1,car,0.6987985968589783,818.3814086914062,560.2197265625,874.0302734375,618.3286743164062,846.2058410644531,589.2742004394531
127,127,5.291666666666667,269,0,pedestrian,0.30462202429771423,520.0385131835938,757.4205932617188,558.2274780273438,842.0305786132812,539.1329956054688,799.7255859375
127,127,5.291666666666667,7,0,pedestrian,0.4292095899581909,539.5560302734375,615.8986206054688,563.7212524414062,686.7325439453125,551.6386413574219,651.3155822753906
127,127,5.291666666666667,13,0,pedestrian,0.2516317665576935,482.4697265625,714.2521362304688,517.5635375976562,812.3431396484375,500.0166320800781,763.2976379394531
128,128,5.333333333333333,4,1,car,0.7229121923446655,874.4046630859375,518.8961791992188,921.6397094726562,562.800048828125,898.0221862792969,540.8481140136719
128,128,5.333333333333333,267,0,pedestrian,0.33168333768844604,1017.4303588867188,776.9981079101562,1057.95263671875,865.1241455078125,1037.6914978027344,821.0611267089844
128,128,5.333333333333333,42,1,car,0.6931164860725403,819.036865234375,558.72314453125,874.7105712890625,617.0760498046875,846.8737182617188,587.8995971679688
128,128,5.333333333333333,7,0,pedestrian,0.42875802516937256,540.2891845703125,616.2223510742188,564.3854370117188,687.1815795898438,552.3373107910156,651.7019653320312
128,128,5.333333333333333,233,0,pedestrian,0.3464794456958771,200.99478149414062,710.291748046875,240.51742553710938,792.9127197265625,220.756103515625,751.6022338867188
128,128,5.333333333333333,217,0,pedestrian,0.7570943236351013,1754.0413818359375,802.9686889648438,1814.6466064453125,926.9727783203125,1784.343994140625,864.9707336425781
128,128,5.333333333333333,119,1,car,0.2597499191761017,878.0152587890625,486.5187683105469,927.8739624023438,523.4591064453125,902.9446105957031,504.9889373779297
129,129,5.375,4,1,car,0.8204278945922852,874.5751953125,518.0655517578125,922.010498046875,562.0047607421875,898.2928466796875,540.03515625
129,129,5.375,42,1,car,0.5911503434181213,820.2037353515625,557.6116333007812,875.0680541992188,615.3192749023438,847.6358947753906,586.4654541015625
129,129,5.375,7,0,pedestrian,0.49602416157722473,540.3339233398438,615.9174194335938,564.5565185546875,687.5969848632812,552.4452209472656,651.7572021484375
129,129,5.375,233,0,pedestrian,0.2559949457645416,201.099365234375,710.2058715820312,240.5767059326172,793.2503051757812,220.8380355834961,751.7280883789062
129,129,5.375,217,0,pedestrian,0.6405695676803589,1760.0321044921875,803.858642578125,1819.4805908203125,927.3674926757812,1789.75634765625,865.6130676269531
129,129,5.375,119,1,car,0.2755618393421173,876.0717163085938,486.4734802246094,925.0285034179688,523.68115234375,900.5501098632812,505.0773162841797
130,130,5.416666666666667,4,1,car,0.7935447692871094,874.885009765625,517.7388916015625,922.2650146484375,561.3964233398438,898.5750122070312,539.5676574707031
130,130,5.416666666666667,42,1,car,0.7057603597640991,821.2244262695312,557.7196044921875,874.6741943359375,613.87744140625,847.9493103027344,585.7985229492188
130,130,5.416666666666667,7,0,pedestrian,0.48975682258605957,540.486328125,615.5050048828125,564.5802001953125,686.9131469726562,552.5332641601562,651.2090759277344
130,130,5.416666666666667,217,0,pedestrian,0.7616525292396545,1767.26611328125,802.9894409179688,1825.7799072265625,926.7568969726562,1796.5230102539062,864.8731689453125
130,130,5.416666666666667,277,0,pedestrian,0.37427818775177,530.5285034179688,746.2020874023438,557.4332885742188,820.1368408203125,543.9808959960938,783.1694641113281
131,131,5.458333333333333,4,1,car,0.7750946879386902,876.0018310546875,518.1771240234375,922.0452880859375,560.2108154296875,899.0235595703125,539.1939697265625
131,131,5.458333333333333,42,1,car,0.6546354293823242,821.2171630859375,555.922119140625,874.3697509765625,611.8236694335938,847.79345703125,583.8728942871094
131,131,5.458333333333333,7,0,pedestrian,0.48488861322402954,540.6497192382812,615.1818237304688,564.6017456054688,686.331298828125,552.625732421875,650.7565612792969
131,131,5.458333333333333,217,0,pedestrian,0.7277607321739197,1774.36181640625,805.793212890625,1830.779296875,926.463623046875,1802.570556640625,866.12841796875
131,131,5.458333333333333,277,0,pedestrian,0.261579304933548,531.4264526367188,740.9569702148438,559.7530517578125,818.7662353515625,545.5897521972656,779.8616027832031
131,131,5.458333333333333,218,1,car,0.40798312425613403,1028.946044921875,472.52996826171875,1058.008544921875,503.4845886230469,1043.477294921875,488.0072784423828
131,131,5.458333333333333,119,1,car,0.3779599070549011,874.943603515625,488.36309814453125,918.2166748046875,522.4791870117188,896.5801391601562,505.421142578125
132,132,5.5,4,1,car,0.7483994960784912,875.2145385742188,515.6466064453125,923.27734375,559.5250854492188,899.2459411621094,537.5858459472656
132,132,5.5,42,1,car,0.7674089670181274,822.7345581054688,555.7136840820312,875.0520629882812,610.666259765625,848.893310546875,583.1899719238281
132,132,5.5,7,0,pedestrian,0.4218893051147461,540.8909912109375,615.2688598632812,564.613037109375,685.8644409179688,552.7520141601562,650.566650390625
132,132,5.5,217,0,pedestrian,0.786234438419342,1778.40380859375,809.3646850585938,1834.127685546875,928.4589233398438,1806.2657470703125,868.9118041992188
132,132,5.5,218,1,car,0.37883803248405457,1029.9163818359375,471.8869934082031,1059.395751953125,503.1810607910156,1044.6560668945312,487.5340270996094
132,132,5.5,98,1,car,0.288316547870636,375.44189453125,699.5909423828125,470.6788330078125,809.1654663085938,423.06036376953125,754.3782043457031
132,132,5.5,13,0,pedestrian,0.35367631912231445,484.8017883300781,709.646728515625,520.6654052734375,809.42431640625,502.7335968017578,759.5355224609375
133,133,5.541666666666667,4,1,car,0.7463072538375854,874.8569946289062,514.6596069335938,923.7571411132812,559.31591796875,899.3070678710938,536.9877624511719
133,133,5.541666666666667,42,1,car,0.7718117833137512,824.6324462890625,555.9192504882812,874.8060302734375,608.28173828125,849.71923828125,582.1004943847656
133,133,5.541666666666667,7,0,pedestrian,0.4250727593898773,541.5585327148438,615.4649658203125,564.70751953125,684.5322875976562,553.1330261230469,649.9986267089844
133,133,5.541666666666667,217,0,pedestrian,0.7633047103881836,1782.3785400390625,807.3825073242188,1839.9814453125,931.071533203125,1811.1799926757812,869.2270202636719
133,133,5.541666666666667,218,1,car,0.45191481709480286,1031.0404052734375,470.8373107910156,1061.019775390625,502.69439697265625,1046.0300903320312,486.76585388183594
133,133,5.541666666666667,13,0,pedestrian,0.38769665360450745,485.0525817871094,708.828857421875,521.2407836914062,809.3195190429688,503.1466827392578,759.0741882324219
133,133,5.541666666666667,267,0,pedestrian,0.4115137755870819,1007.3452758789062,778.3898315429688,1058.115966796875,891.07568359375,1032.7306213378906,834.7327575683594
134,134,5.583333333333333,4,1,car,0.644184410572052,875.4859008789062,514.3189697265625,923.7351684570312,558.1651611328125,899.6105346679688,536.2420654296875
134,134,5.583333333333333,42,1,car,0.7685882449150085,825.3418579101562,556.3389282226562,874.8276977539062,607.5481567382812,850.0847778320312,581.9435424804688
134,134,5.583333333333333,7,0,pedestrian,0.5067282319068909,541.7636108398438,614.8185424804688,565.072998046875,684.5369262695312,553.4183044433594,649.677734375
134,134,5.583333333333333,217,0,pedestrian,0.7586413621902466,1785.7244873046875,808.0608520507812,1845.34912109375,934.9813842773438,1815.5368041992188,871.5211181640625
134,134,5.583333333333333,218,1,car,0.461338073015213,1032.6402587890625,472.14093017578125,1061.766845703125,502.5283508300781,1047.2035522460938,487.3346405029297
134,134,5.583333333333333,13,0,pedestrian,0.3502176105976105,485.60040283203125,708.0343017578125,522.0300903320312,808.9036865234375,503.81524658203125,758.468994140625
134,134,5.583333333333333,267,0,pedestrian,0.40546923875808716,1006.4217529296875,779.279052734375,1056.9339599609375,893.518798828125,1031.6778564453125,836.39892578125
135,135,5.625,4,1,car,0.6508048176765442,877.2833862304688,515.42333984375,923.5386962890625,556.8717651367188,900.4110412597656,536.1475524902344
135,135,5.625,42,1,car,0.7269723415374756,824.831298828125,555.3020629882812,875.4944458007812,607.5477905273438,850.1628723144531,581.4249267578125
135,135,5.625,7,0,pedestrian,0.6284099221229553,542.0521850585938,613.8311157226562,565.6881713867188,684.7870483398438,553.8701782226562,649.30908203125
135,135,5.625,217,0,pedestrian,0.6527330279350281,1791.05224609375,810.6948852539062,1852.170166015625,938.9031982421875,1821.6112060546875,874.7990417480469
135,135,5.625,218,1,car,0.44202008843421936,1032.9051513671875,472.4154968261719,1061.84521484375,502.51251220703125,1047.3751831054688,487.46400451660156
135,135,5.625,13,0,pedestrian,0.44733917713165283,486.63519287109375,711.06982421875,522.564208984375,810.5233764648438,504.5997009277344,760.7966003417969
135,135,5.625,267,0,pedestrian,0.5715410113334656,1005.6528930664062,780.33447265625,1055.8924560546875,895.9957275390625,1030.7726745605469,838.1651000976562
135,135,5.625,277,0,pedestrian,0.45322445034980774,544.689697265625,727.9470825195312,573.0369873046875,804.140869140625,558.8633422851562,766.0439758300781
135,135,5.625,119,1,car,0.3822016716003418,880.1514282226562,491.3025207519531,915.83740234375,519.8946533203125,897.9944152832031,505.5985870361328
136,136,5.666666666666667,4,1,car,0.5964269638061523,877.404052734375,514.3789672851562,924.2022094726562,555.938232421875,900.8031311035156,535.1585998535156
136,136,5.666666666666667,42,1,car,0.42820683121681213,825.5167236328125,553.04736328125,878.8732299804688,608.6712646484375,852.1949768066406,580.8593139648438
136,136,5.666666666666667,7,0,pedestrian,0.5587196350097656,541.8536987304688,612.6666870117188,566.0675048828125,685.4688110351562,553.9606018066406,649.0677490234375
136,136,5.666666666666667,217,0,pedestrian,0.5934900641441345,1793.8681640625,812.9414672851562,1854.7689208984375,938.6975708007812,1824.3185424804688,875.8195190429688
136,136,5.666666666666667,218,1,car,0.4577864110469818,1033.12646484375,471.8817138671875,1062.7198486328125,502.73089599609375,1047.9231567382812,487.3063049316406
136,136,5.666666666666667,13,0,pedestrian,0.4258730113506317,486.1215515136719,711.2877197265625,522.4436645507812,812.378662109375,504.28260803222656,761.8331909179688
136,136,5.666666666666667,267,0,pedestrian,0.6515809297561646,1006.1649780273438,782.0928344726562,1055.15234375,896.675537109375,1030.6586608886719,839.3841857910156
136,136,5.666666666666667,119,1,car,0.30820736289024353,881.957275390625,488.9078369140625,918.2130737304688,518.3192749023438,900.0851745605469,503.6135559082031
137,137,5.708333333333333,4,1,car,0.6518229246139526,877.8460083007812,512.0100708007812,925.2317504882812,554.005126953125,901.5388793945312,533.0075988769531
137,137,5.708333333333333,42,1,car,0.6348237991333008,825.0327758789062,551.317138671875,879.1410522460938,607.64697265625,852.0869140625,579.4820556640625
137,137,5.708333333333333,7,0,pedestrian,0.5799314975738525,542.223388671875,611.2538452148438,566.3893432617188,684.008056640625,554.3063659667969,647.6309509277344
137,137,5.708333333333333,217,0,pedestrian,0.5604159832000732,1796.3614501953125,815.1082153320312,1856.64453125,937.0364990234375,1826.5029907226562,876.0723571777344
137,137,5.708333333333333,218,1,car,0.44417187571525574,1033.9183349609375,471.7921447753906,1063.7069091796875,502.7805480957031,1048.8126220703125,487.2863464355469
137,137,5.708333333333333,13,0,pedestrian,0.4859393537044525,486.83599853515625,713.1778564453125,522.0630493164062,811.6770629882812,504.44952392578125,762.4274597167969
137,137,5.708333333333333,267,0,pedestrian,0.49069806933403015,1006.300048828125,781.4898071289062,1054.7403564453125,897.1134643554688,1030.5202026367188,839.3016357421875
137,137,5.708333333333333,119,1,car,0.3056623339653015,882.0172119140625,489.6825256347656,916.6318359375,517.9410400390625,899.3245239257812,503.81178283691406
137,137,5.708333333333333,289,1,car,0.38577571511268616,876.5889892578125,512.7103881835938,925.6860961914062,555.3319091796875,901.1375427246094,534.0211486816406
138,138,5.75,4,1,car,0.5933684706687927,878.9954223632812,510.9868469238281,925.6519165039062,552.2513427734375,902.3236694335938,531.6190948486328
138,138,5.75,42,1,car,0.6088581085205078,826.1306762695312,552.0645751953125,879.5968017578125,607.3244018554688,852.8637390136719,579.6944885253906
138,138,5.75,7,0,pedestrian,0.5828560590744019,542.8433837890625,610.759521484375,566.611572265625,682.3394165039062,554.7274780273438,646.5494689941406
138,138,5.75,217,0,pedestrian,0.6698043346405029,1802.165283203125,814.4269409179688,1862.9140625,936.0968017578125,1832.5396728515625,875.2618713378906
138,138,5.75,218,1,car,0.301700234413147,1034.8619384765625,471.07684326171875,1065.20654296875,502.7874450683594,1050.0342407226562,486.93214416503906
138,138,5.75,13,0,pedestrian,0.6176725625991821,486.98333740234375,711.998291015625,522.3829956054688,811.6939086914062,504.68316650390625,761.8460998535156
138,138,5.75,290,2,van,0.44340887665748596,1057.967041015625,911.9114990234375,1220.18310546875,1079.2032470703125,1139.0750732421875,995.557373046875
139,139,5.791666666666667,42,1,car,0.6289015412330627,827.5841674804688,553.467041015625,880.031494140625,607.2908935546875,853.8078308105469,580.3789672851562
139,139,5.791666666666667,7,0,pedestrian,0.6430739760398865,543.3380737304688,610.5849609375,566.7190551757812,681.0548095703125,555.028564453125,645.8198852539062
139,139,5.791666666666667,217,0,pedestrian,0.5657830834388733,1812.3701171875,814.7415161132812,1872.092041015625,937.02392578125,1842.2310791015625,875.8827209472656
139,139,5.791666666666667,218,1,car,0.26186403632164,1035.874755859375,470.3687744140625,1066.7816162109375,502.8486328125,1051.3281860351562,486.60870361328125
139,139,5.791666666666667,13,0,pedestrian,0.5952419638633728,486.8027038574219,711.2811889648438,522.5745849609375,812.1699829101562,504.6886444091797,761.7255859375
139,139,5.791666666666667,290,1,car,0.3172234296798706,1063.27392578125,915.8471069335938,1221.614013671875,1078.8740234375,1142.4439697265625,997.3605651855469
139,139,5.791666666666667,289,1,car,0.6085001826286316,878.71630859375,512.5963134765625,926.9971313476562,554.5353393554688,902.8567199707031,533.5658264160156
140,140,5.833333333333333,42,1,car,0.5912336111068726,828.59423828125,552.249267578125,882.0631713867188,607.2281494140625,855.3287048339844,579.7387084960938
140,140,5.833333333333333,7,0,pedestrian,0.6270368695259094,543.6412353515625,610.6082153320312,566.5993041992188,679.792236328125,555.1202697753906,645.2002258300781
140,140,5.833333333333333,217,0,pedestrian,0.5007141828536987,1820.078125,812.4122924804688,1879.86962890625,936.977783203125,1849.973876953125,874.6950378417969
140,140,5.833333333333333,218,1,car,0.2926926910877228,1037.05078125,471.2359619140625,1067.630859375,503.1725158691406,1052.3408203125,487.20423889160156
140,140,5.833333333333333,13,0,pedestrian,0.504631757736206,486.4966125488281,710.9471435546875,522.1170654296875,811.5792236328125,504.3068389892578,761.26318359375
140,140,5.833333333333333,290,2,van,0.6478290557861328,1069.699951171875,922.0841674804688,1222.7308349609375,1079.0484619140625,1146.2153930664062,1000.5663146972656
140,140,5.833333333333333,289,1,car,0.6212225556373596,879.42724609375,513.064208984375,927.37255859375,554.7097778320312,903.39990234375,533.8869934082031
140,140,5.833333333333333,233,0,pedestrian,0.25262680649757385,201.6582794189453,706.9170532226562,241.79281616210938,790.6558227539062,221.72554779052734,748.7864379882812
140,140,5.833333333333333,277,0,pedestrian,0.3476998507976532,554.1590576171875,713.7071533203125,581.8012084960938,786.9746704101562,567.9801330566406,750.3409118652344
141,141,5.875,42,1,car,0.5520579814910889,828.9843139648438,550.0388793945312,883.45361328125,606.461181640625,856.2189636230469,578.2500305175781
141,141,5.875,7,0,pedestrian,0.6218509078025818,543.717529296875,610.250244140625,566.6034545898438,679.1806640625,555.1604919433594,644.7154541015625
141,141,5.875,217,0,pedestrian,0.5916587114334106,1824.518798828125,812.2689819335938,1883.696044921875,936.958740234375,1854.107421875,874.6138610839844
141,141,5.875,218,1,car,0.27754294872283936,1038.087890625,471.6930847167969,1068.7012939453125,503.5810546875,1053.3945922851562,487.63706970214844
141,141,5.875,13,0,pedestrian,0.47140565514564514,485.9725646972656,709.4765625,522.087646484375,811.8180541992188,504.0301055908203,760.6473083496094
141,141,5.875,290,2,van,0.3779124915599823,1076.5574951171875,929.7201538085938,1222.5052490234375,1078.2666015625,1149.5313720703125,1003.9933776855469
141,141,5.875,289,1,car,0.6426006555557251,879.4208374023438,511.45330810546875,927.7954711914062,553.5426635742188,903.608154296875,532.4979858398438
141,141,5.875,297,2,van,0.4399442970752716,313.9477844238281,1001.7715454101562,522.95068359375,1078.890380859375,418.44923400878906,1040.3309631347656
141,141,5.875,277,0,pedestrian,0.4367472231388092,554.1964721679688,710.251708984375,583.643798828125,787.38037109375,568.9201354980469,748.8160400390625
141,141,5.875,267,0,pedestrian,0.3169930875301361,1003.3439331054688,784.3781127929688,1049.8365478515625,898.8463134765625,1026.5902404785156,841.6122131347656
142,142,5.916666666666667,42,1,car,0.4349624812602997,829.6046752929688,549.4981079101562,883.7208251953125,605.9979858398438,856.6627502441406,577.748046875
142,142,5.916666666666667,7,0,pedestrian,0.6217564344406128,543.7188720703125,610.0973510742188,566.5918579101562,678.8759765625,555.1553649902344,644.4866638183594
142,142,5.916666666666667,217,0,pedestrian,0.7522990703582764,1829.9671630859375,813.14501953125,1888.68115234375,938.2412719726562,1859.3241577148438,875.6931457519531
142,142,5.916666666666667,13,0,pedestrian,0.39376407861709595,485.82440185546875,708.5923461914062,521.9931030273438,811.4497680664062,503.90875244140625,760.0210571289062
142,142,5.916666666666667,297,2,van,0.7042287588119507,304.88592529296875,992.5236206054688,538.641845703125,1079.1539306640625,421.7638854980469,1035.8387756347656
142,142,5.916666666666667,267,0,pedestrian,0.36141064763069153,1003.712646484375,785.935302734375,1048.5841064453125,899.0538330078125,1026.1483764648438,842.4945678710938
142,142,5.916666666666667,4,1,car,0.5666120648384094,880.42138671875,509.0230407714844,927.7586669921875,551.1005249023438,904.0900268554688,530.0617828369141
143,143,5.958333333333333,42,1,car,0.37767404317855835,830.7227783203125,549.9303588867188,883.8795166015625,605.8845825195312,857.3011474609375,577.907470703125
143,143,5.958333333333333,7,0,pedestrian,0.6310839056968689,543.791259765625,610.5078735351562,566.5936889648438,678.9288330078125,555.1924743652344,644.7183532714844
143,143,5.958333333333333,13,0,pedestrian,0.3606494963169098,486.5304260253906,710.093994140625,521.976318359375,810.8062133789062,504.2533721923828,760.4501037597656
143,143,5.958333333333333,297,2,van,0.709911048412323,294.02532958984375,980.9402465820312,556.8237915039062,1079.2022705078125,425.424560546875,1030.0712585449219
143,143,5.958333333333333,267,0,pedestrian,0.4276452958583832,1003.6963500976562,787.1453247070312,1047.051025390625,898.5826416015625,1025.3736877441406,842.8639831542969
143,143,5.958333333333333,4,1,car,0.5626958608627319,881.2962036132812,508.2409973144531,928.162109375,550.0420532226562,904.7291564941406,529.1415252685547
143,143,5.958333333333333,119,1,car,0.27121877670288086,883.7765502929688,485.9027404785156,919.9801025390625,515.400390625,901.8783264160156,500.6515655517578
143,143,5.958333333333333,290,2,van,0.4289495050907135,1092.8587646484375,941.0938720703125,1231.379150390625,1079.208740234375,1162.1189575195312,1010.1513061523438
144,144,6.0,7,0,pedestrian,0.6338717341423035,543.7540283203125,611.0317993164062,566.586181640625,679.365478515625,555.1701049804688,645.1986389160156
144,144,6.0,13,0,pedestrian,0.34022489190101624,487.52813720703125,712.00732421875,522.1663818359375,810.210205078125,504.8472595214844,761.1087646484375
144,144,6.0,297,2,van,0.3574658930301666,286.1355895996094,970.1458740234375,574.83154296875,1079.5343017578125,430.4835662841797,1024.840087890625
144,144,6.0,267,0,pedestrian,0.5585078597068787,1003.5038452148438,787.06884765625,1046.0460205078125,898.6948852539062,1024.7749328613281,842.8818664550781
144,144,6.0,4,1,car,0.5357552766799927,881.8112182617188,508.2055358886719,928.0878295898438,549.5493774414062,904.9495239257812,528.8774566650391
144,144,6.0,119,1,car,0.3003816306591034,883.5798950195312,485.4498291015625,918.5001220703125,514.0104370117188,901.0400085449219,499.7301330566406
144,144,6.0,290,2,van,0.6258271336555481,1097.878173828125,946.6345825195312,1234.711669921875,1079.841552734375,1166.294921875,1013.2380676269531
144,144,6.0,98,1,car,0.2862239480018616,378.65728759765625,700.912109375,474.2497863769531,808.9856567382812,426.4535369873047,754.9488830566406
144,144,6.0,217,0,pedestrian,0.5110306143760681,1838.9908447265625,812.7357177734375,1898.484375,941.671630859375,1868.7376098632812,877.2036743164062
145,145,6.041666666666667,7,0,pedestrian,0.5853691101074219,544.0188598632812,611.476806640625,566.6199951171875,679.0450439453125,555.3194274902344,645.2609252929688
145,145,6.041666666666667,13,0,pedestrian,0.26722991466522217,487.9052429199219,713.6053466796875,522.3003540039062,811.181884765625,505.10279846191406,762.3936157226562
145,145,6.041666666666667,297,3,truck,0.5098259449005127,287.1619567871094,962.8924560546875,588.9500732421875,1079.2718505859375,438.05601501464844,1021.0821533203125
145,145,6.041666666666667,4,1,car,0.5092179775238037,883.3555908203125,509.43603515625,928.0859375,549.2816772460938,905.7207641601562,529.3588562011719
145,145,6.041666666666667,119,1,car,0.27613115310668945,883.9256591796875,487.306640625,916.1036987304688,513.6603393554688,900.0146789550781,500.4834899902344
145,145,6.041666666666667,290,2,van,0.5063977837562561,1103.0982666015625,953.7212524414062,1236.7056884765625,1080.0,1169.9019775390625,1016.8606262207031
145,145,6.041666666666667,217,0,pedestrian,0.7021306753158569,1841.374267578125,815.8699951171875,1899.9801025390625,944.2100830078125,1870.6771850585938,880.0400390625
145,145,6.041666666666667,42,1,car,0.38306358456611633,831.8929443359375,549.6055297851562,883.1983032226562,604.1776123046875,857.5456237792969,576.8915710449219
146,146,6.083333333333333,7,0,pedestrian,0.5828667283058167,544.18896484375,611.5177612304688,566.586181640625,678.2247924804688,555.3875732421875,644.8712768554688
146,146,6.083333333333333,4,1,car,0.35007670521736145,883.3964233398438,508.2497253417969,929.0318603515625,548.946044921875,906.2141418457031,528.5978851318359
146,146,6.083333333333333,290,2,van,0.4727933704853058,1106.963134765625,959.5548706054688,1237.867431640625,1079.78662109375,1172.415283203125,1019.6707458496094
146,146,6.083333333333333,217,0,pedestrian,0.39032605290412903,1844.543701171875,821.4230346679688,1901.63623046875,945.970458984375,1873.0899658203125,883.6967468261719
146,146,6.083333333333333,42,1,car,0.5629444122314453,832.5654907226562,546.62890625,883.7184448242188,601.6971435546875,858.1419677734375,574.1630249023438
147,147,6.125,7,0,pedestrian,0.5024490356445312,544.501708984375,611.7182006835938,566.4921875,676.7499389648438,555.4969482421875,644.2340698242188
147,147,6.125,290,2,van,0.3456903100013733,1111.055908203125,965.9014282226562,1239.5523681640625,1079.9239501953125,1175.3041381835938,1022.9126892089844
147,147,6.125,42,1,car,0.557623565196991,832.7952270507812,545.6265869140625,883.9593505859375,601.189208984375,858.3772888183594,573.4078979492188
147,147,6.125,307,0,pedestrian,0.33350101113319397,1483.35595703125,631.503173828125,1509.130126953125,701.2181396484375,1496.2430419921875,666.3606567382812
147,147,6.125,98,1,car,0.27668607234954834,378.35772705078125,701.89111328125,474.8155822753906,809.4142456054688,426.58665466308594,755.6526794433594
147,147,6.125,297,2,van,0.44006016850471497,282.4848327636719,943.570068359375,621.6278686523438,1078.4586181640625,452.0563507080078,1011.0143432617188
148,148,6.166666666666667,7,0,pedestrian,0.474362850189209,544.5487670898438,611.4464111328125,566.5193481445312,676.0014038085938,555.5340576171875,643.7239074707031
148,148,6.166666666666667,290,2,van,0.5381560921669006,1116.517333984375,973.5317993164062,1241.6082763671875,1080.0,1179.0628051757812,1026.7658996582031
148,148,6.166666666666667,42,1,car,0.6962460875511169,833.7748413085938,546.071533203125,883.6480712890625,600.6489868164062,858.7114562988281,573.3602600097656
148,148,6.166666666666667,307,0,pedestrian,0.37040624022483826,1484.4150390625,631.0111694335938,1510.287841796875,700.9907836914062,1497.3514404296875,666.0009765625
148,148,6.166666666666667,312,4,bus,0.4501813054084778,1089.4000244140625,705.8801879882812,1666.3895263671875,1079.6673583984375,1377.894775390625,892.7737731933594
148,148,6.166666666666667,98,1,car,0.2579653561115265,378.01043701171875,701.951171875,475.3187255859375,809.2628173828125,426.6645812988281,755.6069946289062
148,148,6.166666666666667,267,0,pedestrian,0.37216055393218994,1006.2886352539062,812.0941772460938,1040.468017578125,902.6702880859375,1023.3783264160156,857.3822326660156
149,149,6.208333333333333,7,0,pedestrian,0.5623741745948792,543.817626953125,611.2975463867188,566.1652221679688,676.4931030273438,554.9914245605469,643.8953247070312
149,149,6.208333333333333,290,2,van,0.40298107266426086,1121.5283203125,981.1256713867188,1242.0662841796875,1079.7735595703125,1181.7973022460938,1030.4496154785156
149,149,6.208333333333333,42,1,car,0.7303924560546875,835.2207641601562,546.2183227539062,883.2471923828125,598.8554077148438,859.2339782714844,572.536865234375
149,149,6.208333333333333,307,0,pedestrian,0.43442901968955994,1486.865234375,631.9960327148438,1512.3436279296875,700.9522705078125,1499.6044311523438,666.4741516113281
149,149,6.208333333333333,312,4,bus,0.30153828859329224,1092.46240234375,704.0942993164062,1672.8477783203125,1079.9241943359375,1382.6550903320312,892.0092468261719
149,149,6.208333333333333,98,1,car,0.3040628433227539,377.7685241699219,702.043212890625,475.6338195800781,809.1372680664062,426.701171875,755.5902404785156
149,149,6.208333333333333,267,0,pedestrian,0.509735107421875,1004.3643188476562,807.1903686523438,1040.4156494140625,904.7305297851562,1022.3899841308594,855.96044921875
149,149,6.208333333333333,217,0,pedestrian,0.2553164064884186,1854.920166015625,825.9345703125,1912.63818359375,948.9638671875,1883.7791748046875,887.44921875
150,150,6.25,7,0,pedestrian,0.6285287141799927,543.234375,610.3689575195312,566.18701171875,676.8109130859375,554.710693359375,643.5899353027344
150,150,6.25,290,2,van,0.4820414185523987,1124.7069091796875,988.6820068359375,1239.7708740234375,1078.98486328125,1182.2388916015625,1033.8334350585938
150,150,6.25,42,1,car,0.6284884810447693,835.8841552734375,545.0571899414062,883.7852783203125,597.6143798828125,859.834716796875,571.3357849121094
150,150,6.25,307,0,pedestrian,0.45159828662872314,1488.199951171875,632.5387573242188,1513.4764404296875,700.917724609375,1500.8381958007812,666.7282409667969
150,150,6.25,312,4,bus,0.4249389171600342,1095.19873046875,705.8521728515625,1673.3472900390625,1080.0,1384.2730102539062,892.9260864257812
150,150,6.25,98,1,car,0.29939255118370056,377.582763671875,702.0255126953125,476.01025390625,809.1280517578125,426.7965087890625,755.5767822265625
150,150,6.25,267,0,pedestrian,0.43175190687179565,1003.4745483398438,806.6205444335938,1039.573974609375,906.0704345703125,1021.5242614746094,856.3454895019531
150,150,6.25,317,1,car,0.3774787485599518,885.297119140625,494.8792419433594,924.2802124023438,523.3361206054688,904.7886657714844,509.10768127441406
151,151,6.291666666666667,7,0,pedestrian,0.5712624788284302,542.754638671875,609.7474365234375,565.9700927734375,676.4428100585938,554.3623657226562,643.0951232910156
151,151,6.291666666666667,290,2,van,0.552559494972229,1127.335693359375,995.7172241210938,1238.6973876953125,1079.127685546875,1183.0165405273438,1037.4224548339844
151,151,6.291666666666667,42,1,car,0.5517895817756653,835.6886596679688,543.866943359375,884.1260375976562,597.0396118164062,859.9073486328125,570.4532775878906
151,151,6.291666666666667,307,0,pedestrian,0.37224480509757996,1489.4239501953125,634.2708129882812,1514.2528076171875,701.3336791992188,1501.83837890625,667.80224609375
151,151,6.291666666666667,312,4,bus,0.45243099331855774,1076.4207763671875,683.318603515625,1688.20703125,1080.0,1382.3139038085938,881.6593017578125
151,151,6.291666666666667,98,1,car,0.31299781799316406,377.223876953125,702.4244995117188,475.89385986328125,809.0839233398438,426.5588684082031,755.7542114257812
151,151,6.291666666666667,267,0,pedestrian,0.4046657383441925,1003.621337890625,806.7301025390625,1039.1427001953125,906.1773071289062,1021.3820190429688,856.4537048339844
151,151,6.291666666666667,321,3,truck,0.378003865480423,387.3247985839844,912.0391845703125,558.7804565429688,1079.68701171875,473.05262756347656,995.8630981445312
152,152,6.333333333333333,7,0,pedestrian,0.5371802449226379,542.2998046875,609.621826171875,565.6754150390625,676.5872802734375,553.9876098632812,643.1045532226562
152,152,6.333333333333333,42,1,car,0.44012361764907837,835.4935302734375,542.8590087890625,884.3320922851562,596.626220703125,859.9128112792969,569.7426147460938
152,152,6.333333333333333,307,0,pedestrian,0.48848316073417664,1489.9822998046875,633.8843383789062,1515.2425537109375,702.0232543945312,1502.6124267578125,667.9537963867188
152,152,6.333333333333333,312,4,bus,0.45797184109687805,1070.36962890625,675.553466796875,1692.512939453125,1080.0,1381.4412841796875,877.7767333984375
152,152,6.333333333333333,98,1,car,0.3668588399887085,377.06671142578125,702.9835205078125,475.7166748046875,808.9303588867188,426.3916931152344,755.9569396972656
153,153,6.375,7,0,pedestrian,0.4529830813407898,541.7080688476562,610.3466186523438,564.9237060546875,676.5501708984375,553.3158874511719,643.4483947753906
153,153,6.375,42,1,car,0.294748455286026,836.6082763671875,541.8583374023438,884.5319213867188,594.9743041992188,860.5700988769531,568.4163208007812
153,153,6.375,307,0,pedestrian,0.44080743193626404,1490.25146484375,634.797607421875,1515.34765625,702.31103515625,1502.799560546875,668.5543212890625
153,153,6.375,312,4,bus,0.5336887240409851,1079.732177734375,681.9780883789062,1692.226806640625,1080.0,1385.9794921875,880.9890441894531
153,153,6.375,98,1,car,0.4097500145435333,376.58270263671875,702.9966430664062,475.760009765625,808.8878784179688,426.1713562011719,755.9422607421875
153,153,6.375,267,0,pedestrian,0.4372091591358185,1002.4154052734375,797.2327270507812,1040.5350341796875,906.7808227539062,1021.4752197265625,852.0067749023438
154,154,6.416666666666667,7,0,pedestrian,0.47799360752105713,541.2940063476562,611.822265625,563.6543579101562,675.5193481445312,552.4741821289062,643.6708068847656
154,154,6.416666666666667,42,1,car,0.3053128719329834,837.9140014648438,541.403564453125,885.5016479492188,594.446533203125,861.7078247070312,567.925048828125
154,154,6.416666666666667,307,0,pedestrian,0.3513648808002472,1490.1424560546875,636.2413940429688,1514.816162109375,702.2094116210938,1502.4793090820312,669.2254028320312
154,154,6.416666666666667,312,4,bus,0.5635784864425659,1080.9254150390625,683.1969604492188,1691.1593017578125,1080.0,1386.0423583984375,881.5984802246094
154,154,6.416666666666667,98,1,car,0.46221494674682617,375.973876953125,702.6487426757812,475.7421569824219,808.6763916015625,425.85801696777344,755.6625671386719
154,154,6.416666666666667,267,0,pedestrian,0.3370611071586609,1003.0899658203125,799.55859375,1039.949951171875,908.3684692382812,1021.5199584960938,853.9635314941406
154,154,6.416666666666667,321,1,car,0.30883359909057617,389.57861328125,890.7381591796875,580.0453491210938,1078.0006103515625,484.8119812011719,984.369384765625
155,155,6.458333333333333,7,0,pedestrian,0.5450935363769531,540.3980712890625,612.4412231445312,562.7847900390625,676.5392456054688,551.5914306640625,644.490234375
155,155,6.458333333333333,42,1,car,0.26918432116508484,837.697509765625,541.5071411132812,885.3471069335938,594.7482299804688,861.5223083496094,568.127685546875
155,155,6.458333333333333,307,0,pedestrian,0.28784263134002686,1490.7606201171875,635.7319946289062,1515.636474609375,701.6226196289062,1503.1985473632812,668.6773071289062
155,155,6.458333333333333,312,4,bus,0.5337222218513489,1080.497802734375,682.1106567382812,1692.125244140625,1080.0,1386.3115234375,881.0553283691406
155,155,6.458333333333333,98,1,car,0.2931724786758423,375.84881591796875,701.5067138671875,477.1607971191406,809.0021362304688,426.5048065185547,755.2544250488281
155,155,6.458333333333333,267,0,pedestrian,0.4152688682079315,1003.2625122070312,796.53857421875,1040.436767578125,908.0916748046875,1021.8496398925781,852.3151245117188
155,155,6.458333333333333,321,3,truck,0.5343400239944458,392.15362548828125,883.275390625,587.611083984375,1077.2005615234375,489.8823547363281,980.2379760742188
155,155,6.458333333333333,290,1,car,0.5141230225563049,1155.139892578125,1027.2156982421875,1235.184326171875,1079.30517578125,1195.162109375,1053.2604370117188
156,156,6.5,7,0,pedestrian,0.573483943939209,539.9603271484375,612.9632568359375,562.2887573242188,677.2142944335938,551.1245422363281,645.0887756347656
156,156,6.5,42,1,car,0.5565266013145447,839.0657958984375,541.2025146484375,886.2001953125,594.07275390625,862.6329956054688,567.6376342773438
156,156,6.5,307,0,pedestrian,0.40699437260627747,1491.6068115234375,634.4862670898438,1517.5997314453125,702.728759765625,1504.603271484375,668.6075134277344
156,156,6.5,312,4,bus,0.468045711517334,1083.4530029296875,686.110107421875,1689.24658203125,1080.0,1386.3497924804688,883.0550537109375
156,156,6.5,98,1,car,0.2785470187664032,375.7114562988281,699.7661743164062,479.3047790527344,810.049560546875,427.50811767578125,754.9078674316406
156,156,6.5,267,0,pedestrian,0.49967142939567566,1002.0133056640625,796.18115234375,1039.3895263671875,908.5885009765625,1020.701416015625,852.3848266601562
156,156,6.5,321,3,truck,0.7035146951675415,395.2107849121094,877.542236328125,594.1566162109375,1077.18701171875,494.68370056152344,977.3646240234375
156,156,6.5,348,0,pedestrian,0.36172860860824585,535.6358032226562,610.8914184570312,559.7921752929688,676.3369140625,547.7139892578125,643.6141662597656
156,156,6.5,13,0,pedestrian,0.471271812915802,488.45758056640625,711.6669311523438,524.2985229492188,812.5922241210938,506.3780517578125,762.1295776367188
157,157,6.541666666666667,7,0,pedestrian,0.5913503170013428,539.49267578125,613.01953125,561.76123046875,677.6297607421875,550.626953125,645.3246459960938
157,157,6.541666666666667,42,1,car,0.5495284795761108,839.5828247070312,540.7078857421875,886.6389770507812,593.8048095703125,863.1109008789062,567.25634765625
157,157,6.541666666666667,307,0,pedestrian,0.3345755934715271,1492.9326171875,634.8912353515625,1519.4779052734375,703.6375732421875,1506.2052612304688,669.264404296875
157,157,6.541666666666667,312,4,bus,0.5768972635269165,1080.2230224609375,680.1780395507812,1694.467529296875,1080.0,1387.3452758789062,880.0890197753906
157,157,6.541666666666667,98,1,car,0.34486210346221924,375.4372863769531,698.9793701171875,480.3167419433594,811.016357421875,427.87701416015625,754.9978637695312
157,157,6.541666666666667,267,0,pedestrian,0.4875078499317169,1001.89892578125,796.3145141601562,1039.4337158203125,909.9510498046875,1020.6663208007812,853.1327819824219
157,157,6.541666666666667,321,3,truck,0.48130062222480774,400.7800598144531,871.7923583984375,599.0712280273438,1073.688232421875,499.92564392089844,972.7402954101562
157,157,6.541666666666667,348,0,pedestrian,0.3668612241744995,535.2960815429688,610.4331665039062,559.73583984375,676.6309814453125,547.5159606933594,643.5320739746094
157,157,6.541666666666667,355,0,pedestrian,0.33576807379722595,578.4598999023438,676.5853881835938,601.98876953125,734.865966796875,590.2243347167969,705.7256774902344
157,157,6.541666666666667,359,1,car,0.32287004590034485,1049.126953125,478.3462219238281,1077.5506591796875,510.9825134277344,1063.3388061523438,494.66436767578125
157,157,6.541666666666667,13,0,pedestrian,0.6043384671211243,488.32159423828125,711.4308471679688,524.6482543945312,813.2708129882812,506.48492431640625,762.350830078125
157,157,6.541666666666667,4,1,car,0.3310776650905609,883.9723510742188,495.8811950683594,934.38134765625,542.1112670898438,909.1768493652344,518.9962310791016
158,158,6.583333333333333,7,0,pedestrian,0.5292880535125732,539.11572265625,613.1084594726562,561.3103637695312,678.0197143554688,550.2130432128906,645.5640869140625
158,158,6.583333333333333,307,0,pedestrian,0.3188909590244293,1492.6683349609375,634.7673950195312,1519.94140625,704.1349487304688,1506.3048706054688,669.451171875
158,158,6.583333333333333,312,4,bus,0.6047301292419434,1081.7476806640625,680.6285400390625,1695.29052734375,1080.0,1388.5191040039062,880.3142700195312
158,158,6.583333333333333,98,1,car,0.43860095739364624,375.2055358886719,699.313720703125,480.41790771484375,811.9436645507812,427.8117218017578,755.6286926269531
158,158,6.583333333333333,267,0,pedestrian,0.48502638936042786,1002.5919799804688,796.4051513671875,1039.8980712890625,910.621826171875,1021.2450256347656,853.5134887695312
158,158,6.583333333333333,321,1,car,0.7666085362434387,407.87786865234375,866.3048095703125,601.1975708007812,1066.1595458984375,504.5377197265625,966.232177734375
158,158,6.583333333333333,348,0,pedestrian,0.3317599892616272,535.3684692382812,610.135009765625,559.9725341796875,676.8032836914062,547.6705017089844,643.4691467285156
158,158,6.583333333333333,355,0,pedestrian,0.2878391146659851,577.12109375,674.149658203125,604.327392578125,741.6886596679688,590.7242431640625,707.9191589355469
158,158,6.583333333333333,359,1,car,0.29903581738471985,1049.20654296875,478.5421447753906,1077.4100341796875,510.9363098144531,1063.3082885742188,494.7392272949219
158,158,6.583333333333333,13,0,pedestrian,0.6126446723937988,488.1161193847656,711.0568237304688,524.89990234375,814.0524291992188,506.5080108642578,762.5546264648438
158,158,6.583333333333333,362,4,bus,0.33614832162857056,1088.2740478515625,667.4921264648438,1678.0206298828125,1080.0,1383.1473388671875,873.7460632324219
158,158,6.583333333333333,4,1,car,0.3781684339046478,884.857666015625,494.7475891113281,934.5449829101562,541.2210083007812,909.7013244628906,517.9842987060547
159,159,6.625,7,0,pedestrian,0.5954864025115967,538.9766845703125,612.9307861328125,561.09814453125,678.1293334960938,550.0374145507812,645.5300598144531
159,159,6.625,312,4,bus,0.45610716938972473,1083.261474609375,683.3278198242188,1693.365478515625,1080.0,1388.3134765625,881.6639099121094
159,159,6.625,98,1,car,0.3769093453884125,375.1418762207031,699.3816528320312,480.6492614746094,812.6013793945312,427.89556884765625,755.9915161132812
159,159,6.625,355,0,pedestrian,0.33167463541030884,576.7158203125,671.2786865234375,606.1734008789062,744.7593383789062,591.4446105957031,708.0190124511719
159,159,6.625,13,0,pedestrian,0.6246803998947144,488.01434326171875,710.8710327148438,525.162353515625,814.7988891601562,506.5883483886719,762.8349609375
159,159,6.625,362,4,bus,0.5444489121437073,1089.4080810546875,671.280029296875,1673.874267578125,1080.0,1381.6411743164062,875.6400146484375
159,159,6.625,4,1,car,0.4355848431587219,885.5352172851562,494.1074523925781,934.781494140625,540.8430786132812,910.1583557128906,517.4752655029297
159,159,6.625,42,1,car,0.2818773090839386,839.4089965820312,539.8162841796875,885.7611083984375,592.3452758789062,862.5850524902344,566.0807800292969
160,160,6.666666666666667,7,0,pedestrian,0.5031203031539917,538.5784912109375,612.9728393554688,560.4342041015625,677.7786254882812,549.50634765625,645.375732421875
160,160,6.666666666666667,98,1,car,0.32761478424072266,375.1358337402344,699.4505004882812,480.7723083496094,813.0977172851562,427.9540710449219,756.2741088867188
160,160,6.666666666666667,355,0,pedestrian,0.32240915298461914,575.0465087890625,668.6259155273438,609.9533081054688,756.3919067382812,592.4999084472656,712.5089111328125
160,160,6.666666666666667,13,0,pedestrian,0.6139574646949768,488.0219421386719,710.8527221679688,525.2698364257812,815.0945434570312,506.64588928222656,762.9736328125
160,160,6.666666666666667,4,1,car,0.3260735869407654,886.51220703125,494.7221374511719,934.59033203125,540.841552734375,910.55126953125,517.7818450927734
160,160,6.666666666666667,371,1,car,0.3149976432323456,925.4078979492188,479.915283203125,951.8582763671875,510.4200439453125,938.6330871582031,495.16766357421875
160,160,6.666666666666667,42,1,car,0.43880417943000793,839.6697998046875,539.2738037109375,886.0125122070312,591.7610473632812,862.8411560058594,565.5174255371094
160,160,6.666666666666667,267,0,pedestrian,0.38562437891960144,1004.5193481445312,803.529296875,1039.703125,911.5250244140625,1022.1112365722656,857.5271606445312
160,160,6.666666666666667,321,1,car,0.2914465367794037,419.1105041503906,855.1256103515625,603.9853515625,1049.381103515625,511.5479278564453,952.2533569335938
160,160,6.666666666666667,348,0,pedestrian,0.32348737120628357,535.4912719726562,611.0691528320312,559.656494140625,676.6021118164062,547.5738830566406,643.8356323242188
161,161,6.708333333333333,7,0,pedestrian,0.46348220109939575,538.8048095703125,615.2916870117188,559.7153930664062,677.5452270507812,549.2601013183594,646.41845703125
161,161,6.708333333333333,98,1,car,0.39612531661987305,375.76873779296875,700.2463989257812,480.36700439453125,812.8609008789062,428.06787109375,756.5536499023438
161,161,6.708333333333333,13,0,pedestrian,0.5329190492630005,488.09234619140625,711.9347534179688,525.1417236328125,815.5288696289062,506.6170349121094,763.7318115234375
161,161,6.708333333333333,4,1,car,0.3613845109939575,888.3950805664062,495.9944152832031,934.9756469726562,541.1278076171875,911.6853637695312,518.5611114501953
161,161,6.708333333333333,371,1,car,0.3208877444267273,925.021484375,479.49261474609375,951.6571044921875,510.2054748535156,938.3392944335938,494.8490447998047
161,161,6.708333333333333,42,1,car,0.5173525214195251,840.0571899414062,538.6445922851562,886.1758422851562,590.8104858398438,863.1165161132812,564.7275390625
161,161,6.708333333333333,374,1,car,0.4908614456653595,839.8406982421875,539.3365478515625,885.2548828125,590.8181762695312,862.5477905273438,565.0773620605469
161,161,6.708333333333333,267,0,pedestrian,0.30326372385025024,1004.8809204101562,803.8389892578125,1039.827880859375,911.8677978515625,1022.3544006347656,857.8533935546875
161,161,6.708333333333333,321,1,car,0.34638524055480957,426.7276611328125,849.4136962890625,605.2139282226562,1040.1273193359375,515.9707946777344,944.7705078125
161,161,6.708333333333333,348,0,pedestrian,0.302081435918808,535.5864868164062,612.4730834960938,558.9666748046875,675.9588012695312,547.2765808105469,644.2159423828125
161,161,6.708333333333333,312,4,bus,0.6186274290084839,1072.3585205078125,676.6485595703125,1689.1173095703125,1079.83740234375,1380.7379150390625,878.2429809570312
162,162,6.75,7,0,pedestrian,0.34980422258377075,538.5687255859375,615.9357299804688,558.9877319335938,677.0311279296875,548.7782287597656,646.4834289550781
162,162,6.75,98,1,car,0.3444627523422241,375.85821533203125,700.68896484375,480.0915832519531,812.9896850585938,427.9748992919922,756.8393249511719
162,162,6.75,13,0,pedestrian,0.5312885046005249,488.3982238769531,712.27294921875,525.3046875,815.4303588867188,506.85145568847656,763.8516540527344
162,162,6.75,4,1,car,0.3158162534236908,889.6917724609375,496.67242431640625,934.658447265625,540.6832275390625,912.1751098632812,518.6778259277344
162,162,6.75,371,1,car,0.30297213792800903,924.9713745117188,479.32147216796875,951.6333618164062,510.061279296875,938.3023681640625,494.6913757324219
162,162,6.75,42,1,car,0.5292316675186157,840.5040283203125,538.6829223632812,886.1998291015625,590.357421875,863.3519287109375,564.5201721191406
162,162,6.75,374,1,car,0.5200263261795044,840.2262573242188,539.4949340820312,885.2613525390625,590.530029296875,862.7438049316406,565.0124816894531
162,162,6.75,267,0,pedestrian,0.3041684925556183,1005.4810791015625,807.8704833984375,1039.1116943359375,911.8920288085938,1022.29638671875,859.8812561035156
162,162,6.75,321,3,truck,0.25899654626846313,432.84027099609375,844.1262817382812,605.2874755859375,1031.281982421875,519.0638732910156,937.7041320800781
162,162,6.75,348,0,pedestrian,0.3440801203250885,535.495361328125,612.9135131835938,558.5834350585938,675.7000732421875,547.0393981933594,644.3067932128906
162,162,6.75,312,4,bus,0.5105170011520386,1071.042724609375,676.4429931640625,1684.501708984375,1079.5533447265625,1377.772216796875,877.9981689453125
162,162,6.75,307,0,pedestrian,0.3905409276485443,1499.4073486328125,638.8805541992188,1525.7220458984375,705.2333984375,1512.564697265625,672.0569763183594
163,163,6.791666666666667,98,1,car,0.35457226634025574,375.8638610839844,700.9461669921875,479.8873596191406,813.038818359375,427.8756103515625,756.9924926757812
163,163,6.791666666666667,13,0,pedestrian,0.5514295697212219,488.6712646484375,712.9395141601562,525.3906860351562,815.471435546875,507.0309753417969,764.2054748535156
163,163,6.791666666666667,4,1,car,0.40878650546073914,891.5166015625,497.5993957519531,934.3236694335938,539.7407836914062,912.9201354980469,518.6700897216797
163,163,6.791666666666667,371,1,car,0.36169809103012085,925.0591430664062,479.91290283203125,951.060302734375,509.8423767089844,938.0597229003906,494.8776397705078
163,163,6.791666666666667,42,1,car,0.5036576390266418,840.6990356445312,539.47216796875,885.6785278320312,590.2745361328125,863.1887817382812,564.8733520507812
163,163,6.791666666666667,374,1,car,0.5323666930198669,840.0595092773438,540.4456176757812,884.4243774414062,590.6694946289062,862.241943359375,565.5575561523438
163,163,6.791666666666667,267,0,pedestrian,0.3972269296646118,1005.66845703125,808.2948608398438,1039.2913818359375,912.5235595703125,1022.4799194335938,860.4092102050781
163,163,6.791666666666667,321,1,car,0.5462480187416077,440.6805419921875,838.902587890625,606.4898681640625,1021.8512573242188,523.585205078125,930.3769226074219
163,163,6.791666666666667,348,0,pedestrian,0.294795423746109,534.0591430664062,611.3527221679688,557.605224609375,675.3400268554688,545.8321838378906,643.3463745117188
163,163,6.791666666666667,312,4,bus,0.48603975772857666,1071.0419921875,675.8422241210938,1682.181640625,1079.276611328125,1376.61181640625,877.5594177246094
163,163,6.791666666666667,380,2,van,0.3280796706676483,1157.577392578125,574.0769653320312,1209.284912109375,638.7283935546875,1183.43115234375,606.4026794433594
163,163,6.791666666666667,307,0,pedestrian,0.3669135868549347,1500.709716796875,640.4442749023438,1526.79248046875,705.9743041992188,1513.7510986328125,673.2092895507812
164,164,6.833333333333333,98,1,car,0.4272136688232422,376.1756896972656,701.6151123046875,479.5566711425781,812.9238891601562,427.8661804199219,757.2695007324219
164,164,6.833333333333333,13,0,pedestrian,0.5671864151954651,488.7978210449219,713.1488647460938,525.6195678710938,815.9249267578125,507.2086944580078,764.5368957519531
164,164,6.833333333333333,4,1,car,0.4779665768146515,892.5074462890625,498.6323547363281,934.0030517578125,539.4370727539062,913.2552490234375,519.0347137451172
164,164,6.833333333333333,371,1,car,0.41187456250190735,925.45068359375,481.0757751464844,950.3645629882812,509.6565246582031,937.9076232910156,495.36614990234375
164,164,6.833333333333333,42,1,car,0.46502771973609924,841.2579956054688,539.903564453125,885.4492797851562,589.7247314453125,863.3536376953125,564.8141479492188
164,164,6.833333333333333,374,1,car,0.4882436990737915,840.057861328125,540.7269897460938,883.9911499023438,590.4053955078125,862.0245056152344,565.5661926269531
164,164,6.833333333333333,267,0,pedestrian,0.43824300169944763,1005.8343505859375,807.5308227539062,1039.9140625,913.8297119140625,1022.8742065429688,860.6802673339844
164,164,6.833333333333333,321,1,car,0.692215085029602,446.0025939941406,833.3659057617188,606.2080688476562,1012.6948852539062,526.1053314208984,923.0303955078125
164,164,6.833333333333333,312,4,bus,0.4480956196784973,1075.4290771484375,678.864501953125,1680.790771484375,1079.5438232421875,1378.1099243164062,879.2041625976562
164,164,6.833333333333333,380,2,van,0.3444414436817169,1157.9774169921875,574.2385864257812,1208.990966796875,637.979248046875,1183.4841918945312,606.1089172363281
164,164,6.833333333333333,307,0,pedestrian,0.4278600513935089,1501.8670654296875,640.7244873046875,1528.055419921875,706.756591796875,1514.9612426757812,673.7405395507812
164,164,6.833333333333333,317,1,car,0.30532515048980713,888.641845703125,492.51910400390625,928.47705078125,521.9175415039062,908.5594482421875,507.21832275390625
164,164,6.833333333333333,359,1,car,0.30181509256362915,1048.919921875,482.85858154296875,1075.83837890625,513.69775390625,1062.379150390625,498.2781677246094
165,165,6.875,98,1,car,0.3322148621082306,376.5390930175781,701.8319702148438,479.54339599609375,812.6484375,428.04124450683594,757.2402038574219
165,165,6.875,13,0,pedestrian,0.5284706354141235,488.9457702636719,713.1542358398438,525.8468017578125,816.1688842773438,507.3962860107422,764.6615600585938
165,165,6.875,4,1,car,0.47813668847084045,892.8301391601562,498.96490478515625,934.0237426757812,539.360595703125,913.4269409179688,519.1627502441406
165,165,6.875,371,1,car,0.40019357204437256,925.9401245117188,481.689697265625,950.4002075195312,509.6371154785156,938.170166015625,495.6634063720703
165,165,6.875,42,1,car,0.33089086413383484,841.4118041992188,539.2122192382812,885.731201171875,588.9459228515625,863.5715026855469,564.0790710449219
165,165,6.875,374,1,car,0.44017294049263,840.0599975585938,539.5956420898438,884.39306640625,589.5881958007812,862.2265319824219,564.5919189453125
165,165,6.875,267,0,pedestrian,0.3487096130847931,1005.908447265625,806.7470703125,1039.983154296875,914.0052490234375,1022.94580078125,860.3761596679688
165,165,6.875,321,1,car,0.4613945186138153,452.55999755859375,828.695068359375,606.873291015625,1003.701904296875,529.7166442871094,916.198486328125
165,165,6.875,312,4,bus,0.4384971857070923,1078.229736328125,679.7452392578125,1677.8883056640625,1077.782958984375,1378.0590209960938,878.7640991210938
165,165,6.875,380,2,van,0.3372165858745575,1157.7271728515625,574.3265991210938,1209.2318115234375,638.6585083007812,1183.4794921875,606.4925537109375
165,165,6.875,307,0,pedestrian,0.43361446261405945,1502.93310546875,639.5736083984375,1529.4761962890625,707.308837890625,1516.2046508789062,673.4412231445312
165,165,6.875,359,1,car,0.3327152132987976,1048.895751953125,483.499267578125,1075.5548095703125,513.9515380859375,1062.2252807617188,498.72540283203125
165,165,6.875,348,0,pedestrian,0.2596486508846283,531.2537231445312,611.0492553710938,555.000732421875,675.0596923828125,543.1272277832031,643.0544738769531
166,166,6.916666666666667,98,1,car,0.31056147813796997,377.0168762207031,701.9154663085938,479.5781555175781,812.1387329101562,428.2975158691406,757.027099609375
166,166,6.916666666666667,13,0,pedestrian,0.5081578493118286,489.3997802734375,713.725341796875,526.1146850585938,816.3079833984375,507.7572326660156,765.0166625976562
166,166,6.916666666666667,4,1,car,0.5181325674057007,893.1809692382812,499.25067138671875,934.2329711914062,539.433349609375,913.7069702148438,519.3420104980469
166,166,6.916666666666667,371,1,car,0.37455588579177856,925.7095947265625,481.6913146972656,950.3107299804688,509.6434631347656,938.0101623535156,495.6673889160156
166,166,6.916666666666667,42,1,car,0.4432584345340729,840.9957275390625,538.2561645507812,886.0414428710938,588.531494140625,863.5185852050781,563.3938293457031
166,166,6.916666666666667,267,0,pedestrian,0.2617061138153076,1005.1748046875,805.3453369140625,1039.5316162109375,914.1614379882812,1022.3532104492188,859.7533874511719
166,166,6.916666666666667,321,3,truck,0.3049232065677643,456.9820251464844,824.27197265625,607.3683471679688,996.9008178710938,532.1751861572266,910.5863952636719
166,166,6.916666666666667,312,4,bus,0.4194096028804779,1082.072509765625,678.9898681640625,1679.8900146484375,1076.5704345703125,1380.9812622070312,877.7801513671875
166,166,6.916666666666667,380,2,van,0.34051284193992615,1157.850830078125,574.4082641601562,1209.4510498046875,638.8377075195312,1183.6509399414062,606.6229858398438
166,166,6.916666666666667,307,0,pedestrian,0.5295121073722839,1503.53955078125,639.8529663085938,1529.9759521484375,708.2276611328125,1516.7577514648438,674.0403137207031
166,166,6.916666666666667,359,1,car,0.3701510727405548,1048.78515625,483.9880065917969,1075.343505859375,514.2137451171875,1062.0643310546875,499.1008758544922
166,166,6.916666666666667,348,0,pedestrian,0.30142080783843994,528.4592895507812,611.0473022460938,552.3410034179688,675.0517578125,540.400146484375,643.0495300292969
167,167,6.958333333333333,98,1,car,0.2895847260951996,376.9232177734375,701.4955444335938,480.0567626953125,812.3403930664062,428.489990234375,756.91796875
167,167,6.958333333333333,13,0,pedestrian,0.5882534384727478,489.8217468261719,714.2953491210938,526.2339477539062,815.97802734375,508.02784729003906,765.1366882324219
167,167,6.958333333333333,4,1,car,0.4779622256755829,893.7211303710938,498.6424255371094,934.72119140625,538.6895751953125,914.2211608886719,518.6660003662109
167,167,6.958333333333333,371,1,car,0.2617325484752655,926.3202514648438,481.13006591796875,951.1928100585938,509.25726318359375,938.7565307617188,495.19366455078125
167,167,6.958333333333333,42,1,car,0.36868587136268616,840.7311401367188,537.511474609375,886.6425170898438,588.3883056640625,863.6868286132812,562.9498901367188
167,167,6.958333333333333,321,3,truck,0.42915159463882446,463.1289367675781,821.3117065429688,608.4553833007812,989.9140014648438,535.7921600341797,905.6128540039062
167,167,6.958333333333333,380,2,van,0.30566391348838806,1156.8616943359375,574.8046875,1210.7623291015625,642.2540893554688,1183.81201171875,608.5293884277344
167,167,6.958333333333333,307,0,pedestrian,0.5489789247512817,1503.773681640625,639.4070434570312,1530.6741943359375,709.2367553710938,1517.2239379882812,674.3218994140625
167,167,6.958333333333333,359,1,car,0.25469693541526794,1048.517822265625,484.07470703125,1075.5477294921875,514.7557373046875,1062.0327758789062,499.41522216796875
167,167,6.958333333333333,348,0,pedestrian,0.29349127411842346,525.9830932617188,611.1043701171875,549.4979248046875,673.4813842773438,537.7405090332031,642.2928771972656
168,168,7.0,98,1,car,0.30561181902885437,376.7852783203125,701.2608032226562,480.4642333984375,812.7743530273438,428.624755859375,757.017578125
168,168,7.0,13,0,pedestrian,0.5573028922080994,489.9338684082031,714.2821044921875,526.264892578125,815.7196044921875,508.09938049316406,765.0008544921875
168,168,7.0,4,1,car,0.4405243694782257,894.6145629882812,497.7044677734375,935.501953125,537.6089477539062,915.0582580566406,517.6567077636719
168,168,7.0,42,1,car,0.5245583653450012,842.5756225585938,537.003662109375,888.7445068359375,588.045654296875,865.6600646972656,562.524658203125
168,168,7.0,321,3,truck,0.318161278963089,467.4422607421875,817.20068359375,609.3795166015625,983.8297729492188,538.410888671875,900.5152282714844
168,168,7.0,380,2,van,0.30022409558296204,1156.3082275390625,574.6631469726562,1211.187744140625,643.4976196289062,1183.7479858398438,609.0803833007812
168,168,7.0,307,0,pedestrian,0.5680434107780457,1504.6907958984375,639.5203857421875,1532.2203369140625,710.7348022460938,1518.45556640625,675.1275939941406
168,168,7.0,348,0,pedestrian,0.2563185393810272,523.6964111328125,611.1411743164062,547.025146484375,672.414794921875,535.3607788085938,641.7779846191406
168,168,7.0,267,0,pedestrian,0.2766430377960205,1006.730224609375,811.8131713867188,1038.5194091796875,912.5418701171875,1022.6248168945312,862.1775207519531
169,169,7.041666666666667,98,1,car,0.36678558588027954,376.67724609375,700.728271484375,480.7157287597656,812.7411499023438,428.6964874267578,756.7347106933594
169,169,7.041666666666667,13,0,pedestrian,0.5130951404571533,489.8955078125,714.694580078125,526.186279296875,816.1442260742188,508.0408935546875,765.4194030761719
169,169,7.041666666666667,4,1,car,0.29486241936683655,894.8965454101562,496.6728820800781,936.065185546875,536.865966796875,915.4808654785156,516.7694244384766
169,169,7.041666666666667,42,1,car,0.6081737875938416,844.0126953125,537.201904296875,889.270263671875,587.1350708007812,866.6414794921875,562.1684875488281
169,169,7.041666666666667,380,2,van,0.2646125257015228,1155.4698486328125,574.483642578125,1211.530029296875,645.0001831054688,1183.4999389648438,609.7419128417969
169,169,7.041666666666667,307,0,pedestrian,0.3449028432369232,1505.7874755859375,640.26171875,1533.294677734375,711.2149047851562,1519.5410766601562,675.7383117675781
169,169,7.041666666666667,312,4,bus,0.2680879831314087,1088.120361328125,679.6787719726562,1684.4371337890625,1076.4793701171875,1386.2787475585938,878.0790710449219
170,170,7.083333333333333,98,1,car,0.37823686003685,376.5798034667969,700.539794921875,480.8055725097656,812.8417358398438,428.69268798828125,756.6907653808594
170,170,7.083333333333333,13,0,pedestrian,0.5582582354545593,489.8750305175781,714.1844482421875,526.44970703125,816.6270751953125,508.16236877441406,765.40576171875
170,170,7.083333333333333,42,1,car,0.5550863742828369,843.9241943359375,537.1444702148438,889.1478881835938,586.7451782226562,866.5360412597656,561.94482421875
170,170,7.083333333333333,380,2,van,0.29666846990585327,1155.6300048828125,575.08056640625,1211.1302490234375,645.0655517578125,1183.380126953125,610.0730590820312
170,170,7.083333333333333,312,4,bus,0.310267835855484,1090.6826171875,683.7926025390625,1673.0244140625,1071.523193359375,1381.853515625,877.6578979492188
170,170,7.083333333333333,267,0,pedestrian,0.29960623383522034,1007.7470703125,813.62109375,1038.9644775390625,912.9051513671875,1023.3557739257812,863.2631225585938
171,171,7.125,98,1,car,0.40626510977745056,376.69183349609375,700.5846557617188,480.5685119628906,812.5198974609375,428.6301727294922,756.5522766113281
171,171,7.125,13,0,pedestrian,0.5451359152793884,489.9500732421875,714.38623046875,526.3244018554688,816.4209594726562,508.1372375488281,765.4035949707031
171,171,7.125,42,1,car,0.5346788167953491,843.8292236328125,536.9359741210938,889.6189575195312,586.7911376953125,866.7240905761719,561.8635559082031
171,171,7.125,380,2,van,0.3104284107685089,1157.744384765625,575.34619140625,1209.5546875,640.3796997070312,1183.6495361328125,607.8629455566406
171,171,7.125,312,4,bus,0.2794831395149231,1090.921142578125,684.0512084960938,1672.831787109375,1072.2708740234375,1381.87646484375,878.1610412597656
171,171,7.125,267,0,pedestrian,0.40121763944625854,1007.5928344726562,814.5177612304688,1038.6326904296875,913.4257202148438,1023.1127624511719,863.9717407226562
171,171,7.125,4,1,car,0.26340991258621216,895.2669677734375,496.0818786621094,937.1902465820312,537.0410766601562,916.2286071777344,516.5614776611328
171,171,7.125,307,0,pedestrian,0.5675481557846069,1508.0255126953125,640.27490234375,1536.388427734375,712.53564453125,1522.2069702148438,676.4052734375
172,172,7.166666666666667,98,1,car,0.39604511857032776,376.57415771484375,700.7979125976562,480.2803039550781,812.5023193359375,428.42723083496094,756.6501159667969
172,172,7.166666666666667,13,0,pedestrian,0.5159226059913635,489.8725280761719,714.8054809570312,526.1976928710938,816.916748046875,508.0351104736328,765.8611145019531
172,172,7.166666666666667,42,1,car,0.5522332787513733,843.724853515625,535.8583984375,890.4387817382812,586.5299682617188,867.0818176269531,561.1941833496094
172,172,7.166666666666667,380,2,van,0.28117939829826355,1159.128173828125,574.8851318359375,1208.398681640625,636.3275756835938,1183.763427734375,605.6063537597656
172,172,7.166666666666667,267,0,pedestrian,0.37390565872192383,1007.4783935546875,814.8300170898438,1038.5269775390625,913.76220703125,1023.002685546875,864.2961120605469
172,172,7.166666666666667,4,1,car,0.31726792454719543,895.5255737304688,496.28753662109375,937.3683471679688,537.18115234375,916.4469604492188,516.7343444824219
172,172,7.166666666666667,307,0,pedestrian,0.577945351600647,1509.188720703125,640.1964111328125,1538.3017578125,713.3988037109375,1523.7452392578125,676.797607421875
172,172,7.166666666666667,321,1,car,0.2524157464504242,481.4407958984375,798.9290161132812,618.0176391601562,961.478759765625,549.7292175292969,880.2038879394531
173,173,7.208333333333333,98,1,car,0.35942336916923523,376.04107666015625,699.74267578125,480.6438293457031,812.5888671875,428.3424530029297,756.165771484375
173,173,7.208333333333333,13,0,pedestrian,0.41203388571739197,490.1904602050781,716.0406494140625,526.0989379882812,817.0501708984375,508.1446990966797,766.54541015625
173,173,7.208333333333333,42,1,car,0.6748292446136475,844.2054443359375,535.8156127929688,890.6924438476562,585.9902954101562,867.4489440917969,560.9029541015625
173,173,7.208333333333333,380,2,van,0.2937222123146057,1159.2010498046875,574.8825073242188,1207.8677978515625,635.0365600585938,1183.534423828125,604.9595336914062
173,173,7.208333333333333,267,0,pedestrian,0.31784990429878235,1007.0858764648438,815.6734008789062,1037.9483642578125,913.8721923828125,1022.5171203613281,864.7727966308594
173,173,7.208333333333333,4,1,car,0.40991637110710144,896.2642822265625,497.23602294921875,936.8558959960938,536.7636108398438,916.5600891113281,516.9998168945312
173,173,7.208333333333333,307,0,pedestrian,0.3495555818080902,1509.5772705078125,641.2142333984375,1538.9649658203125,714.1389770507812,1524.2711181640625,677.6766052246094
173,173,7.208333333333333,312,4,bus,0.4008796513080597,1085.111328125,676.8248901367188,1675.0687255859375,1072.402099609375,1380.0900268554688,874.6134948730469
174,174,7.25,98,1,car,0.4931088387966156,376.8795471191406,700.2752075195312,480.84344482421875,812.8479614257812,428.8614959716797,756.5615844726562
174,174,7.25,13,0,pedestrian,0.40932387113571167,490.8652648925781,718.1151733398438,526.1651611328125,817.2149658203125,508.5152130126953,767.6650695800781
174,174,7.25,42,1,car,0.675261378288269,844.7518310546875,535.8297119140625,890.7763061523438,585.3116455078125,867.7640686035156,560.5706787109375
174,174,7.25,380,2,van,0.26218700408935547,1159.0145263671875,574.8064575195312,1207.856201171875,634.8023681640625,1183.4353637695312,604.8044128417969
174,174,7.25,267,0,pedestrian,0.42633360624313354,1006.4170532226562,816.855712890625,1037.29736328125,914.7189331054688,1021.8572082519531,865.7873229980469
174,174,7.25,4,1,car,0.36960718035697937,896.8500366210938,497.9322814941406,936.5142822265625,536.2908935546875,916.6821594238281,517.1115875244141
174,174,7.25,307,0,pedestrian,0.3869054317474365,1509.888916015625,642.6137084960938,1539.38330078125,714.8460693359375,1524.6361083984375,678.7298889160156
174,174,7.25,312,4,bus,0.315518319606781,1081.31396484375,671.1141967773438,1682.3984375,1076.5870361328125,1381.856201171875,873.8506164550781
174,174,7.25,321,3,truck,0.40349245071411133,489.68121337890625,792.001220703125,620.0342407226562,948.9353637695312,554.8577270507812,870.4682922363281
175,175,7.291666666666667,98,1,car,0.47104132175445557,377.0814514160156,700.3557739257812,481.2795104980469,813.7980346679688,429.18048095703125,757.076904296875
175,175,7.291666666666667,13,0,pedestrian,0.36107107996940613,490.9314270019531,718.2178955078125,526.3821411132812,817.68408203125,508.6567840576172,767.9509887695312
175,175,7.291666666666667,42,1,car,0.6949358582496643,845.5607299804688,535.6397705078125,890.9817504882812,584.455078125,868.271240234375,560.0474243164062
175,175,7.291666666666667,380,2,van,0.28165164589881897,1158.41552734375,574.8342895507812,1208.23046875,635.5182495117188,1183.322998046875,605.17626953125
175,175,7.291666666666667,267,0,pedestrian,0.3504790663719177,1005.054931640625,816.239501953125,1036.605224609375,915.60595703125,1020.830078125,865.9227294921875
175,175,7.291666666666667,4,1,car,0.32169270515441895,897.5838623046875,498.3376770019531,936.3535766601562,535.5137939453125,916.9687194824219,516.9257354736328
175,175,7.291666666666667,307,0,pedestrian,0.2632561922073364,1510.7928466796875,644.060546875,1540.331298828125,715.8850708007812,1525.5620727539062,679.9728088378906
175,175,7.291666666666667,312,4,bus,0.37021180987358093,1081.07421875,670.7566528320312,1683.472900390625,1078.8966064453125,1382.2735595703125,874.8266296386719
176,176,7.333333333333333,98,1,car,0.44409701228141785,377.3804016113281,700.9613037109375,480.9939880371094,814.2932739257812,429.18719482421875,757.6272888183594
176,176,7.333333333333333,42,1,car,0.6681562066078186,846.8554077148438,535.9652709960938,890.9503784179688,583.3234252929688,868.9028930664062,559.6443481445312
176,176,7.333333333333333,267,0,pedestrian,0.2948501408100128,1004.471435546875,815.2689208984375,1036.4539794921875,915.8687744140625,1020.4627075195312,865.56884765625
176,176,7.333333333333333,4,1,car,0.2554521858692169,898.5272827148438,498.6198425292969,936.4736938476562,534.6546020507812,917.50048828125,516.6372222900391
176,176,7.333333333333333,312,4,bus,0.5067102313041687,1083.390869140625,670.880126953125,1683.738037109375,1079.64697265625,1383.564453125,875.2635498046875
176,176,7.333333333333333,321,2,van,0.2682943344116211,495.5135803222656,783.1575927734375,621.3499755859375,936.4776000976562,558.4317779541016,859.8175964355469
177,177,7.375,98,1,car,0.26592743396759033,377.3043212890625,701.771728515625,480.5719909667969,815.2346801757812,428.9381561279297,758.5032043457031
177,177,7.375,42,1,car,0.6789544820785522,847.1951293945312,535.8333129882812,890.8846435546875,582.682373046875,869.0398864746094,559.2578430175781
177,177,7.375,4,1,car,0.3127405047416687,899.2261962890625,499.21771240234375,936.4588623046875,534.1990966796875,917.842529296875,516.7084045410156
177,177,7.375,312,4,bus,0.32712072134017944,1085.2034912109375,669.2827758789062,1685.316162109375,1080.0,1385.2598266601562,874.6413879394531
177,177,7.375,399,0,pedestrian,0.369178831577301,1393.4879150390625,591.6882934570312,1417.351318359375,651.7355346679688,1405.4196166992188,621.7119140625
177,177,7.375,321,3,truck,0.29568472504615784,497.7913513183594,780.1917724609375,620.9525756835938,931.4293823242188,559.3719635009766,855.8105773925781
177,177,7.375,307,0,pedestrian,0.49225038290023804,1514.3045654296875,640.4796142578125,1545.3470458984375,715.5241088867188,1529.8258056640625,678.0018615722656
178,178,7.416666666666667,98,1,car,0.30915722250938416,377.57293701171875,701.8369140625,480.4730529785156,815.3768920898438,429.0229949951172,758.6069030761719
178,178,7.416666666666667,42,1,car,0.6212453842163086,847.4050903320312,535.3429565429688,891.2282104492188,582.2633056640625,869.316650390625,558.8031311035156
178,178,7.416666666666667,4,1,car,0.31246867775917053,899.2486572265625,498.98309326171875,936.7639770507812,533.9066162109375,918.0063171386719,516.4448547363281
178,178,7.416666666666667,312,4,bus,0.32017505168914795,1087.3271484375,669.0142211914062,1685.8846435546875,1080.0,1386.6058959960938,874.5071105957031
178,178,7.416666666666667,401,3,truck,0.3340580463409424,948.9422607421875,438.5293273925781,980.2137451171875,474.0380859375,964.5780029296875,456.28370666503906
178,178,7.416666666666667,307,0,pedestrian,0.5095818042755127,1516.313720703125,639.5822143554688,1547.7733154296875,715.8607177734375,1532.0435180664062,677.7214660644531
179,179,7.458333333333333,42,1,car,0.6676449179649353,847.4285278320312,534.97314453125,891.4842529296875,582.0555419921875,869.4563903808594,558.5143432617188
179,179,7.458333333333333,4,1,car,0.2973822057247162,899.23681640625,498.59783935546875,937.2097778320312,533.6310424804688,918.2232971191406,516.1144409179688
179,179,7.458333333333333,312,4,bus,0.46363040804862976,1092.2352294921875,672.5911865234375,1682.1055908203125,1078.0362548828125,1387.17041015625,875.313720703125
179,179,7.458333333333333,401,3,truck,0.2749236822128296,949.0060424804688,438.4227294921875,980.212890625,473.8590087890625,964.6094665527344,456.140869140625
179,179,7.458333333333333,307,0,pedestrian,0.30974075198173523,1518.3426513671875,637.9336547851562,1549.74462890625,714.1472778320312,1534.0436401367188,676.0404663085938
179,179,7.458333333333333,267,0,pedestrian,0.25040239095687866,1002.3604125976562,811.33935546875,1035.280029296875,915.6685791015625,1018.8202209472656,863.5039672851562
179,179,7.458333333333333,399,0,pedestrian,0.3280765116214752,1394.1405029296875,587.0768432617188,1420.128173828125,652.4351806640625,1407.1343383789062,619.7560119628906
180,180,7.5,42,1,car,0.6743484139442444,848.306640625,535.2953491210938,891.689697265625,581.6564331054688,869.9981689453125,558.4758911132812
180,180,7.5,312,4,bus,0.29790276288986206,1099.252197265625,681.4483642578125,1677.77099609375,1078.100830078125,1388.5115966796875,879.7745971679688
180,180,7.5,401,3,truck,0.2717771828174591,949.074462890625,438.3959655761719,980.11279296875,473.6448974609375,964.5936279296875,456.0204315185547
180,180,7.5,307,0,pedestrian,0.38837558031082153,1519.3564453125,638.473388671875,1550.530029296875,713.8622436523438,1534.9432373046875,676.1678161621094
180,180,7.5,399,0,pedestrian,0.33704814314842224,1394.391357421875,584.7971801757812,1420.878662109375,651.3350830078125,1407.635009765625,618.0661315917969
180,180,7.5,380,1,car,0.3000149428844452,1157.565185546875,575.6027221679688,1207.99365234375,636.2098999023438,1182.7794189453125,605.9063110351562
180,180,7.5,321,3,truck,0.3344971537590027,507.1776123046875,771.7216186523438,624.8575439453125,917.6845703125,566.017578125,844.7030944824219
180,180,7.5,98,1,car,0.43681079149246216,379.4599609375,706.1613159179688,477.9505615234375,814.9302978515625,428.70526123046875,760.5458068847656
181,181,7.541666666666667,42,1,car,0.6651054620742798,848.9815673828125,534.8976440429688,891.9126586914062,580.6578369140625,870.4471130371094,557.7777404785156
181,181,7.541666666666667,312,4,bus,0.3246041238307953,1092.274169921875,672.905517578125,1683.3055419921875,1079.42919921875,1387.7898559570312,876.1673583984375
181,181,7.541666666666667,307,0,pedestrian,0.6111825704574585,1519.1890869140625,637.498046875,1551.5596923828125,715.3432006835938,1535.3743896484375,676.4206237792969
181,181,7.541666666666667,399,0,pedestrian,0.3791908919811249,1394.9300537109375,582.8350219726562,1422.31640625,651.579345703125,1408.6232299804688,617.2071838378906
181,181,7.541666666666667,408,0,pedestrian,0.3290276825428009,1357.5982666015625,588.4012451171875,1386.744873046875,657.8837890625,1372.1715698242188,623.1425170898438
181,181,7.541666666666667,321,1,car,0.3279799818992615,509.9922180175781,768.3370971679688,625.7306518554688,913.3439331054688,567.8614349365234,840.8405151367188
181,181,7.541666666666667,98,1,car,0.33336544036865234,379.84014892578125,707.013671875,477.3405456542969,814.766357421875,428.59034729003906,760.8900146484375
181,181,7.541666666666667,4,1,car,0.3483806252479553,899.839599609375,498.9125061035156,937.6241455078125,533.4099731445312,918.7318725585938,516.1612396240234
181,181,7.541666666666667,267,0,pedestrian,0.4742688238620758,1001.8193969726562,811.27880859375,1034.600830078125,914.8038940429688,1018.2101135253906,863.0413513183594
182,182,7.583333333333333,42,1,car,0.7032241821289062,849.3714599609375,534.34521484375,892.214599609375,579.9918212890625,870.7930297851562,557.1685180664062
182,182,7.583333333333333,312,4,bus,0.33774781227111816,1088.81982421875,667.5048828125,1686.0439453125,1079.9127197265625,1387.431884765625,873.7088012695312
182,182,7.583333333333333,307,0,pedestrian,0.25528934597969055,1519.2427978515625,637.2296752929688,1552.445556640625,716.6688842773438,1535.8441772460938,676.9492797851562
182,182,7.583333333333333,399,0,pedestrian,0.3537715971469879,1395.85986328125,583.037841796875,1423.2633056640625,651.6993408203125,1409.5615844726562,617.3685913085938
182,182,7.583333333333333,408,0,pedestrian,0.2818244993686676,1357.041259765625,588.7844848632812,1386.0870361328125,658.0443115234375,1371.5641479492188,623.4143981933594
182,182,7.583333333333333,98,1,car,0.33377397060394287,379.48046875,706.1808471679688,477.5772705078125,814.8441772460938,428.52886962890625,760.5125122070312
182,182,7.583333333333333,4,1,car,0.4068698287010193,900.3829956054688,499.7943420410156,937.172607421875,532.9501953125,918.7778015136719,516.3722686767578
182,182,7.583333333333333,267,0,pedestrian,0.47047269344329834,1000.6876220703125,808.3218994140625,1034.468017578125,914.6190795898438,1017.5778198242188,861.4704895019531
183,183,7.625,42,1,car,0.6604543328285217,849.6768188476562,533.7438354492188,892.2485961914062,579.0941772460938,870.9627075195312,556.4190063476562
183,183,7.625,307,0,pedestrian,0.5526050925254822,1519.5592041015625,638.0977783203125,1553.01220703125,718.5007934570312,1536.2857055664062,678.2992858886719
183,183,7.625,399,0,pedestrian,0.31153109669685364,1396.0096435546875,583.9622192382812,1423.879150390625,653.6659545898438,1409.9443969726562,618.8140869140625
183,183,7.625,408,0,pedestrian,0.27044034004211426,1356.76953125,589.2747802734375,1385.9775390625,658.9833984375,1371.37353515625,624.1290893554688
183,183,7.625,98,1,car,0.28315311670303345,377.6843566894531,702.6163330078125,479.0267028808594,815.2525634765625,428.35552978515625,758.9344482421875
183,183,7.625,4,1,car,0.3996865153312683,901.4353637695312,500.88726806640625,936.5471801757812,532.0642700195312,918.9912719726562,516.4757690429688
183,183,7.625,267,0,pedestrian,0.45344278216362,999.9959106445312,805.1536254882812,1034.4019775390625,913.9708251953125,1017.1989440917969,859.5622253417969
183,183,7.625,13,0,pedestrian,0.4344521164894104,490.3735046386719,715.6863403320312,526.9368896484375,818.1610717773438,508.6551971435547,766.9237060546875
183,183,7.625,401,3,truck,0.2907980680465698,948.5114135742188,438.3690490722656,979.6365966796875,473.7695007324219,964.0740051269531,456.06927490234375
183,183,7.625,321,1,car,0.3670918643474579,514.39892578125,761.5836181640625,627.7883911132812,905.2911987304688,571.0936584472656,833.4374084472656
184,184,7.666666666666667,42,1,car,0.6436029076576233,849.7321166992188,532.145751953125,892.9013061523438,578.2409057617188,871.3167114257812,555.1933288574219
184,184,7.666666666666667,307,0,pedestrian,0.32417017221450806,1520.26416015625,640.4608764648438,1554.2225341796875,722.5148315429688,1537.2433471679688,681.4878540039062
184,184,7.666666666666667,98,1,car,0.2607834041118622,377.18023681640625,701.0574340820312,479.2100830078125,814.7483520507812,428.1951599121094,757.9028930664062
184,184,7.666666666666667,4,1,car,0.3222366273403168,902.1196899414062,501.1799011230469,936.0864868164062,530.9490356445312,919.1030883789062,516.0644683837891
184,184,7.666666666666667,13,0,pedestrian,0.47354793548583984,490.32415771484375,715.4265747070312,526.7875366210938,818.0455932617188,508.55584716796875,766.736083984375
184,184,7.666666666666667,401,3,truck,0.40614110231399536,948.1936645507812,437.9132995605469,979.6121215820312,473.6947021484375,963.9028930664062,455.8040008544922
184,184,7.666666666666667,380,1,car,0.28868651390075684,1158.1044921875,576.1817626953125,1207.4559326171875,634.932373046875,1182.7802124023438,605.5570678710938
185,185,7.708333333333333,42,1,car,0.6263236999511719,850.0176391601562,530.92333984375,893.3926391601562,577.4329833984375,871.7051391601562,554.1781616210938
185,185,7.708333333333333,307,0,pedestrian,0.6297304630279541,1521.2733154296875,645.2401123046875,1553.8602294921875,724.1819458007812,1537.5667724609375,684.7110290527344
185,185,7.708333333333333,98,1,car,0.25096696615219116,376.9304504394531,700.302978515625,478.5968322753906,813.6762084960938,427.7636413574219,756.9895935058594
185,185,7.708333333333333,4,1,car,0.34969907999038696,902.2025756835938,501.3691711425781,936.372314453125,531.047607421875,919.2874450683594,516.2083892822266
185,185,7.708333333333333,13,0,pedestrian,0.3968016505241394,490.75347900390625,716.4209594726562,526.2638549804688,816.6575927734375,508.5086669921875,766.5392761230469
185,185,7.708333333333333,401,3,truck,0.4087606370449066,948.0490112304688,437.630126953125,979.62939453125,473.7252197265625,963.8392028808594,455.67767333984375
185,185,7.708333333333333,312,4,bus,0.3602544665336609,1090.4190673828125,674.5327758789062,1675.818603515625,1079.9072265625,1383.1188354492188,877.2200012207031
185,185,7.708333333333333,321,1,car,0.3237779140472412,517.5120239257812,755.8992919921875,628.3726806640625,897.677490234375,572.9423522949219,826.7883911132812
186,186,7.75,42,1,car,0.5879392027854919,850.41796875,529.9564819335938,893.8536987304688,576.8314819335938,872.1358337402344,553.3939819335938
186,186,7.75,307,0,pedestrian,0.6122174263000488,1521.552978515625,646.7382202148438,1553.9017333984375,725.3189086914062,1537.7273559570312,686.028564453125
186,186,7.75,4,1,car,0.3331865668296814,901.9337158203125,501.1371765136719,936.9998168945312,531.3859252929688,919.4667663574219,516.2615509033203
186,186,7.75,13,0,pedestrian,0.2863925099372864,490.7542724609375,717.6136474609375,525.939697265625,817.4497680664062,508.34698486328125,767.5317077636719
186,186,7.75,401,3,truck,0.3404904305934906,948.1796264648438,437.54534912109375,979.6537475585938,473.72698974609375,963.9166870117188,455.63616943359375
187,187,7.791666666666667,42,1,car,0.5531217455863953,850.566650390625,529.4147338867188,894.1278076171875,576.7242431640625,872.3472290039062,553.0694885253906
187,187,7.791666666666667,307,0,pedestrian,0.5759168267250061,1522.6240234375,647.8616943359375,1554.5106201171875,725.643310546875,1538.5673217773438,686.7525024414062
187,187,7.791666666666667,4,1,car,0.33754414319992065,901.663330078125,500.8132019042969,937.6553955078125,531.678955078125,919.6593627929688,516.2460784912109
187,187,7.791666666666667,401,3,truck,0.3516141474246979,948.3521118164062,437.7538757324219,979.364501953125,473.6180725097656,963.8583068847656,455.68597412109375
187,187,7.791666666666667,98,1,car,0.2575899660587311,376.98187255859375,700.6638793945312,478.33148193359375,813.9549560546875,427.65667724609375,757.3094177246094
188,188,7.833333333333333,42,1,car,0.5089808106422424,850.6378784179688,529.0640258789062,894.2760009765625,576.7310180664062,872.4569396972656,552.8975219726562
188,188,7.833333333333333,307,0,pedestrian,0.59800124168396,1523.9556884765625,649.0252075195312,1555.232666015625,725.5595092773438,1539.5941772460938,687.2923583984375
188,188,7.833333333333333,4,1,car,0.33452197909355164,901.5325927734375,500.63812255859375,937.9364013671875,531.6775512695312,919.7344970703125,516.1578369140625
188,188,7.833333333333333,401,3,truck,0.30490776896476746,948.6975708007812,438.5694885253906,978.66650390625,473.45941162109375,963.6820373535156,456.0144500732422
188,188,7.833333333333333,421,3,truck,0.333857923746109,1009.63671875,424.89215087890625,1041.6829833984375,459.7755126953125,1025.6598510742188,442.3338317871094
188,188,7.833333333333333,98,1,car,0.2597501277923584,377.0840759277344,701.1314697265625,477.9986572265625,814.2634887695312,427.54136657714844,757.6974792480469
188,188,7.833333333333333,380,2,van,0.3186545968055725,1156.15966796875,575.532470703125,1213.332763671875,644.11865234375,1184.7462158203125,609.8255615234375
189,189,7.875,42,1,car,0.5006850361824036,850.680419921875,529.2802124023438,894.1766967773438,576.9937133789062,872.4285583496094,553.136962890625
189,189,7.875,307,0,pedestrian,0.6277636289596558,1525.2073974609375,649.388916015625,1556.2008056640625,725.382080078125,1540.7041015625,687.385498046875
189,189,7.875,4,1,car,0.34590113162994385,901.4110717773438,500.5484924316406,938.2760009765625,531.8164672851562,919.8435363769531,516.1824798583984
189,189,7.875,401,3,truck,0.2850983142852783,949.5689697265625,440.13385009765625,978.2967529296875,473.68585205078125,963.932861328125,456.90985107421875
189,189,7.875,421,3,truck,0.3605356216430664,1009.3882446289062,427.30853271484375,1041.352783203125,462.0292663574219,1025.3705139160156,444.6688995361328
189,189,7.875,380,2,van,0.2888110280036926,1156.7091064453125,575.599853515625,1213.418701171875,643.6184692382812,1185.0639038085938,609.6091613769531
189,189,7.875,312,4,bus,0.309856116771698,1082.7882080078125,658.5086669921875,1686.6463623046875,1079.4688720703125,1384.71728515625,868.98876953125
189,189,7.875,13,0,pedestrian,0.305317223072052,489.5433349609375,717.7633666992188,525.1874389648438,819.0755004882812,507.3653869628906,768.41943359375
190,190,7.916666666666667,42,1,car,0.6233099102973938,851.4791259765625,531.31787109375,893.7142944335938,577.5347900390625,872.5967102050781,554.4263305664062
190,190,7.916666666666667,307,0,pedestrian,0.5684529542922974,1527.2493896484375,650.3203735351562,1557.5850830078125,724.2357788085938,1542.417236328125,687.278076171875
190,190,7.916666666666667,4,1,car,0.4062272310256958,901.4019165039062,500.3714599609375,938.9596557617188,532.1786499023438,920.1807861328125,516.2750549316406
190,190,7.916666666666667,401,3,truck,0.25679442286491394,950.4785766601562,441.5555114746094,977.85888671875,473.6004333496094,964.1687316894531,457.5779724121094
190,190,7.916666666666667,421,3,truck,0.3575138747692108,1009.3262939453125,429.1029968261719,1040.7861328125,463.19512939453125,1025.0562133789062,446.14906311035156
190,190,7.916666666666667,380,2,van,0.3297882378101349,1155.5531005859375,574.0052490234375,1215.4639892578125,646.6437377929688,1185.508544921875,610.3244934082031
190,190,7.916666666666667,312,4,bus,0.38888028264045715,1088.6859130859375,660.6117553710938,1688.0821533203125,1079.83740234375,1388.384033203125,870.2245788574219
190,190,7.916666666666667,13,0,pedestrian,0.278705894947052,492.1449890136719,724.3949584960938,526.3453369140625,821.69677734375,509.2451629638672,773.0458679199219
190,190,7.916666666666667,267,0,pedestrian,0.3312317430973053,1001.8482055664062,812.1392211914062,1034.2996826171875,913.6935424804688,1018.0739440917969,862.9163818359375
190,190,7.916666666666667,98,1,car,0.43858593702316284,381.5501403808594,707.2075805664062,477.60675048828125,814.9072875976562,429.5784454345703,761.0574340820312
191,191,7.958333333333333,42,1,car,0.49540975689888,852.7728271484375,530.372314453125,895.9349975585938,577.7195434570312,874.3539123535156,554.0459289550781
191,191,7.958333333333333,307,0,pedestrian,0.7197134494781494,1531.297119140625,644.1696166992188,1562.131103515625,720.314453125,1546.714111328125,682.2420349121094
191,191,7.958333333333333,4,1,car,0.4059266149997711,901.8734130859375,500.3768310546875,938.9624633789062,531.616943359375,920.4179382324219,515.9968872070312
191,191,7.958333333333333,421,3,truck,0.2826906144618988,1009.5481567382812,429.458740234375,1041.078125,463.54205322265625,1025.3131408691406,446.5003967285156
191,191,7.958333333333333,312,4,bus,0.3396148681640625,1092.7569580078125,660.146728515625,1691.23583984375,1079.9658203125,1391.9963989257812,870.0562744140625
191,191,7.958333333333333,13,0,pedestrian,0.36073219776153564,494.7486267089844,726.810791015625,528.5842895507812,823.8482666015625,511.6664581298828,775.3295288085938
191,191,7.958333333333333,426,0,pedestrian,0.34589385986328125,1100.9930419921875,533.8237915039062,1122.510009765625,583.1015625,1111.7515258789062,558.4626770019531
191,191,7.958333333333333,98,1,car,0.41975319385528564,381.8072814941406,709.2109985351562,479.0622253417969,817.9378051757812,430.43475341796875,763.5744018554688
192,192,8.0,42,1,car,0.5515624284744263,856.3272094726562,532.6719360351562,898.0185546875,578.1234130859375,877.1728820800781,555.3976745605469
192,192,8.0,307,0,pedestrian,0.46003735065460205,1536.9951171875,643.8111572265625,1567.2919921875,718.9920043945312,1552.1435546875,681.4015808105469
192,192,8.0,13,0,pedestrian,0.3181866407394409,498.9358215332031,725.8175048828125,532.6419067382812,823.6807861328125,515.7888641357422,774.7491455078125
192,192,8.0,98,1,car,0.5957289338111877,386.3993835449219,710.9208984375,484.8676452636719,821.07470703125,435.6335144042969,765.997802734375
192,192,8.0,321,3,truck,0.39573103189468384,519.9635009765625,749.2727661132812,657.387451171875,934.2073974609375,588.6754760742188,841.7400817871094
192,192,8.0,380,2,van,0.28085893392562866,1154.536865234375,574.2207641601562,1220.836181640625,656.229248046875,1187.6865234375,615.2250061035156
193,193,8.041666666666666,42,1,car,0.5716651678085327,858.05859375,535.40087890625,900.6656494140625,581.717529296875,879.3621215820312,558.5592041015625
193,193,8.041666666666666,307,0,pedestrian,0.5345488786697388,1540.926513671875,646.3052978515625,1571.85888671875,723.42529296875,1556.3927001953125,684.8652954101562
193,193,8.041666666666666,13,0,pedestrian,0.4070533812046051,501.721435546875,736.0039672851562,534.0924682617188,830.210205078125,517.9069519042969,783.1070861816406
193,193,8.041666666666666,98,1,car,0.38379424810409546,388.0558166503906,712.0372924804688,489.2101135253906,825.2772827148438,438.6329650878906,768.6572875976562
193,193,8.041666666666666,4,1,car,0.5441394448280334,905.844482421875,500.603271484375,944.9105224609375,533.8485717773438,925.3775024414062,517.2259216308594
193,193,8.041666666666666,421,3,truck,0.48245692253112793,1013.8410034179688,430.8439025878906,1049.466796875,469.2379455566406,1031.6539001464844,450.0409240722656
193,193,8.041666666666666,312,4,bus,0.28227826952934265,1138.43603515625,700.5381469726562,1688.6380615234375,1079.389404296875,1413.5370483398438,889.9637756347656
194,194,8.083333333333334,42,1,car,0.2817383408546448,861.0587768554688,537.898193359375,903.7301025390625,584.5457153320312,882.3944396972656,561.2219543457031
194,194,8.083333333333334,307,0,pedestrian,0.4667511284351349,1544.8133544921875,651.5220336914062,1575.9407958984375,729.5664672851562,1560.3770751953125,690.5442504882812
194,194,8.083333333333334,13,0,pedestrian,0.30564746260643005,503.43585205078125,736.900634765625,536.7852783203125,834.9195556640625,520.1105651855469,785.9100952148438
194,194,8.083333333333334,98,1,car,0.4097350835800171,389.8364562988281,718.499267578125,490.85198974609375,831.6096801757812,440.34422302246094,775.0544738769531
194,194,8.083333333333334,4,1,car,0.4188501536846161,907.5053100585938,503.5415344238281,946.2975463867188,536.678955078125,926.9014282226562,520.1102447509766
194,194,8.083333333333334,421,3,truck,0.5832744836807251,1014.5629272460938,434.29107666015625,1051.3848876953125,473.95306396484375,1032.9739074707031,454.1220703125
195,195,8.125,42,1,car,0.5856139063835144,862.574951171875,542.59912109375,904.4547119140625,588.3038940429688,883.5148315429688,565.4515075683594
195,195,8.125,307,0,pedestrian,0.6498594880104065,1548.812255859375,657.043701171875,1579.30419921875,733.7736206054688,1564.0582275390625,695.4086608886719
195,195,8.125,13,0,pedestrian,0.7049522399902344,506.4882507324219,743.546875,539.1461791992188,839.8529663085938,522.8172149658203,791.6999206542969
195,195,8.125,98,2,van,0.31173986196517944,391.5959167480469,722.5074462890625,492.5019836425781,835.5480346679688,442.0489501953125,779.0277404785156
195,195,8.125,4,1,car,0.3944356441497803,908.9369506835938,507.638671875,948.4243774414062,541.6072387695312,928.6806640625,524.6229553222656
195,195,8.125,421,3,truck,0.44881269335746765,1017.6944580078125,438.49267578125,1049.5050048828125,472.227294921875,1033.5997314453125,455.3599853515625
196,196,8.166666666666666,42,1,car,0.612032949924469,867.0643920898438,545.4185180664062,908.5706787109375,590.0618896484375,887.8175354003906,567.7402038574219
196,196,8.166666666666666,307,0,pedestrian,0.6765710115432739,1555.90380859375,657.253173828125,1586.703369140625,734.8732299804688,1571.3035888671875,696.0632019042969
196,196,8.166666666666666,13,0,pedestrian,0.42909491062164307,512.6515502929688,749.0517578125,545.4840698242188,845.3497314453125,529.0678100585938,797.2007446289062
197,197,8.208333333333334,42,1,car,0.5871970653533936,878.4860229492188,546.572998046875,920.3654174804688,591.7131958007812,899.4257202148438,569.1430969238281
197,197,8.208333333333334,13,0,pedestrian,0.686160683631897,524.5037841796875,748.3916625976562,558.5980224609375,848.551025390625,541.5509033203125,798.4713439941406
198,198,8.25,42,1,car,0.6389503479003906,888.2168579101562,548.8478393554688,930.7156372070312,594.5322875976562,909.4662475585938,571.6900634765625
198,198,8.25,312,4,bus,0.26872438192367554,1178.7762451171875,705.1902465820312,1732.555419921875,1080.0,1455.6658325195312,892.5951232910156
199,199,8.291666666666666,42,1,car,0.5602436661720276,896.9925537109375,551.9651489257812,938.8716430664062,596.8970947265625,917.9320983886719,574.4311218261719
200,200,8.333333333333334,42,1,car,0.3415840268135071,903.3822631835938,553.546142578125,945.0325927734375,598.1685791015625,924.2074279785156,575.8573608398438
200,200,8.333333333333334,462,0,pedestrian,0.5332038402557373,549.0620727539062,760.689208984375,582.0496826171875,856.8963623046875,565.5558776855469,808.7927856445312
200,200,8.333333333333334,463,0,pedestrian,0.6355129480361938,1603.1619873046875,663.2422485351562,1632.3665771484375,741.5700073242188,1617.7642822265625,702.4061279296875
200,200,8.333333333333334,464,1,car,0.40787750482559204,440.1220703125,744.1883544921875,535.6148681640625,851.517578125,487.86846923828125,797.8529663085938
201,201,8.375,42,1,car,0.5356833934783936,908.7489624023438,553.6279907226562,950.1075439453125,598.15185546875,929.4282531738281,575.8899230957031
201,201,8.375,462,0,pedestrian,0.6200080513954163,552.8944702148438,754.1375122070312,586.7426147460938,852.7286376953125,569.8185424804688,803.4330749511719
201,201,8.375,463,0,pedestrian,0.6912139058113098,1609.1595458984375,666.6747436523438,1637.674560546875,743.0661010742188,1623.4170532226562,704.8704223632812
201,201,8.375,464,2,van,0.44113340973854065,441.075439453125,741.0389404296875,538.7700805664062,850.8897094726562,489.9227600097656,795.9643249511719
202,202,8.416666666666666,42,1,car,0.6641978621482849,914.7499389648438,554.120849609375,954.2816162109375,596.2684326171875,934.5157775878906,575.1946411132812
202,202,8.416666666666666,462,0,pedestrian,0.45412009954452515,558.6175537109375,752.2152099609375,593.0996704101562,852.5906372070312,575.8586120605469,802.4029235839844
202,202,8.416666666666666,463,0,pedestrian,0.3502861559391022,1615.473388671875,670.3352661132812,1642.961181640625,743.6611328125,1629.21728515625,706.9981994628906
203,203,8.458333333333334,462,0,pedestrian,0.7651917934417725,565.4098510742188,746.0743408203125,600.5517578125,848.4046630859375,582.9808044433594,797.239501953125
203,203,8.458333333333334,463,0,pedestrian,0.6945051550865173,1624.6796875,663.4700927734375,1653.3223876953125,739.5611572265625,1639.0010375976562,701.515625
203,203,8.458333333333334,464,2,van,0.4030322730541229,449.8712463378906,732.2664794921875,548.2669067382812,843.48828125,499.06907653808594,787.8773803710938
204,204,8.5,462,0,pedestrian,0.6660944819450378,567.56201171875,742.1749267578125,602.2693481445312,843.0332641601562,584.9156799316406,792.6040954589844
204,204,8.5,463,0,pedestrian,0.7767311334609985,1628.2657470703125,656.5648193359375,1657.34423828125,733.24658203125,1642.8049926757812,694.9057006835938
204,204,8.5,482,3,truck,0.46962830424308777,1070.9512939453125,433.6319885253906,1106.0625,478.35546875,1088.5068969726562,455.9937286376953
204,204,8.5,464,2,van,0.6537306904792786,454.0687255859375,728.253662109375,551.380126953125,838.689453125,502.72442626953125,783.4715576171875
204,204,8.5,312,4,bus,0.33759498596191406,1199.388916015625,690.4679565429688,1780.1043701171875,1080.0,1489.7466430664062,885.2339782714844
204,204,8.5,42,1,car,0.6914238929748535,923.5400390625,540.9677124023438,963.891357421875,584.0606079101562,943.7156982421875,562.51416015625
205,205,8.541666666666666,462,0,pedestrian,0.6498790979385376,568.57275390625,735.3865356445312,603.8526000976562,838.0562133789062,586.2126770019531,786.7213745117188
205,205,8.541666666666666,463,0,pedestrian,0.421650767326355,1630.2803955078125,648.9750366210938,1659.140380859375,724.9231567382812,1644.7103881835938,686.9490966796875
205,205,8.541666666666666,482,4,bus,0.3419119417667389,1071.326416015625,430.0509033203125,1104.567626953125,472.3125305175781,1087.947021484375,451.1817169189453
205,205,8.541666666666666,464,2,van,0.5829408764839172,456.0816345214844,724.4541015625,552.8694458007812,834.9173583984375,504.4755401611328,779.6857299804688
205,205,8.541666666666666,42,1,car,0.640143096446991,925.269775390625,536.47900390625,964.9276733398438,578.531982421875,945.0987243652344,557.5054931640625
206,206,8.583333333333334,462,0,pedestrian,0.7778958678245544,567.9556884765625,727.3773803710938,603.365478515625,830.4605712890625,585.6605834960938,778.9189758300781
206,206,8.583333333333334,463,0,pedestrian,0.6767135858535767,1630.21435546875,640.2647094726562,1659.00146484375,714.9844970703125,1644.60791015625,677.6246032714844
206,206,8.583333333333334,4,1,car,0.5807546377182007,918.4254150390625,521.92431640625,966.6099243164062,564.8700561523438,942.5176696777344,543.3971862792969
207,207,8.625,462,0,pedestrian,0.7649309039115906,563.5972900390625,720.5389404296875,599.698486328125,825.4009399414062,581.6478881835938,772.9699401855469
207,207,8.625,463,0,pedestrian,0.7728949189186096,1627.394287109375,634.6632080078125,1656.8603515625,709.7045288085938,1642.1273193359375,672.1838684082031
207,207,8.625,4,1,car,0.6136380434036255,918.4678344726562,520.4658203125,965.2176513671875,563.1541137695312,941.8427429199219,541.8099670410156
207,207,8.625,482,4,bus,0.4142477512359619,1066.130126953125,413.293212890625,1102.87646484375,459.80755615234375,1084.5032958984375,436.5503845214844
208,208,8.666666666666666,462,0,pedestrian,0.6897542476654053,561.9641723632812,717.7969360351562,597.738037109375,821.5581665039062,579.8511047363281,769.6775512695312
208,208,8.666666666666666,463,0,pedestrian,0.6264001727104187,1626.6673583984375,631.7181396484375,1656.689208984375,707.2778930664062,1641.6782836914062,669.4980163574219
208,208,8.666666666666666,4,1,car,0.5262857675552368,917.5565185546875,517.6240234375,964.70361328125,561.5953369140625,941.1300659179688,539.6096801757812
208,208,8.666666666666666,504,1,car,0.5223639607429504,449.1318359375,998.206787109375,662.2717895507812,1077.5794677734375,555.7018127441406,1037.8931274414062
208,208,8.666666666666666,482,3,truck,0.36956432461738586,1065.5882568359375,412.4717712402344,1100.7939453125,456.7586669921875,1083.1911010742188,434.61521911621094
208,208,8.666666666666666,464,2,van,0.31870442628860474,455.4183349609375,710.317138671875,552.7958374023438,821.6350708007812,504.1070861816406,765.9761047363281
209,209,8.708333333333334,462,0,pedestrian,0.3959391713142395,560.5942993164062,717.4369506835938,595.6458129882812,818.6581420898438,578.1200561523438,768.0475463867188
209,209,8.708333333333334,463,0,pedestrian,0.5994372963905334,1623.0872802734375,626.0513916015625,1654.765625,704.9517822265625,1638.9264526367188,665.5015869140625
209,209,8.708333333333334,4,1,car,0.5418118834495544,918.220947265625,515.6859130859375,962.6063232421875,556.9169921875,940.4136352539062,536.3014526367188
209,209,8.708333333333334,504,1,car,0.5903077721595764,432.4349365234375,986.0001831054688,680.6865234375,1078.9281005859375,556.5607299804688,1032.4641418457031
209,209,8.708333333333334,482,3,truck,0.5334432721138,1064.224853515625,409.6669616699219,1099.5458984375,453.94976806640625,1081.8853759765625,431.80836486816406
209,209,8.708333333333334,464,1,car,0.47203996777534485,454.6744689941406,708.3724365234375,550.4619140625,817.5638427734375,502.5681915283203,762.9681396484375
210,210,8.75,462,0,pedestrian,0.31796178221702576,556.5075073242188,715.1949462890625,591.3447875976562,815.3291625976562,573.9261474609375,765.2620544433594
210,210,8.75,463,0,pedestrian,0.6861746311187744,1619.450439453125,622.5929565429688,1651.4730224609375,701.9959716796875,1635.4617309570312,662.2944641113281
210,210,8.75,4,1,car,0.4761091470718384,914.04931640625,510.7901611328125,958.4413452148438,552.9307861328125,936.2453308105469,531.8604736328125
210,210,8.75,504,2,van,0.4799484312534332,415.2841796875,972.498779296875,699.28466796875,1079.828857421875,557.284423828125,1026.163818359375
211,211,8.791666666666666,462,0,pedestrian,0.3691881597042084,554.6469116210938,717.451171875,588.4889526367188,813.983642578125,571.5679321289062,765.7174072265625
211,211,8.791666666666666,463,0,pedestrian,0.5765606164932251,1617.9736328125,620.7037353515625,1649.5546875,698.8543701171875,1633.76416015625,659.779052734375
211,211,8.791666666666666,4,1,car,0.3965141773223877,911.7191772460938,507.08837890625,956.3128051757812,550.184326171875,934.0159912109375,528.6363525390625
211,211,8.791666666666666,504,1,car,0.438259482383728,407.8741455078125,961.8172607421875,715.9109497070312,1079.910888671875,561.8925476074219,1020.8640747070312
211,211,8.791666666666666,464,1,car,0.3163791298866272,450.88671875,704.7750244140625,545.5617065429688,812.0414428710938,498.2242126464844,758.4082336425781
212,212,8.833333333333334,462,0,pedestrian,0.6670291423797607,552.9793090820312,721.1539306640625,585.486328125,813.3181762695312,569.2328186035156,767.2360534667969
212,212,8.833333333333334,463,0,pedestrian,0.5704939961433411,1613.6673583984375,619.880126953125,1645.3839111328125,697.2865600585938,1629.525634765625,658.5833435058594
212,212,8.833333333333334,504,1,car,0.633265495300293,405.5705261230469,950.47900390625,735.8265380859375,1079.512939453125,570.6985321044922,1014.9959716796875
212,212,8.833333333333334,520,0,pedestrian,0.424765020608902,1070.8238525390625,819.5472412109375,1104.99609375,924.7282104492188,1087.9099731445312,872.1377258300781
212,212,8.833333333333334,521,1,car,0.4299400746822357,959.2632446289062,478.5687255859375,986.664794921875,502.9823913574219,972.9640197753906,490.7755584716797
212,212,8.833333333333334,524,2,van,0.5262755751609802,1114.0196533203125,520.1420288085938,1165.9959716796875,580.5501098632812,1140.0078125,550.3460693359375
212,212,8.833333333333334,525,1,car,0.374176025390625,443.4319152832031,704.5510864257812,543.7899780273438,811.7720336914062,493.61094665527344,758.1615600585938
212,212,8.833333333333334,464,2,van,0.385079026222229,447.3572998046875,703.4071044921875,542.0044555664062,810.6455078125,494.6808776855469,757.0263061523438
212,212,8.833333333333334,312,4,bus,0.2973617911338806,1189.772216796875,706.280517578125,1755.11376953125,1077.18017578125,1472.4429931640625,891.7303466796875
213,213,8.875,462,0,pedestrian,0.7057734131813049,548.6349487304688,723.4906616210938,580.66259765625,814.1396484375,564.6487731933594,768.8151550292969
213,213,8.875,463,0,pedestrian,0.4520977735519409,1610.142578125,620.5534057617188,1641.863037109375,697.4008178710938,1626.0028076171875,658.9771118164062
213,213,8.875,504,1,car,0.8004606366157532,401.9534606933594,940.849853515625,748.9277954101562,1079.7347412109375,575.4406280517578,1010.2922973632812
213,213,8.875,520,0,pedestrian,0.3332799971103668,1069.580322265625,816.906982421875,1105.2113037109375,926.4581909179688,1087.3958129882812,871.6825866699219
213,213,8.875,521,1,car,0.36402878165245056,956.0409545898438,478.1207275390625,984.4056396484375,503.3171691894531,970.2232971191406,490.7189483642578
214,214,8.916666666666666,462,0,pedestrian,0.4885171353816986,544.3070068359375,728.2407836914062,575.2462158203125,814.1910400390625,559.776611328125,771.2159118652344
214,214,8.916666666666666,463,0,pedestrian,0.3797578513622284,1607.3590087890625,621.54296875,1638.4686279296875,696.6705932617188,1622.913818359375,659.1067810058594
214,214,8.916666666666666,520,0,pedestrian,0.4859189987182617,1067.6824951171875,820.6349487304688,1102.9346923828125,928.64404296875,1085.30859375,874.6394958496094
214,214,8.916666666666666,521,1,car,0.3502785861492157,952.4652099609375,477.9722900390625,981.4069213867188,503.6016540527344,966.9360656738281,490.78697204589844
214,214,8.916666666666666,533,4,bus,0.5877014994621277,1045.45703125,405.20672607421875,1082.2718505859375,449.2162170410156,1063.8644409179688,427.2114715576172
214,214,8.916666666666666,4,1,car,0.48815175890922546,904.65869140625,502.37335205078125,948.2858276367188,545.0443115234375,926.4722595214844,523.7088317871094
214,214,8.916666666666666,464,1,car,0.6446734070777893,440.15625,700.52978515625,536.0918579101562,808.8762817382812,488.1240539550781,754.7030334472656
214,214,8.916666666666666,312,4,bus,0.42004868388175964,1185.2857666015625,708.9337768554688,1758.1544189453125,1077.91064453125,1471.7200927734375,893.4222106933594
215,215,8.958333333333334,462,0,pedestrian,0.5161470770835876,538.2850952148438,716.138427734375,573.319091796875,813.4417114257812,555.8020935058594,764.7900695800781
215,215,8.958333333333334,463,0,pedestrian,0.7035905718803406,1604.685302734375,621.6510009765625,1635.876708984375,696.7603149414062,1620.281005859375,659.2056579589844
215,215,8.958333333333334,533,4,bus,0.4406343400478363,1043.19775390625,404.9387512207031,1079.8648681640625,448.7628479003906,1061.5313110351562,426.8507995605469
215,215,8.958333333333334,4,1,car,0.5311408638954163,902.2540893554688,500.90771484375,945.396484375,543.620361328125,923.8252868652344,522.2640380859375
215,215,8.958333333333334,504,1,car,0.5855807662010193,399.0221862792969,922.557861328125,774.0481567382812,1078.1573486328125,586.5351715087891,1000.3576049804688
216,216,9.0,462,0,pedestrian,0.5303515791893005,534.2361450195312,711.3173828125,570.57373046875,812.124267578125,552.4049377441406,761.7208251953125
216,216,9.0,463,0,pedestrian,0.7674386501312256,1602.9560546875,623.48974609375,1634.221435546875,698.4049682617188,1618.5887451171875,660.9473571777344
216,216,9.0,533,3,truck,0.48311421275138855,1040.685302734375,406.3748474121094,1076.97021484375,449.6329040527344,1058.8277587890625,428.0038757324219
216,216,9.0,4,1,car,0.5366963744163513,899.5047607421875,500.1830139160156,942.0049438476562,542.5924682617188,920.7548522949219,521.3877410888672
216,216,9.0,504,1,car,0.73525071144104,403.1434631347656,914.2199096679688,780.4456176757812,1077.1263427734375,591.7945404052734,995.6731262207031
216,216,9.0,401,1,car,0.3527631163597107,955.8805541992188,451.8887939453125,978.0784912109375,475.395263671875,966.9795227050781,463.64202880859375
216,216,9.0,521,1,car,0.3007504642009735,949.088623046875,477.4581298828125,979.5973510742188,504.3636779785156,964.3429870605469,490.91090393066406
217,217,9.041666666666666,462,0,pedestrian,0.5733239054679871,531.6244506835938,710.2476806640625,568.5396118164062,812.4893188476562,550.08203125,761.3684997558594
217,217,9.041666666666666,463,0,pedestrian,0.6288668513298035,1600.9390869140625,623.8892211914062,1632.854248046875,700.1436767578125,1616.8966674804688,662.0164489746094
217,217,9.041666666666666,4,1,car,0.510114312171936,896.6824951171875,499.4145202636719,939.733642578125,542.7783813476562,918.2080688476562,521.0964508056641
217,217,9.041666666666666,504,1,car,0.888157069683075,407.484375,906.7693481445312,785.8079833984375,1077.2315673828125,596.6461791992188,992.0004577636719
217,217,9.041666666666666,559,1,car,0.3525688946247101,1101.1951904296875,477.16949462890625,1139.48193359375,508.8017883300781,1120.3385620117188,492.9856414794922
218,218,9.083333333333334,462,0,pedestrian,0.7191380262374878,529.1474609375,708.170166015625,566.7024536132812,812.4058837890625,547.9249572753906,760.2880249023438
218,218,9.083333333333334,463,0,pedestrian,0.7073965668678284,1598.13330078125,624.9149780273438,1630.7657470703125,702.89208984375,1614.4495239257812,663.9035339355469
218,218,9.083333333333334,4,1,car,0.4798204004764557,895.2014770507812,498.84197998046875,938.2979125976562,542.7597045898438,916.7496948242188,520.8008422851562
218,218,9.083333333333334,504,1,car,0.7383882999420166,413.0242919921875,898.34521484375,791.5625,1076.9271240234375,602.2933959960938,987.6361694335938
218,218,9.083333333333334,559,1,car,0.37337353825569153,1098.8551025390625,477.27105712890625,1138.25732421875,509.8284912109375,1118.5562133789062,493.5497741699219
218,218,9.083333333333334,533,3,truck,0.41734105348587036,1037.2938232421875,406.8924865722656,1076.0755615234375,452.9983215332031,1056.6846923828125,429.9454040527344
219,219,9.125,462,0,pedestrian,0.7745901346206665,526.666015625,707.7691040039062,564.3876342773438,812.6148071289062,545.5268249511719,760.1919555664062
219,219,9.125,463,0,pedestrian,0.7269871234893799,1596.6068115234375,625.3917236328125,1630.088134765625,705.9906616210938,1613.3474731445312,665.6911926269531
219,219,9.125,4,1,car,0.4028683304786682,894.5523681640625,498.6822204589844,937.00048828125,542.3831787109375,915.7764282226562,520.5326995849609
219,219,9.125,559,1,car,0.293224960565567,1100.13623046875,477.40435791015625,1139.72900390625,510.15277099609375,1119.9326171875,493.778564453125
219,219,9.125,533,3,truck,0.40431374311447144,1036.0616455078125,407.82244873046875,1075.5767822265625,454.70440673828125,1055.8192138671875,431.263427734375
220,220,9.166666666666666,462,0,pedestrian,0.788258969783783,525.4386596679688,709.8756103515625,562.3607788085938,812.5867919921875,543.8997192382812,761.231201171875
220,220,9.166666666666666,463,0,pedestrian,0.7888688445091248,1595.888671875,627.7962646484375,1629.1549072265625,708.2799682617188,1612.5217895507812,668.0381164550781
220,220,9.166666666666666,4,1,car,0.43061697483062744,893.5375366210938,498.6604919433594,935.6524658203125,542.4269409179688,914.5950012207031,520.5437164306641
220,220,9.166666666666666,520,0,pedestrian,0.5968018174171448,1053.2864990234375,837.6879272460938,1090.4163818359375,951.0557861328125,1071.8514404296875,894.3718566894531
220,220,9.166666666666666,312,4,bus,0.31608080863952637,1138.2264404296875,679.9208984375,1758.33251953125,1080.0,1448.2794799804688,879.96044921875
220,220,9.166666666666666,521,1,car,0.4175609052181244,937.5494384765625,479.08599853515625,967.3206787109375,505.33697509765625,952.43505859375,492.21148681640625
220,220,9.166666666666666,504,1,car,0.6909209489822388,417.8525695800781,883.6083374023438,804.8662109375,1076.488525390625,611.3593902587891,980.0484313964844
221,221,9.208333333333334,462,0,pedestrian,0.7117626070976257,522.5914916992188,709.7322998046875,559.6600341796875,813.0536499023438,541.1257629394531,761.3929748535156
221,221,9.208333333333334,463,0,pedestrian,0.7617068290710449,1595.3212890625,631.6012573242188,1627.938232421875,710.4393920898438,1611.6297607421875,671.0203247070312
221,221,9.208333333333334,4,1,car,0.5438754558563232,892.4436645507812,498.64190673828125,934.3279418945312,542.6383056640625,913.3858032226562,520.6401062011719
221,221,9.208333333333334,520,0,pedestrian,0.5720353126525879,1050.71728515625,838.638916015625,1088.1243896484375,952.1719360351562,1069.4208374023438,895.4054260253906
221,221,9.208333333333334,312,4,bus,0.27319958806037903,1128.6263427734375,672.4161987304688,1760.140625,1080.0,1444.3834838867188,876.2080993652344
221,221,9.208333333333334,521,1,car,0.3117601275444031,936.3900756835938,478.8822326660156,966.3457641601562,505.22894287109375,951.367919921875,492.0555877685547
221,221,9.208333333333334,504,1,car,0.5172383189201355,427.77069091796875,877.8655395507812,803.78759765625,1075.7032470703125,615.7791442871094,976.7843933105469
222,222,9.25,462,0,pedestrian,0.5768420100212097,521.6390991210938,712.9739990234375,557.3352661132812,812.8594360351562,539.4871826171875,762.9167175292969
222,222,9.25,463,0,pedestrian,0.7047635316848755,1593.6873779296875,633.09765625,1626.409912109375,712.6716918945312,1610.0486450195312,672.8846740722656
222,222,9.25,4,1,car,0.33867862820625305,891.6522827148438,498.1548156738281,933.2052001953125,542.2212524414062,912.4287414550781,520.1880340576172
222,222,9.25,520,0,pedestrian,0.5006897449493408,1049.3336181640625,837.6883544921875,1087.9949951171875,954.5726318359375,1068.664306640625,896.1304931640625
222,222,9.25,312,4,bus,0.634508490562439,1127.4991455078125,676.2599487304688,1752.9376220703125,1080.0,1440.2183837890625,878.1299743652344
222,222,9.25,504,1,car,0.7492480874061584,437.31231689453125,869.8568115234375,806.1202392578125,1074.91796875,621.7162780761719,972.3873901367188
222,222,9.25,533,3,truck,0.33760732412338257,1031.9296875,413.8519287109375,1066.376953125,454.4172668457031,1049.1533203125,434.1345977783203
223,223,9.291666666666666,462,0,pedestrian,0.5005007982254028,519.8523559570312,714.4153442382812,555.3790893554688,814.0420532226562,537.61572265625,764.2286987304688
223,223,9.291666666666666,463,0,pedestrian,0.4839785099029541,1592.528564453125,633.6099243164062,1624.796875,712.6685791015625,1608.6627197265625,673.1392517089844
223,223,9.291666666666666,4,1,car,0.41368645429611206,892.1193237304688,498.5315856933594,931.9092407226562,541.0254516601562,912.0142822265625,519.7785186767578
223,223,9.291666666666666,586,2,van,0.3403242826461792,1091.496337890625,530.980224609375,1146.8792724609375,588.4842529296875,1119.1878051757812,559.7322387695312
223,223,9.291666666666666,533,3,truck,0.41063976287841797,1029.651123046875,414.1579284667969,1064.4644775390625,454.9522705078125,1047.0578002929688,434.5550994873047
223,223,9.291666666666666,521,1,car,0.3360714912414551,935.5039672851562,478.6390380859375,964.0784301757812,503.68951416015625,949.7911987304688,491.1642761230469
224,224,9.333333333333334,462,0,pedestrian,0.3760274052619934,517.8447875976562,712.2874145507812,554.323974609375,814.7814331054688,536.0843811035156,763.534423828125
224,224,9.333333333333334,463,0,pedestrian,0.6685022711753845,1591.3358154296875,634.0734252929688,1622.8275146484375,711.5591430664062,1607.0816650390625,672.8162841796875
224,224,9.333333333333334,586,1,car,0.2761155068874359,1091.658447265625,531.611572265625,1143.6815185546875,585.5970458984375,1117.6699829101562,558.6043090820312
224,224,9.333333333333334,533,3,truck,0.5316486358642578,1026.9921875,413.232421875,1063.4716796875,456.0670166015625,1045.23193359375,434.64971923828125
224,224,9.333333333333334,590,1,car,0.37869951128959656,555.6976318359375,857.6524047851562,713.0623168945312,1060.024169921875,634.3799743652344,958.8382873535156
224,224,9.333333333333334,521,1,car,0.42107832431793213,934.0498657226562,478.21929931640625,962.3134765625,502.84100341796875,948.1816711425781,490.5301513671875
224,224,9.333333333333334,520,0,pedestrian,0.5884028077125549,1048.0916748046875,838.3270263671875,1088.1180419921875,956.8367919921875,1068.1048583984375,897.5819091796875
225,225,9.375,462,0,pedestrian,0.5353355407714844,516.4754638671875,710.41748046875,553.7299194335938,815.832275390625,535.1026916503906,763.1248779296875
225,225,9.375,463,0,pedestrian,0.733047604560852,1590.4324951171875,633.9244995117188,1621.5340576171875,710.9623413085938,1605.9832763671875,672.4434204101562
225,225,9.375,533,3,truck,0.3931031823158264,1025.6395263671875,415.7619934082031,1060.6990966796875,456.8251953125,1043.1693115234375,436.29359436035156
225,225,9.375,590,1,car,0.5778563022613525,562.18115234375,852.5629272460938,717.0923461914062,1051.7857666015625,639.6367492675781,952.1743469238281
225,225,9.375,521,1,car,0.39474666118621826,932.5068969726562,478.4645690917969,960.6585083007812,502.72467041015625,946.5827026367188,490.59461975097656
225,225,9.375,520,0,pedestrian,0.616912305355072,1047.6343994140625,837.1948852539062,1089.1131591796875,957.6815795898438,1068.373779296875,897.438232421875
225,225,9.375,4,1,car,0.2990766763687134,889.5274047851562,500.0910339355469,927.9339599609375,541.8126831054688,908.7306823730469,520.9518585205078
226,226,9.416666666666666,462,0,pedestrian,0.6486055850982666,514.906494140625,713.7280883789062,551.5123901367188,816.981201171875,533.2094421386719,765.3546447753906
226,226,9.416666666666666,463,0,pedestrian,0.7728458642959595,1589.4715576171875,632.7657470703125,1620.528564453125,709.8603515625,1605.0000610351562,671.3130493164062
226,226,9.416666666666666,533,4,bus,0.422200471162796,1021.6276245117188,413.3406066894531,1059.849365234375,458.23779296875,1040.7384948730469,435.78919982910156
226,226,9.416666666666666,590,2,van,0.30280324816703796,568.941650390625,843.6067504882812,724.1342163085938,1043.34716796875,646.5379333496094,943.4769592285156
226,226,9.416666666666666,521,1,car,0.3119249641895294,929.9649658203125,478.0093688964844,958.6513671875,502.53240966796875,944.3081665039062,490.27088928222656
226,226,9.416666666666666,4,1,car,0.3192735016345978,888.4625854492188,500.07672119140625,926.3883666992188,541.5418090820312,907.4254760742188,520.8092651367188
227,227,9.458333333333334,462,0,pedestrian,0.5256450772285461,511.86676025390625,712.5851440429688,549.2020263671875,818.3948364257812,530.5343933105469,765.489990234375
227,227,9.458333333333334,463,0,pedestrian,0.7905665636062622,1589.1761474609375,632.8271484375,1619.7755126953125,708.6644897460938,1604.475830078125,670.7458190917969
227,227,9.458333333333334,533,4,bus,0.3887556493282318,1019.4491577148438,414.8205261230469,1057.3807373046875,459.1610412597656,1038.4149475097656,436.99078369140625
227,227,9.458333333333334,590,1,car,0.4039791524410248,576.0447387695312,837.7020263671875,727.095703125,1032.26953125,651.5702209472656,934.9857788085938
227,227,9.458333333333334,521,1,car,0.35011857748031616,927.6808471679688,477.8111572265625,956.5987548828125,502.43902587890625,942.1398010253906,490.1250915527344
227,227,9.458333333333334,4,1,car,0.44277578592300415,887.6416015625,500.12493896484375,924.9572143554688,540.977294921875,906.2994079589844,520.5511169433594
227,227,9.458333333333334,520,0,pedestrian,0.41016334295272827,1047.600341796875,838.3999633789062,1090.302001953125,962.6328125,1068.951171875,900.5163879394531
228,228,9.5,462,0,pedestrian,0.4067205786705017,511.1673889160156,716.0949096679688,547.2404174804688,818.08984375,529.2039031982422,767.0923767089844
228,228,9.5,463,0,pedestrian,0.7968066930770874,1588.6531982421875,633.28271484375,1618.652587890625,707.116455078125,1603.6528930664062,670.1995849609375
228,228,9.5,533,3,truck,0.4710049629211426,1017.3184204101562,413.2626037597656,1056.7510986328125,459.53594970703125,1037.0347595214844,436.39927673339844
228,228,9.5,590,1,car,0.2841792702674866,581.8897705078125,831.1419677734375,730.3446044921875,1022.6001586914062,656.1171875,926.8710632324219
228,228,9.5,521,1,car,0.32867366075515747,927.3812255859375,477.9942626953125,955.7416381835938,501.9278869628906,941.5614318847656,489.96107482910156
228,228,9.5,4,1,car,0.4285031259059906,886.9993286132812,500.1289978027344,923.6721801757812,540.1907348632812,905.3357543945312,520.1598663330078
228,228,9.5,606,4,bus,0.36200466752052307,1016.5621948242188,412.7465515136719,1058.4007568359375,459.35968017578125,1037.4814758300781,436.05311584472656
228,228,9.5,520,0,pedestrian,0.49449422955513,1047.1611328125,839.4725341796875,1089.8402099609375,964.0245361328125,1068.5006713867188,901.74853515625
229,229,9.541666666666666,462,0,pedestrian,0.47809135913848877,509.5684814453125,714.8929443359375,546.5050659179688,818.9963989257812,528.0367736816406,766.9446716308594
229,229,9.541666666666666,463,0,pedestrian,0.8186907172203064,1588.100341796875,632.692138671875,1618.1444091796875,706.2467651367188,1603.1223754882812,669.4694519042969
229,229,9.541666666666666,533,3,truck,0.45883625745773315,1015.3668212890625,412.0397033691406,1055.79345703125,459.6264953613281,1035.5801391601562,435.8330993652344
229,229,9.541666666666666,590,1,car,0.3383306562900543,589.06298828125,826.3040161132812,733.9450073242188,1013.23095703125,661.5039978027344,919.7674865722656
229,229,9.541666666666666,521,1,car,0.35184285044670105,928.4602661132812,478.4548645019531,955.9450073242188,501.6325378417969,942.20263671875,490.043701171875
229,229,9.541666666666666,4,1,car,0.355221152305603,885.41650390625,499.2362365722656,921.7962036132812,539.1647338867188,903.6063537597656,519.2004852294922
229,229,9.541666666666666,606,4,bus,0.3300474286079407,1014.7906494140625,411.53179931640625,1057.6248779296875,459.3316650390625,1036.207763671875,435.4317321777344
229,229,9.541666666666666,520,0,pedestrian,0.374961793422699,1048.5523681640625,842.1309204101562,1090.679931640625,964.9942626953125,1069.6161499023438,903.5625915527344
230,230,9.583333333333334,462,0,pedestrian,0.4127731919288635,508.3405456542969,715.5411987304688,545.263671875,819.6444702148438,526.8021087646484,767.5928344726562
230,230,9.583333333333334,463,0,pedestrian,0.8136283159255981,1587.4100341796875,631.308349609375,1617.851318359375,705.2766723632812,1602.6306762695312,668.2925109863281
230,230,9.583333333333334,590,1,car,0.28427207469940186,595.86279296875,820.7705078125,737.1522827148438,1003.1722412109375,666.5075378417969,911.9713745117188
230,230,9.583333333333334,521,1,car,0.3202362060546875,927.3214111328125,478.2700500488281,956.0001831054688,502.2486267089844,941.6607971191406,490.25933837890625
230,230,9.583333333333334,4,1,car,0.40620899200439453,885.188232421875,499.8208923339844,920.2940063476562,538.175048828125,902.7411193847656,518.9979705810547
231,231,9.625,462,0,pedestrian,0.28265371918678284,507.54296875,716.7593994140625,544.3198852539062,820.5430297851562,525.9314270019531,768.6512145996094
231,231,9.625,463,0,pedestrian,0.7345816493034363,1586.4947509765625,628.913330078125,1617.6947021484375,704.4244995117188,1602.0947265625,666.6689147949219
231,231,9.625,590,1,car,0.5530748963356018,602.2297973632812,817.2756958007812,739.2278442382812,994.105712890625,670.7288208007812,905.6907043457031
231,231,9.625,4,1,car,0.2654736340045929,884.0677490234375,499.8713073730469,918.73779296875,537.7997436523438,901.4027709960938,518.8355255126953
231,231,9.625,312,4,bus,0.3537837862968445,1118.369384765625,667.25048828125,1752.1077880859375,1078.952880859375,1435.2385864257812,873.1016845703125
231,231,9.625,533,3,truck,0.34615400433540344,1013.1243286132812,412.2588195800781,1053.7786865234375,460.1003723144531,1033.4515075683594,436.1795959472656
232,232,9.666666666666666,463,0,pedestrian,0.6586313247680664,1585.5120849609375,626.51611328125,1617.6358642578125,703.7957153320312,1601.573974609375,665.1559143066406
232,232,9.666666666666666,590,1,car,0.4379330277442932,608.3413696289062,811.3594970703125,741.6113891601562,983.233642578125,674.9763793945312,897.2965698242188
232,232,9.666666666666666,4,1,car,0.34683746099472046,884.1499633789062,500.105712890625,918.1271362304688,537.23486328125,901.1385498046875,518.6702880859375
232,232,9.666666666666666,312,4,bus,0.46651920676231384,1121.23291015625,673.76611328125,1742.859130859375,1078.259033203125,1432.0460205078125,876.0125732421875
232,232,9.666666666666666,533,3,truck,0.2560599744319916,1013.1277465820312,414.8870544433594,1051.71728515625,459.76800537109375,1032.4225158691406,437.32752990722656
232,232,9.666666666666666,586,1,car,0.2674243152141571,1082.77490234375,527.0972900390625,1133.4561767578125,579.7359008789062,1108.1155395507812,553.4165954589844
233,233,9.708333333333334,463,0,pedestrian,0.6941043734550476,1585.2352294921875,626.782958984375,1617.6971435546875,704.0405883789062,1601.4661865234375,665.4117736816406
233,233,9.708333333333334,590,2,van,0.4346502125263214,614.1259765625,804.8500366210938,745.2474365234375,974.0305786132812,679.6867065429688,889.4403076171875
233,233,9.708333333333334,4,1,car,0.4145719110965729,884.3070678710938,499.9173583984375,918.071533203125,536.7764892578125,901.1893005371094,518.346923828125
233,233,9.708333333333334,312,4,bus,0.5282313823699951,1123.83349609375,678.3906860351562,1740.754638671875,1079.2498779296875,1432.2940673828125,878.8202819824219
233,233,9.708333333333334,624,1,car,0.33961695432662964,923.302490234375,467.82879638671875,952.3639526367188,493.7909240722656,937.8332214355469,480.8098602294922
233,233,9.708333333333334,586,1,car,0.3159516453742981,1083.515380859375,526.8380126953125,1133.3818359375,578.76953125,1108.4486083984375,552.8037719726562
233,233,9.708333333333334,521,1,car,0.37273356318473816,918.6766357421875,472.3740539550781,951.597412109375,500.4100646972656,935.1370239257812,486.3920593261719
233,233,9.708333333333334,462,0,pedestrian,0.28841090202331543,505.8258361816406,717.0758666992188,543.0211791992188,822.0604858398438,524.4235076904297,769.5681762695312
234,234,9.75,463,0,pedestrian,0.7595295906066895,1586.628662109375,627.8662109375,1619.440673828125,705.0309448242188,1603.03466796875,666.4485778808594
234,234,9.75,4,1,car,0.4587337076663971,884.197509765625,498.8706970214844,918.8025512695312,536.636474609375,901.5000305175781,517.7535858154297
234,234,9.75,312,4,bus,0.5294702053070068,1127.1588134765625,683.0289916992188,1735.496826171875,1078.7994384765625,1431.3278198242188,880.9142150878906
234,234,9.75,624,1,car,0.32372280955314636,923.2089233398438,468.9333190917969,952.7639770507812,495.3459777832031,937.9864501953125,482.1396484375
234,234,9.75,586,1,car,0.27593380212783813,1081.6436767578125,527.79248046875,1134.6219482421875,583.363525390625,1108.1328125,555.5780029296875
234,234,9.75,521,1,car,0.31687232851982117,917.9472045898438,472.05377197265625,950.9588623046875,500.4819030761719,934.4530334472656,486.26783752441406
234,234,9.75,462,0,pedestrian,0.3748520612716675,507.0644226074219,718.382080078125,543.6473388671875,821.559326171875,525.3558807373047,769.970703125
234,234,9.75,520,0,pedestrian,0.31898656487464905,1049.694580078125,851.8593139648438,1091.9521484375,973.5249633789062,1070.8233642578125,912.692138671875
234,234,9.75,533,3,truck,0.37828147411346436,1010.5086669921875,411.74169921875,1053.0682373046875,461.5267333984375,1031.7884521484375,436.63421630859375
235,235,9.791666666666666,463,0,pedestrian,0.7093979716300964,1588.232177734375,629.4786376953125,1621.722900390625,707.0903930664062,1604.9775390625,668.2845153808594
235,235,9.791666666666666,4,1,car,0.436170756816864,885.3114013671875,498.77435302734375,919.7252197265625,536.1482543945312,902.518310546875,517.4613037109375
235,235,9.791666666666666,312,4,bus,0.42945653200149536,1121.4915771484375,673.7728271484375,1742.0106201171875,1079.0020751953125,1431.7510986328125,876.387451171875
235,235,9.791666666666666,624,1,car,0.295602023601532,923.1219482421875,470.7147521972656,953.3690795898438,497.74566650390625,938.2455139160156,484.23020935058594
235,235,9.791666666666666,586,1,car,0.2918955087661743,1084.2574462890625,528.8556518554688,1133.6756591796875,580.6234741210938,1108.966552734375,554.7395629882812
235,235,9.791666666666666,521,1,car,0.27507561445236206,917.9734497070312,471.751220703125,950.374267578125,499.8684387207031,934.1738586425781,485.80982971191406
235,235,9.791666666666666,462,0,pedestrian,0.5146757364273071,507.5052795410156,717.7704467773438,544.0980834960938,821.1785278320312,525.8016815185547,769.4744873046875
235,235,9.791666666666666,533,3,truck,0.3711053431034088,1011.062744140625,410.9225158691406,1054.4302978515625,462.0451354980469,1032.7465209960938,436.48382568359375
235,235,9.791666666666666,559,3,truck,0.3054332435131073,1090.84716796875,478.4180908203125,1136.5535888671875,515.8013916015625,1113.7003784179688,497.1097412109375
235,235,9.791666666666666,590,3,truck,0.35200852155685425,624.508056640625,789.8984985351562,754.2910766601562,957.9628295898438,689.3995666503906,873.9306640625
236,236,9.833333333333334,463,0,pedestrian,0.7000113725662231,1588.202392578125,631.6033935546875,1622.2176513671875,709.3758544921875,1605.2100219726562,670.4896240234375
236,236,9.833333333333334,4,1,car,0.44227224588394165,885.8618774414062,497.7372131347656,920.75048828125,535.6370849609375,903.3061828613281,516.6871490478516
236,236,9.833333333333334,624,1,car,0.30338922142982483,923.2304077148438,469.5021667480469,953.3766479492188,496.4636535644531,938.3035278320312,482.98291015625
236,236,9.833333333333334,586,1,car,0.33108875155448914,1084.321533203125,528.2802124023438,1134.8853759765625,581.4791870117188,1109.6034545898438,554.8796997070312
236,236,9.833333333333334,521,1,car,0.29947054386138916,918.2275390625,471.1629638671875,949.8143310546875,498.8800048828125,934.0209350585938,485.021484375
236,236,9.833333333333334,462,0,pedestrian,0.43021899461746216,507.69500732421875,718.1820068359375,544.1776733398438,821.2384643554688,525.9363403320312,769.7102355957031
236,236,9.833333333333334,533,4,bus,0.4681952893733978,1011.1756591796875,410.1837463378906,1055.5875244140625,462.9905700683594,1033.381591796875,436.587158203125
236,236,9.833333333333334,631,3,truck,0.40130752325057983,1013.2783203125,409.9520568847656,1055.2425537109375,462.9639587402344,1034.2604370117188,436.4580078125
236,236,9.833333333333334,559,3,truck,0.41117116808891296,1090.1820068359375,477.8406982421875,1137.2591552734375,516.1776123046875,1113.7205810546875,497.0091552734375
236,236,9.833333333333334,590,3,truck,0.33124083280563354,628.8003540039062,778.1655883789062,759.6986694335938,948.567626953125,694.24951171875,863.3666076660156
237,237,9.875,463,0,pedestrian,0.674257218837738,1588.860595703125,632.3123779296875,1623.6356201171875,710.537841796875,1606.2481079101562,671.4251098632812
237,237,9.875,4,1,car,0.40514570474624634,885.7221069335938,495.6947937011719,922.1619873046875,535.2664184570312,903.9420471191406,515.4806060791016
237,237,9.875,586,1,car,0.3321506679058075,1083.99951171875,527.7020263671875,1136.1573486328125,582.768798828125,1110.0784301757812,555.2354125976562
237,237,9.875,462,0,pedestrian,0.5156306624412537,508.0907287597656,717.5691528320312,544.7393188476562,821.3433227539062,526.4150238037109,769.4562377929688
237,237,9.875,533,3,truck,0.3417404890060425,1011.6565551757812,409.87518310546875,1056.50244140625,463.5774230957031,1034.0794982910156,436.72630310058594
237,237,9.875,631,4,bus,0.5935274958610535,1013.5993041992188,409.8221130371094,1056.0233154296875,463.42724609375,1034.8113098144531,436.6246795654297
237,237,9.875,559,3,truck,0.3694804310798645,1089.563720703125,477.9303283691406,1137.4019775390625,516.8109741210938,1113.4828491210938,497.3706512451172
237,237,9.875,590,3,truck,0.459853857755661,635.7031860351562,772.966552734375,763.43359375,939.7714233398438,699.5683898925781,856.3689880371094
237,237,9.875,635,1,car,0.33233535289764404,582.9715576171875,682.8563232421875,664.19580078125,789.8368530273438,623.5836791992188,736.3465881347656
237,237,9.875,636,1,car,0.32078441977500916,401.18597412109375,708.1796875,498.4595031738281,822.3175048828125,449.82273864746094,765.2485961914062
238,238,9.916666666666666,463,0,pedestrian,0.48210689425468445,1589.7828369140625,633.0491943359375,1624.52001953125,710.4561157226562,1607.1514282226562,671.7526550292969
238,238,9.916666666666666,4,1,car,0.3793671727180481,886.9312744140625,496.2226867675781,922.9782104492188,535.3157348632812,904.9547424316406,515.7692108154297
238,238,9.916666666666666,586,1,car,0.29010429978370667,1084.16845703125,528.7348022460938,1136.4619140625,584.1405029296875,1110.315185546875,556.4376525878906
238,238,9.916666666666666,462,0,pedestrian,0.6896846294403076,507.9432678222656,715.2516479492188,545.6690673828125,822.45263671875,526.8061676025391,768.8521423339844
238,238,9.916666666666666,533,3,truck,0.30209869146347046,1011.8621826171875,409.2652587890625,1057.10693359375,463.8312072753906,1034.4845581054688,436.54823303222656
238,238,9.916666666666666,631,4,bus,0.6494157314300537,1013.5808715820312,409.18798828125,1056.6522216796875,463.6416320800781,1035.1165466308594,436.41481018066406
238,238,9.916666666666666,559,3,truck,0.3653421103954315,1090.04541015625,477.1231994628906,1139.423583984375,517.2774047851562,1114.7344970703125,497.20030212402344
238,238,9.916666666666666,590,3,truck,0.2561170160770416,640.5919189453125,763.7579956054688,768.7630004882812,932.3693237304688,704.6774597167969,848.0636596679688
238,238,9.916666666666666,636,1,car,0.3902798891067505,403.0714111328125,709.3772583007812,499.2668151855469,822.2634887695312,451.1691131591797,765.8203735351562
238,238,9.916666666666666,638,0,pedestrian,0.4019003212451935,498.7415771484375,1000.5809326171875,571.04443359375,1079.7120361328125,534.8930053710938,1040.146484375
238,238,9.916666666666666,624,1,car,0.3189338743686676,923.2537231445312,466.2222900390625,954.6710815429688,494.3827819824219,938.96240234375,480.3025360107422
239,239,9.958333333333334,463,0,pedestrian,0.7256648540496826,1593.1021728515625,632.8064575195312,1628.9521484375,712.5455932617188,1611.0271606445312,672.676025390625
239,239,9.958333333333334,4,1,car,0.4874301850795746,888.410400390625,496.54315185546875,924.2080078125,535.2471923828125,906.3092041015625,515.8951721191406
239,239,9.958333333333334,586,1,car,0.335342675447464,1084.675048828125,530.535888671875,1136.204833984375,585.2096557617188,1110.43994140625,557.8727722167969
239,239,9.958333333333334,462,0,pedestrian,0.6106839776039124,507.8792724609375,714.905029296875,545.8150634765625,822.9837036132812,526.84716796875,768.9443664550781
239,239,9.958333333333334,533,3,truck,0.39052456617355347,1011.8767700195312,410.3500061035156,1056.58544921875,464.5419616699219,1034.2311096191406,437.44598388671875
239,239,9.958333333333334,631,4,bus,0.47766953706741333,1013.375244140625,410.4949645996094,1056.022216796875,464.4219970703125,1034.69873046875,437.45848083496094
239,239,9.958333333333334,559,3,truck,0.2915131747722626,1092.0330810546875,477.7601013183594,1140.4237060546875,517.2298583984375,1116.2283935546875,497.49497985839844
239,239,9.958333333333334,590,3,truck,0.387573778629303,648.4956665039062,762.5509033203125,771.3128662109375,924.3132934570312,709.9042663574219,843.4320983886719
239,239,9.958333333333334,636,1,car,0.43497592210769653,403.927978515625,709.57470703125,499.71673583984375,822.0075073242188,451.8223571777344,765.7911071777344
239,239,9.958333333333334,638,0,pedestrian,0.4301634430885315,501.38409423828125,993.5587158203125,579.0565185546875,1078.866943359375,540.2203063964844,1036.2128295898438
239,239,9.958333333333334,624,1,car,0.3122290074825287,923.786376953125,465.35089111328125,955.2320556640625,493.58203125,939.5092163085938,479.4664611816406
240,240,10.0,463,0,pedestrian,0.7400214672088623,1594.6923828125,632.4098510742188,1631.3233642578125,713.5972900390625,1613.0078735351562,673.0035705566406
240,240,10.0,4,1,car,0.44380760192871094,889.1280517578125,496.8216552734375,924.4163818359375,534.8318481445312,906.772216796875,515.8267517089844
240,240,10.0,586,1,car,0.35728776454925537,1085.5120849609375,531.341064453125,1136.2926025390625,585.0654296875,1110.90234375,558.2032470703125
240,240,10.0,462,0,pedestrian,0.5491191148757935,508.2492980957031,715.9774780273438,545.8968505859375,823.4033813476562,527.0730743408203,769.6904296875
240,240,10.0,533,3,truck,0.3836449980735779,1011.9403686523438,411.2629699707031,1056.1580810546875,465.0451354980469,1034.0492248535156,438.154052734375
240,240,10.0,631,4,bus,0.5075199604034424,1013.2724609375,411.4842224121094,1055.5662841796875,464.9486389160156,1034.4193725585938,438.2164306640625
240,240,10.0,559,1,car,0.4193871319293976,1094.4326171875,481.2081604003906,1138.6285400390625,517.0267944335938,1116.5305786132812,499.1174774169922
240,240,10.0,590,3,truck,0.45603710412979126,654.0234375,759.0414428710938,774.3030395507812,917.782958984375,714.1632385253906,838.4122009277344
240,240,10.0,636,1,car,0.4259938895702362,404.0187072753906,709.6023559570312,499.8828125,822.102783203125,451.9507598876953,765.8525695800781
240,240,10.0,638,0,pedestrian,0.4845161437988281,502.70062255859375,984.1246337890625,588.3247680664062,1078.8961181640625,545.5126953125,1031.5103759765625
240,240,10.0,624,1,car,0.3236267566680908,924.0704956054688,465.3564758300781,955.2560424804688,493.3588562011719,939.6632690429688,479.357666015625
240,240,10.0,644,1,car,0.311592698097229,921.8670654296875,471.0844421386719,949.7587280273438,497.1214294433594,935.8128967285156,484.1029357910156
240,240,10.0,520,0,pedestrian,0.5550691485404968,1055.4542236328125,871.042724609375,1098.516357421875,993.27490234375,1076.9852905273438,932.1588134765625
240,240,10.0,635,1,car,0.3581811189651489,584.61328125,681.4317626953125,665.12255859375,787.5852661132812,624.867919921875,734.5085144042969
241,241,10.041666666666666,463,0,pedestrian,0.7701581716537476,1596.2044677734375,633.06396484375,1633.0709228515625,714.3289184570312,1614.6376953125,673.6964416503906
241,241,10.041666666666666,4,1,car,0.4194967746734619,889.5297241210938,496.5351257324219,924.7374267578125,534.2852783203125,907.1335754394531,515.4102020263672
241,241,10.041666666666666,586,1,car,0.30554869771003723,1085.6573486328125,531.4270629882812,1136.6444091796875,585.6102905273438,1111.15087890625,558.5186767578125
241,241,10.041666666666666,462,0,pedestrian,0.5421780943870544,508.2417907714844,715.4425048828125,546.1161499023438,823.6876220703125,527.1789703369141,769.5650634765625
241,241,10.041666666666666,533,3,truck,0.3267486095428467,1011.6028442382812,411.53118896484375,1055.9542236328125,465.87933349609375,1033.7785339355469,438.70526123046875
241,241,10.041666666666666,631,4,bus,0.5246351957321167,1012.722900390625,411.72247314453125,1055.4337158203125,465.8258972167969,1034.0783081054688,438.77418518066406
241,241,10.041666666666666,559,1,car,0.35983094573020935,1096.6346435546875,483.15399169921875,1137.702392578125,516.199462890625,1117.1685180664062,499.6767272949219
241,241,10.041666666666666,590,1,car,0.31316280364990234,660.781005859375,756.705078125,777.8967895507812,911.3243408203125,719.3388977050781,834.0147094726562
241,241,10.041666666666666,636,1,car,0.4505056142807007,403.853759765625,709.1708374023438,500.07183837890625,822.1079711914062,451.9627990722656,765.639404296875
241,241,10.041666666666666,638,0,pedestrian,0.4551995098590851,505.38934326171875,976.7442016601562,596.3231201171875,1078.6287841796875,550.8562316894531,1027.6864929199219
241,241,10.041666666666666,624,1,car,0.33796626329421997,924.1669921875,465.59918212890625,955.2686767578125,493.54278564453125,939.7178344726562,479.57098388671875
241,241,10.041666666666666,644,1,car,0.3503367602825165,921.9034423828125,470.9689636230469,949.5339965820312,496.76171875,935.7187194824219,483.86534118652344
241,241,10.041666666666666,520,0,pedestrian,0.25168269872665405,1055.081787109375,874.485107421875,1099.97802734375,1000.4511108398438,1077.5299072265625,937.4681091308594
241,241,10.041666666666666,635,1,car,0.3036304712295532,585.0291137695312,680.276123046875,665.467041015625,786.4450073242188,625.2480773925781,733.3605651855469
242,242,10.083333333333334,463,0,pedestrian,0.6810543537139893,1598.072998046875,634.3739013671875,1634.429931640625,714.7328491210938,1616.25146484375,674.5533752441406
242,242,10.083333333333334,4,1,car,0.4079340100288391,890.2935180664062,495.4214172363281,923.4291381835938,530.4139404296875,906.861328125,512.9176788330078
242,242,10.083333333333334,586,1,car,0.33547738194465637,1086.7972412109375,530.355224609375,1136.648193359375,583.6437377929688,1111.7227172851562,556.9994812011719
242,242,10.083333333333334,462,0,pedestrian,0.45015859603881836,508.0136413574219,713.7077026367188,546.2762451171875,823.319580078125,527.1449432373047,768.5136413574219
242,242,10.083333333333334,631,3,truck,0.4238314628601074,1016.0516967773438,423.74871826171875,1052.211181640625,468.92095947265625,1034.1314392089844,446.3348388671875
242,242,10.083333333333334,636,1,car,0.42714792490005493,404.005859375,709.2239990234375,499.7519226074219,821.701904296875,451.87889099121094,765.4629516601562
242,242,10.083333333333334,638,0,pedestrian,0.3280157446861267,509.05291748046875,971.30908203125,602.317138671875,1077.2982177734375,555.6850280761719,1024.3036499023438
242,242,10.083333333333334,624,1,car,0.3780505657196045,924.4806518554688,466.7650451660156,954.8593139648438,494.0365905761719,939.6699829101562,480.40081787109375
242,242,10.083333333333334,644,1,car,0.32078689336776733,921.890869140625,471.0391845703125,948.87255859375,496.24334716796875,935.3817138671875,483.6412658691406
242,242,10.083333333333334,635,1,car,0.273995965719223,586.0079345703125,679.7443237304688,666.1460571289062,785.6724243164062,626.0769958496094,732.7083740234375
243,243,10.125,463,0,pedestrian,0.6301637887954712,1599.34912109375,635.60009765625,1635.26318359375,715.4974975585938,1617.30615234375,675.5487976074219
243,243,10.125,4,1,car,0.3602532148361206,890.8848266601562,495.3227844238281,923.871826171875,529.67578125,907.3783264160156,512.4992828369141
243,243,10.125,586,1,car,0.4006616473197937,1087.3052978515625,530.1068115234375,1136.4310302734375,582.918701171875,1111.8681640625,556.5127563476562
243,243,10.125,462,0,pedestrian,0.5115190744400024,508.0989074707031,713.5530395507812,546.4710083007812,823.533447265625,527.2849578857422,768.5432434082031
243,243,10.125,631,3,truck,0.2558462917804718,1016.5398559570312,425.75091552734375,1052.3638916015625,470.0635070800781,1034.4518737792969,447.90721130371094
243,243,10.125,636,1,car,0.4017794132232666,404.004638671875,709.2940673828125,499.7842102050781,821.8495483398438,451.89442443847656,765.5718078613281
243,243,10.125,638,0,pedestrian,0.5676879286766052,509.4107666015625,962.3477783203125,606.8824462890625,1075.420166015625,558.1466064453125,1018.8839721679688
243,243,10.125,624,1,car,0.4221208393573761,924.6854858398438,467.7802734375,955.3146362304688,495.1795654296875,940.0000610351562,481.47991943359375
243,243,10.125,644,1,car,0.2718440294265747,921.8267822265625,470.85394287109375,949.2970581054688,496.5311279296875,935.5619201660156,483.6925354003906
243,243,10.125,635,1,car,0.3082943856716156,586.7052001953125,679.159912109375,665.917236328125,783.9636840820312,626.3112182617188,731.5617980957031
243,243,10.125,533,4,bus,0.44597795605659485,1011.9169921875,411.4952697753906,1057.1817626953125,467.459716796875,1034.5493774414062,439.4774932861328
243,243,10.125,590,1,car,0.4131321907043457,670.1494750976562,747.2698974609375,783.0928955078125,896.37060546875,726.6211853027344,821.8202514648438
244,244,10.166666666666666,463,0,pedestrian,0.6777697205543518,1600.8299560546875,636.8062133789062,1636.097412109375,716.1275634765625,1618.4636840820312,676.4668884277344
244,244,10.166666666666666,4,1,car,0.28470247983932495,890.799072265625,494.91632080078125,924.35791015625,529.64599609375,907.5784912109375,512.2811584472656
244,244,10.166666666666666,586,1,car,0.2676357328891754,1088.3359375,531.4891967773438,1136.3392333984375,583.6060180664062,1112.3375854492188,557.547607421875
244,244,10.166666666666666,462,0,pedestrian,0.5042877197265625,508.66436767578125,714.331787109375,546.84375,823.7763061523438,527.7540588378906,769.0540466308594
244,244,10.166666666666666,631,3,truck,0.32779794931411743,1016.5100708007812,425.2518005371094,1053.0003662109375,469.96563720703125,1034.7552185058594,447.6087188720703
244,244,10.166666666666666,624,1,car,0.3766040503978729,925.1893310546875,468.3927307128906,956.0301513671875,495.8424987792969,940.6097412109375,482.11761474609375
244,244,10.166666666666666,635,1,car,0.2728649377822876,587.491455078125,678.554931640625,666.3735961914062,783.09521484375,626.9325256347656,730.8250732421875
244,244,10.166666666666666,533,4,bus,0.3659234642982483,1012.6854248046875,411.9813232421875,1057.70458984375,467.9382629394531,1035.1950073242188,439.9597930908203
244,244,10.166666666666666,590,1,car,0.5430727005004883,674.6993408203125,742.572021484375,785.5750732421875,889.0830078125,730.13720703125,815.8275146484375
244,244,10.166666666666666,312,4,bus,0.29539230465888977,1122.6109619140625,667.6068725585938,1750.1121826171875,1079.0184326171875,1436.361572265625,873.3126525878906
245,245,10.208333333333334,463,0,pedestrian,0.7014946937561035,1602.2281494140625,637.4625244140625,1637.236572265625,716.8790283203125,1619.7323608398438,677.1707763671875
245,245,10.208333333333334,4,1,car,0.31510740518569946,890.61181640625,494.63934326171875,924.4910278320312,529.6151123046875,907.5514221191406,512.1272277832031
245,245,10.208333333333334,462,0,pedestrian,0.6823052763938904,509.7815856933594,716.8115234375,547.4612426757812,824.4775390625,528.6214141845703,770.64453125
245,245,10.208333333333334,631,3,truck,0.4186950922012329,1017.2825317382812,426.72857666015625,1052.8819580078125,469.74139404296875,1035.0822448730469,448.2349853515625
245,245,10.208333333333334,624,1,car,0.30817291140556335,925.8873901367188,469.1207580566406,956.905517578125,496.50958251953125,941.3964538574219,482.81517028808594
246,246,10.25,463,0,pedestrian,0.6705796718597412,1603.46142578125,637.170654296875,1638.6981201171875,717.5281372070312,1621.0797729492188,677.3493957519531
246,246,10.25,4,1,car,0.2525460720062256,891.0587768554688,494.96014404296875,925.1741943359375,530.056396484375,908.1164855957031,512.5082702636719
246,246,10.25,462,0,pedestrian,0.7669856548309326,510.40771484375,718.696533203125,547.7969970703125,824.9697265625,529.1023559570312,771.8331298828125
246,246,10.25,533,3,truck,0.3739238381385803,1014.4647827148438,418.2772521972656,1055.99609375,469.54986572265625,1035.2304382324219,443.91355895996094
246,246,10.25,590,3,truck,0.31614384055137634,686.4674682617188,732.266845703125,794.62109375,875.3911743164062,740.5442810058594,803.8290100097656
246,246,10.25,312,4,bus,0.5661190152168274,1128.5419921875,672.9614868164062,1745.680419921875,1078.9825439453125,1437.1112060546875,875.9720153808594
247,247,10.291666666666666,463,0,pedestrian,0.6561875939369202,1604.8992919921875,637.6437377929688,1639.993408203125,718.0768432617188,1622.4463500976562,677.8602905273438
247,247,10.291666666666666,4,1,car,0.285310834646225,892.1651000976562,495.577880859375,926.0675659179688,530.1464233398438,909.1163330078125,512.8621520996094
247,247,10.291666666666666,462,0,pedestrian,0.7948237657546997,511.179931640625,722.8810424804688,547.5234375,825.441162109375,529.3516845703125,774.1611022949219
247,247,10.291666666666666,533,3,truck,0.47303980588912964,1015.3790893554688,420.70428466796875,1055.908447265625,470.4622802734375,1035.6437683105469,445.5832824707031
247,247,10.291666666666666,312,4,bus,0.5504549741744995,1127.77783203125,672.0774536132812,1745.3563232421875,1079.34765625,1436.5670776367188,875.7125549316406
247,247,10.291666666666666,520,0,pedestrian,0.32759004831314087,1058.323974609375,862.9164428710938,1110.0792236328125,1009.6056518554688,1084.2015991210938,936.2610473632812
248,248,10.333333333333334,463,0,pedestrian,0.3463990390300751,1607.9017333984375,638.763427734375,1642.9227294921875,719.3430786132812,1625.4122314453125,679.0532531738281
248,248,10.333333333333334,462,0,pedestrian,0.6704681515693665,511.49462890625,721.2703247070312,548.2197875976562,824.5943603515625,529.8572082519531,772.9323425292969
248,248,10.333333333333334,533,3,truck,0.5767012238502502,1016.27197265625,422.47174072265625,1056.298583984375,471.188232421875,1036.2852783203125,446.8299865722656
248,248,10.333333333333334,312,4,bus,0.4837491512298584,1131.1187744140625,677.5612182617188,1741.5,1079.7047119140625,1436.3093872070312,878.6329650878906
248,248,10.333333333333334,520,0,pedestrian,0.48953527212142944,1060.962890625,869.7536010742188,1111.145263671875,1009.980712890625,1086.0540771484375,939.8671569824219
248,248,10.333333333333334,635,1,car,0.34453848004341125,591.5120849609375,677.0358276367188,667.505126953125,777.5645751953125,629.5086059570312,727.3002014160156
248,248,10.333333333333334,631,4,bus,0.3157694637775421,1016.6571044921875,423.84210205078125,1056.3372802734375,471.4913635253906,1036.4971923828125,447.66673278808594
249,249,10.375,463,0,pedestrian,0.552495002746582,1610.115966796875,639.093505859375,1645.04296875,719.66015625,1627.5794677734375,679.3768310546875
249,249,10.375,462,0,pedestrian,0.4270525276660919,511.89794921875,718.4568481445312,549.36767578125,823.88623046875,530.6328125,771.1715393066406
249,249,10.375,533,3,truck,0.4789572060108185,1015.2398071289062,415.28436279296875,1060.5946044921875,470.9586181640625,1037.9172058105469,443.1214904785156
249,249,10.375,312,4,bus,0.42030590772628784,1135.28466796875,682.1058959960938,1738.275634765625,1079.44140625,1436.7801513671875,880.7736511230469
249,249,10.375,520,0,pedestrian,0.5015329122543335,1061.3214111328125,868.0917358398438,1112.8319091796875,1010.030029296875,1087.07666015625,939.0608825683594
249,249,10.375,668,0,pedestrian,0.32316625118255615,1150.82470703125,529.7132568359375,1170.2550048828125,575.5277709960938,1160.5398559570312,552.6205139160156
249,249,10.375,631,4,bus,0.393775075674057,1015.1052856445312,415.6557312011719,1060.995849609375,471.2570495605469,1038.0505676269531,443.4563903808594
249,249,10.375,590,2,van,0.29300111532211304,700.0269165039062,719.1507568359375,803.9437866210938,856.170166015625,751.9853515625,787.6604614257812
250,250,10.416666666666666,463,0,pedestrian,0.3438531458377838,1611.5521240234375,639.9978637695312,1646.158935546875,719.8440551757812,1628.8555297851562,679.9209594726562
250,250,10.416666666666666,462,0,pedestrian,0.7065452337265015,513.1390380859375,718.2272338867188,550.6341552734375,823.721923828125,531.8865966796875,770.9745788574219
250,250,10.416666666666666,533,4,bus,0.5389450192451477,1014.771728515625,411.0905456542969,1062.997314453125,471.0582580566406,1038.884521484375,441.07440185546875
250,250,10.416666666666666,312,4,bus,0.7008049488067627,1140.56591796875,689.0336303710938,1734.90478515625,1079.7564697265625,1437.7353515625,884.3950500488281
250,250,10.416666666666666,520,0,pedestrian,0.273934543132782,1062.1883544921875,869.9689331054688,1114.320068359375,1011.08837890625,1088.2542114257812,940.5286560058594
250,250,10.416666666666666,668,0,pedestrian,0.33257365226745605,1150.57421875,527.8152465820312,1170.6590576171875,575.233154296875,1160.6166381835938,551.5242004394531
250,250,10.416666666666666,631,3,truck,0.43488025665283203,1014.4321899414062,411.0224304199219,1063.58349609375,471.3564758300781,1039.0078430175781,441.189453125
250,250,10.416666666666666,590,2,van,0.26379066705703735,704.98046875,714.0046997070312,807.4144287109375,848.7442016601562,756.1974487304688,781.3744506835938
250,250,10.416666666666666,586,1,car,0.27093642950057983,1086.71240234375,531.2119750976562,1141.3134765625,592.3923950195312,1114.012939453125,561.8021850585938
250,250,10.416666666666666,635,1,car,0.27911168336868286,593.3311157226562,674.3831787109375,670.055419921875,775.8914794921875,631.6932678222656,725.1373291015625
251,251,10.458333333333334,463,0,pedestrian,0.2754364609718323,1613.2713623046875,638.7734985351562,1649.1705322265625,721.598876953125,1631.220947265625,680.1861877441406
251,251,10.458333333333334,462,0,pedestrian,0.7463785409927368,514.4331665039062,717.1866455078125,552.4862060546875,824.252197265625,533.4596862792969,770.7194213867188
251,251,10.458333333333334,533,4,bus,0.37832358479499817,1013.972900390625,406.5069580078125,1065.883544921875,472.09002685546875,1039.92822265625,439.2984924316406
251,251,10.458333333333334,631,3,truck,0.34049704670906067,1013.5542602539062,406.2874450683594,1066.520751953125,472.3502197265625,1040.0375061035156,439.31883239746094
251,251,10.458333333333334,590,1,car,0.4213155210018158,709.991943359375,709.5439453125,811.1573486328125,842.6695556640625,760.5746459960938,776.1067504882812
251,251,10.458333333333334,586,1,car,0.45052850246429443,1089.1072998046875,532.3367919921875,1139.45751953125,589.8058471679688,1114.2824096679688,561.0713195800781
251,251,10.458333333333334,635,1,car,0.3871549069881439,594.3744506835938,673.8715209960938,671.0875854492188,775.1266479492188,632.7310180664062,724.4990844726562
252,252,10.5,462,0,pedestrian,0.72153639793396,515.4956665039062,716.5032958984375,553.741455078125,824.4276733398438,534.6185607910156,770.4654846191406
252,252,10.5,533,4,bus,0.4330786168575287,1013.59765625,403.6796569824219,1067.604248046875,473.11065673828125,1040.6009521484375,438.39515686035156
252,252,10.5,631,3,truck,0.33846157789230347,1013.1484985351562,403.3844909667969,1068.263671875,473.34613037109375,1040.7060852050781,438.3653106689453
252,252,10.5,590,1,car,0.3349752426147461,715.0689086914062,706.2937622070312,813.68603515625,835.9280395507812,764.3774719238281,771.1109008789062
252,252,10.5,586,1,car,0.5511670112609863,1091.130859375,533.0172729492188,1137.9884033203125,586.9154663085938,1114.5596313476562,559.9663696289062
252,252,10.5,635,3,truck,0.3691418766975403,594.5087280273438,672.5476684570312,671.8298950195312,774.5131225585938,633.1693115234375,723.5303955078125
252,252,10.5,520,0,pedestrian,0.39451518654823303,1064.525634765625,882.2319946289062,1115.8216552734375,1019.1841430664062,1090.1736450195312,950.7080688476562
253,253,10.541666666666666,462,0,pedestrian,0.6772809624671936,516.5580444335938,716.289794921875,554.5680541992188,823.9795532226562,535.5630493164062,770.1346740722656
253,253,10.541666666666666,533,3,truck,0.543510377407074,1018.8580322265625,415.982421875,1063.4140625,472.73797607421875,1041.1360473632812,444.3601989746094
253,253,10.541666666666666,586,1,car,0.4675300419330597,1091.239501953125,533.1448974609375,1137.8045654296875,587.2989501953125,1114.5220336914062,560.221923828125
253,253,10.541666666666666,635,3,truck,0.4176690876483917,594.5875854492188,671.0330810546875,672.7742919921875,774.3693237304688,633.6809387207031,722.7012023925781
253,253,10.541666666666666,520,0,pedestrian,0.612608015537262,1064.8245849609375,888.3931274414062,1114.7529296875,1021.106201171875,1089.7887573242188,954.7496643066406
253,253,10.541666666666666,463,0,pedestrian,0.4901307225227356,1616.255615234375,636.0469360351562,1652.6810302734375,720.9277954101562,1634.4683227539062,678.4873657226562
254,254,10.583333333333334,462,0,pedestrian,0.719466507434845,517.3717651367188,716.2010498046875,555.0573120117188,823.3843994140625,536.2145385742188,769.792724609375
254,254,10.583333333333334,533,3,truck,0.5256224870681763,1021.7843627929688,423.1007080078125,1061.153076171875,472.5809631347656,1041.4687194824219,447.84083557128906
254,254,10.583333333333334,586,1,car,0.35070669651031494,1090.6865234375,532.997802734375,1137.903076171875,588.5662841796875,1114.2947998046875,560.7820434570312
254,254,10.583333333333334,635,1,car,0.3811706006526947,595.1935424804688,670.1541748046875,673.0422973632812,773.31982421875,634.117919921875,721.7369995117188
254,254,10.583333333333334,676,2,van,0.5348553657531738,1175.2064208984375,553.40966796875,1237.405029296875,612.9600830078125,1206.3057250976562,583.1848754882812
254,254,10.583333333333334,683,1,car,0.33954426646232605,1104.7415771484375,480.6701965332031,1144.7445068359375,516.2678833007812,1124.7430419921875,498.4690399169922
254,254,10.583333333333334,463,0,pedestrian,0.4017610251903534,1617.1126708984375,635.7051391601562,1653.20263671875,720.4775390625,1635.1576538085938,678.0913391113281
254,254,10.583333333333334,590,1,car,0.25734490156173706,725.6719970703125,697.415771484375,822.7927856445312,825.6614990234375,774.2323913574219,761.5386352539062
255,255,10.625,462,0,pedestrian,0.6499016284942627,518.4673461914062,716.6747436523438,555.39794921875,822.273193359375,536.9326477050781,769.4739685058594
255,255,10.625,533,3,truck,0.40309062600135803,1024.48974609375,428.51220703125,1060.7100830078125,473.1390380859375,1042.5999145507812,450.82562255859375
255,255,10.625,635,1,car,0.25668251514434814,596.2457885742188,668.6469116210938,673.4618530273438,771.0718994140625,634.8538208007812,719.8594055175781
255,255,10.625,676,2,van,0.5095120072364807,1173.7427978515625,553.3779296875,1239.35302734375,616.3109130859375,1206.5479125976562,584.8444213867188
255,255,10.625,463,0,pedestrian,0.5262015461921692,1619.1806640625,636.9610595703125,1654.6417236328125,721.1637573242188,1636.9111938476562,679.0624084472656
255,255,10.625,684,3,truck,0.43604883551597595,665.8367309570312,920.4217529296875,896.6704711914062,1078.1685791015625,781.2536010742188,999.295166015625
255,255,10.625,690,0,pedestrian,0.34982776641845703,1514.4490966796875,582.6525268554688,1538.4638671875,654.7359619140625,1526.4564819335938,618.6942443847656
255,255,10.625,590,3,truck,0.3372576832771301,729.4273681640625,691.382080078125,825.8570556640625,818.9814453125,777.6422119140625,755.1817626953125
256,256,10.666666666666666,462,0,pedestrian,0.7134522795677185,518.4486083984375,716.268798828125,555.1754150390625,821.7239990234375,536.81201171875,768.9963989257812
256,256,10.666666666666666,533,3,truck,0.36527085304260254,1026.0101318359375,432.20098876953125,1060.5921630859375,473.7984313964844,1043.3011474609375,452.9997100830078
256,256,10.666666666666666,676,2,van,0.45239493250846863,1173.541015625,553.1964721679688,1240.5047607421875,617.6290893554688,1207.0228881835938,585.4127807617188
256,256,10.666666666666666,463,0,pedestrian,0.5109393000602722,1621.0302734375,638.5517578125,1655.6378173828125,721.4459838867188,1638.3340454101562,679.9988708496094
256,256,10.666666666666666,684,3,truck,0.2812199890613556,663.5870971679688,908.7776489257812,911.6661987304688,1079.0479736328125,787.6266479492188,993.9128112792969
256,256,10.666666666666666,690,0,pedestrian,0.2869579792022705,1516.2464599609375,581.8104858398438,1540.9447021484375,655.7091064453125,1528.5955810546875,618.7597961425781
256,256,10.666666666666666,590,3,truck,0.31471073627471924,734.518310546875,686.55859375,829.089111328125,812.0663452148438,781.8037109375,749.3124694824219
257,257,10.708333333333334,462,0,pedestrian,0.7026519775390625,518.3519287109375,715.2479248046875,555.0708618164062,821.1497802734375,536.7113952636719,768.1988525390625
257,257,10.708333333333334,533,3,truck,0.34118402004241943,1025.3748779296875,431.95196533203125,1061.516357421875,474.9920349121094,1043.4456176757812,453.4720001220703
257,257,10.708333333333334,676,2,van,0.4721083343029022,1174.4075927734375,553.4022827148438,1239.7130126953125,616.438720703125,1207.060302734375,584.9205017089844
257,257,10.708333333333334,463,0,pedestrian,0.7678641080856323,1623.7305908203125,639.4912719726562,1657.5941162109375,721.1224365234375,1640.662353515625,680.3068542480469
257,257,10.708333333333334,684,3,truck,0.5110110640525818,649.93408203125,896.4893188476562,915.5973510742188,1079.85302734375,782.7657165527344,988.1711730957031
257,257,10.708333333333334,520,0,pedestrian,0.25007474422454834,1069.3677978515625,891.9217529296875,1121.5252685546875,1029.868408203125,1095.446533203125,960.8950805664062
258,258,10.75,462,0,pedestrian,0.7070671319961548,518.8317260742188,714.3338012695312,555.4154052734375,820.5877685546875,537.1235656738281,767.4607849121094
258,258,10.75,533,3,truck,0.3471556603908539,1025.325439453125,431.690185546875,1062.572021484375,475.83477783203125,1043.94873046875,453.7624816894531
258,258,10.75,676,2,van,0.3613824248313904,1174.119384765625,553.356201171875,1239.2783203125,616.5294799804688,1206.6988525390625,584.9428405761719
258,258,10.75,463,0,pedestrian,0.7562772035598755,1625.3912353515625,640.3211669921875,1658.8729248046875,721.8833618164062,1642.132080078125,681.1022644042969
258,258,10.75,684,3,truck,0.6542912721633911,643.0994873046875,884.7084350585938,921.6304931640625,1078.6368408203125,782.364990234375,981.6726379394531
258,258,10.75,520,0,pedestrian,0.4427865445613861,1068.9722900390625,892.5299682617188,1121.9674072265625,1032.4605712890625,1095.4698486328125,962.4952697753906
258,258,10.75,690,0,pedestrian,0.28432172536849976,1517.5478515625,583.411865234375,1542.91796875,658.855712890625,1530.23291015625,621.1337890625
258,258,10.75,590,1,car,0.28877729177474976,740.7526245117188,679.9928588867188,832.1355590820312,801.4329833984375,786.444091796875,740.7129211425781
259,259,10.791666666666666,462,0,pedestrian,0.6275016069412231,519.4119873046875,715.1959838867188,555.1185302734375,819.7266235351562,537.2652587890625,767.4613037109375
259,259,10.791666666666666,533,3,truck,0.37000539898872375,1024.9818115234375,429.9642333984375,1063.8914794921875,476.0995788574219,1044.4366455078125,453.0319061279297
259,259,10.791666666666666,676,2,van,0.35867825150489807,1174.9134521484375,553.3652954101562,1238.40673828125,615.1541748046875,1206.6600952148438,584.2597351074219
259,259,10.791666666666666,463,0,pedestrian,0.4603427052497864,1626.4837646484375,642.0546264648438,1658.7747802734375,721.2515869140625,1642.6292724609375,681.6531066894531
259,259,10.791666666666666,684,3,truck,0.7470505833625793,638.7855834960938,873.0726928710938,928.9321899414062,1077.70166015625,783.85888671875,975.3871765136719
259,259,10.791666666666666,590,3,truck,0.255575567483902,743.653564453125,676.96142578125,832.9381103515625,795.8320922851562,788.2958374023438,736.3967590332031
260,260,10.833333333333334,462,0,pedestrian,0.6592427492141724,519.5357666015625,715.5025024414062,554.89892578125,819.25732421875,537.2173461914062,767.3799133300781
260,260,10.833333333333334,533,3,truck,0.33555087447166443,1024.49755859375,428.32000732421875,1065.06787109375,476.3837585449219,1044.78271484375,452.3518829345703
260,260,10.833333333333334,676,2,van,0.36787107586860657,1174.5732421875,552.992431640625,1238.1793212890625,615.185546875,1206.3762817382812,584.0889892578125
260,260,10.833333333333334,463,0,pedestrian,0.6339365243911743,1626.380615234375,644.4605102539062,1659.0155029296875,724.2913208007812,1642.6980590820312,684.3759155273438
260,260,10.833333333333334,590,3,truck,0.3621232211589813,746.175048828125,673.0435791015625,833.9742431640625,790.0467529296875,790.0746459960938,731.545166015625
261,261,10.875,462,0,pedestrian,0.6443546414375305,519.9846801757812,714.9732666015625,555.3923950195312,819.0418090820312,537.6885375976562,767.0075378417969
261,261,10.875,533,3,truck,0.32414495944976807,1023.9188232421875,426.78302001953125,1065.6995849609375,476.31915283203125,1044.8092041015625,451.55108642578125
261,261,10.875,676,2,van,0.31370145082473755,1173.43505859375,552.5126953125,1238.822998046875,616.953125,1206.1290283203125,584.73291015625
261,261,10.875,463,0,pedestrian,0.5745335221290588,1626.4454345703125,646.2381591796875,1659.573486328125,727.1818237304688,1643.0094604492188,686.7099914550781
261,261,10.875,590,3,truck,0.47731849551200867,750.5689697265625,669.0134887695312,837.0977783203125,784.7727661132812,793.8333740234375,726.8931274414062
261,261,10.875,690,0,pedestrian,0.41093993186950684,1526.0804443359375,586.6951293945312,1549.009033203125,654.5582885742188,1537.5447387695312,620.626708984375
261,261,10.875,684,3,truck,0.6223223805427551,635.2467651367188,850.5883178710938,947.410888671875,1076.0501708984375,791.3288269042969,963.3192443847656
262,262,10.916666666666666,462,0,pedestrian,0.7384772300720215,519.8854370117188,713.3614501953125,556.0906372070312,819.9196166992188,537.988037109375,766.6405334472656
262,262,10.916666666666666,533,3,truck,0.3101615011692047,1023.2750854492188,424.9473876953125,1066.439697265625,476.2755432128906,1044.8573913574219,450.61146545410156
262,262,10.916666666666666,463,0,pedestrian,0.5167253017425537,1626.133056640625,646.0665283203125,1660.425048828125,728.9464111328125,1643.279052734375,687.5064697265625
262,262,10.916666666666666,590,1,car,0.4328954517841339,754.3837280273438,664.7297973632812,840.0825805664062,779.9325561523438,797.233154296875,722.3311767578125
262,262,10.916666666666666,690,0,pedestrian,0.4421131908893585,1526.9918212890625,582.9588623046875,1550.9681396484375,654.04443359375,1538.97998046875,618.5016479492188
262,262,10.916666666666666,684,3,truck,0.6283063292503357,638.6778564453125,841.8408813476562,953.817138671875,1075.9388427734375,796.2474975585938,958.8898620605469
263,263,10.958333333333334,462,0,pedestrian,0.6312402486801147,520.5366821289062,714.14501953125,556.3135375976562,819.9674682617188,538.4251098632812,767.0562438964844
263,263,10.958333333333334,533,3,truck,0.39196375012397766,1022.6917724609375,422.7873840332031,1067.73681640625,476.7415466308594,1045.2142944335938,449.76446533203125
263,263,10.958333333333334,463,0,pedestrian,0.6191430687904358,1629.5966796875,646.2850341796875,1663.950439453125,728.81201171875,1646.7735595703125,687.5485229492188
263,263,10.958333333333334,590,3,truck,0.5754300951957703,758.6605834960938,662.32275390625,841.5601196289062,773.4735107421875,800.1103515625,717.8981323242188
263,263,10.958333333333334,690,0,pedestrian,0.6273837089538574,1530.3309326171875,582.57958984375,1554.39697265625,653.7182006835938,1542.3639526367188,618.1488952636719
263,263,10.958333333333334,684,3,truck,0.8274623155593872,644.3493041992188,834.386962890625,957.8226928710938,1074.5196533203125,801.0859985351562,954.4533081054688
263,263,10.958333333333334,704,1,car,0.4273678660392761,906.822509765625,482.6031188964844,942.2879028320312,517.3103637695312,924.5552062988281,499.9567413330078
263,263,10.958333333333334,705,4,bus,0.33185961842536926,1022.80908203125,422.046142578125,1067.4024658203125,476.62451171875,1045.1057739257812,449.3353271484375
263,263,10.958333333333334,676,2,van,0.3013453483581543,1172.06005859375,551.7062377929688,1240.4483642578125,619.9122314453125,1206.2542114257812,585.8092346191406
264,264,11.0,462,0,pedestrian,0.6416864991188049,521.315673828125,716.5319213867188,556.2068481445312,819.9210205078125,538.7612609863281,768.2264709472656
264,264,11.0,533,4,bus,0.4366123080253601,1023.8422241210938,424.23974609375,1068.2352294921875,477.7171630859375,1046.0387268066406,450.97845458984375
264,264,11.0,463,0,pedestrian,0.5452315211296082,1630.2894287109375,647.5169067382812,1664.6533203125,729.739013671875,1647.4713745117188,688.6279602050781
264,264,11.0,590,3,truck,0.3947560489177704,761.79248046875,659.087890625,843.66064453125,768.7816772460938,802.7265625,713.9347839355469
264,264,11.0,690,0,pedestrian,0.4920535087585449,1533.1612548828125,584.2250366210938,1556.6253662109375,653.3508911132812,1544.893310546875,618.7879638671875
264,264,11.0,684,3,truck,0.8016886711120605,655.7921142578125,826.0725708007812,954.8746337890625,1062.177490234375,805.3333740234375,944.1250305175781
264,264,11.0,704,1,car,0.5261873602867126,908.3027954101562,483.46826171875,942.5963134765625,517.0145263671875,925.4495544433594,500.24139404296875
264,264,11.0,705,3,truck,0.4750202000141144,1024.2607421875,424.41107177734375,1067.7642822265625,477.69610595703125,1046.0125122070312,451.0535888671875
264,264,11.0,707,1,car,0.32575172185897827,1115.7628173828125,483.5575866699219,1151.21240234375,519.1207885742188,1133.4876098632812,501.3391876220703
264,264,11.0,708,1,car,0.330814391374588,938.2139282226562,459.3012390136719,968.8446044921875,486.91192626953125,953.5292663574219,473.10658264160156
264,264,11.0,676,2,van,0.3272610902786255,1173.3511962890625,551.7616577148438,1240.0179443359375,618.8041381835938,1206.6845703125,585.2828979492188
265,265,11.041666666666666,462,0,pedestrian,0.6245816349983215,521.2254638671875,715.8796997070312,556.2059936523438,819.78955078125,538.7157287597656,767.8346252441406
265,265,11.041666666666666,533,3,truck,0.4167554974555969,1025.35595703125,426.3544921875,1068.375732421875,478.37420654296875,1046.8658447265625,452.3643493652344
265,265,11.041666666666666,463,0,pedestrian,0.5652777552604675,1632.9005126953125,649.1024169921875,1667.3087158203125,730.7844848632812,1650.1046142578125,689.9434509277344
265,265,11.041666666666666,590,3,truck,0.4038952887058258,765.3931884765625,657.76806640625,844.7535400390625,763.7964477539062,805.0733642578125,710.7822570800781
265,265,11.041666666666666,690,0,pedestrian,0.7729235887527466,1534.8753662109375,582.2232055664062,1559.32958984375,653.8229370117188,1547.1024780273438,618.0230712890625
265,265,11.041666666666666,684,3,truck,0.7331979274749756,665.7401733398438,816.9434814453125,950.1702880859375,1048.4385986328125,807.9552307128906,932.6910400390625
265,265,11.041666666666666,704,1,car,0.4141111373901367,909.0504760742188,483.1054382324219,943.25830078125,516.5502319335938,926.1543884277344,499.8278350830078
265,265,11.041666666666666,705,4,bus,0.424558162689209,1025.9959716796875,427.058349609375,1067.8958740234375,478.4137268066406,1046.9459228515625,452.7360382080078
265,265,11.041666666666666,707,1,car,0.2851535677909851,1114.814697265625,483.70794677734375,1150.6693115234375,519.7093505859375,1132.7420043945312,501.7086486816406
265,265,11.041666666666666,708,1,car,0.2597249150276184,938.5471801757812,458.2779846191406,968.92919921875,485.6729736328125,953.7381896972656,471.97547912597656
265,265,11.041666666666666,676,2,van,0.3327556848526001,1174.872802734375,552.1831665039062,1239.476806640625,617.4920043945312,1207.1748046875,584.8375854492188
265,265,11.041666666666666,635,3,truck,0.4028090238571167,599.35205078125,661.6376953125,673.5997924804688,760.3572387695312,636.4759216308594,710.9974670410156
266,266,11.083333333333334,462,0,pedestrian,0.5144972205162048,521.1345825195312,715.4703369140625,556.0830688476562,819.6105346679688,538.6088256835938,767.5404357910156
266,266,11.083333333333334,533,3,truck,0.4003899097442627,1026.67431640625,426.5142517089844,1070.0802001953125,479.095458984375,1048.3772583007812,452.8048553466797
266,266,11.083333333333334,463,0,pedestrian,0.661279559135437,1633.6153564453125,647.77392578125,1668.648681640625,730.5057373046875,1651.1320190429688,689.1398315429688
266,266,11.083333333333334,690,0,pedestrian,0.7405227422714233,1536.2449951171875,583.2243041992188,1560.6541748046875,653.9639892578125,1548.4495849609375,618.5941467285156
266,266,11.083333333333334,684,3,truck,0.6578900218009949,675.992431640625,808.53662109375,946.2010498046875,1035.0052490234375,811.0967407226562,921.7709350585938
266,266,11.083333333333334,704,1,car,0.44823792576789856,909.2797241210938,482.3828430175781,943.8578491210938,516.1823120117188,926.5687866210938,499.28257751464844
266,266,11.083333333333334,705,4,bus,0.38398540019989014,1027.3409423828125,427.03265380859375,1069.865966796875,479.1650390625,1048.6034545898438,453.0988464355469
266,266,11.083333333333334,635,3,truck,0.27404606342315674,599.0076904296875,660.1285400390625,673.3234252929688,759.261474609375,636.1655578613281,709.6950073242188
267,267,11.125,462,0,pedestrian,0.4793643653392792,521.1049194335938,713.8615112304688,556.4004516601562,819.4323120117188,538.752685546875,766.6469116210938
267,267,11.125,533,3,truck,0.41979342699050903,1026.2392578125,423.763916015625,1072.7679443359375,480.65435791015625,1049.5036010742188,452.2091369628906
267,267,11.125,463,0,pedestrian,0.6451905369758606,1634.6715087890625,646.9669799804688,1669.6326904296875,729.1966552734375,1652.152099609375,688.0818176269531
267,267,11.125,690,0,pedestrian,0.7227482795715332,1536.5721435546875,584.34130859375,1561.3499755859375,655.4744873046875,1548.9610595703125,619.9078979492188
267,267,11.125,684,3,truck,0.5935297608375549,685.4232177734375,800.6448974609375,941.2379150390625,1021.333251953125,813.33056640625,910.9890747070312
267,267,11.125,704,1,car,0.29722118377685547,909.7031860351562,481.1112365722656,944.5270385742188,515.1602172851562,927.1151123046875,498.13572692871094
267,267,11.125,705,4,bus,0.36865153908729553,1026.59423828125,423.86602783203125,1072.8719482421875,480.82012939453125,1049.7330932617188,452.34307861328125
267,267,11.125,635,3,truck,0.34657877683639526,599.1245727539062,659.3184814453125,672.78173828125,757.7346801757812,635.9531555175781,708.5265808105469
267,267,11.125,676,2,van,0.25078532099723816,1175.276611328125,552.50537109375,1239.758544921875,618.4017333984375,1207.517578125,585.4535522460938
268,268,11.166666666666666,462,0,pedestrian,0.5616208910942078,522.0269775390625,716.0824584960938,556.639892578125,819.7807006835938,539.3334350585938,767.9315795898438
268,268,11.166666666666666,533,4,bus,0.43298161029815674,1025.5987548828125,419.7597961425781,1075.5987548828125,481.6590270996094,1050.5987548828125,450.70941162109375
268,268,11.166666666666666,463,0,pedestrian,0.26498040556907654,1637.34716796875,647.3943481445312,1669.23486328125,722.070556640625,1653.291015625,684.7324523925781
268,268,11.166666666666666,690,0,pedestrian,0.4814302325248718,1537.30908203125,585.506103515625,1562.0311279296875,655.6404418945312,1549.6701049804688,620.5732727050781
268,268,11.166666666666666,684,3,truck,0.7893855571746826,696.202880859375,794.5390014648438,937.7136840820312,1008.3712768554688,816.9582824707031,901.4551391601562
268,268,11.166666666666666,704,1,car,0.37464141845703125,910.5923461914062,481.35662841796875,944.4423217773438,514.3744506835938,927.517333984375,497.86553955078125
268,268,11.166666666666666,705,3,truck,0.4974113702774048,1025.7113037109375,419.6097412109375,1075.9373779296875,481.8253479003906,1050.8243408203125,450.71754455566406
268,268,11.166666666666666,635,3,truck,0.3661563992500305,599.0968627929688,658.22021484375,672.8818359375,756.9151611328125,635.9893493652344,707.5676879882812
268,268,11.166666666666666,590,1,car,0.42805033922195435,774.5507202148438,648.9848022460938,850.8267211914062,750.2569580078125,812.688720703125,699.6208801269531
269,269,11.208333333333334,462,0,pedestrian,0.5477425456047058,522.7850952148438,717.5885620117188,556.793701171875,819.8793334960938,539.7893981933594,768.7339477539062
269,269,11.208333333333334,533,3,truck,0.5174065828323364,1025.9649658203125,418.8066711425781,1076.5208740234375,482.0545349121094,1051.242919921875,450.43060302734375
269,269,11.208333333333334,463,0,pedestrian,0.34824338555336,1639.56884765625,648.2325439453125,1673.976318359375,728.7015991210938,1656.7725830078125,688.4670715332031
269,269,11.208333333333334,690,0,pedestrian,0.6042881011962891,1539.287841796875,587.3157958984375,1564.248046875,656.8499145507812,1551.7679443359375,622.0828552246094
269,269,11.208333333333334,684,3,truck,0.6935012936592102,705.1179809570312,787.4550170898438,933.799560546875,994.930908203125,819.4587707519531,891.1929626464844
269,269,11.208333333333334,704,1,car,0.4249117970466614,911.1492309570312,482.70819091796875,943.59814453125,514.219970703125,927.3736877441406,498.4640808105469
269,269,11.208333333333334,705,4,bus,0.36521124839782715,1025.9547119140625,418.6464538574219,1076.92529296875,482.1901550292969,1051.4400024414062,450.4183044433594
269,269,11.208333333333334,590,1,car,0.443371444940567,778.3182983398438,645.6679077148438,853.07861328125,744.6611328125,815.6984558105469,695.1645202636719
