image_name,pred_index,class_id,class_name,confidence,x1,y1,x2,y2,area_px2,classification_confusion
0000001_02999_d_0000005.jpg,5,1,car,0.6489782333374023,699.6004638671875,341.0062255859375,797.90625,406.76788330078125,6464.751459054649,True
0000001_02999_d_0000005.jpg,6,1,car,0.6040839552879333,782.77880859375,239.30332946777344,819.3763427734375,288.22943115234375,1790.5746786799282,True
0000001_02999_d_0000005.jpg,8,1,car,0.4133162200450897,588.6616821289062,81.28276062011719,630.21142578125,109.75103759765625,1182.8496106406674,False
0000001_02999_d_0000005.jpg,11,3,truck,0.25403663516044617,622.09228515625,290.7409362792969,738.5804443359375,348.6138610839844,6741.510476842523,True
0000001_05249_d_0000009.jpg,23,1,car,0.6999552249908447,486.40570068359375,800.4393920898438,608.7921752929688,888.3914794921875,10764.145911708474,False
0000001_05249_d_0000009.jpg,25,2,van,0.6861951351165771,791.5301513671875,509.3822937011719,878.6414794921875,593.2899780273438,7309.309821546078,True
0000001_05249_d_0000009.jpg,37,1,car,0.5470602512359619,760.0643310546875,78.68852233886719,804.3744506835938,109.57923889160156,1368.7713458742946,False
0000001_05249_d_0000009.jpg,41,1,car,0.5262965559959412,708.4022216796875,382.3614807128906,780.1029663085938,455.6282958984375,5253.285205392167,False
0000001_05249_d_0000009.jpg,45,1,car,0.5013406872749329,1072.2381591796875,55.23101806640625,1117.2325439453125,87.43231201171875,1448.8774097263813,True
0000001_05249_d_0000009.jpg,47,2,van,0.4828660488128662,1190.682861328125,126.39765930175781,1228.07080078125,166.70567321777344,1507.0335837677121,False
0000001_05249_d_0000009.jpg,55,1,car,0.42144447565078735,997.4758911132812,40.849639892578125,1037.2945556640625,70.48136901855469,1179.8958821268752,False
0000001_05249_d_0000009.jpg,56,1,car,0.42044273018836975,838.2340087890625,116.38316345214844,889.6309814453125,147.32025146484375,1590.0726666525006,False
0000001_05249_d_0000009.jpg,57,1,car,0.41156134009361267,573.2003173828125,125.50314331054688,611.7683715820312,160.3465576171875,1343.8426914643496,False
0000001_05249_d_0000009.jpg,58,1,car,0.40381690859794617,747.6094360351562,98.11839294433594,789.3609619140625,133.9936981201172,1497.8487324602902,False
0000001_05249_d_0000009.jpg,60,0,pedestrian,0.3984670042991638,1162.2747802734375,289.8667907714844,1177.72998046875,327.2594909667969,577.9116673618555,False
0000001_05249_d_0000009.jpg,61,1,car,0.3917962908744812,542.132080078125,62.12388610839844,599.3577270507812,89.93600463867188,1591.566476575099,False
0000001_05249_d_0000009.jpg,63,2,van,0.36392316222190857,1185.32666015625,74.01942443847656,1229.3856201171875,108.2574462890625,1508.491633856669,False
0000001_05249_d_0000009.jpg,66,1,car,0.34981614351272583,554.7359008789062,228.8693389892578,603.5372314453125,267.8704833984375,1903.307740780525,False
0000001_05249_d_0000009.jpg,69,1,car,0.3387288749217987,898.9166259765625,37.98381042480469,951.56689453125,66.97879028320312,1526.5934762824327,False
0000001_05249_d_0000009.jpg,72,1,car,0.3073059618473053,832.3225708007812,14.1434326171875,873.5513916015625,35.82989501953125,894.1072721891105,False
0000001_05249_d_0000009.jpg,75,1,car,0.2890414297580719,1249.6732177734375,51.74693298339844,1291.294189453125,79.65092468261719,1161.3912482634187,False
0000001_05249_d_0000009.jpg,76,1,car,0.28604966402053833,1081.8980712890625,37.04388427734375,1126.176025390625,64.73616027832031,1226.157325739041,False
0000001_05249_d_0000009.jpg,77,1,car,0.276982843875885,840.2184448242188,115.4425048828125,892.1761474609375,146.97532653808594,1638.3729708613828,False
0000001_05249_d_0000009.jpg,79,1,car,0.27487820386886597,926.8749389648438,120.93031311035156,975.3651733398438,172.2103271484375,2486.5798994600773,False
0000001_05249_d_0000009.jpg,80,1,car,0.27023255825042725,879.2843627929688,32.70533752441406,926.1923217773438,58.44364929199219,1207.331672720611,False
0000001_05249_d_0000009.jpg,81,1,car,0.27022984623908997,836.4130249023438,113.82252502441406,889.4022216796875,146.87796020507812,1751.5809593489394,False
0000001_05249_d_0000009.jpg,83,1,car,0.26064977049827576,895.8800048828125,96.77384948730469,939.3929443359375,134.88839721679688,1658.4760076366365,False
0000001_05249_d_0000009.jpg,85,1,car,0.25411391258239746,712.8358764648438,89.57853698730469,754.5462646484375,127.96028137207031,1600.917457452044,False
0000021_00000_d_0000001.jpg,4,0,pedestrian,0.29019418358802795,464.7554931640625,248.4217071533203,480.5323181152344,294.3779602050781,725.0437598093413,False
0000021_00000_d_0000001.jpg,5,0,pedestrian,0.25989508628845215,502.88250732421875,270.15911865234375,519.1197509765625,318.93841552734375,792.0413285493851,False
0000022_00500_d_0000005.jpg,2,0,pedestrian,0.6166088581085205,446.34735107421875,194.54397583007812,458.025146484375,219.38172912597656,290.05020143743604,False
0000022_00500_d_0000005.jpg,6,0,pedestrian,0.5180792212486267,675.0360717773438,131.68173217773438,685.6870727539062,152.65646362304688,223.40188510715961,False
0000022_00500_d_0000005.jpg,7,0,pedestrian,0.5170456767082214,499.8620300292969,172.75718688964844,512.0224609375,209.1749725341797,442.8559661600739,False
0000022_00500_d_0000005.jpg,9,0,pedestrian,0.41037505865097046,410.94610595703125,299.3595275878906,437.8608703613281,356.21759033203125,1530.3213632432744,False
0000022_00500_d_0000005.jpg,12,0,pedestrian,0.3868147134780884,524.6715087890625,216.38754272460938,543.7622680664062,266.0505065917969,948.1036881878972,False
0000022_00500_d_0000005.jpg,13,0,pedestrian,0.3647072911262512,481.25958251953125,193.63540649414062,495.65032958984375,238.7855987548828,649.7449970003217,False
0000022_00500_d_0000005.jpg,15,0,pedestrian,0.28641432523727417,488.2334289550781,152.46885681152344,499.03656005859375,179.68702697753906,294.04146070126444,False
0000023_00300_d_0000009.jpg,2,1,car,0.5017455220222473,420.7542419433594,213.99586486816406,495.3338317871094,289.1772155761719,5606.994299702346,False
0000023_00300_d_0000009.jpg,3,0,pedestrian,0.4149520993232727,577.829345703125,138.53317260742188,587.468994140625,164.84739685058594,253.65987060964108,False
0000023_00300_d_0000009.jpg,4,0,pedestrian,0.4149512052536011,502.0643005371094,223.0961151123047,517.340576171875,267.8190612792969,683.2000528457575,False
0000023_00300_d_0000009.jpg,6,0,pedestrian,0.39011192321777344,564.7992553710938,192.2930145263672,578.5433959960938,232.2648468017578,549.3784838318825,False
0000023_00300_d_0000009.jpg,9,2,van,0.37046104669570923,420.7542419433594,213.99586486816406,495.3338317871094,289.1772155761719,5606.994299702346,False
0000023_00300_d_0000009.jpg,11,0,pedestrian,0.33564335107803345,536.4722900390625,221.98214721679688,553.368408203125,264.4765319824219,717.9901463091373,False
0000023_00300_d_0000009.jpg,12,0,pedestrian,0.3020768165588379,604.64306640625,152.11697387695312,614.7527465820312,178.06805419921875,262.3571222741157,False
0000023_00300_d_0000009.jpg,13,0,pedestrian,0.279439777135849,528.6322631835938,203.1913604736328,539.952392578125,234.44480895996094,353.7930808905512,False
0000023_00300_d_0000009.jpg,14,0,pedestrian,0.2624528110027313,608.5322265625,151.6412353515625,619.5693969726562,180.20118713378906,315.2210547262803,False
0000023_00300_d_0000009.jpg,15,0,pedestrian,0.254020094871521,530.173583984375,229.5830841064453,544.0811157226562,267.4388122558594,526.479740713723,False
0000026_01000_d_0000026.jpg,21,1,car,0.34756213426589966,529.9694213867188,265.2513427734375,714.4752807617188,360.7423400878906,17618.64852207899,False
0000026_03000_d_0000030.jpg,4,1,car,0.8965739607810974,804.4405517578125,15.778844833374023,867.5986328125,122.84588623046875,6762.148878843291,False
0000026_03000_d_0000030.jpg,8,3,truck,0.7407600283622742,348.7467956542969,624.2640380859375,506.7257080078125,694.45703125,11089.012714896351,False
0000026_03000_d_0000030.jpg,9,1,car,0.7191769480705261,1097.3929443359375,70.36176300048828,1238.7506103515625,135.43626403808594,9198.779583806172,False
0000026_03000_d_0000030.jpg,11,1,car,0.6292340159416199,1073.8424072265625,6.4017181396484375,1211.6947021484375,76.4144287109375,9651.412825953215,False
0000026_03000_d_0000030.jpg,15,1,car,0.27603745460510254,1115.2852783203125,136.8168487548828,1272.507568359375,210.44056701660156,11575.289586298168,False
0000026_04978_d_0000034.jpg,15,1,car,0.7274467349052429,574.9656372070312,106.54302215576172,608.243896484375,165.3440399169922,1956.7955148299225,True
0000026_04978_d_0000034.jpg,17,1,car,0.6666972637176514,573.4464111328125,73.30902862548828,608.7591552734375,107.33594512939453,1201.5837963968515,False
0000026_04978_d_0000034.jpg,19,1,car,0.5676119923591614,556.6821899414062,26.4054012298584,609.4680786132812,55.59668731689453,1540.887977579143,False
0000026_04978_d_0000034.jpg,20,1,car,0.5178266167640686,837.426513671875,369.60601806640625,918.55029296875,410.72900390625,3336.0520273,False
0000026_04978_d_0000034.jpg,23,0,pedestrian,0.34359291195869446,630.27734375,248.24996948242188,642.8591918945312,274.3182373046875,327.98698713071644,False
0000026_04978_d_0000034.jpg,26,1,car,0.295805424451828,74.02083587646484,188.80694580078125,156.90231323242188,227.94976806640625,3244.214937256649,False
0000026_04978_d_0000034.jpg,27,1,car,0.2956256866455078,98.03311920166016,138.7182159423828,190.40298461914062,175.5171356201172,3399.111258140998,False
0000069_00713_d_0000003.jpg,14,0,pedestrian,0.3661467134952545,1215.6044921875,58.594566345214844,1243.8065185546875,105.22400665283203,1315.0447050426155,False
0000069_00713_d_0000003.jpg,17,0,pedestrian,0.3159327805042267,143.08596801757812,69.92415618896484,173.05726623535156,114.15231323242188,1325.5752843719674,False
0000069_00713_d_0000003.jpg,19,0,pedestrian,0.29853925108909607,280.6095886230469,1.661031723022461,301.32220458984375,52.02988052368164,1043.270621897711,False
0000069_00713_d_0000003.jpg,22,0,pedestrian,0.2532218396663666,530.5101928710938,8.670976638793945,547.5318603515625,43.99816131591797,601.3275905951159,False
0000069_02480_d_0000007.jpg,3,0,pedestrian,0.7832544445991516,290.8929138183594,263.64727783203125,322.429443359375,341.6019287109375,2458.4191503021866,False
0000069_02480_d_0000007.jpg,7,0,pedestrian,0.7073982954025269,1050.7059326171875,644.2295532226562,1132.9066162109375,761.8140258789062,9665.524032354355,False
0000069_02480_d_0000007.jpg,12,0,pedestrian,0.4480615258216858,283.50262451171875,206.18287658691406,317.7348327636719,283.82861328125,2657.9850283968262,False
0000069_02480_d_0000007.jpg,13,0,pedestrian,0.4239893853664398,785.6264038085938,668.7862548828125,848.538330078125,764.5098266601562,6022.154289912432,False
0000069_02480_d_0000007.jpg,18,0,pedestrian,0.32712873816490173,497.1968688964844,173.89044189453125,510.8397521972656,211.12631225585938,508.00463394261897,False
0000069_02480_d_0000007.jpg,25,0,pedestrian,0.2613760232925415,1144.44580078125,208.5512237548828,1157.8160400390625,240.4905242919922,427.03608990833163,False
0000069_02480_d_0000007.jpg,26,0,pedestrian,0.2607928216457367,800.4768676757812,217.73147583007812,818.3524780273438,260.9916076660156,773.3012604564428,False
0000086_00000_d_0000001.jpg,7,0,pedestrian,0.6102204918861389,398.1298828125,476.2776794433594,435.26715087890625,538.7350463867188,2319.4959788974375,False
0000086_00000_d_0000001.jpg,12,0,pedestrian,0.46386629343032837,249.0827178955078,342.68316650390625,291.8097839355469,418.6641540527344,3246.444672786165,False
0000086_00000_d_0000001.jpg,16,0,pedestrian,0.39887887239456177,345.2319030761719,473.8420104980469,395.0534362792969,538.6322021484375,3227.9466845467687,False
0000086_00000_d_0000001.jpg,17,0,pedestrian,0.38393956422805786,627.6380615234375,210.82420349121094,650.1910400390625,265.52435302734375,1233.6512972898781,False
0000086_00000_d_0000001.jpg,20,0,pedestrian,0.33050447702407837,5.169699668884277,334.2327575683594,50.572242736816406,379.48260498046875,2054.458145945653,False
0000086_00000_d_0000001.jpg,21,0,pedestrian,0.30572256445884705,535.8612670898438,201.33975219726562,552.3316040039062,227.7700653076172,435.3161616716534,False
0000086_00000_d_0000001.jpg,22,0,pedestrian,0.30370548367500305,185.47842407226562,203.104248046875,203.47787475585938,238.64625549316406,639.7366102254018,False
0000086_00000_d_0000001.jpg,25,0,pedestrian,0.2681311070919037,563.212646484375,123.73081970214844,573.5360107421875,144.3612823486328,212.97578070685267,False
0000103_02964_d_0000030.jpg,0,4,bus,0.5694876909255981,880.6443481445312,192.39187622070312,1286.0186767578125,576.6156005859375,155754.43430185132,True
0000103_02964_d_0000030.jpg,1,4,bus,0.39427775144577026,402.8458557128906,0.0,896.50537109375,165.3669891357422,81634.98771674233,True
0000103_04513_d_0000034.jpg,1,1,car,0.36697494983673096,1133.14013671875,300.1048278808594,1245.8128662109375,464.6689147949219,18541.884848996997,False
0000116_00351_d_0000083.jpg,6,0,pedestrian,0.6789232492446899,458.1826477050781,500.02783203125,474.1183166503906,539.2976684570312,625.7911128178239,False
0000116_00351_d_0000083.jpg,7,0,pedestrian,0.6091068387031555,175.34814453125,417.1681213378906,192.01318359375,448.6441345214844,524.5489892363548,False
0000116_00351_d_0000083.jpg,11,0,pedestrian,0.471259742975235,590.80029296875,387.5702819824219,604.3048706054688,423.0506591796875,479.14750844053924,False
0000116_00351_d_0000083.jpg,13,0,pedestrian,0.4643903076648712,39.10350036621094,460.8197937011719,55.713104248046875,498.1282653808594,619.6789360363036,False
0000116_00351_d_0000083.jpg,14,1,car,0.41751205921173096,275.83294677734375,355.42510986328125,322.7491149902344,396.3427734375,1919.6999871265143,False
0000116_00351_d_0000083.jpg,15,1,car,0.40858229994773865,510.63824462890625,281.2794189453125,531.6494750976562,299.2654724121094,377.90911461412907,False
0000116_00351_d_0000083.jpg,17,1,car,0.3547016978263855,509.8200988769531,260.9392395019531,532.2244873046875,280.3493347167969,434.8713126126677,True
0000116_00351_d_0000083.jpg,19,0,pedestrian,0.3029365837574005,569.364990234375,498.5744323730469,588.6975708007812,540.0,800.8631236571819,False
0000116_00351_d_0000083.jpg,20,0,pedestrian,0.29982003569602966,252.8027801513672,469.71343994140625,270.35943603515625,511.540771484375,734.3480664370582,False
0000116_00351_d_0000083.jpg,21,1,car,0.2869742214679718,407.2364501953125,192.1024932861328,426.31488037109375,205.76687622070312,260.6949757123366,False
0000117_00112_d_0000087.jpg,12,1,car,0.5283586978912354,713.7461547851562,4.321172714233398,743.9022827148438,44.768577575683594,1219.7371154257562,True
0000117_00112_d_0000087.jpg,15,0,pedestrian,0.4394823908805847,380.3707580566406,93.46971130371094,392.3806457519531,125.08826446533203,379.7352725593373,False
0000117_00112_d_0000087.jpg,19,0,pedestrian,0.4156186878681183,208.5762176513672,167.93711853027344,222.97637939453125,203.6403045654297,514.1316536525264,False
0000117_00112_d_0000087.jpg,21,0,pedestrian,0.36485040187835693,306.6375732421875,124.30892944335938,320.45904541015625,155.9828338623047,437.77998837735504,False
0000117_00112_d_0000087.jpg,26,1,car,0.33983713388442993,695.5965576171875,105.52841186523438,733.480224609375,151.97618103027344,1759.6118195783347,False
0000117_00112_d_0000087.jpg,27,0,pedestrian,0.3312707841396332,33.01175308227539,188.5801239013672,50.28006362915039,222.45140075683594,584.8997273594141,False
0000117_00112_d_0000087.jpg,29,0,pedestrian,0.3191941976547241,394.3699951171875,72.22463989257812,406.32452392578125,103.41375732421875,372.85120285116136,False
0000117_00112_d_0000087.jpg,32,0,pedestrian,0.299730509519577,407.8922424316406,103.3006591796875,419.37347412109375,131.32896423339844,321.7994641843252,False
0000117_00112_d_0000087.jpg,38,0,pedestrian,0.2875122129917145,122.78443908691406,198.8661651611328,139.24026489257812,229.23890686035156,499.80854664277285,False
0000117_00112_d_0000087.jpg,40,0,pedestrian,0.28217387199401855,62.813560485839844,180.9608612060547,80.80635070800781,218.3380126953125,672.5192458484089,False
0000117_00112_d_0000087.jpg,42,0,pedestrian,0.27618059515953064,220.0084228515625,92.28578186035156,233.6448516845703,122.62150573730469,413.67093974584714,False
0000117_00112_d_0000087.jpg,43,0,pedestrian,0.2747027277946472,411.5090637207031,84.99714660644531,422.9839172363281,119.15447235107422,391.9503094051033,False
0000117_00112_d_0000087.jpg,49,0,pedestrian,0.2666151821613312,240.5026092529297,97.28716278076172,254.8826904296875,134.18951416015625,530.658808448934,False
0000117_00112_d_0000087.jpg,50,0,pedestrian,0.26146015524864197,66.5421371459961,178.89483642578125,82.9250259399414,209.2478485107422,497.2700215491932,False
0000117_00112_d_0000087.jpg,53,1,car,0.2537097930908203,418.4756774902344,110.00308990478516,463.3817443847656,151.6452178955078,1869.9841851820238,False
0000117_03096_d_0000091.jpg,3,2,van,0.8027037978172302,1003.6920776367188,297.14642333984375,1066.0638427734375,346.4603271484375,3075.7952263243496,False
0000117_03096_d_0000091.jpg,7,1,car,0.5716191530227661,215.93746948242188,376.9577331542969,311.2557373046875,447.6239013671875,6735.776747689582,False
0000117_03096_d_0000091.jpg,9,1,car,0.5106399655342102,1067.04541015625,336.8533630371094,1139.510986328125,402.029541015625,4723.029289893806,False
0000117_03096_d_0000091.jpg,13,0,pedestrian,0.44136375188827515,24.367502212524414,428.11163330078125,48.99847412109375,480.70782470703125,1295.4953130250797,False
0000117_03096_d_0000091.jpg,14,1,car,0.4404197335243225,646.8717651367188,92.92929077148438,663.4434814453125,105.0628890991211,201.07454928802326,False
0000117_03096_d_0000091.jpg,18,0,pedestrian,0.41508907079696655,1176.3643798828125,275.19378662109375,1190.341796875,309.17828369140625,475.01548682153225,False
0000117_03096_d_0000091.jpg,19,1,car,0.3837011754512787,680.4589233398438,56.576210021972656,691.3075561523438,64.75688934326172,88.74918611347675,False
0000117_03096_d_0000091.jpg,20,2,van,0.37419673800468445,632.0860595703125,437.0719299316406,690.8794555664062,540.6542358398438,6089.955529449508,False
0000117_03096_d_0000091.jpg,22,0,pedestrian,0.3694555461406708,1202.0916748046875,327.222900390625,1217.949951171875,362.71929931640625,562.9117042049766,False
0000117_03096_d_0000091.jpg,23,0,pedestrian,0.345101535320282,1118.8590087890625,234.2078094482422,1130.958984375,265.5074768066406,378.725210884586,False
0000117_03096_d_0000091.jpg,24,0,pedestrian,0.3269132971763611,1071.212646484375,260.85540771484375,1083.5068359375,291.4253845214844,375.83308643847704,False
0000117_03096_d_0000091.jpg,25,0,pedestrian,0.32602986693382263,1104.7159423828125,306.20770263671875,1118.3804931640625,337.26275634765625,424.3533584475517,False
0000117_03096_d_0000091.jpg,26,0,pedestrian,0.31339776515960693,1220.9620361328125,323.5709228515625,1238.517578125,361.0202331542969,657.4429395981133,False
0000117_03096_d_0000091.jpg,27,2,van,0.29160231351852417,474.4766540527344,275.1183166503906,536.548583984375,333.4346008300781,3619.804305475205,False
0000117_03096_d_0000091.jpg,28,0,pedestrian,0.28904321789741516,1195.5589599609375,275.8593444824219,1209.876953125,307.5775451660156,454.1409805640578,False
0000117_03096_d_0000091.jpg,29,0,pedestrian,0.28317883610725403,1090.0987548828125,292.193603515625,1101.986328125,327.4797058105469,419.4661254622042,False
0000117_03096_d_0000091.jpg,31,0,pedestrian,0.26355016231536865,1100.729248046875,392.9078063964844,1119.5924072265625,440.1168212890625,890.511162634939,False
0000117_03096_d_0000091.jpg,32,0,pedestrian,0.2629816234111786,1143.43115234375,255.447265625,1157.3922119140625,286.4178771972656,432.38255308941007,False
0000117_03096_d_0000091.jpg,33,0,pedestrian,0.25859740376472473,1042.3299560546875,256.1170959472656,1055.8912353515625,284.27191162109375,381.8153189048171,False
0000154_00401_d_0000001.jpg,2,1,car,0.7415894269943237,422.2929382324219,337.4415283203125,451.62628173828125,370.4396057128906,967.9439391894266,False
0000154_00401_d_0000001.jpg,5,1,car,0.5936641693115234,720.8021240234375,349.010498046875,778.8872680664062,387.7879333496094,2252.3929151762277,True
0000154_00401_d_0000001.jpg,7,1,car,0.42377540469169617,587.29296875,265.7716369628906,601.8883666992188,281.0504150390625,222.99984619952738,False
0000154_00401_d_0000001.jpg,8,1,car,0.3262559473514557,914.089599609375,498.2023620605469,960.0,538.970703125,1871.690861530602,True
0000154_02001_d_0000001.jpg,5,1,car,0.8267334699630737,417.39581298828125,299.92706298828125,440.9601135253906,322.62432861328125,534.8451885581017,True
0000154_02001_d_0000001.jpg,10,0,pedestrian,0.499726802110672,601.7192993164062,436.5267333984375,615.2399291992188,474.8961181640625,518.7782502472401,False
0000154_02001_d_0000001.jpg,13,1,car,0.4153086245059967,532.8362426757812,322.3605041503906,554.2667236328125,341.3173828125,406.255027173087,False
0000154_02001_d_0000001.jpg,14,1,car,0.4033001661300659,178.82125854492188,356.2532958984375,217.10321044921875,395.627685546875,1507.3284907825291,False
0000154_02001_d_0000001.jpg,15,1,car,0.3863295614719391,476.6427001953125,250.5764923095703,492.2709045410156,260.7159118652344,158.46092076273635,False
0000154_02001_d_0000001.jpg,16,1,car,0.3809003531932831,385.1554870605469,262.7322998046875,400.5809326171875,278.29608154296875,240.078267859295,False
0000154_02001_d_0000001.jpg,17,1,car,0.30419111251831055,384.178466796875,260.9813537597656,399.8512878417969,277.7149658203125,262.26290726009756,False
0000154_02001_d_0000001.jpg,18,1,car,0.3014145791530609,243.49169921875,267.61114501953125,266.9183044433594,280.95098876953125,312.5072532892227,False
0000154_02001_d_0000001.jpg,19,1,car,0.2895996570587158,397.4967346191406,277.7546081542969,416.1197509765625,294.1426696777344,305.1951378174126,False
0000154_02001_d_0000001.jpg,21,1,car,0.27675414085388184,463.7176513671875,255.20791625976562,476.0674743652344,266.5219421386719,139.72621699981391,False
0000154_02001_d_0000001.jpg,22,0,pedestrian,0.27499592304229736,60.93596649169922,371.01446533203125,71.43920135498047,397.7591857910156,280.906080333516,False
0000154_02001_d_0000001.jpg,23,1,car,0.2501257061958313,462.8685607910156,251.40069580078125,475.8956298828125,260.8768615722656,123.44666623044759,False
0000155_01201_d_0000001.jpg,4,1,car,0.7093868851661682,397.89984130859375,165.26751708984375,441.1393737792969,186.15380859375,903.1134796757251,True
0000155_01201_d_0000001.jpg,8,2,van,0.43252861499786377,221.73614501953125,243.5130157470703,255.59957885742188,281.29296875,1279.3589389133267,False
0000155_01201_d_0000001.jpg,11,1,car,0.3211623430252075,316.375732421875,124.42797088623047,329.6920471191406,135.9944610595703,154.0230230910238,False
0000155_01201_d_0000001.jpg,14,0,pedestrian,0.2597086429595947,453.88726806640625,163.89532470703125,460.08306884765625,179.31541442871094,95.5398039445281,False
0000155_01201_d_0000001.jpg,15,1,car,0.25062063336372375,458.3742370605469,456.9310302734375,519.559326171875,538.4727172851562,4989.135386100039,False
0000162_00801_d_0000001.jpg,3,1,car,0.6974005103111267,70.57585906982422,351.5849609375,165.61483764648438,401.4889831542969,4742.827298351331,False
0000162_00801_d_0000001.jpg,5,1,car,0.6864079236984253,112.31511688232422,338.4258728027344,199.7607879638672,379.7043762207031,3609.6264326260425,False
0000162_00801_d_0000001.jpg,6,3,truck,0.5735844969749451,350.6544189453125,206.82261657714844,387.10125732421875,242.49517822265625,1300.1520888553932,True
0000162_00801_d_0000001.jpg,8,1,car,0.4642825126647949,522.367919921875,165.8517608642578,537.2886352539062,185.98475646972656,300.39869621023536,True
0000162_00801_d_0000001.jpg,11,0,pedestrian,0.30165791511535645,54.97696304321289,312.39984130859375,72.3377685546875,357.6062927246094,784.8204108973732,False
0000162_00801_d_0000001.jpg,13,3,truck,0.27792489528656006,183.83885192871094,232.22227478027344,266.06488037109375,300.1168212890625,5582.698912314372,False
0000165_04325_d_0000105.jpg,5,1,car,0.5425456166267395,769.3607177734375,675.4246826171875,809.127197265625,706.1929321289062,1223.5449632182717,False
0000165_04325_d_0000105.jpg,8,1,car,0.330169141292572,902.4664916992188,642.847412109375,925.8521118164062,670.1856079101562,639.3206616863608,False
0000165_04325_d_0000105.jpg,10,1,car,0.3174495995044708,725.50927734375,715.2764282226562,783.5870971679688,750.8676147460938,2067.0585182383657,False
0000165_04325_d_0000105.jpg,11,0,pedestrian,0.29456329345703125,65.72694396972656,1005.3511962890625,116.69287109375,1079.9556884765625,3802.287111952901,False
0000165_04325_d_0000105.jpg,13,1,car,0.2805316150188446,893.6354370117188,643.1199340820312,919.7642211914062,668.3287353515625,658.6753278002143,False
0000193_01705_d_0000112.jpg,8,0,pedestrian,0.6357467174530029,335.4846496582031,278.0011901855469,347.0083923339844,307.0528564453125,334.7839262802154,False
0000193_01705_d_0000112.jpg,11,1,car,0.3776628375053406,199.51370239257812,179.60079956054688,219.45799255371094,201.22193908691406,431.21828032820486,False
0000193_01705_d_0000112.jpg,12,0,pedestrian,0.3393920063972473,252.99705505371094,404.9043273925781,269.5036926269531,440.8636779785156,593.5679674912244,False
0000193_01705_d_0000112.jpg,13,0,pedestrian,0.32488393783569336,423.445068359375,204.10113525390625,432.8741455078125,223.9990997314453,187.6194421555847,False
0000194_00399_d_0000121.jpg,2,1,car,0.8647499680519104,128.1881561279297,351.2477111816406,201.63388061523438,390.7650146484375,2902.3769829035737,True
0000194_00399_d_0000121.jpg,5,1,car,0.7353582382202148,512.3510131835938,162.59262084960938,528.47265625,179.1339569091797,266.6735157938674,True
0000194_00399_d_0000121.jpg,6,0,pedestrian,0.7179303765296936,429.5849304199219,250.95240783691406,438.8499755859375,273.6868591308594,210.6357180629857,False
0000194_00399_d_0000121.jpg,7,1,car,0.6829830408096313,98.28424835205078,375.4837951660156,185.01718139648438,421.7107849121094,4009.4024064936675,True
0000194_00399_d_0000121.jpg,9,0,pedestrian,0.6671657562255859,683.8054809570312,349.6555480957031,695.5982055664062,380.9773254394531,369.36909449100494,False
0000194_00399_d_0000121.jpg,10,0,pedestrian,0.6351568102836609,406.52783203125,385.83905029296875,419.282958984375,417.54669189453125,404.4349940121174,False
0000194_00399_d_0000121.jpg,12,0,pedestrian,0.5649607181549072,283.94659423828125,411.2267150878906,299.5191650390625,446.1512145996094,543.8642413280904,False
0000194_00399_d_0000121.jpg,13,1,car,0.5648452043533325,370.02154541015625,172.6779327392578,403.4050598144531,193.50894165039062,695.4122860408388,True
0000194_00399_d_0000121.jpg,14,1,car,0.4697861075401306,560.9036865234375,213.1693878173828,579.65771484375,231.35110473632812,340.9804340098053,False
0000194_00399_d_0000121.jpg,16,1,car,0.41340893507003784,596.3509521484375,158.81382751464844,626.3319702148438,173.62612915039062,444.0878829462454,True
0000194_00399_d_0000121.jpg,17,0,pedestrian,0.40789687633514404,397.4854736328125,319.13287353515625,408.8592529296875,346.649658203125,312.9698357731104,False
0000194_00399_d_0000121.jpg,18,1,car,0.4071507453918457,456.4413757324219,197.87875366210938,474.6552429199219,220.60140991210938,413.8674430847168,True
0000194_00399_d_0000121.jpg,19,0,pedestrian,0.39598265290260315,416.49072265625,334.9836730957031,428.632080078125,362.8179016113281,337.94531697034836,False
0000194_00399_d_0000121.jpg,21,0,pedestrian,0.359117716550827,416.8301696777344,253.068115234375,425.23681640625,274.5907287597656,180.93300858233124,False
0000194_00399_d_0000121.jpg,22,1,car,0.35794663429260254,563.7274780273438,198.15060424804688,600.9146728515625,215.36924743652344,640.3130388585851,False
0000194_00399_d_0000121.jpg,23,0,pedestrian,0.3468645513057709,334.24908447265625,329.0850524902344,345.6771240234375,355.333984375,299.9738317448646,False
0000194_00399_d_0000121.jpg,24,1,car,0.32513946294784546,453.3582458496094,136.16213989257812,467.796875,149.14688110351562,187.48186295852065,False
0000194_00399_d_0000121.jpg,25,1,car,0.32431313395500183,596.004150390625,159.96800231933594,626.4807739257812,174.2454071044922,435.12709069624543,False
0000194_00399_d_0000121.jpg,26,1,car,0.29560211300849915,449.67388916015625,53.43227005004883,458.78790283203125,64.18141174316406,97.96782435197383,True
0000194_00399_d_0000121.jpg,27,0,pedestrian,0.2747766375541687,379.35687255859375,383.4631652832031,390.77978515625,416.5485534667969,377.9314974807203,False
0000194_00399_d_0000121.jpg,28,0,pedestrian,0.26581013202667236,327.7632141113281,468.13568115234375,342.6106262207031,501.00933837890625,488.08873638510704,False
0000194_00399_d_0000121.jpg,29,0,pedestrian,0.25052475929260254,415.59808349609375,254.3089599609375,423.48040771484375,275.4180908203125,166.38901340961456,False
0000194_01192_d_0000125.jpg,2,1,car,0.734502911567688,287.2532958984375,328.58184814453125,325.15863037109375,367.9981384277344,1494.087666856125,False
0000194_01192_d_0000125.jpg,4,2,van,0.6270017623901367,232.56944274902344,392.2025146484375,287.1630859375,452.9447937011719,3316.1423090598546,False
0000213_03478_d_0000242.jpg,15,1,car,0.7639172077178955,418.332275390625,212.9940948486328,502.17840576171875,252.45094299316406,3308.3040335588157,True
0000213_03478_d_0000242.jpg,17,1,car,0.7305971384048462,241.71592712402344,384.8436584472656,380.1174621582031,452.7015686035156,9391.638929836452,True
0000213_03478_d_0000242.jpg,24,1,car,0.5717316269874573,516.997314453125,116.48411560058594,544.0784912109375,141.14370727539062,667.8107609208673,False
0000213_03478_d_0000242.jpg,25,1,car,0.5102745294570923,668.0808715820312,110.15496826171875,699.8971557617188,132.57838439941406,713.4297801163048,False
0000213_03478_d_0000242.jpg,34,1,car,0.38728639483451843,713.19482421875,126.6080093383789,776.5859375,149.7557830810547,1467.3631475307047,True
0000213_03478_d_0000242.jpg,36,1,car,0.3487934172153473,751.935302734375,169.1665802001953,827.4752197265625,197.38229370117188,2131.4126557391137,True
0000213_03478_d_0000242.jpg,37,1,car,0.34811148047447205,459.54412841796875,147.2622528076172,520.1687622070312,178.248046875,1878.5024179983884,False
0000213_03478_d_0000242.jpg,41,1,car,0.3300463557243347,718.469970703125,143.7593994140625,775.9561157226562,164.4193115234375,1187.658703610301,False
0000213_03478_d_0000242.jpg,42,1,car,0.32128584384918213,666.44873046875,91.14324951171875,697.887939453125,110.84370422363281,619.3667127750814,False
0000213_03478_d_0000242.jpg,45,1,car,0.28824475407600403,414.8729248046875,139.2974395751953,458.149658203125,174.65135192871094,1530.0018395148218,False
0000213_03478_d_0000242.jpg,46,1,car,0.281206339597702,520.7876586914062,24.39183807373047,547.7750244140625,38.285945892333984,374.9653690906707,False
0000213_03478_d_0000242.jpg,47,1,car,0.2782563269138336,710.3866577148438,110.41033172607422,737.0027465820312,126.6928482055664,433.376905599609,False
0000213_03478_d_0000242.jpg,48,1,car,0.2753480076789856,496.75372314453125,54.59000778198242,533.8048095703125,72.14227294921875,650.330493679503,False
0000213_03478_d_0000242.jpg,50,1,car,0.271088570356369,513.9107055664062,43.202274322509766,547.7702026367188,58.934669494628906,532.6909882393666,False
0000213_03478_d_0000242.jpg,52,1,car,0.2621169686317444,647.8973388671875,23.012514114379883,663.5396728515625,35.11769485473633,189.35328008187935,False
0000213_03478_d_0000242.jpg,53,1,car,0.26185935735702515,676.2833862304688,23.324373245239258,699.506103515625,36.77556228637695,312.3731602515327,False
0000213_03478_d_0000242.jpg,54,1,car,0.2614637017250061,640.69677734375,144.32693481445312,656.0099487304688,167.50027465820312,354.85732463002205,False
0000213_03478_d_0000242.jpg,55,1,car,0.26062723994255066,717.5531005859375,152.36209106445312,760.9329833984375,176.92703247070312,1065.624279499054,False
0000213_03478_d_0000242.jpg,57,1,car,0.25623393058776855,497.0599670410156,50.212398529052734,533.7463989257812,66.63333129882812,602.4254315426806,False
0000213_05340_d_0000246.jpg,11,1,car,0.8485323786735535,407.822265625,408.5155029296875,467.7901611328125,503.17138671875,5676.314148262143,True
0000213_05340_d_0000246.jpg,23,1,car,0.6335009336471558,119.0646743774414,231.27926635742188,212.80172729492188,283.9145202636719,4933.873580735177,True
0000213_05340_d_0000246.jpg,25,0,pedestrian,0.6293760538101196,1203.0341796875,90.1004409790039,1215.2838134765625,113.46898651123047,286.256124952808,False
0000213_05340_d_0000246.jpg,27,2,van,0.623677134513855,827.3967895507812,544.6326293945312,965.806396484375,612.4152221679688,9381.762022711337,False
0000213_05340_d_0000246.jpg,29,2,van,0.590469479560852,829.2017211914062,544.1930541992188,961.1083374023438,612.8951416015625,9062.259875871241,True
0000213_05340_d_0000246.jpg,35,2,van,0.5444176197052002,685.4115600585938,540.9423828125,793.7803344726562,619.9676513671875,8563.871501013637,False
0000213_05340_d_0000246.jpg,38,1,car,0.530606210231781,554.2568969726562,0.5467430353164673,580.281982421875,18.401134490966797,464.66206327710097,False
0000213_05340_d_0000246.jpg,39,1,car,0.48437848687171936,587.9093627929688,670.4968872070312,652.7005004882812,762.759521484375,5977.801041595638,False
0000213_05340_d_0000246.jpg,44,0,pedestrian,0.4338807165622711,1263.5924072265625,62.530548095703125,1273.2291259765625,84.79122924804688,214.51992344856262,False
0000213_05340_d_0000246.jpg,45,1,car,0.42812857031822205,745.5537719726562,78.69493103027344,788.6882934570312,104.16024780273438,1098.4342534281313,False
0000213_05340_d_0000246.jpg,49,0,pedestrian,0.35958558320999146,1003.646728515625,445.66607666015625,1017.172119140625,479.10260009765625,452.2420406341553,False
0000213_05340_d_0000246.jpg,50,0,pedestrian,0.3591066300868988,1016.885986328125,410.6939697265625,1030.3216552734375,437.3939208984375,358.73170480132103,False
0000213_05340_d_0000246.jpg,52,0,pedestrian,0.3530353903770447,493.2865905761719,300.96759033203125,507.6207275390625,332.2212219238281,447.99383582454175,False
0000213_05340_d_0000246.jpg,57,0,pedestrian,0.3159227669239044,1196.78466796875,24.85957908630371,1208.4349365234375,46.369258880615234,250.59354612906463,False
0000213_05340_d_0000246.jpg,58,0,pedestrian,0.29933643341064453,831.8629760742188,331.6415710449219,845.1190185546875,364.3348388671875,433.3833470772952,False
0000213_05340_d_0000246.jpg,62,1,car,0.2790956497192383,555.0513916015625,0.0,580.729736328125,16.617401123046875,426.7073544971645,False
0000213_05340_d_0000246.jpg,63,1,car,0.27776652574539185,328.9947814941406,341.0444641113281,395.3782958984375,431.25885009765625,5988.747991598211,False
0000215_00909_d_0000258.jpg,4,1,car,0.9121048450469971,386.26556396484375,186.1453094482422,460.4419250488281,224.26507568359375,2827.585544710513,True
0000215_00909_d_0000258.jpg,16,1,car,0.7911836504936218,482.0339660644531,194.23252868652344,558.431884765625,235.99754333496094,3190.7601936645806,True
0000215_00909_d_0000258.jpg,17,1,car,0.7895894646644592,303.3541259765625,650.9276733398438,430.232421875,764.7898559570312,14446.639697745442,True
0000215_00909_d_0000258.jpg,22,1,car,0.635407030582428,641.1748046875,36.29653549194336,669.4695434570312,58.887664794921875,639.2101021364797,False
0000215_00909_d_0000258.jpg,30,2,van,0.5442945957183838,419.3414001464844,416.3249816894531,507.6866149902344,504.3727722167969,7778.60097065568,False
0000215_00909_d_0000258.jpg,32,1,car,0.5137128233909607,597.1336059570312,123.35737609863281,647.1544799804688,147.7490997314453,1220.0953350514174,False
0000215_00909_d_0000258.jpg,33,1,car,0.5122083425521851,221.9501953125,238.37351989746094,317.095947265625,289.4632873535156,4860.974341716617,False
0000215_00909_d_0000258.jpg,35,1,car,0.4360007047653198,867.1300048828125,0.0,887.8709716796875,13.834763526916504,286.9463709543925,False
0000215_00909_d_0000258.jpg,36,2,van,0.43217167258262634,1038.841796875,423.53765869140625,1107.6165771484375,492.88201904296875,4769.143146380782,False
0000215_00909_d_0000258.jpg,38,2,van,0.41607916355133057,58.836185455322266,155.91554260253906,136.5170135498047,194.25555419921875,2978.2838499821373,False
0000215_00909_d_0000258.jpg,40,1,car,0.3905945122241974,604.9983520507812,73.325439453125,640.5042724609375,94.43544006347656,749.5300015294924,False
0000215_00909_d_0000258.jpg,42,1,car,0.38117721676826477,450.0274963378906,106.66704559326172,487.3611755371094,133.5332794189453,1003.0153549392708,False
0000215_00909_d_0000258.jpg,45,1,car,0.34675008058547974,611.2340698242188,103.51013946533203,653.230224609375,125.38984680175781,918.8635759544559,False
0000215_00909_d_0000258.jpg,46,1,car,0.3408183455467224,239.96322631835938,150.7425537109375,315.3442687988281,177.53213500976562,2019.426565920934,False
0000215_00909_d_0000258.jpg,47,1,car,0.32708966732025146,374.2332763671875,111.51734924316406,414.51544189453125,138.33883666992188,1080.4275962142274,False
0000215_00909_d_0000258.jpg,51,0,pedestrian,0.3101584017276764,3.234783172607422,161.15029907226562,15.529178619384766,186.21621704101562,308.1703077442944,False
0000215_00909_d_0000258.jpg,57,1,car,0.2753734588623047,577.1817016601562,141.05238342285156,629.181640625,182.36669921875,2148.341899760999,False
0000215_00909_d_0000258.jpg,58,1,car,0.27248239517211914,897.0552978515625,58.907920837402344,918.7141723632812,79.54663848876953,447.01139569375664,False
0000215_00909_d_0000258.jpg,59,1,car,0.26761406660079956,876.0014038085938,25.42784309387207,895.587646484375,41.747467041015625,319.64011500624474,False
0000215_00909_d_0000258.jpg,60,0,pedestrian,0.26758459210395813,12.789165496826172,169.85244750976562,22.28510284423828,194.0242156982422,229.53359629394254,False
0000215_00909_d_0000258.jpg,63,0,pedestrian,0.2536892890930176,863.2230834960938,72.44713592529297,871.9281616210938,92.03185272216797,170.48648977279663,False
0000215_02932_d_0000263.jpg,12,1,car,0.7541893124580383,1194.2823486328125,648.56787109375,1323.0919189453125,765.0,14997.572494983673,False
0000215_02932_d_0000263.jpg,14,2,van,0.705772876739502,733.1932373046875,189.98080444335938,772.2374877929688,233.1595916748047,1685.8833844447508,False
0000215_02932_d_0000263.jpg,16,3,truck,0.6761868000030518,422.8929748535156,139.98019409179688,476.9467468261719,180.75181579589844,2203.8599425489083,True
0000215_02932_d_0000263.jpg,17,2,van,0.6735644340515137,371.5657958984375,566.289794921875,496.29986572265625,693.1021118164062,15817.816390093416,True
0000215_02932_d_0000263.jpg,20,2,van,0.6521029472351074,800.9212036132812,59.49241256713867,855.4708251953125,82.64289855957031,1262.8502503272612,True
0000215_02932_d_0000263.jpg,21,1,car,0.6387041211128235,719.2589111328125,66.2708740234375,749.8390502929688,90.92793273925781,754.0162868099287,True
0000215_02932_d_0000263.jpg,24,1,car,0.6131559014320374,1283.4798583984375,442.0938720703125,1360.0,521.4956665039062,6075.836553476751,False
0000215_02932_d_0000263.jpg,26,1,car,0.47869253158569336,452.41046142578125,223.36428833007812,490.1239013671875,279.97674560546875,2135.0505073908716,False
0000215_02932_d_0000263.jpg,30,1,car,0.3554511070251465,446.7238464355469,22.422760009765625,468.51629638671875,41.548309326171875,416.79257626645267,False
0000215_02932_d_0000263.jpg,31,1,car,0.3420822024345398,211.64849853515625,106.41830444335938,253.85409545898438,129.3367919921875,967.2884475896135,False
0000215_02932_d_0000263.jpg,33,2,van,0.3063355088233948,732.6796875,189.5401611328125,772.1508178710938,233.3416290283203,1728.8934497488663,True
0000215_02932_d_0000263.jpg,34,1,car,0.2801686227321625,1079.909912109375,368.7265930175781,1161.976806640625,434.7074279785156,5414.8422238230705,False
0000215_02932_d_0000263.jpg,35,1,car,0.2665480375289917,444.6220703125,22.727210998535156,468.36029052734375,41.854434967041016,454.0462546630297,False
0000223_01802_d_0000005.jpg,8,1,car,0.6553291082382202,1033.1976318359375,586.2882080078125,1084.3330078125,642.0469360351562,2851.2435216531157,False
0000223_01802_d_0000005.jpg,10,1,car,0.6266825199127197,764.9568481445312,298.6256408691406,784.3607177734375,318.3520202636719,382.768094021827,True
0000223_01802_d_0000005.jpg,15,1,car,0.5694114565849304,687.8298950195312,314.7071228027344,708.9713745117188,332.8320007324219,383.1867350488901,False
0000223_01802_d_0000005.jpg,17,1,car,0.4976048171520233,669.2667846679688,304.3974609375,691.30517578125,324.77484130859375,449.0846784822643,True
0000223_01802_d_0000005.jpg,24,1,car,0.36214813590049744,687.4894409179688,256.22821044921875,712.835693359375,271.9100646972656,397.4762365203351,False
0000223_01802_d_0000005.jpg,25,1,car,0.31086498498916626,759.3233642578125,417.7955017089844,799.1241455078125,458.0712890625,1603.0078021287918,True
0000223_01802_d_0000005.jpg,26,0,pedestrian,0.3056485950946808,70.4216079711914,1012.6654052734375,101.46304321289062,1080.0,2090.1624617306516,False
0000223_01802_d_0000005.jpg,28,1,car,0.2833978831768036,1248.756591796875,406.1029357910156,1314.2403564453125,439.4405822753906,2183.0745963156223,True
0000223_01802_d_0000005.jpg,29,1,car,0.27510589361190796,848.0665893554688,380.85150146484375,886.6318359375,405.182373046875,938.3260621167719,True
0000223_01802_d_0000005.jpg,30,1,car,0.25933459401130676,784.6724853515625,320.4915466308594,807.9735717773438,341.8121643066406,496.79355511441827,False
0000242_00627_d_0000003.jpg,10,1,car,0.5174638032913208,297.16064453125,248.0848846435547,344.6385803222656,304.33258056640625,2670.524495417718,False
0000242_00627_d_0000003.jpg,11,1,car,0.4862856864929199,459.8936462402344,112.0719223022461,475.44647216796875,121.33985137939453,144.14248764747754,False
0000242_00627_d_0000003.jpg,16,1,car,0.3535371422767639,505.55767822265625,101.13489532470703,515.9637451171875,109.59095764160156,87.9943501339294,False
0000242_00627_d_0000003.jpg,18,1,car,0.2845803201198578,451.6385192871094,89.53990173339844,460.5081481933594,96.42363739013672,61.05618076398969,False
0000242_01475_d_0000007.jpg,8,1,car,0.7934115529060364,0.022261619567871094,186.76295471191406,73.65435791015625,227.80389404296875,3021.9303966804146,False
0000242_01475_d_0000007.jpg,16,2,van,0.7243205904960632,472.754638671875,153.71197509765625,544.5338745117188,221.8443603515625,4890.490549471229,True
0000242_01475_d_0000007.jpg,23,1,car,0.6203764081001282,146.46791076660156,73.17160034179688,170.39488220214844,97.02726745605469,570.7938656187616,True
0000242_01475_d_0000007.jpg,25,1,car,0.5080628991127014,620.3518676757812,111.55091857910156,670.2362060546875,133.23377990722656,1081.635191515088,False
0000242_01475_d_0000007.jpg,26,1,car,0.4675068259239197,316.5091857910156,53.09916687011719,332.4552307128906,67.13358306884766,223.79343115724623,False
0000242_01475_d_0000007.jpg,33,2,van,0.405775249004364,300.3175354003906,87.67581939697266,340.591552734375,120.13856506347656,1307.4051816815045,True
0000242_01475_d_0000007.jpg,36,1,car,0.3383702337741852,309.95538330078125,23.31145477294922,323.37176513671875,33.98883819580078,143.25185300968587,False
0000242_01475_d_0000007.jpg,39,1,car,0.32206109166145325,227.6916961669922,139.08670043945312,251.0532989501953,167.93060302734375,673.8397949757054,False
0000242_01475_d_0000007.jpg,40,1,car,0.3076852560043335,308.5165100097656,24.754417419433594,322.9785461425781,35.67791748046875,157.97605257946998,False
0000242_01475_d_0000007.jpg,42,0,pedestrian,0.29923269152641296,451.1340026855469,169.5143280029297,463.36810302734375,197.8553466796875,346.7268662801944,False
0000242_01475_d_0000007.jpg,43,1,car,0.29790663719177246,294.5953063964844,30.185302734375,308.0956726074219,43.94801330566406,185.8016327675432,False
0000242_01475_d_0000007.jpg,44,1,car,0.2843298017978668,278.90936279296875,12.190269470214844,289.1387634277344,21.548561096191406,95.72971429908648,False
0000242_01475_d_0000007.jpg,45,1,car,0.28127381205558777,296.1135559082031,12.076286315917969,306.16314697265625,21.334190368652344,93.03814984392375,False
0000242_01475_d_0000007.jpg,46,1,car,0.27671217918395996,258.1933898925781,18.809532165527344,269.529052734375,29.184104919433594,117.60265886597335,False
0000242_01475_d_0000007.jpg,47,1,car,0.2723407745361328,625.9288330078125,159.001708984375,674.9754028320312,183.654052734375,1209.1128990650177,False
0000242_03668_d_0000012.jpg,10,1,car,0.5409626960754395,664.6069946289062,298.70562744140625,745.291259765625,340.98443603515625,3411.234602242708,False
0000242_03668_d_0000012.jpg,13,1,car,0.46195706725120544,0.0,189.94871520996094,18.592927932739258,219.5672149658203,550.6946314365487,False
0000242_03668_d_0000012.jpg,15,1,car,0.28018322587013245,292.6728210449219,120.02787780761719,323.99444580078125,153.55215454101562,1050.034816055093,True
0000242_05570_d_0000016.jpg,6,1,car,0.6563056111335754,458.58416748046875,140.03839111328125,489.22760009765625,166.74688720703125,818.4400003552437,False
0000242_05570_d_0000016.jpg,8,1,car,0.5861480236053467,413.9171447753906,104.00404357910156,430.005615234375,118.45436096191406,232.48350433632731,False
0000242_05570_d_0000016.jpg,9,1,car,0.5776366591453552,291.6126708984375,68.0831069946289,302.0455627441406,79.98035430908203,124.12269449327141,False
0000242_05570_d_0000016.jpg,13,1,car,0.4036005735397339,307.7025451660156,31.95377540588379,317.10675048828125,40.608856201171875,81.39415687968722,False
0000242_05570_d_0000016.jpg,14,1,car,0.28774651885032654,371.2166748046875,31.032251358032227,379.1076965332031,38.82944869995117,61.52785364660667,False
0000244_00500_d_0000002.jpg,4,1,car,0.4466196596622467,406.68475341796875,247.306884765625,417.1254577636719,255.86111450195312,89.31218358222395,False
0000244_00500_d_0000002.jpg,5,1,car,0.4356980621814728,461.8802490234375,257.0211181640625,473.6227111816406,266.6033935546875,112.51950616389513,False
0000244_00500_d_0000002.jpg,7,1,car,0.3978780508041382,429.1712951660156,231.4822540283203,437.3409423828125,238.43743896484375,56.82140725897625,False
0000244_00500_d_0000002.jpg,10,1,car,0.3416691720485687,499.56884765625,256.9165344238281,510.8822937011719,266.4288024902344,107.61653153412044,True
0000244_00500_d_0000002.jpg,11,1,car,0.3219461143016815,441.44549560546875,229.36166381835938,448.5467834472656,235.7816162109375,45.5899298703298,False
0000244_00500_d_0000002.jpg,12,2,van,0.32161352038383484,286.2191162109375,347.7333068847656,312.73394775390625,373.2746887207031,677.2254367545247,True
0000244_00500_d_0000002.jpg,13,1,car,0.320515900850296,382.69854736328125,259.4118347167969,392.8012390136719,268.21197509765625,88.90510474797338,False
0000244_00500_d_0000002.jpg,14,1,car,0.295681893825531,417.0652160644531,236.39273071289062,427.6417541503906,243.23272705078125,72.34348177537322,False
0000244_00500_d_0000002.jpg,16,1,car,0.2684001326560974,79.1296157836914,363.9609375,129.42315673828125,387.53448486328125,1185.597169760149,False
0000244_03000_d_0000007.jpg,18,2,van,0.28335699439048767,359.2633972167969,385.19091796875,378.5557861328125,407.01361083984375,421.01187806390226,False
0000244_03000_d_0000007.jpg,19,1,car,0.27665334939956665,493.94000244140625,297.0045471191406,504.8902893066406,306.7246398925781,106.43780422583222,False
0000244_03000_d_0000007.jpg,21,1,car,0.25443214178085327,359.47320556640625,388.2121887207031,378.9454345703125,411.5719299316406,454.8662303313613,True
0000244_04900_d_0000011.jpg,13,2,van,0.7702516317367554,572.9219970703125,445.6265563964844,624.4920043945312,537.2576904296875,4725.418253218755,True
0000244_04900_d_0000011.jpg,22,1,car,0.6888189315795898,219.0405731201172,340.8682556152344,285.1968078613281,371.10589599609375,2000.4084350564517,True
0000244_04900_d_0000011.jpg,25,1,car,0.6442559361457825,514.3657836914062,197.45742797851562,528.375,210.15151977539062,177.8342778235674,False
0000244_04900_d_0000011.jpg,26,1,car,0.6395233869552612,890.9928588867188,482.4378662109375,959.4788818359375,539.7254028320312,3923.395547736436,False
0000244_04900_d_0000011.jpg,28,1,car,0.5990985035896301,419.0782775878906,202.94395446777344,434.6033020019531,219.32846069335938,254.3698591645807,False
0000244_04900_d_0000011.jpg,32,1,car,0.5850821733474731,314.6320495605469,258.1842956542969,349.1680603027344,275.54803466796875,599.6742771007121,False
0000244_04900_d_0000011.jpg,37,1,car,0.5464967489242554,5.273125648498535,377.9131164550781,73.3716049194336,418.3396301269531,2752.9841032803524,False
0000244_04900_d_0000011.jpg,39,1,car,0.5319516658782959,1.0243864059448242,510.2289123535156,100.89020538330078,540.0,2973.114049662807,False
0000244_04900_d_0000011.jpg,41,1,car,0.518669605255127,773.083984375,295.7763671875,822.3228759765625,316.02703857421875,997.1206132695079,True
0000244_04900_d_0000011.jpg,47,1,car,0.4553820490837097,349.0809631347656,234.37510681152344,386.3608093261719,250.36331176757812,596.0378216383979,False
0000244_04900_d_0000011.jpg,48,1,car,0.4516434073448181,332.6581115722656,246.03341674804688,367.6896057128906,261.0650939941406,526.5821133702993,False
0000244_04900_d_0000011.jpg,50,1,car,0.4290752708911896,338.5993957519531,264.00640869140625,361.25201416015625,281.90948486328125,405.55155285447836,False
0000244_04900_d_0000011.jpg,51,2,van,0.4272228479385376,244.27322387695312,316.06378173828125,303.9586486816406,348.5393371582031,1938.3173210062087,True
0000244_04900_d_0000011.jpg,54,1,car,0.3782140612602234,184.41546630859375,361.8000183105469,257.5808410644531,396.65423583984375,2550.121887353249,False
0000244_04900_d_0000011.jpg,55,1,car,0.37535372376441956,420.0057678222656,201.85231018066406,436.70135498046875,217.95428466796875,268.8319184719585,True
0000244_04900_d_0000011.jpg,57,1,car,0.36614903807640076,442.605224609375,187.02882385253906,456.6674499511719,198.3422393798828,159.09179853089154,False
0000244_04900_d_0000011.jpg,59,1,car,0.34567052125930786,571.8805541992188,322.2476501464844,591.897216796875,348.96307373046875,534.7536200340837,False
0000244_04900_d_0000011.jpg,62,0,pedestrian,0.3346598446369171,649.8971557617188,431.7350769042969,659.519775390625,456.359375,236.95025420375168,False
0000244_04900_d_0000011.jpg,63,1,car,0.32798734307289124,621.7036743164062,243.2662811279297,657.7152099609375,257.7099609375,520.1390903005376,False
0000244_04900_d_0000011.jpg,65,1,car,0.31896916031837463,471.557861328125,150.92288208007812,480.8730773925781,159.828369140625,82.95653612818569,False
0000244_04900_d_0000011.jpg,66,1,car,0.3156898617744446,68.9652099609375,429.4960632324219,143.14483642578125,476.92767333984375,3518.459120394662,True
0000244_04900_d_0000011.jpg,68,1,car,0.2939176857471466,536.8699951171875,222.11798095703125,547.3890380859375,236.7645721435547,154.06812203675508,False
0000244_04900_d_0000011.jpg,69,1,car,0.2905808687210083,550.2110595703125,216.80589294433594,565.622802734375,230.33074951171875,208.44161574728787,False
0000244_04900_d_0000011.jpg,70,2,van,0.289761483669281,786.5374145507812,307.7732849121094,850.1155395507812,334.68939208984375,1711.2756266593933,False
0000244_04900_d_0000011.jpg,71,1,car,0.28795838356018066,278.9553527832031,276.19482421875,328.4838562011719,297.4880676269531,1054.622478922829,False
0000244_04900_d_0000011.jpg,73,1,car,0.28179672360420227,236.02175903320312,304.0986633300781,290.41314697265625,327.5902404785156,1277.739485990256,True
0000244_04900_d_0000011.jpg,74,1,car,0.2796924412250519,618.4539184570312,231.8177490234375,654.2420654296875,246.16204833984375,513.3558921553195,False
0000249_00001_d_0000001.jpg,1,1,car,0.9057525992393494,519.86572265625,498.3378601074219,602.4501953125,539.386474609375,3389.978181913495,False
0000249_00001_d_0000001.jpg,5,1,car,0.809865415096283,375.2818908691406,300.90087890625,399.8599853515625,324.2441101074219,573.7321419874206,True
0000249_00001_d_0000001.jpg,13,1,car,0.5126256942749023,448.8559875488281,329.95166015625,477.3017883300781,356.8780517578125,765.94277125597,True
0000249_00001_d_0000001.jpg,15,1,car,0.49076908826828003,288.7070007324219,227.96759033203125,299.6004333496094,237.0835418701172,99.30400382168591,False
0000249_00001_d_0000001.jpg,16,1,car,0.48884081840515137,245.90345764160156,285.0052490234375,261.6226501464844,302.92327880859375,281.6569595010951,False
0000249_00001_d_0000001.jpg,17,1,car,0.46208977699279785,87.36884307861328,458.8323974609375,175.02442932128906,492.22113037109375,2926.7089571398683,False
0000249_00001_d_0000001.jpg,18,1,car,0.4571533203125,309.7294921875,216.0666046142578,319.1148986816406,224.77349853515625,81.71773874899372,False
0000249_00001_d_0000001.jpg,28,1,car,0.35593387484550476,253.56536865234375,210.51988220214844,262.0469665527344,219.0113983154297,72.02162523753941,True
0000249_00001_d_0000001.jpg,35,0,pedestrian,0.29541724920272827,141.81015014648438,360.8108825683594,150.768310546875,381.8563232421875,188.5284332530573,False
0000249_00001_d_0000001.jpg,36,1,car,0.2868918478488922,273.40484619140625,194.08090209960938,282.16668701171875,201.70445251464844,66.79633522219956,False
0000249_01635_d_0000006.jpg,5,1,car,0.7980914115905762,455.8498840332031,408.7167053222656,478.71826171875,444.5209655761719,818.7853462379426,False
0000249_01635_d_0000006.jpg,19,1,car,0.38848331570625305,481.72613525390625,309.28192138671875,496.7749328613281,327.2655944824219,270.63265665527433,False
0000249_01635_d_0000006.jpg,20,1,car,0.34232470393180847,712.2957153320312,407.7644348144531,763.351318359375,439.2807312011719,1609.0835172124207,False
0000249_01635_d_0000006.jpg,24,1,car,0.31609728932380676,514.778564453125,209.9391632080078,522.0624389648438,218.05453491210938,59.11134910862893,False
0000249_01635_d_0000006.jpg,27,1,car,0.2783472239971161,526.310791015625,198.72482299804688,532.5103759765625,205.52769470214844,42.17498110793531,True
0000249_01635_d_0000006.jpg,28,2,van,0.26893362402915955,503.3646545410156,319.395263671875,518.893798828125,340.54571533203125,328.4484155680984,False
0000249_01635_d_0000006.jpg,29,2,van,0.2532654404640198,178.50399780273438,512.12255859375,240.0651092529297,538.1097412109375,1599.799845373258,False
0000249_03400_d_0000010.jpg,9,1,car,0.8127659559249878,403.89093017578125,451.78070068359375,448.7675476074219,513.5814819335938,2773.410017132759,True
0000249_03400_d_0000010.jpg,23,1,car,0.5277014374732971,630.5241088867188,354.5906982421875,656.3878784179688,387.03070068359375,839.0207467377186,False
0000249_03400_d_0000010.jpg,26,1,car,0.4525240361690521,333.460205078125,350.59033203125,363.91827392578125,379.0594787597656,867.1152310911566,False
0000249_03400_d_0000010.jpg,27,1,car,0.43698596954345703,525.2801513671875,223.73190307617188,538.773193359375,233.00010681152344,125.05626219324768,False
0000249_03400_d_0000010.jpg,34,1,car,0.3614368438720703,627.1796264648438,226.71263122558594,638.7269897460938,238.6967010498047,138.38440784811974,False
0000249_03400_d_0000010.jpg,37,1,car,0.32487547397613525,563.4063720703125,183.8994140625,571.043212890625,190.80276489257812,52.719791416078806,False
0000249_03400_d_0000010.jpg,41,1,car,0.29405108094215393,576.1434936523438,192.8807830810547,582.5595703125,199.27944946289062,41.054334028624,False
0000249_03400_d_0000010.jpg,43,1,car,0.2908278703689575,631.7349243164062,243.5536651611328,644.8873901367188,255.96583557128906,163.25064707547426,False
0000249_03400_d_0000010.jpg,48,1,car,0.26707056164741516,502.96875,228.85125732421875,515.5662231445312,241.26205444335938,156.34468341059983,False
0000249_03400_d_0000010.jpg,49,1,car,0.2669971287250519,477.6905212402344,245.6465606689453,493.5511779785156,256.6694641113281,174.83048775885254,False
0000249_03400_d_0000010.jpg,50,1,car,0.2661978006362915,671.415283203125,304.0400390625,696.275146484375,322.260986328125,452.9702578783035,False
0000256_02173_d_0000030.jpg,5,4,bus,0.524229109287262,1059.34814453125,120.60785675048828,1194.3541259765625,197.60638427734375,10395.261778607033,True
0000256_02173_d_0000030.jpg,8,1,car,0.2845780849456787,265.5320739746094,25.646041870117188,294.0289611816406,40.94185256958008,435.88299224269576,False
0000256_02173_d_0000030.jpg,9,1,car,0.27904680371284485,535.8634033203125,131.04708862304688,572.2210693359375,158.9415740966797,1014.1783865280449,False
0000256_02173_d_0000030.jpg,10,1,car,0.2665696442127228,138.78045654296875,4.527460098266602,160.48593139648438,17.611858367919922,284.0030776153435,True
0000256_02173_d_0000030.jpg,11,1,car,0.25298890471458435,934.7191772460938,100.41107940673828,963.3267211914062,126.7813949584961,754.3899609986693,True
0000271_00001_d_0000374.jpg,9,1,car,0.6500867605209351,1195.5621337890625,239.30299377441406,1313.895263671875,297.4249572753906,6877.753856005147,True
0000271_00001_d_0000374.jpg,10,1,car,0.6440480947494507,1041.24658203125,241.412109375,1164.808837890625,303.9924011230469,7732.562020726502,True
0000271_00001_d_0000374.jpg,11,1,car,0.6250303983688354,1113.060546875,155.5388641357422,1163.00244140625,226.2661590576172,3532.255103468895,True
0000271_00001_d_0000374.jpg,13,0,pedestrian,0.38523954153060913,340.51629638671875,88.9181137084961,353.2413635253906,118.42903137207031,375.5284085927997,False
0000271_00801_d_0000378.jpg,15,0,pedestrian,0.4792540669441223,1052.3885498046875,444.41790771484375,1071.332275390625,481.5423583984375,703.2754062786698,False
0000271_00801_d_0000378.jpg,19,2,van,0.4082954227924347,1021.9781494140625,373.1198425292969,1132.0750732421875,428.14227294921875,6057.8003307804465,False
0000271_00801_d_0000378.jpg,20,1,car,0.359407901763916,829.2533569335938,217.1018524169922,888.6643676757812,259.6640930175781,2528.66573353298,False
0000271_00801_d_0000378.jpg,26,0,pedestrian,0.30462515354156494,878.533935546875,330.4119873046875,893.6876220703125,365.68951416015625,534.5845832899213,False
0000271_00801_d_0000378.jpg,27,1,car,0.2958015501499176,92.52415466308594,374.3814697265625,193.4326629638672,429.29339599609375,5541.080567780882,False
0000271_00801_d_0000378.jpg,29,0,pedestrian,0.27068597078323364,486.9795837402344,480.75592041015625,504.6073913574219,519.7009887695312,686.5161726772785,False
0000271_02401_d_0000385.jpg,5,1,car,0.7781158089637756,645.3579711914062,139.216064453125,673.2763671875,170.6790313720703,878.3955696551129,True
0000271_02401_d_0000385.jpg,11,1,car,0.5419713258743286,811.5367431640625,692.1620483398438,880.6708374023438,765.0,5035.585814196616,True
0000271_02401_d_0000385.jpg,12,1,car,0.5355211496353149,672.083740234375,66.0278091430664,697.6676025390625,87.90042877197266,559.5860888287425,True
0000271_02401_d_0000385.jpg,18,2,van,0.3988756835460663,482.118896484375,99.93101501464844,546.0120849609375,129.2897186279297,1875.8211833909154,True
0000271_02401_d_0000385.jpg,21,0,pedestrian,0.3586604595184326,507.77337646484375,154.12677001953125,519.6995849609375,182.61270141601562,339.72915703989565,False
0000271_02401_d_0000385.jpg,22,0,pedestrian,0.34834790229797363,448.732666015625,219.12538146972656,461.40234375,247.1944122314453,355.625574067235,False
0000271_02401_d_0000385.jpg,23,1,car,0.31585660576820374,682.4923095703125,42.31063461303711,711.0353393554688,60.144081115722656,509.0205946981441,False
0000271_02401_d_0000385.jpg,25,1,car,0.28497323393821716,421.3005065917969,321.700439453125,477.19989013671875,384.2032775878906,3493.870121541433,False
0000271_02401_d_0000385.jpg,26,1,car,0.27575743198394775,564.2740478515625,23.847021102905273,581.8995361328125,45.99301528930664,390.3339610090479,False
0000271_02401_d_0000385.jpg,27,1,car,0.2740406095981598,433.1991271972656,65.3116683959961,473.5092468261719,86.17069244384766,840.8297547111288,True
0000271_04401_d_0000394.jpg,11,1,car,0.706427276134491,806.9655151367188,163.12245178222656,834.67041015625,197.6768035888672,957.3246892709285,True
0000271_04401_d_0000394.jpg,14,1,car,0.5881666541099548,609.1293334960938,103.40216064453125,637.9671020507812,134.7283935546875,903.3786543533206,True
0000271_04401_d_0000394.jpg,19,0,pedestrian,0.48599329590797424,774.9315185546875,334.8320617675781,788.7139282226562,371.6690979003906,507.7031229361892,False
0000271_04401_d_0000394.jpg,23,1,car,0.42443713545799255,786.4237060546875,78.45015716552734,811.1167602539062,100.30829620361328,539.7442119615152,False
0000271_04401_d_0000394.jpg,25,0,pedestrian,0.37529897689819336,753.91845703125,303.45379638671875,767.8287353515625,337.9460754394531,479.79720152541995,False
0000271_04401_d_0000394.jpg,26,1,car,0.37203386425971985,784.3966064453125,78.35354614257812,809.25244140625,98.86370086669922,509.7970208460465,False
0000271_04401_d_0000394.jpg,27,0,pedestrian,0.37127771973609924,756.5934448242188,305.26177978515625,773.4129028320312,340.54193115234375,593.3930244296789,False
0000271_04401_d_0000394.jpg,31,1,car,0.32867175340652466,325.03558349609375,675.868408203125,418.10748291015625,764.1122436523438,8213.02137684077,False
0000271_04401_d_0000394.jpg,37,3,truck,0.2565198540687561,402.7403259277344,396.72381591796875,477.7264709472656,486.7239685058594,6748.764493735507,False
0000271_04401_d_0000394.jpg,38,0,pedestrian,0.25549188256263733,488.5838928222656,405.91009521484375,504.74176025390625,442.15277099609375,585.6043506413698,False
0000271_05601_d_0000400.jpg,19,1,car,0.615332305431366,748.9547729492188,253.8946990966797,783.38525390625,290.27398681640625,1252.5563730644062,False
0000271_05601_d_0000400.jpg,23,1,car,0.5396866798400879,857.9923095703125,479.51934814453125,984.9392700195312,535.93798828125,7162.174878034741,False
0000271_05601_d_0000400.jpg,27,0,pedestrian,0.49963822960853577,1220.761962890625,478.81927490234375,1241.057861328125,526.4251708984375,966.2044301629066,False
0000271_05601_d_0000400.jpg,29,1,car,0.48496025800704956,618.156982421875,52.513465881347656,641.7225952148438,72.46578216552734,470.18855987582356,False
0000271_05601_d_0000400.jpg,30,1,car,0.48463648557662964,1045.8516845703125,438.9822998046875,1169.8304443359375,494.518310546875,6885.285734146833,False
0000271_05601_d_0000400.jpg,31,1,car,0.45945027470588684,596.7235717773438,76.71017456054688,624.9764404296875,100.11605834960938,661.2833603844047,False
0000271_05601_d_0000400.jpg,34,0,pedestrian,0.38350141048431396,1017.0853271484375,210.86891174316406,1027.479736328125,234.41319274902344,244.72889061644673,False
0000271_05601_d_0000400.jpg,36,1,car,0.3707674443721771,869.4926147460938,41.04832077026367,913.076171875,60.36686325073242,841.970799844712,False
0000271_05601_d_0000400.jpg,38,1,car,0.3617103397846222,838.7384033203125,21.532339096069336,869.3310546875,38.14358139038086,508.18194428575225,False
0000271_05601_d_0000400.jpg,39,1,car,0.35943537950515747,438.77642822265625,79.17069244384766,476.7716979980469,96.50028991699219,658.4427310910542,False
0000271_05601_d_0000400.jpg,40,1,car,0.353067010641098,620.9652099609375,23.46468734741211,647.6336059570312,41.83407211303711,489.8820271342993,False
0000271_05601_d_0000400.jpg,46,1,car,0.2925547659397125,801.4852294921875,26.768917083740234,823.1456298828125,49.099143981933594,483.6816554283723,False
0000271_05601_d_0000400.jpg,51,1,car,0.27195969223976135,734.8302612304688,5.250574588775635,749.7432250976562,19.614511489868164,214.20887199655408,False
0000271_05601_d_0000400.jpg,52,1,car,0.2677130699157715,613.5255126953125,54.904170989990234,633.5171508789062,72.2752685546875,347.27669736533426,False
0000271_05601_d_0000400.jpg,55,1,car,0.25088027119636536,738.4882202148438,36.83259963989258,757.0367431640625,54.31466293334961,324.26645219838247,False
0000271_06401_d_0000404.jpg,34,1,car,0.5595875382423401,466.41497802734375,68.56356811523438,491.0406188964844,89.35713195800781,512.0548355816863,True
0000271_06401_d_0000404.jpg,44,3,truck,0.46017593145370483,953.19677734375,259.9303894042969,1020.6898193359375,333.8444519042969,4988.684924125671,False
0000271_06401_d_0000404.jpg,46,1,car,0.4558142125606537,411.99725341796875,127.55802154541016,467.385986328125,150.0286407470703,1244.6191252865829,False
0000271_06401_d_0000404.jpg,47,2,van,0.4497753381729126,828.040283203125,170.07594299316406,897.579345703125,198.0616455078125,1946.0995162725449,True
0000271_06401_d_0000404.jpg,48,3,truck,0.44795462489128113,952.41064453125,252.31884765625,1020.8006591796875,334.1491394042969,5596.37485133484,False
0000271_06401_d_0000404.jpg,49,1,car,0.4210364818572998,456.9796142578125,92.59951782226562,484.6885070800781,116.22364807128906,654.5984930894338,True
0000271_06401_d_0000404.jpg,53,1,car,0.388307124376297,872.1861572265625,92.9666976928711,918.2832641601562,111.47535705566406,853.1956498441286,False
0000271_06401_d_0000404.jpg,54,1,car,0.38479378819465637,468.21893310546875,65.48758697509766,492.30303955078125,85.65177154541016,485.63636757433414,False
0000271_06401_d_0000404.jpg,55,1,car,0.37741193175315857,849.7760620117188,56.498748779296875,885.8873291015625,72.84339904785156,590.2260313378647,False
0000271_06401_d_0000404.jpg,56,1,car,0.37316322326660156,569.8800659179688,37.955013275146484,603.298828125,55.39904022216797,582.9577884755563,True
0000271_06401_d_0000404.jpg,57,1,car,0.3710208535194397,391.5674133300781,163.01834106445312,457.53790283203125,191.2917022705078,1865.2074786289595,False
0000271_06401_d_0000404.jpg,59,1,car,0.3648526966571808,714.0506591796875,16.182815551757812,741.9891967773438,33.39939880371094,481.0061584878713,False
0000271_06401_d_0000404.jpg,63,1,car,0.34305065870285034,852.4532470703125,60.00327682495117,888.151123046875,75.82184600830078,564.6893208338879,False
0000271_06401_d_0000404.jpg,67,0,pedestrian,0.3218534290790558,766.4036865234375,270.80145263671875,778.4716186523438,302.4205017089844,381.5765381846577,False
0000271_06401_d_0000404.jpg,72,1,car,0.3099727928638458,891.51953125,98.23920440673828,940.9235229492188,116.31083679199219,892.8107763524167,False
0000271_06401_d_0000404.jpg,74,2,van,0.3061872124671936,791.3711547851562,91.86026763916016,813.82666015625,119.75584411621094,626.4092674101703,False
0000271_06401_d_0000404.jpg,76,1,car,0.28974050283432007,791.50830078125,99.18038940429688,813.8619384765625,121.52342224121094,499.4480610508472,False
0000271_06401_d_0000404.jpg,78,1,car,0.28538453578948975,896.7612915039062,64.10855102539062,934.337890625,82.03245544433594,673.5193710355088,False
0000271_06401_d_0000404.jpg,79,1,car,0.2843887507915497,858.07763671875,77.92425537109375,902.2513427734375,97.11782836914062,847.8512517549098,False
0000271_06401_d_0000404.jpg,82,1,car,0.2738969326019287,455.25732421875,103.56871795654297,482.0675964355469,124.09192657470703,550.2328098150901,False
0000271_06401_d_0000404.jpg,86,1,car,0.26789286732673645,641.5238647460938,16.01776695251465,667.427734375,33.19850540161133,445.04760891373735,False
0000271_06401_d_0000404.jpg,88,1,car,0.25564345717430115,66.48685455322266,478.465576171875,153.36451721191406,578.28662109375,8672.219066960737,False
0000271_06401_d_0000404.jpg,91,2,van,0.2518307864665985,826.4484252929688,175.77862548828125,898.3994140625,201.65606689453125,1861.9074960052967,False
0000271_07201_d_0000408.jpg,1,1,car,0.46659648418426514,646.0952758789062,18.410240173339844,659.8611450195312,32.15902328491211,189.26394915673882,False
0000276_00601_d_0000510.jpg,10,3,truck,0.4385868310928345,972.4555053710938,215.29478454589844,1019.60302734375,268.556640625,2511.164529793896,False
0000276_00601_d_0000510.jpg,11,1,car,0.39151784777641296,796.300537109375,99.3154296875,813.0474853515625,114.66449737548828,257.0500421365723,False
0000276_00601_d_0000510.jpg,13,1,car,0.3381398916244507,798.2448120117188,123.5908203125,818.987548828125,142.96177673339844,401.80665092077106,False
0000276_00601_d_0000510.jpg,15,3,truck,0.27504485845565796,623.1371459960938,296.8605651855469,684.0176391601562,386.0573425292969,5430.343793332577,False
0000276_00601_d_0000510.jpg,16,0,pedestrian,0.26003995537757874,768.4353637695312,173.88121032714844,779.6569213867188,193.041259765625,215.00559872202575,False
0000276_01801_d_0000516.jpg,2,1,car,0.615250825881958,587.6130981445312,268.2357177734375,606.2907104492188,286.8725891113281,348.0922574214637,True
0000276_01801_d_0000516.jpg,3,1,car,0.4559718370437622,665.2000732421875,218.4672088623047,675.6959228515625,229.35130310058594,114.23781625926495,True
0000276_02601_d_0000520.jpg,3,1,car,0.646123468875885,578.5150146484375,144.9595489501953,589.1676025390625,154.974853515625,106.68891213461757,True
0000276_02601_d_0000520.jpg,11,3,truck,0.3356252610683441,640.4087524414062,165.26470947265625,659.6025390625,191.2583770751953,498.9169094627723,False
0000276_02601_d_0000520.jpg,12,1,car,0.33450815081596375,484.38037109375,179.01272583007812,497.08160400390625,191.5380401611328,159.0869345916435,False
0000276_02601_d_0000520.jpg,15,1,car,0.2631429135799408,519.5201416015625,197.71475219726562,533.7779541015625,214.0690460205078,233.17645490169525,False
0000276_03601_d_0000525.jpg,8,4,bus,0.6687074899673462,561.677978515625,683.7880249023438,651.6663818359375,762.8602294921875,7115.581438057125,True
0000276_03601_d_0000525.jpg,9,3,truck,0.6374406218528748,878.852783203125,247.3064422607422,907.67724609375,287.9759521484375,1172.27677853778,True
0000276_03601_d_0000525.jpg,11,3,truck,0.6291182637214661,552.8750610351562,184.8459930419922,577.9390258789062,221.33409118652344,914.5364091098309,False
0000276_03601_d_0000525.jpg,15,1,car,0.4784562587738037,464.2876892089844,353.26226806640625,493.9882507324219,378.3088073730469,743.8962816260755,False
0000276_03601_d_0000525.jpg,16,3,truck,0.4489518105983734,586.16259765625,187.21755981445312,613.42626953125,221.83714294433594,943.8569549024105,False
0000276_03601_d_0000525.jpg,18,1,car,0.307079017162323,854.0613403320312,217.96852111816406,872.59765625,231.02268981933594,241.97619509138167,False
0000276_03601_d_0000525.jpg,19,1,car,0.2913542091846466,368.78155517578125,447.54412841796875,415.7532653808594,490.843994140625,2033.868744643405,False
0000276_03601_d_0000525.jpg,22,0,pedestrian,0.26694464683532715,447.2159729003906,359.6289367675781,457.5118103027344,383.96954345703125,250.60692874900997,False
0000276_03601_d_0000525.jpg,24,0,pedestrian,0.26149100065231323,425.00732421875,502.379150390625,440.693115234375,538.7925415039062,571.1728431731462,False
0000276_04401_d_0000529.jpg,18,1,car,0.5916456580162048,734.217041015625,342.75579833984375,775.6346435546875,394.1526794433594,2128.735593292862,True
0000276_04401_d_0000529.jpg,19,1,car,0.5796952843666077,730.5995483398438,301.65179443359375,764.889404296875,345.54473876953125,1505.0827388092875,False
0000276_04401_d_0000529.jpg,23,1,car,0.5212430357933044,678.0383911132812,302.4712829589844,708.8406982421875,335.776611328125,1025.8809534553438,False
0000276_04401_d_0000529.jpg,27,1,car,0.4597041606903076,725.5568237304688,198.01576232910156,753.5874633789062,226.52389526367188,799.1012013386935,True
0000276_04401_d_0000529.jpg,32,1,car,0.3849562108516693,731.0963745117188,221.95115661621094,757.7355346679688,249.20274353027344,725.9593883156776,False
0000276_04401_d_0000529.jpg,33,1,car,0.38191983103752136,682.6614379882812,243.77804565429688,710.2879638671875,276.4207458496094,901.8044017031789,False
0000276_04401_d_0000529.jpg,34,1,car,0.3788732588291168,724.9525146484375,191.43594360351562,752.0146484375,221.97979736328125,826.581856880337,False
0000276_04401_d_0000529.jpg,36,1,car,0.3587881922721863,731.4454345703125,238.04559326171875,759.8715209960938,266.205322265625,800.470890391618,True
0000276_04401_d_0000529.jpg,37,0,pedestrian,0.31871700286865234,1068.691650390625,197.58799743652344,1082.7078857421875,233.2186737060547,499.40794432908297,False
0000276_04401_d_0000529.jpg,38,0,pedestrian,0.31552794575691223,1006.1634521484375,146.11141967773438,1015.1761474609375,168.8440399169922,204.88217987120152,False
0000276_04401_d_0000529.jpg,39,4,bus,0.2787388563156128,309.5506896972656,486.0975036621094,520.130615234375,765.0,58731.26691094693,True
0000276_04401_d_0000529.jpg,40,1,car,0.26750606298446655,737.0914916992188,264.3043212890625,767.1438598632812,296.2005310058594,958.5566374473274,False
0000276_04401_d_0000529.jpg,42,1,car,0.26027387380599976,733.70849609375,245.40614318847656,763.0704345703125,272.6816711425781,800.8623737040907,False
0000277_00201_d_0000540.jpg,6,1,car,0.7887162566184998,761.0548706054688,214.0795440673828,799.8646240234375,242.76661682128906,1113.3382198624313,False
0000277_00201_d_0000540.jpg,10,1,car,0.7052971124649048,1176.66748046875,271.1437072753906,1291.71142578125,313.6868591308594,4894.33203548193,False
0000277_00201_d_0000540.jpg,21,0,pedestrian,0.4916892349720001,869.2420043945312,193.50112915039062,883.3705444335938,220.54005432128906,382.0205368902534,False
0000277_00201_d_0000540.jpg,22,1,car,0.47654303908348083,811.871337890625,108.24962615966797,835.9822387695312,121.81192016601562,326.9991264776327,False
0000277_00201_d_0000540.jpg,25,1,car,0.44423139095306396,820.2230834960938,174.8191680908203,845.0966796875,198.15492248535156,580.4441316314042,False
0000277_00201_d_0000540.jpg,28,1,car,0.40988844633102417,933.1683959960938,157.67333984375,956.9852294921875,181.23208618164062,561.0947389062494,False
0000277_00201_d_0000540.jpg,33,1,car,0.3835109770298004,1246.79345703125,190.46621704101562,1292.0250244140625,223.16921997070312,1479.2080806344748,False
0000277_00201_d_0000540.jpg,35,1,car,0.37192484736442566,1071.6722412109375,154.25732421875,1126.0711669921875,175.48049926757812,1154.517924323678,False
0000277_00201_d_0000540.jpg,41,1,car,0.31424739956855774,836.9535522460938,155.725341796875,861.5023803710938,173.6352996826172,439.66847786307335,False
0000277_00201_d_0000540.jpg,43,1,car,0.30275288224220276,903.7821044921875,107.79425811767578,915.5090942382812,120.74186706542969,151.83647736674175,False
0000277_00201_d_0000540.jpg,44,1,car,0.3006206452846527,512.35400390625,139.24766540527344,542.47314453125,157.28536987304688,543.280157417059,False
0000277_00201_d_0000540.jpg,45,1,car,0.2949022054672241,986.4880981445312,121.61698150634766,1004.4072875976562,138.05645751953125,294.5820851903409,False
0000277_00201_d_0000540.jpg,46,1,car,0.2908634841442108,767.4414672851562,116.06005096435547,794.08935546875,130.22666931152344,377.51046165497974,False
0000277_00201_d_0000540.jpg,47,1,car,0.2897816598415375,940.1722412109375,118.30683898925781,959.681396484375,134.0489501953125,307.11529185064137,False
0000277_00201_d_0000540.jpg,49,1,car,0.27756914496421814,898.1949462890625,98.00208282470703,911.9323120117188,108.19890594482422,140.0774884102866,False
0000277_00201_d_0000540.jpg,50,2,van,0.27731698751449585,426.53167724609375,285.25994873046875,515.7976684570312,344.2435607910156,5265.2305957861245,False
0000277_00201_d_0000540.jpg,52,1,car,0.2513251304626465,827.0950317382812,88.5410385131836,842.3529052734375,100.01927947998047,175.13354907743633,False
0000277_01801_d_0000548.jpg,0,1,car,0.9171299338340759,420.3616638183594,362.4035339355469,520.2774047851562,465.448974609375,10295.861558175646,True
0000277_01801_d_0000548.jpg,4,1,car,0.8130120635032654,1073.8475341796875,217.24563598632812,1178.7529296875,262.8153381347656,4780.507627055049,True
0000277_01801_d_0000548.jpg,5,1,car,0.7975186109542847,1127.353515625,233.28128051757812,1234.89599609375,280.7264404296875,5102.370183184743,True
0000277_01801_d_0000548.jpg,8,1,car,0.7791150808334351,370.9520568847656,272.7005310058594,446.8101806640625,346.03790283203125,5563.235429638065,True
0000277_01801_d_0000548.jpg,14,1,car,0.6859346628189087,316.3963623046875,84.41873931884766,341.67431640625,106.58075714111328,560.2104693092406,True
0000277_01801_d_0000548.jpg,15,1,car,0.6337187886238098,399.35882568359375,57.62202835083008,417.74114990234375,70.33490753173828,233.69226685725152,True
0000277_01801_d_0000548.jpg,16,1,car,0.6242691874504089,544.4891357421875,214.8851776123047,607.8857421875,261.6416931152344,2964.204412093386,False
0000277_01801_d_0000548.jpg,19,1,car,0.5626513957977295,139.53646850585938,153.04518127441406,186.66493225097656,187.0382537841797,1602.041285361629,False
0000277_01801_d_0000548.jpg,20,1,car,0.5108639001846313,624.6195678710938,268.6627197265625,721.3612060546875,358.1590270996094,8658.019386650994,False
0000277_01801_d_0000548.jpg,23,1,car,0.44620323181152344,889.823974609375,147.2175750732422,949.3279418945312,175.4541015625,1680.1853484632447,True
0000277_01801_d_0000548.jpg,26,1,car,0.39809152483940125,336.2505187988281,203.84373474121094,406.88385009765625,269.168212890625,4614.085507050622,True
0000277_01801_d_0000548.jpg,27,0,pedestrian,0.3936695456504822,1232.888916015625,190.05514526367188,1248.369384765625,224.0904541015625,526.8825348615646,False
0000277_01801_d_0000548.jpg,28,1,car,0.3936622142791748,321.6055603027344,142.6760711669922,358.12261962890625,172.50973510742188,1089.4376760297455,False
0000277_01801_d_0000548.jpg,31,2,van,0.37711697816848755,603.574951171875,91.70205688476562,632.9425659179688,113.1047592163086,628.5463165980764,False
0000277_01801_d_0000548.jpg,32,1,car,0.3760831356048584,399.0262451171875,152.89273071289062,434.4130554199219,182.37266540527344,1043.2008566963486,True
0000277_01801_d_0000548.jpg,37,1,car,0.3110147714614868,137.6688690185547,111.03666687011719,165.2512664794922,135.3809356689453,671.4732979051769,False
0000277_01801_d_0000548.jpg,38,1,car,0.2951480746269226,467.47625732421875,61.61222457885742,494.7016906738281,77.20679473876953,424.56893050449435,False
0000277_01801_d_0000548.jpg,39,1,car,0.28939342498779297,140.9614715576172,116.95629119873047,170.7127685546875,140.79161071777344,709.1316700311145,False
0000277_01801_d_0000548.jpg,41,0,pedestrian,0.25931212306022644,669.8410034179688,155.86465454101562,680.50634765625,176.88255310058594,224.16312330309302,False
0000277_01801_d_0000548.jpg,43,1,car,0.25244930386543274,384.0722961425781,133.63453674316406,416.8411560058594,158.74484252929688,822.8360914299265,False
0000277_02601_d_0000552.jpg,8,1,car,0.719458818435669,738.5447387695312,384.2960205078125,893.6130981445312,485.0807189941406,15628.517844378948,True
0000277_02601_d_0000552.jpg,9,1,car,0.7191948294639587,388.8835144042969,230.34051513671875,440.3750305175781,262.6150817871094,1661.8663687277585,True
0000277_02601_d_0000552.jpg,14,1,car,0.5683605074882507,630.8591918945312,359.2012939453125,739.8245239257812,429.67779541015625,7679.495382517576,False
0000277_02601_d_0000552.jpg,15,1,car,0.55992591381073,716.298095703125,201.83139038085938,770.6099243164062,226.02780151367188,1314.151334501803,False
0000277_02601_d_0000552.jpg,18,2,van,0.4991677701473236,363.41436767578125,209.32008361816406,404.3363037109375,240.06983947753906,1258.3395423740149,False
0000277_02601_d_0000552.jpg,19,1,car,0.46655890345573425,856.0909423828125,247.84115600585938,933.671630859375,281.8150329589844,2635.716764241457,False
0000277_02601_d_0000552.jpg,25,0,pedestrian,0.3506711721420288,391.2835998535156,161.947265625,401.08477783203125,176.0240936279297,137.96949662966654,False
0000277_02601_d_0000552.jpg,31,1,car,0.3087918758392334,265.8282775878906,128.5350341796875,293.9678955078125,142.1524658203125,383.1893234178424,False
0000277_02601_d_0000552.jpg,33,1,car,0.28226548433303833,218.6876220703125,111.51271057128906,238.51170349121094,122.05418395996094,208.9750267532654,False
0000277_02601_d_0000552.jpg,34,1,car,0.2813647985458374,176.21493530273438,127.19700622558594,193.4457550048828,140.9522705078125,237.01447880244814,False
0000277_02601_d_0000552.jpg,36,1,car,0.2669198215007782,27.428455352783203,183.72386169433594,79.0557632446289,212.86256408691406,1504.352759990492,False
0000277_02601_d_0000552.jpg,38,1,car,0.25690674781799316,564.4973754882812,175.70480346679688,603.9834594726562,200.66436767578125,985.5554485693574,False
0000277_04001_d_0000558.jpg,6,1,car,0.7900919914245605,826.5059204101562,321.2196044921875,983.2302856445312,386.0957946777344,10167.679725654423,False
0000277_04001_d_0000558.jpg,12,0,pedestrian,0.579504668712616,746.7945556640625,264.66796875,763.4679565429688,310.7430419921875,768.2281666919589,False
0000277_04001_d_0000558.jpg,14,2,van,0.5688331127166748,342.2111511230469,164.55104064941406,437.9225769042969,207.09317016601562,4071.7678718045354,True
0000277_04001_d_0000558.jpg,16,1,car,0.4920526444911957,66.93372344970703,9.505565643310547,82.98404693603516,21.399417877197266,190.90017585246824,False
0000277_04001_d_0000558.jpg,17,1,car,0.47151052951812744,1.0625354051589966,74.20122528076172,19.788543701171875,92.95549774169922,351.1926616892015,False
0000277_04001_d_0000558.jpg,22,1,car,0.4071035385131836,71.76123809814453,73.64256286621094,95.89529418945312,94.26917266845703,497.8037579409429,False
0000277_04001_d_0000558.jpg,27,0,pedestrian,0.37576815485954285,675.4075927734375,260.45526123046875,691.5672607421875,308.63616943359375,778.5874789953232,False
0000277_04001_d_0000558.jpg,30,0,pedestrian,0.345865935087204,315.977783203125,188.8017578125,330.3119201660156,218.64369201660156,427.75837211916223,False
0000277_04001_d_0000558.jpg,31,1,car,0.3416406512260437,0.0,60.45644760131836,7.662204265594482,78.85798645019531,140.99634946136757,False
0000277_04001_d_0000558.jpg,34,0,pedestrian,0.3229425251483917,1255.66552734375,241.3971405029297,1273.7620849609375,279.98895263671875,698.3789518307894,False
0000277_04001_d_0000558.jpg,37,0,pedestrian,0.31719502806663513,566.6737060546875,291.702880859375,584.5330810546875,333.7340393066406,750.6502203941345,False
0000277_04001_d_0000558.jpg,41,0,pedestrian,0.3078767955303192,968.3035888671875,492.5208740234375,990.929443359375,539.2449340820312,1057.171784169972,False
0000277_04001_d_0000558.jpg,42,0,pedestrian,0.30719220638275146,644.8568725585938,255.0213623046875,659.1159057617188,301.6079406738281,664.2795677855611,False
0000277_04001_d_0000558.jpg,43,1,car,0.2922045886516571,93.70316314697266,10.933514595031738,113.02516174316406,21.82236099243164,210.39427480470476,False
0000277_04001_d_0000558.jpg,45,0,pedestrian,0.2861067056655884,645.210693359375,245.18475341796875,659.3508911132812,284.03936767578125,549.4119292572141,False
0000277_04001_d_0000558.jpg,46,2,van,0.28467151522636414,1221.6397705078125,460.253662109375,1359.956298828125,578.3359375,16332.730388194323,False
0000277_04001_d_0000558.jpg,47,1,car,0.2723150849342346,131.3432159423828,13.422269821166992,146.75921630859375,23.43040657043457,154.28543979179813,False
0000277_04001_d_0000558.jpg,49,2,van,0.27063584327697754,214.6849365234375,162.28050231933594,262.9481201171875,223.3002166748047,2945.0056767761707,True
0000277_04001_d_0000558.jpg,51,2,van,0.26266610622406006,339.3588562011719,109.78421020507812,400.1084289550781,139.564453125,1809.1370338927954,False
0000280_00001_d_0000612.jpg,4,1,car,0.8703493475914001,0.0,341.650390625,81.0640640258789,403.598876953125,5021.796062009409,False
0000280_00001_d_0000612.jpg,15,1,car,0.5444899797439575,852.9600219726562,139.58432006835938,887.3568115234375,167.34042358398438,954.7208513766527,False
0000280_00001_d_0000612.jpg,16,1,car,0.5304292440414429,990.1469116210938,275.4645080566406,1100.0648193359375,320.70684814453125,4972.943362584338,False
0000280_00001_d_0000612.jpg,21,0,pedestrian,0.4531002938747406,1094.9019775390625,387.3861083984375,1113.830078125,426.8331604003906,746.657768111676,False
0000280_00001_d_0000612.jpg,23,1,car,0.40585651993751526,1303.7315673828125,501.46905517578125,1360.0,581.4112548828125,4498.222277484834,False
0000280_00001_d_0000612.jpg,25,1,car,0.39591121673583984,890.512939453125,304.10687255859375,938.0824584960938,361.0244445800781,2707.5415261555463,False
0000280_00001_d_0000612.jpg,28,1,car,0.39308884739875793,850.9251708984375,52.94040298461914,880.1127319335938,72.11967468261719,559.7961632951628,False
0000280_00001_d_0000612.jpg,29,1,car,0.3601953983306885,839.0364990234375,121.48540496826172,877.9826049804688,143.8194580078125,869.8243961283006,False
0000280_00001_d_0000612.jpg,30,1,car,0.35438328981399536,1266.4835205078125,446.3590393066406,1359.44091796875,526.9692993164062,7493.319979157299,False
0000280_00001_d_0000612.jpg,32,2,van,0.3340902030467987,1303.7315673828125,501.46905517578125,1360.0,581.4112548828125,4498.222277484834,False
0000280_00001_d_0000612.jpg,33,1,car,0.33241474628448486,366.79620361328125,76.11898803710938,406.6432800292969,100.32491302490234,964.5353427089285,False
0000280_00001_d_0000612.jpg,34,1,car,0.3301328718662262,844.4953002929688,43.539390563964844,871.9412231445312,59.81970977783203,446.8283851426095,False
0000280_00001_d_0000612.jpg,39,1,car,0.30824679136276245,687.3388061523438,5.869045257568359,697.6827392578125,19.09276580810547,136.78528078016825,False
0000280_00001_d_0000612.jpg,41,1,car,0.2786872684955597,879.8949584960938,34.619537353515625,903.10693359375,51.924320220947266,401.67818898917176,False
0000280_00001_d_0000612.jpg,42,1,car,0.2763064503669739,575.4026489257812,4.128179550170898,603.8795776367188,19.778261184692383,445.66625902662054,False
0000280_00001_d_0000612.jpg,43,0,pedestrian,0.27472570538520813,56.93735122680664,371.4499816894531,80.60673522949219,410.4485778808594,923.0727488200646,False
0000280_00001_d_0000612.jpg,45,1,car,0.2709142565727234,846.8914794921875,27.0816707611084,867.3421020507812,41.12107467651367,287.1145504215965,False
0000280_00001_d_0000612.jpg,46,1,car,0.2704256772994995,468.4580993652344,23.61504554748535,487.2743225097656,39.22962951660156,293.8074962719111,False
0000280_00801_d_0000616.jpg,10,1,car,0.4510255455970764,820.841796875,212.3377227783203,880.1810302734375,237.3007049560547,1481.2842257656157,False
0000280_00801_d_0000616.jpg,16,1,car,0.40042394399642944,515.5994873046875,158.0927276611328,541.3602905273438,174.10540771484375,412.4994999310002,False
0000280_00801_d_0000616.jpg,18,1,car,0.37237679958343506,553.8986206054688,108.69488525390625,569.1318359375,121.07028198242188,188.5170831847936,True
0000280_00801_d_0000616.jpg,21,1,car,0.34605348110198975,529.935302734375,135.81112670898438,551.4833374023438,149.6169891357422,297.4892021929845,False
0000280_00801_d_0000616.jpg,22,1,car,0.3307865560054779,798.1255493164062,199.3509979248047,825.7976684570312,220.0303192138672,572.2406424582005,False
0000280_00801_d_0000616.jpg,23,1,car,0.3305070698261261,493.5190124511719,182.732421875,529.6363525390625,201.04122924804688,661.2654224960133,False
0000280_00801_d_0000616.jpg,25,1,car,0.31503167748451233,475.652099609375,195.46697998046875,516.9921264648438,215.40000915527344,824.0319613972679,False
0000280_00801_d_0000616.jpg,30,0,pedestrian,0.26920729875564575,1017.6361083984375,274.188720703125,1032.88037109375,305.20361328125,472.79916992783546,False
0000280_00801_d_0000616.jpg,31,0,pedestrian,0.2669421434402466,1286.1326904296875,567.7488403320312,1325.427734375,624.4986572265625,2229.986548759043,False
0000280_01601_d_0000620.jpg,6,1,car,0.8521180748939514,289.7867126464844,475.5041809082031,385.7087097167969,550.5814819335938,7201.564649004489,False
0000280_01601_d_0000620.jpg,20,1,car,0.5975281596183777,1168.6214599609375,430.4638671875,1263.0087890625,490.84185791015625,5698.917280830443,False
0000280_01601_d_0000620.jpg,29,1,car,0.4292662739753723,559.3546142578125,198.9622039794922,579.3973999023438,215.3626708984375,328.71104292664677,False
0000280_01601_d_0000620.jpg,32,1,car,0.39464762806892395,573.4017944335938,178.68655395507812,593.8222045898438,191.3788299560547,259.18148175626993,True
0000280_01601_d_0000620.jpg,33,1,car,0.368156373500824,681.6917724609375,165.2491455078125,696.2452392578125,177.31668090820312,175.62447576969862,True
0000280_01601_d_0000620.jpg,35,0,pedestrian,0.347724586725235,1286.945556640625,252.927978515625,1297.0693359375,276.1822204589844,235.4208131507039,False
0000280_01601_d_0000620.jpg,42,1,car,0.3126290738582611,1331.0372314453125,210.76773071289062,1359.891845703125,230.4076690673828,566.7028452660888,True
0000280_01601_d_0000620.jpg,44,1,car,0.30369094014167786,607.7821044921875,219.26467895507812,625.70849609375,238.23239135742188,340.02264031022787,False
0000280_01601_d_0000620.jpg,48,1,car,0.27344825863838196,545.0079345703125,201.97792053222656,566.959228515625,218.8483123779297,370.3269303776324,True
0000280_01601_d_0000620.jpg,49,1,car,0.27257975935935974,606.045166015625,169.5615692138672,618.8495483398438,180.79005432128906,143.77381623722613,False
0000280_01601_d_0000620.jpg,51,0,pedestrian,0.2502586841583252,0.2968238592147827,455.925537109375,14.831499099731445,506.5828552246094,736.2876673604733,False
0000280_02601_d_0000625.jpg,17,1,car,0.533473014831543,638.215576171875,210.85304260253906,657.2443237304688,225.917724609375,286.66203095857054,False
0000280_02601_d_0000625.jpg,24,1,car,0.4636189043521881,648.0822143554688,196.45986938476562,665.2852783203125,211.14700317382812,252.66370203346014,False
0000280_02601_d_0000625.jpg,26,1,car,0.4377077519893646,532.2274169921875,274.3559875488281,560.986572265625,299.667724609375,727.9441763646901,False
0000280_02601_d_0000625.jpg,27,1,car,0.40090081095695496,516.4623413085938,297.2400207519531,553.0059814453125,329.5799865722656,1181.8200729712844,False
0000280_02601_d_0000625.jpg,34,1,car,0.3062918782234192,686.9004516601562,186.5452117919922,699.91064453125,202.25881958007812,204.4370680237189,False
0000280_02601_d_0000625.jpg,35,1,car,0.28135135769844055,540.9400634765625,264.15362548828125,572.945556640625,288.0415954589844,764.5462596006691,False
0000280_03401_d_0000629.jpg,15,1,car,0.5272430181503296,798.3735961914062,141.9771728515625,810.3146362304688,157.98785400390625,191.18418469280005,False
0000280_03401_d_0000629.jpg,20,1,car,0.48403793573379517,604.8002319335938,209.52322387695312,642.82275390625,235.2184600830078,976.9976832373068,True
0000280_03401_d_0000629.jpg,21,1,car,0.47684338688850403,183.7113800048828,406.97369384765625,254.937744140625,464.6441345214844,4107.655807302799,True
0000280_03401_d_0000629.jpg,22,1,car,0.47456249594688416,658.549072265625,272.80218505859375,695.308837890625,304.6153259277344,1169.4436021447182,False
0000280_03401_d_0000629.jpg,24,1,car,0.4595901072025299,725.6093139648438,138.99168395996094,739.794677734375,150.728271484375,166.4877634467557,False
0000280_03401_d_0000629.jpg,26,1,car,0.37661537528038025,667.2213745117188,146.29205322265625,686.7469482421875,160.20208740234375,271.6013979688287,False
0000280_03401_d_0000629.jpg,27,1,car,0.3747212886810303,761.0492553710938,95.47393035888672,772.0068969726562,103.5365219116211,88.34698861464858,False
0000280_03401_d_0000629.jpg,28,1,car,0.36753174662590027,1005.9063110351562,263.360107421875,1054.3802490234375,295.4976806640625,1557.8347324356437,False
0000280_03401_d_0000629.jpg,29,1,car,0.3418543338775635,651.4441528320312,161.82418823242188,671.7496337890625,177.99232482910156,328.30178977455944,False
0000280_03401_d_0000629.jpg,35,1,car,0.2578307092189789,928.4266357421875,209.71832275390625,958.159912109375,228.45266723632812,557.0334420539439,False
0000280_03401_d_0000629.jpg,36,1,car,0.250642329454422,609.0247802734375,206.0330352783203,644.0505981445312,232.08367919921875,912.4451093981043,False
0000287_00801_d_0000763.jpg,9,1,car,0.7011393904685974,598.070068359375,172.5314178466797,634.9404907226562,208.5652313232422,1328.5819222405553,True
0000287_00801_d_0000763.jpg,10,2,van,0.6753512620925903,799.2798461914062,296.484130859375,861.698486328125,360.9672546386719,4024.948898071423,True
0000287_00801_d_0000763.jpg,12,1,car,0.6324205994606018,1210.1707763671875,239.94607543945312,1306.8291015625,287.3609313964844,4583.040566183627,False
0000287_00801_d_0000763.jpg,13,1,car,0.5991450548171997,493.9461364746094,54.91274642944336,521.8910522460938,75.7309799194336,581.7637813888723,True
0000287_00801_d_0000763.jpg,19,1,car,0.40311744809150696,227.3296661376953,127.50849151611328,264.0865478515625,160.19395446777344,1201.4156954771606,False
0000287_00801_d_0000763.jpg,20,1,car,0.3930254876613617,208.63485717773438,157.8934783935547,242.69815063476562,189.95455932617188,1092.1060083573684,False
0000287_00801_d_0000763.jpg,21,0,pedestrian,0.36313170194625854,253.77642822265625,172.85829162597656,266.66754150390625,205.33518981933594,418.66337363421917,False
0000287_00801_d_0000763.jpg,23,1,car,0.35829415917396545,1140.702880859375,248.27247619628906,1219.6043701171875,292.366943359375,3479.119127197191,False
0000287_00801_d_0000763.jpg,25,1,car,0.344296395778656,276.5811767578125,39.70082092285156,308.0246887207031,57.59114456176758,562.5346053602407,False
0000287_00801_d_0000763.jpg,26,1,car,0.33276405930519104,529.2216186523438,69.55049133300781,565.1499633789062,92.8115234375,835.7303801458329,False
0000287_00801_d_0000763.jpg,27,1,car,0.3032102882862091,270.6287841796875,55.57878875732422,302.8390197753906,75.15283966064453,630.4847911582328,False
0000287_00801_d_0000763.jpg,28,1,car,0.281491756439209,271.0613098144531,44.03068161010742,305.9360656738281,63.20178985595703,668.587719627656,False
0000287_00801_d_0000763.jpg,30,1,car,0.2733413875102997,572.3934936523438,142.3249969482422,609.180908203125,174.66065979003906,1189.545433735475,False
0000287_00801_d_0000763.jpg,32,1,car,0.25979194045066833,286.3810119628906,27.985565185546875,316.5526123046875,44.5357666015625,499.34606270026416,False
0000287_01601_d_0000767.jpg,8,1,car,0.5921549201011658,415.76788330078125,449.85223388671875,456.6495056152344,482.8182678222656,1347.704948558472,True
0000287_01601_d_0000767.jpg,9,1,car,0.5904143452644348,767.7083129882812,439.81591796875,802.5603637695312,473.0536804199219,1158.4041848033667,True
0000287_01601_d_0000767.jpg,12,1,car,0.5363559126853943,463.68206787109375,402.3005676269531,495.1080017089844,432.42852783203125,946.7992840753868,False
0000287_01601_d_0000767.jpg,13,1,car,0.5238858461380005,420.9285583496094,469.1158752441406,462.39434814453125,501.7456970214844,1353.0213308651,False
0000287_01601_d_0000767.jpg,14,1,car,0.4943296015262604,744.2134399414062,390.90411376953125,769.5275268554688,414.0306396484375,585.4268861189485,False
0000287_01601_d_0000767.jpg,15,1,car,0.4810110628604889,438.46710205078125,426.6372375488281,470.94647216796875,455.78717041015625,946.7714582942426,True
0000287_01601_d_0000767.jpg,16,1,car,0.46689391136169434,265.4625549316406,450.12799072265625,342.33282470703125,479.242431640625,2238.0349277239293,False
0000287_01601_d_0000767.jpg,21,0,pedestrian,0.3832772374153137,324.4671936035156,526.157470703125,337.3757019042969,560.1689453125,439.0374023169279,False
0000287_01601_d_0000767.jpg,27,1,car,0.3191887438297272,733.5626831054688,368.714111328125,759.5906982421875,387.5633850097656,490.60918070189655,False
0000287_02401_d_0000771.jpg,9,1,car,0.39738544821739197,178.82208251953125,720.5406494140625,288.2077941894531,762.7418823242188,4616.21189522557,False
0000287_02401_d_0000771.jpg,10,1,car,0.31588783860206604,1322.5634765625,119.47471618652344,1360.0,169.4326629638672,1870.251845419407,False
0000287_03401_d_0000776.jpg,24,1,car,0.7889822721481323,368.5863342285156,125.00626373291016,423.68768310546875,177.11590576171875,2871.3115652825218,False
0000287_03401_d_0000776.jpg,26,2,van,0.7866453528404236,491.54150390625,581.0557250976562,558.887939453125,625.275146484375,2978.0204123407602,True
0000287_03401_d_0000776.jpg,30,1,car,0.688098669052124,348.9298095703125,150.107666015625,400.1328430175781,198.71197509765625,2488.6880636084825,False
0000287_03401_d_0000776.jpg,32,1,car,0.6526340842247009,394.2921142578125,107.28359985351562,445.92718505859375,158.58470153808594,2648.9360176408663,False
0000287_03401_d_0000776.jpg,35,1,car,0.6335281729698181,1318.93408203125,519.3985595703125,1346.1419677734375,582.6265869140625,1720.300943672657,False
0000287_03401_d_0000776.jpg,38,2,van,0.4663003087043762,193.69949340820312,513.8538818359375,237.4259033203125,576.2026977539062,2726.2898823637515,False
0000287_03401_d_0000776.jpg,39,2,van,0.39778992533683777,925.3434448242188,706.7396850585938,987.6298828125,748.3040161132812,2588.8941287621856,True
0000287_03401_d_0000776.jpg,42,1,car,0.25259438157081604,393.66973876953125,107.07183074951172,444.07110595703125,157.14212036132812,2523.6110519096255,False
0000289_00201_d_0000812.jpg,10,1,car,0.6137370467185974,454.5563659667969,407.2760009765625,522.8929443359375,506.6338195800781,6789.773357586004,False
0000289_00201_d_0000812.jpg,11,1,car,0.5238630175590515,570.0121459960938,41.58564758300781,600.8973388671875,80.91578674316406,1214.718933608383,True
0000289_00201_d_0000812.jpg,15,1,car,0.48541590571403503,555.3529663085938,87.2786636352539,591.47802734375,141.55078125,1960.5835613398813,False
0000289_00201_d_0000812.jpg,18,0,pedestrian,0.47704628109931946,503.3112487792969,728.9937744140625,534.0091552734375,765.0,1105.315746244043,False
0000289_00201_d_0000812.jpg,19,1,car,0.4483933746814728,819.8287353515625,326.7799072265625,884.6326293945312,429.85968017578125,6679.970684174448,False
0000289_00201_d_0000812.jpg,20,0,pedestrian,0.3237530291080475,517.066162109375,302.36163330078125,532.5966186523438,339.2743835449219,573.2718635480851,False
0000289_01001_d_0000816.jpg,8,1,car,0.6999228000640869,508.97735595703125,242.755615234375,545.256103515625,294.5525207519531,1879.1268595885485,False
0000289_01001_d_0000816.jpg,10,1,car,0.6066458225250244,295.734619140625,466.4404296875,446.5244445800781,532.0357666015625,9891.1094029136,False
0000289_01001_d_0000816.jpg,12,0,pedestrian,0.43369534611701965,214.00938415527344,562.8347778320312,235.89048767089844,596.4862060546875,736.330384388566,False
0000289_01001_d_0000816.jpg,15,1,car,0.2804606854915619,687.0838623046875,51.13442611694336,737.9977416992188,80.84963989257812,1512.916810355382,False
0000289_01001_d_0000816.jpg,16,1,car,0.27894026041030884,486.1278076171875,178.01394653320312,530.6228637695312,230.48257446289062,2334.594545967877,False
0000289_01001_d_0000816.jpg,17,2,van,0.25978612899780273,675.5537719726562,159.17977905273438,718.3959350585938,210.63726806640625,2204.5501363165677,True
0000289_02001_d_0000821.jpg,17,2,van,0.539693295955658,604.5582275390625,115.32305908203125,634.4324951171875,174.3082275390625,1762.13870562613,True
0000289_02001_d_0000821.jpg,19,1,car,0.4957425892353058,442.95025634765625,522.9091186523438,556.6116333007812,630.795166015625,12262.476697340608,False
0000289_02001_d_0000821.jpg,21,1,car,0.45871803164482117,414.58355712890625,475.0591125488281,536.3692016601562,570.1110229492188,11575.958172038198,False
0000289_02001_d_0000821.jpg,23,3,truck,0.4106731116771698,729.2745971679688,228.2845458984375,787.8634643554688,304.7279968261719,4478.735193759203,False
0000289_02001_d_0000821.jpg,25,2,van,0.2945689260959625,729.2745971679688,228.2845458984375,787.8634643554688,304.7279968261719,4478.735193759203,True
0000289_02001_d_0000821.jpg,26,0,pedestrian,0.25167328119277954,587.6864013671875,91.882080078125,602.00146484375,121.66609191894531,426.3600200880319,False
0000289_03201_d_0000827.jpg,2,1,car,0.9196134209632874,682.503173828125,671.9821166992188,760.4677124023438,762.8721313476562,7086.198053069413,True
0000289_03201_d_0000827.jpg,4,1,car,0.915769100189209,418.10736083984375,524.5534057617188,490.0938720703125,664.91552734375,10104.179441597313,True
0000289_03201_d_0000827.jpg,12,1,car,0.7204992771148682,1060.936279296875,488.8512268066406,1127.34423828125,560.3590087890625,4748.6858529523015,False
0000289_03201_d_0000827.jpg,18,1,car,0.5353630185127258,661.1163330078125,144.95343017578125,694.6133422851562,190.91908264160156,1539.7118870867416,True
0000289_03201_d_0000827.jpg,21,0,pedestrian,0.3747996985912323,325.17431640625,507.77587890625,347.3367004394531,548.3512573242188,899.2471187915653,False
0000289_03201_d_0000827.jpg,22,0,pedestrian,0.3625463545322418,727.4553833007812,102.54773712158203,736.843994140625,130.4953155517578,262.3889377969317,False
0000289_03201_d_0000827.jpg,24,0,pedestrian,0.2998826205730438,633.8319702148438,144.92074584960938,645.943115234375,173.71746826171875,348.7612812202424,False
0000289_03201_d_0000827.jpg,25,0,pedestrian,0.2833487093448639,732.9923095703125,223.74473571777344,744.5873413085938,255.18844604492188,364.59081921260804,False
0000289_03201_d_0000827.jpg,26,0,pedestrian,0.27663975954055786,709.2891845703125,102.72972106933594,719.466796875,129.70111083984375,274.5043484028429,False
0000289_04001_d_0000831.jpg,11,1,car,0.5004472136497498,643.350830078125,0.0,663.3402709960938,12.87897777557373,257.4435653286637,False
0000289_04001_d_0000831.jpg,15,1,car,0.46539583802223206,996.587890625,173.79412841796875,1090.705322265625,220.885986328125,4432.1647176891565,False
0000289_04001_d_0000831.jpg,16,1,car,0.4508818984031677,695.768798828125,1.9842231273651123,724.3875122070312,20.694103240966797,535.4526963248645,False
0000289_04001_d_0000831.jpg,17,1,car,0.40731069445610046,0.0,285.3101806640625,69.2455062866211,361.93731689453125,5306.084843572695,False
0000289_04001_d_0000831.jpg,19,1,car,0.3840577006340027,660.9708251953125,143.9231414794922,700.2794799804688,199.79237365722656,2196.144360786304,False
0000289_04001_d_0000831.jpg,21,0,pedestrian,0.34344807267189026,902.83203125,400.51373291015625,927.236083984375,458.2740478515625,1409.5857717841864,False
0000289_04001_d_0000831.jpg,24,1,car,0.31113138794898987,326.1197204589844,261.77264404296875,450.17730712890625,320.25128173828125,7254.718664225191,False
0000289_04001_d_0000831.jpg,27,0,pedestrian,0.2631012201309204,615.068359375,42.5134391784668,624.7203369140625,69.59221649169922,261.3637504125945,False
0000289_04801_d_0000835.jpg,18,1,car,0.5270509719848633,675.7528076171875,136.3218536376953,718.6883544921875,194.43896484375,2495.289952427149,False
0000289_04801_d_0000835.jpg,20,0,pedestrian,0.4603533148765564,630.4369506835938,280.93743896484375,652.7701416015625,330.5335693359375,1107.639848370105,False
0000289_04801_d_0000835.jpg,25,0,pedestrian,0.32050779461860657,236.48919677734375,353.6294860839844,258.5062561035156,405.95269775390625,1152.0032554725185,False
0000289_04801_d_0000835.jpg,27,0,pedestrian,0.30028235912323,677.760986328125,313.7069091796875,697.1937255859375,364.183349609375,980.8955055326223,False
0000289_05801_d_0000840.jpg,6,1,car,0.8955371975898743,855.8759765625,379.88592529296875,966.5064697265625,443.66357421875,7055.752753503621,False
0000289_05801_d_0000840.jpg,9,2,van,0.8115373849868774,784.3038940429688,238.9342498779297,829.3826293945312,289.0311584472656,2258.3052833285183,True
0000289_05801_d_0000840.jpg,11,2,van,0.7748808860778809,778.988037109375,183.80125427246094,846.8224487304688,226.93356323242188,2925.8548001581803,True
0000289_05801_d_0000840.jpg,21,1,car,0.48313626646995544,644.6590576171875,4.936883449554443,661.4624633789062,17.871679306030273,217.34862322136178,False
0000289_05801_d_0000840.jpg,23,1,car,0.4764697253704071,652.7190551757812,45.76153564453125,674.766357421875,64.96520233154297,423.3890436817892,False
0000289_05801_d_0000840.jpg,25,0,pedestrian,0.44148996472358704,970.462646484375,238.99481201171875,984.4024658203125,270.0887145996094,433.4433845244348,False
0000289_05801_d_0000840.jpg,30,1,car,0.36077219247817993,532.7487182617188,73.20250701904297,582.34326171875,92.6438217163086,964.1831266153604,False
0000289_05801_d_0000840.jpg,32,1,car,0.322998583316803,683.3749389648438,9.500819206237793,699.1530151367188,24.72827911376953,240.2600223252084,False
0000289_05801_d_0000840.jpg,33,1,car,0.31208011507987976,540.640869140625,76.0698013305664,588.5252075195312,95.26150512695312,918.9820386539213,False
0000289_05801_d_0000840.jpg,36,1,car,0.2834024131298065,540.769775390625,91.51415252685547,589.65576171875,114.35646057128906,1116.6687587630004,False
0000289_05801_d_0000840.jpg,37,1,car,0.2827460765838623,739.9931030273438,138.4133758544922,788.1658325195312,161.5340576171875,1113.7863482292742,False
0000289_05801_d_0000840.jpg,40,1,car,0.26264822483062744,750.4356689453125,154.77919006347656,814.101318359375,183.397705078125,1822.0163436736912,False
0000289_05801_d_0000840.jpg,41,1,car,0.258758008480072,758.8036499023438,126.27206420898438,807.4192504882812,151.32980346679688,1218.1970433443785,False
0000289_06601_d_0000844.jpg,15,1,car,0.7511680126190186,851.0859375,155.8590087890625,897.7688598632812,199.58851623535156,2041.4212010996416,True
0000289_06601_d_0000844.jpg,20,2,van,0.5747445225715637,956.6588745117188,273.5054016113281,1060.7794189453125,328.0908508300781,5683.466690808535,False
0000289_06601_d_0000844.jpg,21,1,car,0.5555106997489929,0.0,524.1105346679688,47.739341735839844,638.48583984375,5460.201779927593,False
0000289_06601_d_0000844.jpg,23,0,pedestrian,0.5250715017318726,570.912353515625,375.5325012207031,591.5377197265625,427.8282775878906,1078.619538858533,False
0000289_06601_d_0000844.jpg,26,1,car,0.48528072237968445,1319.0867919921875,572.4190673828125,1360.0,703.7802734375,5374.4083474725485,True
0000289_06601_d_0000844.jpg,33,1,car,0.32409465312957764,954.1228637695312,472.2720031738281,1037.69384765625,557.142822265625,7092.737854773179,False
0000289_06601_d_0000844.jpg,34,1,car,0.3118596374988556,708.6254272460938,53.48600387573242,738.081787109375,86.68848419189453,978.0242085463833,False
0000289_06601_d_0000844.jpg,37,0,pedestrian,0.2801191508769989,763.68115234375,94.45539093017578,773.493408203125,118.4073715209961,235.02296189591289,False
0000289_06601_d_0000844.jpg,38,2,van,0.27980512380599976,808.9026489257812,122.36831665039062,843.478271484375,157.9154510498047,1229.0643020337448,False
0000289_06601_d_0000844.jpg,40,1,car,0.2725021541118622,997.5783081054688,317.7424621582031,1077.4871826171875,372.95599365234375,4412.051159514114,False
0000289_06601_d_0000844.jpg,42,0,pedestrian,0.2670266032218933,600.202880859375,379.37396240234375,615.355224609375,429.9295349121094,766.035413146019,False
0000289_06601_d_0000844.jpg,43,1,car,0.258503258228302,608.2919921875,22.908185958862305,635.4906005859375,41.98329544067383,518.8164329531137,False
0000289_06601_d_0000844.jpg,44,0,pedestrian,0.25640666484832764,561.6203002929688,374.23333740234375,585.80712890625,428.91510009765625,1322.5784225836396,False
0000290_04001_d_0000867.jpg,29,1,car,0.5641588568687439,921.3638916015625,149.05958557128906,974.5900268554688,170.8162841796875,1158.0249828090891,False
0000290_04001_d_0000867.jpg,34,0,pedestrian,0.48885577917099,1079.8115234375,433.421142578125,1094.8714599609375,468.4814453125,528.0059336721897,False
0000290_04001_d_0000867.jpg,35,1,car,0.47411057353019714,889.6371459960938,360.5069274902344,973.2136840820312,396.0820617675781,2973.2465648427606,False
0000290_04001_d_0000867.jpg,36,1,car,0.4668363332748413,765.1699829101562,57.54598617553711,801.4340209960938,75.19711303710938,640.1011367677711,True
0000290_04001_d_0000867.jpg,37,1,car,0.4162237346172333,903.0546875,397.7842102050781,1001.3545532226562,443.4380798339844,4487.769254241139,False
0000290_04001_d_0000867.jpg,40,1,car,0.3269149661064148,794.5507202148438,91.74581909179688,839.1018676757812,111.86016082763672,896.1170047530904,False
0000290_04001_d_0000867.jpg,41,1,car,0.30579155683517456,828.359130859375,0.0,854.9151000976562,9.57459831237793,254.26273825240787,False
0000290_04001_d_0000867.jpg,43,1,car,0.29917100071907043,808.1956787109375,146.86448669433594,859.781494140625,171.2074432373047,1255.7512632384896,False
0000290_04001_d_0000867.jpg,45,0,pedestrian,0.2826543152332306,613.4075927734375,144.55259704589844,620.8082885742188,163.71868896484375,141.84241598192602,False
0000290_04001_d_0000867.jpg,46,1,car,0.28086185455322266,782.1202392578125,25.10035514831543,810.16259765625,42.792877197265625,496.14004426891916,False
0000290_04001_d_0000867.jpg,49,1,car,0.26027098298072815,785.2774658203125,25.371654510498047,810.7284545898438,42.720115661621094,441.53548992588185,True
0000291_01001_d_0000873.jpg,7,1,car,0.7182639241218567,0.0,310.2882080078125,76.80961608886719,355.5619812011719,3477.4611378763802,False
0000291_01001_d_0000873.jpg,12,1,car,0.6198011636734009,1329.8594970703125,302.4621276855469,1359.974853515625,352.0683288574219,1493.9084301888943,True
0000291_01001_d_0000873.jpg,14,1,car,0.5762607455253601,592.850341796875,2.395900011062622,615.4089965820312,18.270668029785156,358.1134115288005,True
0000291_01001_d_0000873.jpg,16,1,car,0.47049394249916077,299.0289611816406,263.3309631347656,370.7098083496094,303.3572692871094,2869.1195340044796,False
0000291_01001_d_0000873.jpg,27,1,car,0.3489978313446045,444.5984802246094,178.4635467529297,480.6037292480469,218.1888885498047,1430.3208239376545,True
0000291_01001_d_0000873.jpg,28,1,car,0.3380979001522064,707.738525390625,148.59158325195312,742.8757934570312,183.3535614013672,1221.4409447545186,False
0000291_01001_d_0000873.jpg,29,1,car,0.33311229944229126,729.8812255859375,43.07225036621094,778.858642578125,60.3238525390625,844.9389134030789,True
0000291_01001_d_0000873.jpg,30,1,car,0.32193678617477417,722.803466796875,67.33467102050781,763.2554321289062,87.30310821533203,807.7625291398726,True
0000291_01001_d_0000873.jpg,32,1,car,0.3044315278530121,523.2915649414062,85.47716522216797,545.3453369140625,108.90557098388672,516.6847183518112,False
0000291_01001_d_0000873.jpg,33,1,car,0.3017255365848541,516.5400390625,43.56758117675781,538.7626953125,62.031131744384766,410.30913741886616,True
0000291_01001_d_0000873.jpg,34,0,pedestrian,0.29204973578453064,233.2781219482422,715.8065185546875,264.4410400390625,754.5668334960938,1207.8845196934417,False
0000291_01001_d_0000873.jpg,35,0,pedestrian,0.2691360116004944,818.5214233398438,220.70680236816406,829.8905029296875,250.0172882080078,333.2332463301718,False
0000291_01001_d_0000873.jpg,37,0,pedestrian,0.2643107771873474,265.58642578125,717.1760864257812,292.0205078125,750.41162109375,878.5508497655392,False
0000291_01001_d_0000873.jpg,38,1,car,0.26187804341316223,537.3401489257812,21.907958984375,559.1414184570312,40.59522247314453,407.40606812015176,False
0000291_01001_d_0000873.jpg,40,1,car,0.2538881003856659,1273.913818359375,348.92852783203125,1360.0,431.92999267578125,7145.279178977013,False
0000291_01801_d_0000877.jpg,15,2,van,0.7811018228530884,472.5920715332031,420.56951904296875,604.0731811523438,528.508544921875,14191.94289376773,True
0000291_01801_d_0000877.jpg,21,1,car,0.6635347604751587,696.673828125,102.77635192871094,749.75537109375,132.60015869140625,1583.093680165708,True
0000291_01801_d_0000877.jpg,22,2,van,0.6568393111228943,753.5385131835938,103.64917755126953,809.1076049804688,138.94908142089844,1961.5835985522717,False
0000291_01801_d_0000877.jpg,26,0,pedestrian,0.6013999581336975,254.94601440429688,553.2164306640625,278.2506408691406,608.4077758789062,1286.2136843241751,False
0000291_01801_d_0000877.jpg,29,1,car,0.5684527158737183,1089.3616943359375,42.356170654296875,1114.11962890625,63.054256439208984,512.4418535935692,False
0000291_01801_d_0000877.jpg,30,2,van,0.5534429550170898,1210.8936767578125,122.29106140136719,1276.012451171875,163.86465454101562,2707.221433242783,True
0000291_01801_d_0000877.jpg,32,2,van,0.5461721420288086,1190.6337890625,248.93939208984375,1292.3564453125,300.2113037109375,5215.5150411129,True
0000291_01801_d_0000877.jpg,35,0,pedestrian,0.4908212423324585,820.748046875,480.24945068359375,838.320556640625,516.2530517578125,632.6736314743757,False
0000291_01801_d_0000877.jpg,36,1,car,0.4893270432949066,1152.6412353515625,209.84365844726562,1231.761962890625,248.96241760253906,3095.1046847905964,False
0000291_01801_d_0000877.jpg,37,2,van,0.47072693705558777,540.9147338867188,141.13320922851562,610.5602416992188,173.1719207763672,2231.35233540833,False
0000291_01801_d_0000877.jpg,41,1,car,0.39960819482803345,1195.881103515625,0.0,1219.68115234375,9.289384841918945,221.08781282091513,False
0000291_01801_d_0000877.jpg,43,1,car,0.39238524436950684,829.8204956054688,66.38459777832031,868.3790283203125,91.5779037475586,971.4169124099426,False
0000291_01801_d_0000877.jpg,44,1,car,0.3850761353969574,67.4432144165039,368.5918273925781,216.4693603515625,462.5611572265625,14003.88706125901,False
0000291_01801_d_0000877.jpg,45,1,car,0.3775117099285126,1091.954833984375,42.305233001708984,1114.72021484375,63.135093688964844,474.1997117931023,False
0000291_01801_d_0000877.jpg,46,1,car,0.3689972162246704,336.3968505859375,280.3245849609375,444.625244140625,349.8535461425781,7525.007774215192,False
0000291_01801_d_0000877.jpg,53,0,pedestrian,0.33873480558395386,694.9500122070312,168.6206817626953,705.9607543945312,195.74899291992188,298.70284013450146,False
0000291_01801_d_0000877.jpg,54,0,pedestrian,0.335424542427063,791.4923706054688,433.0853271484375,811.101806640625,478.694580078125,894.3717279359698,False
0000291_01801_d_0000877.jpg,56,0,pedestrian,0.33024996519088745,861.803466796875,555.844482421875,884.0698852539062,597.67431640625,931.4005874842405,False
0000291_01801_d_0000877.jpg,57,2,van,0.32415634393692017,756.8311767578125,106.41700744628906,809.3851928710938,142.46749877929688,1894.5981024065986,True
0000291_01801_d_0000877.jpg,58,0,pedestrian,0.321617990732193,829.381591796875,650.2780151367188,853.7557983398438,700.2078857421875,1217.0009788013995,False
0000291_01801_d_0000877.jpg,60,2,van,0.30590522289276123,865.0889282226562,172.46246337890625,920.1530151367188,215.77279663085938,2384.843954462558,False
0000291_01801_d_0000877.jpg,61,0,pedestrian,0.3036174774169922,259.35614013671875,287.9309997558594,275.3644714355469,318.4591979980469,488.7055114172399,False
0000291_01801_d_0000877.jpg,62,0,pedestrian,0.3034500777721405,1111.69384765625,643.715576171875,1136.564453125,692.2384033203125,1206.7920902371407,False
0000291_01801_d_0000877.jpg,63,0,pedestrian,0.2994489371776581,920.41650390625,662.3385009765625,940.7014770507812,703.2705078125,830.3046594187617,False
0000291_01801_d_0000877.jpg,64,0,pedestrian,0.290936142206192,870.2734985351562,116.37025451660156,883.2432250976562,140.021484375,306.74998413026333,False
0000291_01801_d_0000877.jpg,65,1,car,0.28922316431999207,987.3128662109375,23.391244888305664,1017.9137573242188,40.24031448364258,515.5965440470027,False
0000291_01801_d_0000877.jpg,66,2,van,0.2885529100894928,1261.3660888671875,90.55541229248047,1330.44287109375,118.65612030029297,1941.106487467885,True
0000291_01801_d_0000877.jpg,67,0,pedestrian,0.2876295745372772,1162.093017578125,714.6819458007812,1189.09765625,762.83837890625,1300.447075739503,False
0000291_01801_d_0000877.jpg,70,1,car,0.2795813977718353,1205.0484619140625,186.25941467285156,1285.795654296875,215.4478302001953,2356.8826039358974,False
0000291_01801_d_0000877.jpg,71,0,pedestrian,0.27356594800949097,662.3487548828125,140.82449340820312,674.63525390625,167.98439025878906,333.70004613138735,False
0000291_01801_d_0000877.jpg,72,0,pedestrian,0.26971930265426636,0.5218816995620728,336.9169921875,16.331348419189453,374.0446472167969,586.9684265634751,False
0000291_01801_d_0000877.jpg,73,2,van,0.26782912015914917,1037.5439453125,70.3140640258789,1079.0968017578125,93.85286712646484,978.1045061331242,False
0000291_01801_d_0000877.jpg,75,1,car,0.2648269534111023,1212.69970703125,191.80690002441406,1298.114501953125,223.1276092529297,2675.25195556134,False
0000291_01801_d_0000877.jpg,77,0,pedestrian,0.2577933371067047,1155.574462890625,721.9088745117188,1180.2357177734375,765.0,1062.6812288537621,False
0000291_03201_d_0000884.jpg,4,1,car,0.8111933469772339,592.1864624023438,324.2928771972656,640.581787109375,360.6537170410156,1759.6946508586407,False
0000291_03201_d_0000884.jpg,9,1,car,0.7548929452896118,782.0454711914062,77.61570739746094,797.3574829101562,92.54631805419922,228.6176853440702,True
0000291_03201_d_0000884.jpg,11,1,car,0.7340729236602783,574.0131225585938,347.76348876953125,633.5426025390625,411.61285400390625,3800.919509485364,True
0000291_03201_d_0000884.jpg,13,2,van,0.7197023630142212,916.3192749023438,269.49725341796875,992.875732421875,304.939208984375,2713.310565728694,True
0000291_03201_d_0000884.jpg,18,1,car,0.6925923824310303,349.3923034667969,398.0477294921875,433.57366943359375,489.5497741699219,7702.767109726556,False
0000291_03201_d_0000884.jpg,25,1,car,0.5433088541030884,599.1792602539062,231.9584503173828,634.1968994140625,263.6734924316406,1110.585900706239,True
0000291_03201_d_0000884.jpg,26,1,car,0.538181722164154,645.6709594726562,175.12600708007812,674.2118530273438,200.64193725585938,728.2474470958114,False
0000291_03201_d_0000884.jpg,27,1,car,0.5371672511100769,731.035400390625,40.42283248901367,742.5872802734375,51.31244659423828,125.79551411373541,False
0000291_03201_d_0000884.jpg,28,1,car,0.5315834879875183,501.86907958984375,354.3934020996094,545.7212524414062,399.80242919921875,1991.284505393356,False
0000291_03201_d_0000884.jpg,30,2,van,0.5074731111526489,300.47857666015625,268.4503479003906,381.69366455078125,305.0301818847656,2970.834432065487,True
0000291_03201_d_0000884.jpg,33,1,car,0.4745824933052063,617.6656494140625,203.6543731689453,649.0146484375,229.0533447265625,796.232334556058,False
0000291_03201_d_0000884.jpg,34,1,car,0.4725545048713684,768.97314453125,27.569005966186523,780.3499755859375,38.97014236450195,129.70880263508298,False
0000291_03201_d_0000884.jpg,35,0,pedestrian,0.47123876214027405,696.57080078125,564.6803588867188,715.4456787109375,611.5493774414062,884.647003903985,False
0000291_03201_d_0000884.jpg,37,1,car,0.46001768112182617,626.8292846679688,98.24403381347656,646.0953369140625,114.43170166015625,311.87245447654277,True
0000291_03201_d_0000884.jpg,38,1,car,0.45779380202293396,827.2197875976562,156.7044677734375,857.2023315429688,179.2744140625,676.7044064551592,False
0000291_03201_d_0000884.jpg,39,1,car,0.455912321805954,784.4320678710938,45.75523376464844,801.6024780273438,58.61781311035156,220.85576303303242,False
0000291_03201_d_0000884.jpg,42,1,car,0.4498142600059509,838.3366088867188,145.1863555908203,859.1096801757812,162.84249877929688,366.7723211441189,False
0000291_03201_d_0000884.jpg,43,1,car,0.44979000091552734,485.73419189453125,171.90460205078125,527.4288330078125,192.3943634033203,854.3132460908964,False
0000291_03201_d_0000884.jpg,44,1,car,0.43433403968811035,481.04669189453125,164.91732788085938,527.3670654296875,189.10006713867188,1120.1535155251622,False
0000291_03201_d_0000884.jpg,50,1,car,0.38039204478263855,867.472412109375,144.22152709960938,911.2894287109375,161.89559936523438,774.425117880106,True
0000291_03201_d_0000884.jpg,56,1,car,0.35510629415512085,408.9655456542969,212.35745239257812,466.61871337890625,240.15757751464844,1602.7652764278464,True
0000291_03201_d_0000884.jpg,57,0,pedestrian,0.35291317105293274,425.43328857421875,260.6451416015625,438.6165771484375,288.9236145019531,372.8032686840743,False
0000291_03201_d_0000884.jpg,60,1,car,0.3333181142807007,556.5947265625,274.5321960449219,601.9312744140625,324.13323974609375,2248.7400912456214,False
0000291_03201_d_0000884.jpg,63,1,car,0.324617862701416,848.3717651367188,105.7933578491211,877.9595947265625,123.436767578125,522.0302004455589,False
0000291_03201_d_0000884.jpg,64,2,van,0.31497570872306824,851.9069213867188,248.28907775878906,925.486083984375,280.10711669921875,2341.144660736434,True
0000291_03201_d_0000884.jpg,66,1,car,0.30568787455558777,860.1320190429688,137.8359832763672,882.0712890625,155.6503448486328,390.8340887594968,False
0000291_03201_d_0000884.jpg,67,1,car,0.29928162693977356,604.373046875,221.7735137939453,639.6464233398438,254.5538330078125,1156.2725402684882,False
0000291_03201_d_0000884.jpg,71,0,pedestrian,0.2919549345970154,1044.7723388671875,358.774658203125,1057.905029296875,393.899169921875,461.27933889627457,False
0000291_03201_d_0000884.jpg,75,1,car,0.28522825241088867,859.816650390625,159.01710510253906,880.9081420898438,178.49195861816406,410.7537112683058,False
0000291_03201_d_0000884.jpg,77,0,pedestrian,0.28239941596984863,1051.1851806640625,357.0786437988281,1064.3394775390625,388.81939697265625,417.52729028463364,False
0000291_03201_d_0000884.jpg,80,1,car,0.2790837287902832,863.6944580078125,221.48878479003906,916.5899658203125,245.4296417236328,1266.363784968853,False
0000291_03201_d_0000884.jpg,82,1,car,0.2689042091369629,862.9609985351562,124.07493591308594,907.3362426757812,139.8332061767578,699.2770901843905,False
0000291_03201_d_0000884.jpg,84,1,car,0.2657923996448517,467.61993408203125,191.31080627441406,510.6695861816406,216.1949920654297,1071.2555410852656,False
0000291_03201_d_0000884.jpg,86,1,car,0.2623515725135803,1302.3944091796875,663.807373046875,1359.978759765625,744.92236328125,4670.954035431147,False
0000291_03201_d_0000884.jpg,87,1,car,0.2575186491012573,575.0132446289062,252.41177368164062,612.1162109375,292.21575927734375,1476.845936505124,False
0000291_03201_d_0000884.jpg,89,1,car,0.25263500213623047,546.5433959960938,174.08653259277344,586.2359008789062,197.04360961914062,911.2238919641823,False
0000291_04001_d_0000888.jpg,8,1,car,0.694446861743927,781.4910278320312,170.21884155273438,829.61328125,231.83334350585938,2965.0286772102118,True
0000291_04001_d_0000888.jpg,9,2,van,0.6937616467475891,1106.932861328125,96.11378479003906,1184.1968994140625,131.56027221679688,2738.7387545537204,True
0000291_04001_d_0000888.jpg,11,1,car,0.679004430770874,1145.762939453125,44.01120376586914,1212.9019775390625,73.08782196044922,1952.1761763761751,False
0000291_04001_d_0000888.jpg,14,1,car,0.5947173833847046,614.30126953125,175.1995849609375,671.1011352539062,238.58026123046875,3600.0139015205204,True
0000291_04001_d_0000888.jpg,17,1,car,0.5727028846740723,757.9909057617188,57.266815185546875,791.2831420898438,81.25414276123047,798.5917785298079,False
0000291_04001_d_0000888.jpg,18,1,car,0.5556789636611938,1215.58935546875,139.40113830566406,1294.8935546875,184.93814086914062,3611.2755231186748,False
0000291_04001_d_0000888.jpg,21,1,car,0.4919845461845398,740.8321533203125,84.30729675292969,775.851806640625,121.80070495605469,1313.0061570703983,False
0000291_04001_d_0000888.jpg,24,1,car,0.4691706597805023,767.9677124023438,33.56257247924805,796.4230346679688,58.15353012084961,699.7436245121062,False
0000291_04001_d_0000888.jpg,27,1,car,0.4441051483154297,810.9249267578125,71.36051940917969,835.68359375,100.61829376220703,724.3834921391681,False
0000291_04001_d_0000888.jpg,28,1,car,0.4437297582626343,1026.527099609375,41.556392669677734,1083.612548828125,66.31195831298828,1413.1825854126364,False
0000291_04001_d_0000888.jpg,31,1,car,0.4047900438308716,774.1561889648438,17.56627655029297,798.8173217773438,37.63893508911133,495.01449812576175,False
0000291_04001_d_0000888.jpg,32,2,van,0.40238603949546814,1.2070178985595703,407.38818359375,110.69709777832031,484.18902587890625,8408.930356634664,False
0000291_04001_d_0000888.jpg,33,1,car,0.40030792355537415,728.3673095703125,6.881043434143066,757.3784790039062,25.463449478149414,539.0973302265047,False
0000291_04001_d_0000888.jpg,35,1,car,0.39080655574798584,705.095947265625,179.22181701660156,744.3893432617188,224.7584991455078,1789.2908832393587,False
0000291_04001_d_0000888.jpg,37,2,van,0.36817634105682373,467.7911682128906,82.49140167236328,550.5983276367188,119.35236358642578,3052.35154973343,True
0000291_04001_d_0000888.jpg,39,1,car,0.3637177348136902,763.658203125,34.377628326416016,794.6744384765625,60.06214141845703,796.6369029530324,False
0000291_04001_d_0000888.jpg,40,1,car,0.36173683404922485,551.3353881835938,22.565277099609375,617.6995239257812,51.36432647705078,1911.224022130482,True
0000291_04001_d_0000888.jpg,41,1,car,0.34915363788604736,989.31494140625,0.2441880702972412,1029.9066162109375,24.383520126342773,979.8559168213687,True
0000291_04001_d_0000888.jpg,43,1,car,0.3487139940261841,967.41015625,6.398672103881836,1000.6651000976562,23.56424331665039,570.8401067935629,False
0000291_04001_d_0000888.jpg,45,1,car,0.338988333940506,765.99267578125,49.32588577270508,795.431396484375,79.54403686523438,889.5837101778015,True
0000291_04001_d_0000888.jpg,46,1,car,0.32686713337898254,1029.564453125,4.623421669006348,1081.7835693359375,24.54184341430664,1040.1223798563005,False
0000291_04001_d_0000888.jpg,47,0,pedestrian,0.32183972001075745,214.03860473632812,417.8949890136719,238.4305419921875,465.0423278808594,1150.0149314291775,False
0000291_04001_d_0000888.jpg,48,1,car,0.31623926758766174,832.6433715820312,64.67317199707031,854.0473022460938,90.29548645019531,548.418242007494,False
0000291_04001_d_0000888.jpg,49,1,car,0.31033751368522644,795.9432373046875,0.0,814.67626953125,11.325540542602539,212.1617159678135,False
0000291_04001_d_0000888.jpg,50,1,car,0.30869975686073303,733.8131103515625,0.921113133430481,772.8944091796875,20.030773162841797,746.8303341132996,False
0000291_04001_d_0000888.jpg,52,1,car,0.2966163158416748,734.6845092773438,0.0,772.375,17.13199806213379,645.7134140214184,False
0000291_04001_d_0000888.jpg,54,1,car,0.2851305902004242,798.2095947265625,146.5912628173828,831.1937866210938,176.245361328125,978.1164757376537,True
0000291_04001_d_0000888.jpg,55,1,car,0.27901798486709595,781.5107421875,0.0,804.7236938476562,14.268722534179688,331.2191664380953,False
0000291_04001_d_0000888.jpg,56,1,car,0.26986366510391235,750.6448974609375,54.932228088378906,778.5265502929688,82.47949981689453,768.0634668041021,False
0000291_04001_d_0000888.jpg,59,1,car,0.2554016411304474,682.4865112304688,0.0,714.2216186523438,14.46647834777832,459.09524438297376,False
0000293_03601_d_0000940.jpg,7,1,car,0.8435344696044922,951.1013793945312,716.2664184570312,1058.5008544921875,764.5679931640625,5187.563769925386,False
0000293_03601_d_0000940.jpg,10,1,car,0.815592348575592,602.9863891601562,364.2856750488281,644.6396484375,404.7521667480469,1685.5612707920372,False
0000293_03601_d_0000940.jpg,31,1,car,0.4183110296726227,712.7036743164062,262.56756591796875,740.996826171875,280.9954833984375,521.3838676549494,False
0000293_03601_d_0000940.jpg,32,1,car,0.4160122871398926,546.6821899414062,261.2325134277344,572.2361450195312,284.7000427246094,599.6881894469261,False
0000293_03601_d_0000940.jpg,35,1,car,0.38694900274276733,1215.940185546875,414.7911376953125,1282.7296142578125,452.9811096191406,2550.686407279223,False
0000293_03601_d_0000940.jpg,37,1,car,0.36794108152389526,952.1414184570312,715.097412109375,1067.659912109375,764.1248779296875,5663.57899915427,False
0000293_03601_d_0000940.jpg,38,1,car,0.3396552801132202,599.7119140625,190.84791564941406,612.8413696289062,201.09877014160156,134.58813857287169,False
0000293_03601_d_0000940.jpg,43,1,car,0.30124998092651367,652.9761352539062,245.59710693359375,674.3306884765625,262.1406555175781,353.2800887282938,False
0000293_03601_d_0000940.jpg,44,1,car,0.29542016983032227,636.1248168945312,318.4819030761719,668.1752319335938,359.646484375,1319.3419155366719,False
0000293_03601_d_0000940.jpg,45,1,car,0.29520055651664734,596.9849243164062,185.33209228515625,607.76025390625,193.84469604492188,91.7261111792177,False
0000293_03601_d_0000940.jpg,46,1,car,0.2904341220855713,659.4739990234375,216.2908477783203,679.09716796875,233.20059204101562,331.8227684888989,False
0000293_03601_d_0000940.jpg,48,1,car,0.2847993075847626,705.0701293945312,309.7542419433594,734.9679565429688,341.3636474609375,945.0525424294174,False
0000293_03601_d_0000940.jpg,50,1,car,0.2765984535217285,632.3091430664062,214.46229553222656,647.5535278320312,226.7790069580078,187.76068802177906,False
0000293_03601_d_0000940.jpg,51,1,car,0.27209171652793884,739.3670043945312,284.5187683105469,773.3673706054688,306.50146484375,747.4197324328125,False
0000293_03601_d_0000940.jpg,52,1,car,0.2647128999233246,610.9202880859375,186.90939331054688,622.340576171875,196.23765563964844,106.53144313953817,False
0000293_03601_d_0000940.jpg,53,1,car,0.25742828845977783,660.0516357421875,227.70176696777344,677.9609375,242.7637939453125,269.75038622505963,False
0000293_03601_d_0000940.jpg,54,1,car,0.2554857134819031,639.904541015625,200.9275360107422,658.6408081054688,214.63572692871094,256.8403263576329,False
0000293_03601_d_0000940.jpg,55,1,car,0.2532678246498108,559.9527587890625,184.94851684570312,568.944580078125,191.4716796875,58.65511451289058,False
0000293_03601_d_0000940.jpg,56,1,car,0.25288012623786926,692.1849975585938,232.47682189941406,714.14697265625,250.27835083007812,390.95673507545143,False
0000295_00800_d_0000025.jpg,4,1,car,0.9021609425544739,90.1064224243164,689.1709594726562,197.11724853515625,763.5532836914062,7959.713962692767,False
0000295_00800_d_0000025.jpg,20,1,car,0.7272756695747375,678.12158203125,413.43109130859375,704.2828979492188,441.110107421875,724.1194848380983,True
0000295_00800_d_0000025.jpg,26,4,bus,0.5859574675559998,193.73526000976562,566.6495971679688,379.6221618652344,763.5750732421875,36605.86664384976,False
0000295_00800_d_0000025.jpg,28,0,pedestrian,0.5293934345245361,969.7256469726562,477.4571838378906,980.6571044921875,505.01104736328125,301.2038886267692,False
0000295_00800_d_0000025.jpg,30,4,bus,0.4881444573402405,457.18890380859375,347.0422668457031,542.3763427734375,449.3089294433594,8711.835078176111,False
0000295_00800_d_0000025.jpg,37,0,pedestrian,0.3915264308452606,1253.896484375,625.9561157226562,1271.2080078125,660.7861328125,602.9606571793556,False
0000295_00800_d_0000025.jpg,38,0,pedestrian,0.38537490367889404,955.114013671875,494.7347106933594,965.964111328125,523.0748901367188,307.493714556098,False
0000295_00800_d_0000025.jpg,46,4,bus,0.3521067500114441,224.12095642089844,485.04998779296875,300.7872009277344,555.7512817382812,5420.402688561007,False
0000295_00800_d_0000025.jpg,48,1,car,0.33622145652770996,679.3768920898438,298.44488525390625,695.5726318359375,312.8194885253906,232.80733353830874,False
0000295_00800_d_0000025.jpg,50,1,car,0.32809996604919434,751.7273559570312,300.1551208496094,769.138916015625,312.71112060546875,218.61954384483397,False
0000295_00800_d_0000025.jpg,51,1,car,0.32188117504119873,647.5272827148438,291.0638427734375,659.0896606445312,301.7656555175781,123.73840348049998,False
0000295_00800_d_0000025.jpg,54,0,pedestrian,0.3164868950843811,1023.8703002929688,510.4628601074219,1037.8026123046875,540.9910888671875,425.3288082461804,False
0000295_00800_d_0000025.jpg,56,1,car,0.29425129294395447,684.9500732421875,347.1507873535156,705.5001831054688,361.9666748046875,304.46811484359205,False
0000295_00800_d_0000025.jpg,58,1,car,0.2802254855632782,691.3553466796875,279.3601989746094,702.4837036132812,290.3429870605469,122.22038594633341,False
0000295_00800_d_0000025.jpg,59,1,car,0.2690425515174866,714.0265502929688,352.4453125,730.7758178710938,368.9134216308594,275.8287663385272,False
0000295_00800_d_0000025.jpg,60,0,pedestrian,0.2686169743537903,919.2623901367188,388.7118835449219,928.176513671875,409.19000244140625,182.5444816108793,False
0000295_00800_d_0000025.jpg,62,1,car,0.26331639289855957,687.7490234375,285.0849609375,701.2933349609375,295.099365234375,135.63821151852608,False
0000295_00800_d_0000025.jpg,63,1,car,0.25686508417129517,945.8237915039062,397.52008056640625,974.4480590820312,418.19287109375,591.7434876412153,False
0000295_00800_d_0000025.jpg,64,0,pedestrian,0.2534099817276001,1008.309814453125,506.88916015625,1021.11376953125,537.2288818359375,388.4684334695339,False
0000295_01600_d_0000029.jpg,9,4,bus,0.8289588093757629,632.062255859375,305.56927490234375,665.3724365234375,358.29913330078125,1756.4411096423864,False
0000295_01600_d_0000029.jpg,13,1,car,0.7655566334724426,778.8065185546875,524.3557739257812,822.2837524414062,573.7471313476562,2147.3995986133814,False
0000295_01600_d_0000029.jpg,14,1,car,0.7603074312210083,658.1629638671875,431.1427917480469,687.9037475585938,463.5841064453125,964.8301230762154,False
0000295_01600_d_0000029.jpg,21,1,car,0.602351725101471,861.3369140625,487.4750061035156,969.7767944335938,534.5745849609375,5107.472696827725,True
0000295_01600_d_0000029.jpg,30,1,car,0.5451347827911377,638.0518798828125,557.7489624023438,685.35546875,617.488037109375,2825.872629247606,True
0000295_01600_d_0000029.jpg,37,0,pedestrian,0.5035655498504639,1119.8643798828125,628.3922729492188,1140.3341064453125,673.5867919921875,925.1194469332695,False
0000295_01600_d_0000029.jpg,43,1,car,0.4564271569252014,849.1951293945312,331.4759521484375,869.9904174804688,350.3571472167969,392.6398908533156,False
0000295_01600_d_0000029.jpg,44,1,car,0.4536324739456177,656.084716796875,292.97442626953125,674.3279418945312,308.9661560058594,291.740725280717,False
0000295_01600_d_0000029.jpg,48,1,car,0.41589784622192383,707.3334350585938,348.85797119140625,726.5396118164062,366.468505859375,338.2310416325927,False
0000295_01600_d_0000029.jpg,50,0,pedestrian,0.4117375910282135,1292.6986083984375,675.9437255859375,1316.802978515625,722.7763671875,1128.8713267296553,False
0000295_01600_d_0000029.jpg,53,1,car,0.4000309109687805,838.7763671875,443.28643798828125,905.6000366210938,473.1393737792969,1994.8827129211277,False
0000295_01600_d_0000029.jpg,58,1,car,0.38183534145355225,740.1234130859375,366.5360412597656,764.7733764648438,393.20794677734375,657.4614942539483,False
0000295_01600_d_0000029.jpg,61,0,pedestrian,0.37385454773902893,1169.089111328125,694.1673583984375,1196.3963623046875,743.2556762695312,1340.4670161232352,False
0000295_01600_d_0000029.jpg,65,1,car,0.35047993063926697,741.6121215820312,325.5462341308594,759.0971069335938,342.8760986328125,303.01242696121335,False
0000295_01600_d_0000029.jpg,67,1,car,0.3456074297428131,698.9756469726562,242.67059326171875,715.6447143554688,254.24505615234375,192.93550184369087,False
0000295_01600_d_0000029.jpg,68,1,car,0.34398335218429565,630.320068359375,243.94151306152344,649.9297485351562,254.57522583007812,208.5237064724788,False
0000295_01600_d_0000029.jpg,69,1,car,0.340410441160202,678.0176391601562,236.25228881835938,690.2269897460938,248.9014892578125,154.4385227970779,False
0000295_01600_d_0000029.jpg,70,0,pedestrian,0.3391507863998413,1081.7906494140625,497.9089050292969,1095.06982421875,523.5926513671875,341.05895726010203,False
0000295_01600_d_0000029.jpg,71,1,car,0.33897802233695984,706.9761352539062,362.47149658203125,726.5686645507812,381.241455078125,367.7509617358446,False
0000295_01600_d_0000029.jpg,77,1,car,0.3174814283847809,843.5540771484375,306.6465759277344,862.4872436523438,324.8870849609375,345.3505946416408,False
0000295_01600_d_0000029.jpg,80,1,car,0.3102426528930664,832.2127075195312,428.2102966308594,892.3440551757812,451.1451110839844,1379.1013013124466,False
0000295_01600_d_0000029.jpg,81,1,car,0.3086897134780884,707.0643920898438,395.6378479003906,734.8787231445312,419.7577819824219,670.8798315748572,False
0000295_01600_d_0000029.jpg,82,0,pedestrian,0.3066736161708832,832.5518798828125,346.16925048828125,841.5308837890625,363.9761657714844,159.88836188614368,False
0000295_01600_d_0000029.jpg,83,1,car,0.3062140941619873,760.7576293945312,301.0169982910156,775.9443359375,317.6092224121094,251.98123862221837,False
0000295_01600_d_0000029.jpg,84,1,car,0.30494746565818787,753.0155639648438,295.575927734375,768.2426147460938,312.0983581542969,251.58788703382015,False
0000295_01600_d_0000029.jpg,87,1,car,0.2864209711551666,673.3389892578125,366.2708435058594,694.5516967773438,385.0148010253906,397.61008862033486,False
0000295_01600_d_0000029.jpg,88,0,pedestrian,0.2849036157131195,943.9938354492188,414.16607666015625,953.2847290039062,434.457275390625,188.5233675017953,False
0000295_01600_d_0000029.jpg,89,1,car,0.2842424511909485,739.40966796875,341.12567138671875,759.6743774414062,359.01226806640625,362.4666851684451,False
0000295_01600_d_0000029.jpg,90,1,car,0.2757207155227661,554.8472290039062,258.537109375,569.3696899414062,270.79412841796875,178.0020802617073,False
0000295_01600_d_0000029.jpg,91,0,pedestrian,0.2740761339664459,1111.351318359375,495.6453552246094,1126.2733154296875,525.689697265625,448.32158391550183,False
0000295_01600_d_0000029.jpg,93,1,car,0.27228793501853943,845.680908203125,467.3837585449219,915.7899169921875,498.0711364746094,2151.4616489857435,False
0000295_01600_d_0000029.jpg,94,1,car,0.2720046639442444,558.624267578125,254.47267150878906,576.3565063476562,266.31390380859375,209.97155846562237,False
0000295_01600_d_0000029.jpg,96,1,car,0.2624247670173645,725.90234375,268.85858154296875,736.3002319335938,280.24365234375,118.38069314882159,False
0000295_01600_d_0000029.jpg,97,1,car,0.260676771402359,581.3965454101562,258.6235046386719,597.6427001953125,271.0841369628906,202.4373614601791,False
0000295_01600_d_0000029.jpg,98,1,car,0.2603365480899811,752.73828125,271.4405822753906,771.8655395507812,284.73431396484375,254.27263980545104,False
0000295_01600_d_0000029.jpg,99,1,car,0.25711697340011597,917.4297485351562,304.9701843261719,941.3654174804688,320.5483093261719,372.8728427886963,False
0000295_01600_d_0000029.jpg,101,1,car,0.253046452999115,678.7914428710938,239.59024047851562,696.3463745117188,252.17831420898438,220.98277382552624,False
0000295_02900_d_0000034.jpg,35,1,car,0.6346709728240967,778.6279296875,615.828857421875,857.4022216796875,702.9554443359375,6863.335197851062,False
0000295_02900_d_0000034.jpg,37,1,car,0.6175411939620972,869.6633911132812,622.5863647460938,950.9415283203125,707.4525146484375,6897.762575995177,False
0000295_02900_d_0000034.jpg,38,1,car,0.5991765260696411,405.8660583496094,318.6375427246094,435.3970947265625,343.12518310546875,723.1453988729045,False
0000295_02900_d_0000034.jpg,49,1,car,0.4875396490097046,557.6255493164062,197.0071563720703,571.9935913085938,207.77769470214844,154.75154700502753,False
0000295_02900_d_0000034.jpg,63,1,car,0.39658668637275696,513.591796875,214.08059692382812,529.3181762695312,227.05599975585938,204.05610773339868,False
0000295_02900_d_0000034.jpg,65,4,bus,0.3897373676300049,447.3535461425781,240.9534149169922,483.78521728515625,273.22161865234375,1175.5845868480392,False
0000295_02900_d_0000034.jpg,66,0,pedestrian,0.38706424832344055,1084.7813720703125,346.90008544921875,1095.504638671875,374.653076171875,297.6027185097337,False
0000295_02900_d_0000034.jpg,67,0,pedestrian,0.3679134249687195,1255.6951904296875,355.0648498535156,1266.19580078125,378.42291259765625,245.27391544356942,False
0000295_02900_d_0000034.jpg,68,1,car,0.3611510992050171,495.68310546875,234.5437469482422,519.0640258789062,250.40753173828125,370.9098895797506,False
0000295_02900_d_0000034.jpg,74,1,car,0.3374330699443817,541.4364624023438,198.02540588378906,555.2680053710938,208.27854919433594,141.81679226458073,False
0000295_02900_d_0000034.jpg,77,0,pedestrian,0.3314771056175232,1150.5718994140625,581.3834228515625,1166.908203125,616.6300659179688,575.7998659238219,False
0000295_02900_d_0000034.jpg,82,0,pedestrian,0.3059915602207184,1148.8778076171875,342.151611328125,1158.231201171875,363.9504089355469,203.89273304119706,False
0000295_02900_d_0000034.jpg,83,1,car,0.305317759513855,490.0251770019531,241.4014434814453,512.0415649414062,256.5786437988281,334.1471300222911,False
0000295_02900_d_0000034.jpg,84,0,pedestrian,0.30229875445365906,1314.093994140625,708.4608764648438,1341.7760009765625,759.2395629882812,1405.6559474617243,False
0000295_02900_d_0000034.jpg,85,0,pedestrian,0.3019266426563263,1310.9913330078125,708.0994873046875,1340.0972900390625,760.856689453125,1535.548858821392,False
0000295_02900_d_0000034.jpg,86,0,pedestrian,0.29926586151123047,1078.6102294921875,407.78192138671875,1089.28857421875,434.9015808105469,289.59307219460607,False
0000295_02900_d_0000034.jpg,92,1,car,0.28492701053619385,473.5190124511719,230.9484100341797,498.8479919433594,246.80398559570312,401.60554823465645,False
0000295_02900_d_0000034.jpg,93,1,car,0.28466764092445374,0.0,674.7633056640625,65.02799224853516,760.9072875976562,5601.770189435687,False
0000295_02900_d_0000034.jpg,94,1,car,0.2746148407459259,544.9728393554688,185.18838500976562,556.9923706054688,193.44935607910156,99.29299992322922,False
0000295_02900_d_0000034.jpg,96,1,car,0.2611166536808014,522.2354125976562,188.23207092285156,539.4534912109375,199.19163513183594,188.7026381175965,False
0000295_02900_d_0000034.jpg,98,1,car,0.2599397599697113,639.0169677734375,174.19815063476562,648.8408813476562,183.66583251953125,93.00968858413398,False
0000301_00001_d_0000156.jpg,13,1,car,0.7213647365570068,1273.279541015625,224.2964324951172,1342.8338623046875,262.0703430175781,2627.3387088235468,False
0000301_00001_d_0000156.jpg,15,0,pedestrian,0.40559011697769165,631.12255859375,190.44407653808594,642.6531372070312,221.45411682128906,357.563707286492,False
0000301_00001_d_0000156.jpg,16,0,pedestrian,0.4055333435535431,138.1239776611328,229.91644287109375,161.8301239013672,276.6408386230469,1107.6553586823866,False
0000301_00001_d_0000156.jpg,18,1,car,0.38231390714645386,1300.5382080078125,246.62716674804688,1360.0,283.5314025878906,2194.39199513942,False
0000301_00001_d_0000156.jpg,19,2,van,0.377733051776886,477.8416442871094,205.15359497070312,521.7164306640625,242.76907348632812,1650.3710843399167,True
0000301_00001_d_0000156.jpg,20,2,van,0.37317943572998047,360.5062255859375,294.4624938964844,574.7637329101562,417.0,26254.5806114655,True
0000301_00001_d_0000156.jpg,21,0,pedestrian,0.36192238330841064,95.15668487548828,203.59463500976562,113.99281311035156,239.66322326660156,679.3925536562456,False
0000301_00001_d_0000156.jpg,23,0,pedestrian,0.29637444019317627,483.5037841796875,233.9407196044922,500.217041015625,266.3145751953125,541.072563258931,False
0000301_00001_d_0000156.jpg,24,1,car,0.2854982614517212,1083.7996826171875,148.0992431640625,1111.2030029296875,167.09597778320312,520.5736036598682,False
0000301_00001_d_0000156.jpg,25,0,pedestrian,0.2540847063064575,607.8120727539062,202.4826202392578,621.3402099609375,233.18212890625,415.30716543551534,False
0000303_03401_d_0000200.jpg,17,1,car,0.6500570178031921,462.5679626464844,73.46913146972656,481.1174011230469,91.04215240478516,325.9696706822142,False
0000303_03401_d_0000200.jpg,23,0,pedestrian,0.3443242311477661,430.8208312988281,314.6239929199219,439.40380859375,335.02191162109375,175.0748730758205,False
0000303_03401_d_0000200.jpg,25,1,car,0.31819775700569153,622.5753173828125,15.447332382202148,636.209228515625,32.292362213134766,229.66363974451087,True
0000303_03401_d_0000200.jpg,28,1,car,0.29316607117652893,482.96807861328125,30.188940048217773,499.1551818847656,46.81987380981445,269.20664230018156,False
0000303_03401_d_0000200.jpg,29,2,van,0.2844947278499603,1300.1212158203125,323.0334167480469,1360.0,353.2059020996094,1806.6917385309935,False
0000303_03401_d_0000200.jpg,31,1,car,0.2776956558227539,486.2386474609375,24.18083953857422,500.30523681640625,40.04156494140625,223.10631112148985,False
0000303_03401_d_0000200.jpg,32,1,car,0.25332891941070557,622.0921020507812,16.792285919189453,636.5344848632812,33.647743225097656,243.4329668916762,False
0000312_01001_d_0000419.jpg,36,2,van,0.4006422758102417,766.1966552734375,416.36669921875,859.5128784179688,493.9911193847656,7243.617713676766,False
0000312_01001_d_0000419.jpg,39,1,car,0.2869170606136322,851.0225219726562,36.66889953613281,932.8562622070312,68.12960052490234,2574.5468323063105,False
0000312_04201_d_0000435.jpg,34,0,pedestrian,0.3620886504650116,1128.1156005859375,544.59423828125,1151.761962890625,566.1808471679688,510.44477466493845,False
0000312_04201_d_0000435.jpg,35,1,car,0.34033069014549255,351.668212890625,281.1341552734375,407.4742431640625,361.5255432128906,4486.324229072779,False
0000312_04201_d_0000435.jpg,36,1,car,0.3195337951183319,1133.01953125,600.6511840820312,1195.974853515625,706.0635375976562,6636.26868635416,False
0000312_04201_d_0000435.jpg,37,0,pedestrian,0.30297866463661194,424.8525390625,69.6214599609375,437.3739013671875,92.71548461914062,289.16864981874824,False
0000312_04201_d_0000435.jpg,39,0,pedestrian,0.25172778964042664,12.505928039550781,322.4683532714844,40.73444747924805,351.86041259765625,829.6943180615781,False
0000315_01601_d_0000509.jpg,10,1,car,0.6303466558456421,546.9508056640625,352.0821838378906,577.5221557617188,398.4987487792969,1419.0170571543276,False
0000315_01601_d_0000509.jpg,14,1,car,0.45512232184410095,506.01690673828125,77.87684631347656,519.62548828125,89.84952545166016,162.93118033977225,False
0000315_01601_d_0000509.jpg,16,0,pedestrian,0.42795684933662415,203.24395751953125,701.3881225585938,222.22410583496094,742.8760375976562,787.4467807393521,False
0000315_01601_d_0000509.jpg,21,1,car,0.39784884452819824,501.9693298339844,632.5811157226562,563.23046875,735.2757568359375,6291.190675171092,False
0000315_01601_d_0000509.jpg,24,1,car,0.3781493604183197,556.8514404296875,98.01262664794922,572.111328125,111.20340728759766,201.28983117453754,True
0000315_01601_d_0000509.jpg,26,1,car,0.3691074550151825,538.6166381835938,117.99063110351562,558.201416015625,133.2513427734375,298.87764761410654,False
0000315_01601_d_0000509.jpg,27,1,car,0.368986576795578,518.6436157226562,89.08570098876953,533.809326171875,103.0465087890625,211.7255687364377,False
0000315_01601_d_0000509.jpg,28,1,car,0.3521451950073242,477.5453186035156,113.5486068725586,496.697265625,133.56192016601562,383.29391592065804,True
0000315_01601_d_0000509.jpg,30,1,car,0.34461361169815063,578.4285278320312,129.5712127685547,603.38818359375,147.59381103515625,449.83784866612405,False
0000315_01601_d_0000509.jpg,34,1,car,0.3057543635368347,567.3270874023438,117.874755859375,588.1753540039062,133.91036987304688,334.31475607678294,False
0000315_01601_d_0000509.jpg,35,1,car,0.305056095123291,529.9219970703125,219.8973846435547,555.8306884765625,243.4791259765625,610.9720590189099,False
0000315_01601_d_0000509.jpg,37,1,car,0.299940288066864,455.9579772949219,76.94004821777344,473.135498046875,88.4342041015625,197.44110121997073,False
0000315_01601_d_0000509.jpg,38,1,car,0.2995142340660095,463.381591796875,92.8023910522461,479.6127624511719,106.46328735351562,221.73233915655874,False
0000315_01601_d_0000509.jpg,40,1,car,0.27330657839775085,609.2635498046875,139.1828155517578,627.3270874023438,153.16555786132812,252.57779142726213,False
0000315_01601_d_0000509.jpg,41,0,pedestrian,0.27112340927124023,525.7230224609375,177.787353515625,533.7490234375,194.9748992919922,137.94725918583572,False
0000315_01601_d_0000509.jpg,44,1,car,0.26021048426628113,537.85400390625,81.316162109375,556.6778564453125,94.48168182373047,247.8258017031476,False
0000316_00801_d_0000523.jpg,2,0,pedestrian,0.7650697231292725,901.2229614257812,508.0788269042969,913.6420288085938,543.1162109375,435.1316332258284,True
0000316_00801_d_0000523.jpg,4,0,pedestrian,0.6856077909469604,898.8729248046875,444.6793212890625,910.2269287109375,471.6236572265625,305.92609548568726,True
0000316_00801_d_0000523.jpg,8,1,car,0.45556312799453735,624.0834350585938,448.141357421875,655.7379150390625,485.1723327636719,1172.196267614141,True
0000316_00801_d_0000523.jpg,9,1,car,0.42584264278411865,715.8392333984375,194.79510498046875,730.1889038085938,211.303466796875,236.88955107703805,True
0000316_00801_d_0000523.jpg,10,1,car,0.4115079343318939,830.804443359375,336.063720703125,857.1522827148438,364.8231506347656,757.7488397937268,True
0000316_00801_d_0000523.jpg,12,1,car,0.38117969036102295,433.2756652832031,628.3379516601562,543.2047729492188,686.4237670898438,6385.321858238429,False
0000316_00801_d_0000523.jpg,13,0,pedestrian,0.33266928791999817,869.514892578125,349.2497253417969,880.1236572265625,373.1418151855469,253.46555811166763,False
0000316_00801_d_0000523.jpg,15,2,van,0.29976680874824524,526.7124633789062,384.8497619628906,559.832763671875,429.9880676269531,1494.9942383095622,False
0000316_00801_d_0000523.jpg,17,1,car,0.2743443250656128,743.8239135742188,244.00604248046875,765.513671875,266.4360046386719,486.50045790709555,True
0000316_00801_d_0000523.jpg,18,1,car,0.2686223089694977,731.0103759765625,146.88671875,741.8284301757812,158.2198028564453,122.60191810782999,False
0000316_00801_d_0000523.jpg,19,1,car,0.251238614320755,691.7849731445312,201.83590698242188,720.977294921875,218.98414611816406,500.596914765425,True
0000316_01601_d_0000527.jpg,2,1,car,0.8518779277801514,142.50064086914062,316.21185302734375,221.1016845703125,360.4867248535156,3480.051135272719,False
0000316_01601_d_0000527.jpg,8,1,car,0.6217962503433228,0.0,273.45501708984375,40.322296142578125,337.7753601074219,2593.5439191469923,False
0000316_01601_d_0000527.jpg,9,1,car,0.5651787519454956,274.5869140625,244.9607696533203,323.4192199707031,300.078857421875,2691.5433229892515,True
0000316_01601_d_0000527.jpg,10,1,car,0.5157329440116882,613.0562133789062,22.27712059020996,648.8294677734375,50.883358001708984,1023.3382081919117,False
0000316_01601_d_0000527.jpg,16,1,car,0.29986074566841125,1328.733154296875,566.9375,1360.0,664.3067626953125,3044.429712921381,False
0000323_02601_d_0000645.jpg,17,1,car,0.4886265695095062,255.15834045410156,18.999746322631836,267.1372985839844,31.50756072998047,149.83058508197428,False
0000323_02601_d_0000645.jpg,19,1,car,0.46189284324645996,363.52978515625,22.479528427124023,381.5525207519531,37.155128479003906,264.4944594433182,False
0000323_02601_d_0000645.jpg,23,1,car,0.3979748487472534,1064.4091796875,106.30082702636719,1109.01806640625,125.6471939086914,863.0198886729777,False
0000323_02601_d_0000645.jpg,25,2,van,0.3863215744495392,363.8429870605469,106.81224060058594,395.6167907714844,136.65887451171875,948.3410873245448,False
0000323_02601_d_0000645.jpg,30,1,car,0.3532942235469818,296.1976013183594,4.968414783477783,312.2235107421875,19.28009605407715,229.35770774532284,False
0000323_02601_d_0000645.jpg,32,1,car,0.3398924767971039,1012.8079833984375,74.93763732910156,1049.2508544921875,90.9471206665039,583.4315375424922,True
0000323_02601_d_0000645.jpg,33,0,pedestrian,0.33254870772361755,445.2345275878906,609.4993896484375,473.4212951660156,668.8757934570312,1673.628893777728,False
0000323_02601_d_0000645.jpg,35,1,car,0.3210238814353943,845.470703125,38.437828063964844,876.6962890625,53.902645111083984,482.8979737125337,False
0000323_02601_d_0000645.jpg,37,1,car,0.3194957375526428,1044.0723876953125,90.31470489501953,1083.796875,106.5254898071289,643.9651194401085,False
0000323_02601_d_0000645.jpg,40,1,car,0.29682081937789917,579.8949584960938,181.9783477783203,629.7546997070312,227.8427276611328,2286.7861117571592,False
0000323_02601_d_0000645.jpg,43,1,car,0.27673065662384033,958.8840942382812,59.91591262817383,984.1654663085938,73.30668640136719,338.5371340694837,False
0000323_02601_d_0000645.jpg,45,1,car,0.2710192799568176,1021.6973876953125,76.46756744384766,1055.3389892578125,91.01087951660156,489.2603101506829,False
0000323_02601_d_0000645.jpg,47,3,truck,0.2674722373485565,1027.635986328125,516.3501586914062,1170.0313720703125,622.59619140625,15128.944812007248,False
0000323_02601_d_0000645.jpg,50,1,car,0.25352391600608826,1099.900634765625,66.76943969726562,1130.3406982421875,83.49714660644531,509.1924601327628,True
0000327_00601_d_0000714.jpg,17,0,pedestrian,0.5046229362487793,975.1047973632812,645.1294555664062,1004.839599609375,695.0048217773438,1483.0341512337327,False
0000327_00601_d_0000714.jpg,20,0,pedestrian,0.43915754556655884,667.3782958984375,92.46146392822266,676.8175659179688,111.88536834716797,183.34747864399105,False
0000327_00601_d_0000714.jpg,22,1,car,0.40719547867774963,625.2291870117188,106.76055908203125,648.5665893554688,136.26144409179688,688.4740229696035,False
0000327_00601_d_0000714.jpg,26,1,car,0.3565378785133362,1222.0518798828125,289.5458068847656,1304.531005859375,331.4999084472656,3460.337628006935,False
0000327_00601_d_0000714.jpg,27,1,car,0.33130237460136414,1192.670166015625,265.29962158203125,1273.408447265625,301.9154357910156,2956.2979058027267,False
0000327_00601_d_0000714.jpg,30,1,car,0.31554386019706726,829.4966430664062,125.6421127319336,885.44775390625,149.42630004882812,1330.7517008031718,True
0000327_00601_d_0000714.jpg,36,1,car,0.2680705785751343,834.8555908203125,136.13351440429688,893.2236328125,161.0772247314453,1455.915531815961,False
0000327_00601_d_0000714.jpg,37,1,car,0.25595179200172424,838.3062744140625,138.38616943359375,893.6198120117188,163.1487274169922,1369.7046820288524,True
0000327_00601_d_0000714.jpg,40,1,car,0.25147467851638794,809.6392822265625,99.06775665283203,853.9418334960938,118.77288055419922,872.9872619127855,False
0000327_01801_d_0000720.jpg,11,1,car,0.6937189698219299,646.84521484375,223.21951293945312,682.653564453125,267.6817626953125,1592.1197836771607,True
0000327_01801_d_0000720.jpg,16,1,car,0.3867241442203522,607.0652465820312,46.11046600341797,626.0197143554688,68.1185073852539,417.1507111284882,False
0000327_01801_d_0000720.jpg,20,1,car,0.3220405876636505,136.54962158203125,52.168025970458984,181.58834838867188,73.79512786865234,974.0571340121096,False
0000327_01801_d_0000720.jpg,24,1,car,0.2648971676826477,227.1200714111328,107.09747314453125,269.35308837890625,131.78854370117188,1042.7784017710947,False
0000327_01801_d_0000720.jpg,25,1,car,0.25808069109916687,731.4898681640625,83.49411010742188,786.8609008789062,105.38753509521484,1212.261551239062,False
0000327_03201_d_0000727.jpg,0,1,car,0.8643037676811218,948.6849975585938,642.2335815429688,1092.2725830078125,713.9261474609375,10294.162434820086,True
0000327_03201_d_0000727.jpg,1,1,car,0.8540311455726624,921.0975952148438,547.0722045898438,1035.0167236328125,601.0999755859375,6154.796582240611,True
0000327_03201_d_0000727.jpg,2,1,car,0.798082172870636,802.4217529296875,494.0770263671875,911.125,539.9364624023438,4985.069605834782,True
0000327_03201_d_0000727.jpg,5,1,car,0.5869661569595337,605.5714111328125,323.08624267578125,635.9699096679688,356.9959411621094,1030.8039197642356,True
0000327_03201_d_0000727.jpg,6,1,car,0.5854133367538452,614.1260986328125,270.50653076171875,636.0200805664062,295.99908447265625,558.1335103884339,True
0000327_03201_d_0000727.jpg,7,1,car,0.4999948740005493,485.24847412109375,288.6935119628906,541.5992431640625,313.63848876953125,1405.668626813218,True
0000327_03201_d_0000727.jpg,11,0,pedestrian,0.3709145188331604,711.328857421875,360.1222839355469,722.7178955078125,386.1988830566406,296.98738054186106,False
0000327_03201_d_0000727.jpg,13,0,pedestrian,0.3254205584526062,374.5520324707031,357.25030517578125,386.2177429199219,381.71759033203125,285.42826411128044,False
0000327_03201_d_0000727.jpg,15,0,pedestrian,0.31260353326797485,654.68310546875,223.302734375,660.666259765625,238.58908081054688,91.46056935936213,False
0000327_03201_d_0000727.jpg,16,1,car,0.30334508419036865,698.080322265625,258.275634765625,720.1697387695312,275.7665710449219,386.36457651667297,True
0000327_03201_d_0000727.jpg,19,0,pedestrian,0.25649359822273254,670.2100219726562,225.0442657470703,678.2486572265625,241.96237182617188,135.99848395679146,False
0000327_04001_d_0000731.jpg,18,1,car,0.5156676769256592,945.2075805664062,663.2144165039062,1104.947509765625,733.5332641601562,11232.727745980024,False
0000327_04001_d_0000731.jpg,22,1,car,0.38433754444122314,526.2572021484375,130.24417114257812,538.3568725585938,142.7787322998047,151.66405873838812,False
0000327_04001_d_0000731.jpg,24,0,pedestrian,0.3762291967868805,649.313232421875,309.044189453125,658.7962646484375,332.1866760253906,219.46094596758485,False
0000327_04001_d_0000731.jpg,25,0,pedestrian,0.3733949065208435,310.91131591796875,280.5067443847656,321.68603515625,303.5528869628906,248.31571580469608,False
0000327_04001_d_0000731.jpg,33,0,pedestrian,0.3021704852581024,679.7845458984375,264.3274841308594,690.22216796875,283.5140075683594,200.26168048381805,False
0000327_04001_d_0000731.jpg,34,0,pedestrian,0.29655107855796814,694.497314453125,368.5241394042969,707.6112060546875,393.7955017089844,331.40590588748455,False
0000327_04001_d_0000731.jpg,35,0,pedestrian,0.2952856719493866,306.74774169921875,288.6208801269531,318.6916198730469,316.115234375,328.38921760674566,False
0000327_04001_d_0000731.jpg,37,1,car,0.29157689213752747,408.036376953125,145.62965393066406,432.9535827636719,158.57908630371094,322.6636715689674,True
0000327_04001_d_0000731.jpg,38,0,pedestrian,0.2874503433704376,694.4882202148438,367.1490478515625,707.299560546875,392.8705139160156,329.5264555905014,False
0000327_04001_d_0000731.jpg,39,1,car,0.28208985924720764,722.9977416992188,204.702880859375,768.7174682617188,221.3239288330078,759.9097685366869,False
0000327_04001_d_0000731.jpg,42,1,car,0.2538714110851288,406.0363464355469,150.55499267578125,437.7410583496094,164.92120361328125,455.47657907009125,False
0000327_04001_d_0000731.jpg,43,1,car,0.25381407141685486,730.2251586914062,212.27389526367188,776.818359375,227.62765502929688,715.380810007453,True
0000330_00601_d_0000803.jpg,8,1,car,0.7965695858001709,371.7770690917969,260.4714660644531,422.0334777832031,299.7215881347656,1972.5701759532094,False
0000330_00601_d_0000803.jpg,10,1,car,0.7706828117370605,848.5014038085938,403.31829833984375,917.2210083007812,465.4451599121094,4269.333355586976,False
0000330_00601_d_0000803.jpg,19,1,car,0.4786100685596466,968.1115112304688,265.1891174316406,998.6989135742188,300.86407470703125,1091.2042717784643,False
0000330_00601_d_0000803.jpg,21,1,car,0.4176156222820282,664.9224243164062,161.8211212158203,691.5838623046875,185.89694213867188,641.8960065515712,False
0000330_00601_d_0000803.jpg,23,1,car,0.40444955229759216,605.63330078125,150.6962432861328,631.1596069335938,172.20748901367188,549.1026441594586,False
0000330_00601_d_0000803.jpg,24,1,car,0.3972896933555603,531.409912109375,137.0448455810547,556.6783447265625,158.02090454101562,530.0321324039251,False
0000330_00601_d_0000803.jpg,26,1,car,0.3669862449169159,697.1583862304688,59.7415657043457,706.4237670898438,70.33809661865234,98.18089470919222,False
0000330_00601_d_0000803.jpg,27,1,car,0.35887768864631653,698.9610595703125,76.18355560302734,709.1587524414062,88.14187622070312,121.94728091312572,False
0000330_00601_d_0000803.jpg,35,1,car,0.29616546630859375,870.188232421875,147.61328125,904.768310546875,165.9850311279297,635.2965460717678,False
0000330_00601_d_0000803.jpg,36,1,car,0.29564958810806274,701.9119873046875,44.92786407470703,712.8060302734375,55.0678596496582,110.46554749645293,True
0000330_00601_d_0000803.jpg,37,1,car,0.28029584884643555,510.7214660644531,153.4600372314453,546.146240234375,176.69244384765625,823.0027578030713,False
0000330_00601_d_0000803.jpg,41,1,car,0.25633224844932556,817.7324829101562,95.50799560546875,837.1881713867188,111.31224060058594,307.48246723227203,False
0000330_01401_d_0000807.jpg,15,3,truck,0.7263514399528503,1011.4450073242188,281.537841796875,1159.5191650390625,349.1180419921875,10006.881222121418,True
0000330_01401_d_0000807.jpg,16,2,van,0.7084997296333313,1068.2088623046875,246.26022338867188,1142.8961181640625,284.0274658203125,2820.7316985949874,False
0000330_01401_d_0000807.jpg,21,1,car,0.6913867592811584,736.3428344726562,324.8094482421875,792.0078735351562,372.3222961425781,2644.8045343458652,False
0000330_01401_d_0000807.jpg,25,0,pedestrian,0.6159697771072388,420.233154296875,239.4432373046875,433.8728942871094,267.72747802734375,385.78968927823007,False
0000330_01401_d_0000807.jpg,35,1,car,0.45351842045783997,857.3223266601562,358.1895751953125,973.1333618164062,404.1595458984375,5323.829893231392,False
0000330_01401_d_0000807.jpg,36,1,car,0.4524911344051361,1163.230712890625,191.346435546875,1210.2999267578125,217.64622497558594,1237.910413281992,True
0000330_01401_d_0000807.jpg,41,1,car,0.406219482421875,427.6512451171875,130.2227325439453,451.69757080078125,146.68423461914062,395.83864014130086,False
0000330_01401_d_0000807.jpg,43,0,pedestrian,0.40207406878471375,869.9857788085938,227.18023681640625,880.5645141601562,249.6918182373047,238.14406219683588,False
0000330_01401_d_0000807.jpg,51,1,car,0.3024064004421234,57.063232421875,205.67617797851562,113.83927917480469,239.8544464111328,1940.5069664644543,False
0000330_02201_d_0000811.jpg,5,1,car,0.8204101920127869,849.6491088867188,65.6816177368164,898.6917724609375,100.55343627929688,1710.2068650000729,True
0000330_02201_d_0000811.jpg,12,1,car,0.5686216950416565,679.9937133789062,311.27032470703125,801.5436401367188,419.07037353515625,13103.088039547205,True
0000330_02201_d_0000811.jpg,13,1,car,0.510586142539978,369.7823486328125,158.75877380371094,422.6812744140625,223.0062713623047,3398.6236049830914,False
0000330_02201_d_0000811.jpg,14,1,car,0.49244576692581177,537.8749389648438,0.0,567.7931518554688,18.643089294433594,557.7679144497961,False
0000330_02201_d_0000811.jpg,15,0,pedestrian,0.4833255410194397,1103.544677734375,514.6912841796875,1130.853759765625,567.5762329101562,1444.2394030988216,False
0000330_02201_d_0000811.jpg,18,0,pedestrian,0.3588238060474396,19.06873893737793,63.36753845214844,32.58894348144531,97.02954864501953,455.1172631720983,False
0000330_02201_d_0000811.jpg,20,1,car,0.3308800160884857,538.3844604492188,0.0,566.6569213867188,21.158273696899414,598.1964666005224,True
0000330_02201_d_0000811.jpg,21,1,car,0.32319962978363037,793.3366088867188,21.035051345825195,825.7174682617188,48.4483757019043,887.6670009754598,True
0000330_02201_d_0000811.jpg,23,0,pedestrian,0.2750862240791321,804.15087890625,115.579833984375,817.2579345703125,145.52102661132812,392.4408784098923,False
0000330_04201_d_0000821.jpg,6,1,car,0.8882301449775696,523.8126831054688,302.530517578125,626.8305053710938,357.638427734375,5677.096893906593,False
0000330_04201_d_0000821.jpg,11,1,car,0.8228250741958618,465.97210693359375,208.983154296875,509.21075439453125,254.39170837402344,1963.4044614527375,True
0000330_04201_d_0000821.jpg,13,1,car,0.6619223356246948,391.362548828125,273.8274230957031,446.25299072265625,325.8338317871094,2854.6547544188797,False
0000330_04201_d_0000821.jpg,15,4,bus,0.5796523094177246,781.4904174804688,247.9138946533203,910.8163452148438,367.80364990234375,15504.853823427111,True
0000330_04201_d_0000821.jpg,17,1,car,0.5455159544944763,477.99884033203125,171.67703247070312,513.9306030273438,210.33470153808594,1389.0381912831217,False
0000330_04201_d_0000821.jpg,25,1,car,0.41511058807373047,688.0430297851562,103.88690185546875,750.2888793945312,126.89505004882812,1432.1617322340608,False
0000330_04201_d_0000821.jpg,29,0,pedestrian,0.33888012170791626,725.7597045898438,330.5022888183594,743.1959838867188,369.13055419921875,673.5332239344716,False
0000330_04201_d_0000821.jpg,30,0,pedestrian,0.33137965202331543,320.55450439453125,152.76280212402344,332.46600341796875,180.63980102539062,332.0568451900035,False
0000330_04201_d_0000821.jpg,31,0,pedestrian,0.32277292013168335,700.2741088867188,240.5130157470703,715.044189453125,272.7021789550781,475.43653394747525,False
0000330_04201_d_0000821.jpg,36,1,car,0.277052104473114,483.1760559082031,146.83340454101562,514.2510986328125,175.82994079589844,901.0686029861681,False
0000330_04201_d_0000821.jpg,39,0,pedestrian,0.2730458378791809,1039.9305419921875,327.11956787109375,1057.69775390625,361.1562805175781,604.737486448139,False
0000330_04201_d_0000821.jpg,44,1,car,0.2536942660808563,685.9925537109375,58.304256439208984,734.59228515625,74.98822021484375,810.8361589391716,False
0000333_01765_d_0000010.jpg,37,1,car,0.694244921207428,823.035888671875,707.8187255859375,870.6432495117188,729.5677490234375,1035.4136067032814,True
0000333_01765_d_0000010.jpg,38,1,car,0.6683679223060608,727.5842895507812,303.3210754394531,780.510498046875,329.2776184082031,1373.7814050018787,False
0000333_01765_d_0000010.jpg,39,1,car,0.579090416431427,839.7743530273438,24.233251571655273,872.820068359375,73.84231567382812,1639.3670102088945,False
0000333_01765_d_0000010.jpg,40,1,car,0.5516291856765747,819.6991577148438,753.6024780273438,868.192138671875,765.0,552.6998159773648,False
0000333_01765_d_0000010.jpg,43,1,car,0.36245134472846985,1047.9434814453125,1.7973582744598389,1072.825439453125,26.464252471923828,613.7606256044528,False
0000333_01765_d_0000010.jpg,44,3,truck,0.3333040475845337,100.5341796875,51.34239196777344,164.1461944580078,80.97135162353516,1884.7578192570945,False
0000333_01765_d_0000010.jpg,46,1,car,0.2932276725769043,341.4820556640625,280.88140869140625,366.507080078125,327.9941101074219,1178.996503148228,False
0000333_02549_d_0000014.jpg,3,1,car,0.8786467909812927,1276.571044921875,329.09393310546875,1334.782470703125,357.83642578125,1673.141479164362,True
0000333_02549_d_0000014.jpg,4,1,car,0.8758156895637512,1279.18505859375,236.11082458496094,1339.010009765625,260.7406921386719,1473.4806237705052,True
0000333_02549_d_0000014.jpg,9,1,car,0.8552469611167908,637.2203369140625,423.5390319824219,659.9326782226562,473.09564208984375,1125.5466428566724,True
0000333_02549_d_0000014.jpg,19,1,car,0.7891156673431396,964.968994140625,436.1048278808594,1023.98046875,458.7801818847656,1338.1060770601034,True
0000333_02549_d_0000014.jpg,28,1,car,0.6275724768638611,563.84619140625,629.5615844726562,590.0685424804688,678.9542236328125,1295.1911245398223,False
0000333_02549_d_0000014.jpg,34,1,car,0.4727073609828949,386.8751220703125,378.9378967285156,412.9150085449219,436.2684631347656,1492.881440743804,False
0000333_02549_d_0000014.jpg,37,1,car,0.3782109320163727,0.16717633605003357,319.9482727050781,15.703126907348633,345.9382019042969,403.7782553906127,False
0000333_03529_d_0000019.jpg,25,1,car,0.8301457762718201,1164.8721923828125,53.957183837890625,1212.6212158203125,78.41434478759766,1167.8055514022708,True
0000333_03529_d_0000019.jpg,34,1,car,0.7614810466766357,1089.2486572265625,43.104248046875,1132.809814453125,65.31453704833984,967.5058912402019,True
0000333_03529_d_0000019.jpg,35,1,car,0.7520899772644043,586.9515380859375,28.189128875732422,628.4163208007812,50.446044921875,922.8781877558213,False
0000333_03529_d_0000019.jpg,36,2,van,0.750323474407196,836.9248046875,191.169677734375,865.9591064453125,245.6148223876953,1580.7767591122538,False
0000333_03529_d_0000019.jpg,37,1,car,0.7423577308654785,940.7942504882812,43.959388732910156,985.2142333984375,68.01427459716797,1068.5176189960912,False
0000333_03529_d_0000019.jpg,45,1,car,0.5343335866928101,363.85870361328125,734.444091796875,407.73492431640625,764.8521118164062,1334.1889975219965,True
0000333_03529_d_0000019.jpg,46,1,car,0.5115981101989746,878.4924926757812,40.943885803222656,911.1583251953125,59.78822326660156,615.5659715202637,False
0000333_03529_d_0000019.jpg,47,1,car,0.4887232482433319,0.0,71.72476959228516,24.12452507019043,100.4460678100586,692.887678903091,False
0000333_03529_d_0000019.jpg,48,1,car,0.4606857895851135,318.43853759765625,359.5750427246094,340.06396484375,402.4441833496094,927.0634816884995,False
0000333_03529_d_0000019.jpg,49,1,car,0.32541975378990173,1229.978515625,108.50181579589844,1279.6304931640625,134.80296325683594,1305.9039829820395,False
0000333_03529_d_0000019.jpg,50,2,van,0.31502607464790344,123.08113861083984,78.2159652709961,172.5263214111328,104.58857727050781,1303.9986212370568,False
0000333_03529_d_0000019.jpg,51,1,car,0.30315035581588745,68.9109115600586,705.5596313476562,110.25651550292969,729.3570556640625,983.9188806465827,True
0000333_03529_d_0000019.jpg,52,1,car,0.2779194116592407,790.1488647460938,28.59673500061035,826.996337890625,51.32416915893555,837.4485197929898,False
0000335_00393_d_0000045.jpg,9,1,car,0.5327731370925903,377.6965026855469,191.4090576171875,438.6362609863281,251.260498046875,3647.3323137387633,True
0000335_00393_d_0000045.jpg,11,0,pedestrian,0.4010976552963257,208.63291931152344,107.42642974853516,219.7278594970703,132.5756378173828,279.0289592377376,False
0000335_01765_d_0000052.jpg,11,1,car,0.796968936920166,932.1674194335938,718.4517211914062,1019.453369140625,763.3883666992188,3922.3377797976136,False
0000335_01765_d_0000052.jpg,15,1,car,0.698293924331665,633.1146850585938,116.0512924194336,661.0084838867188,150.4698944091797,960.0655598472804,True
0000335_01765_d_0000052.jpg,23,1,car,0.540128767490387,773.0052490234375,1.4731981754302979,792.7360229492188,20.63926887512207,378.1614080211584,False
0000335_01765_d_0000052.jpg,25,1,car,0.5131465792655945,682.1196899414062,97.85973358154297,707.5183715820312,127.8943862915039,762.8405823670328,True
0000335_01765_d_0000052.jpg,27,1,car,0.4277236759662628,683.259765625,64.96492767333984,703.5248413085938,87.6141586303711,458.9883795194328,False
0000335_01765_d_0000052.jpg,29,1,car,0.3472110629081726,620.922119140625,4.77852201461792,643.2221069335938,23.895492553710938,426.3082096603175,False
0000335_01765_d_0000052.jpg,31,1,car,0.3146996796131134,518.7730712890625,0.0,539.6571044921875,12.887173652648926,269.13616245635785,False
0000335_01765_d_0000052.jpg,33,0,pedestrian,0.2604528069496155,247.53271484375,206.13223266601562,263.0478515625,239.3440399169922,515.285730175674,False
0000335_02745_d_0000057.jpg,6,1,car,0.812183678150177,602.939453125,467.17608642578125,654.9149169921875,538.2882080078125,3696.0855058059096,True
0000335_02745_d_0000057.jpg,15,1,car,0.5826787352561951,590.6521606445312,151.501708984375,607.4780883789062,167.92813110351562,276.3897915109992,False
0000335_02745_d_0000057.jpg,24,1,car,0.45946818590164185,595.1097412109375,190.82553100585938,618.1939086914062,217.6698760986328,619.6793580250815,True
0000335_02745_d_0000057.jpg,25,0,pedestrian,0.39747822284698486,1040.7071533203125,710.4117431640625,1068.57958984375,761.7232666015625,1430.1771799325943,False
0000335_02745_d_0000057.jpg,28,1,car,0.33614498376846313,607.232421875,90.17813110351562,620.3331298828125,101.02848052978516,142.147259616293,False
0000335_02745_d_0000057.jpg,29,1,car,0.3139124810695648,0.0,520.0618286132812,14.338332176208496,592.3529663085938,1036.5343456714181,False
0000335_02745_d_0000057.jpg,30,0,pedestrian,0.3132565915584564,533.9769897460938,371.4580383300781,545.4078369140625,404.7083740234375,380.07950559444726,False
0000335_02745_d_0000057.jpg,32,0,pedestrian,0.28365010023117065,546.2548828125,253.41519165039062,557.0830078125,277.9015197753906,265.1410217285156,False
0000335_02745_d_0000057.jpg,34,1,car,0.2794561982154846,665.7797241210938,61.74789047241211,673.478759765625,70.74323272705078,69.25546065322123,False
0000335_04117_d_0000064.jpg,15,1,car,0.6822560429573059,0.06311258673667908,147.68231201171875,22.25574493408203,196.8693389892578,1091.589605971482,False
0000335_04117_d_0000064.jpg,22,1,car,0.4734775424003601,98.03663635253906,0.3544774055480957,152.24575805664062,36.31787109375,1949.543985336255,True
0000335_06469_d_0000076.jpg,2,1,car,0.843296468257904,301.2977294921875,262.0501403808594,445.1836853027344,348.5255432128906,12442.595990588889,True
0000345_07057_d_0000345.jpg,15,1,car,0.458914190530777,1232.047119140625,56.894779205322266,1248.45556640625,70.53715515136719,223.85020628850907,False
0000345_07057_d_0000345.jpg,19,0,pedestrian,0.4132460951805115,609.98681640625,218.74769592285156,625.8087158203125,251.12411499023438,512.2564458716661,False
0000345_07057_d_0000345.jpg,24,0,pedestrian,0.35591036081314087,758.6782836914062,213.16102600097656,769.3475952148438,243.9864501953125,328.88605357147753,False
0000345_07057_d_0000345.jpg,25,0,pedestrian,0.32345637679100037,515.5509643554688,174.9322967529297,526.9814453125,204.0675048828125,333.02944170776755,False
0000345_07057_d_0000345.jpg,26,1,car,0.2908931374549866,1231.6280517578125,23.715599060058594,1243.2196044921875,35.380985260009766,135.2199393035844,False
0000345_07057_d_0000345.jpg,27,0,pedestrian,0.28848138451576233,386.7718505859375,158.81472778320312,398.4516296386719,183.38719177246094,287.00095017580315,False
0000345_07057_d_0000345.jpg,28,0,pedestrian,0.2845689654350281,990.6351318359375,246.73106384277344,1004.9883422851562,278.31573486328125,453.3414301266894,False
0000345_07057_d_0000345.jpg,31,1,car,0.27179303765296936,538.082275390625,179.05242919921875,606.9476318359375,214.77706909179688,2460.190060082823,False
0000345_07057_d_0000345.jpg,33,1,car,0.2665293216705322,1242.3951416015625,35.730003356933594,1256.2900390625,44.64390182495117,123.85770519031212,False
0000346_07057_d_0000382.jpg,11,1,car,0.7254416942596436,768.1923828125,124.92272186279297,811.8004760742188,158.98654174804688,1485.458234406542,True
0000346_07057_d_0000382.jpg,17,1,car,0.5794841051101685,1227.241943359375,171.24131774902344,1294.3138427734375,203.59219360351562,2169.8346912693232,False
0000346_07057_d_0000382.jpg,23,1,car,0.4739614725112915,178.10609436035156,46.18218994140625,201.48561096191406,63.931026458740234,414.95921801542863,False
0000346_07057_d_0000382.jpg,29,0,pedestrian,0.3711950182914734,772.6801147460938,168.09620666503906,785.10498046875,197.42303466796875,364.3819000078365,False
0000346_07057_d_0000382.jpg,33,1,car,0.2570057213306427,55.72526168823242,51.71245574951172,83.30778503417969,72.327880859375,568.6254443794314,False
0000346_07057_d_0000382.jpg,34,1,car,0.2555522620677948,168.17771911621094,10.628806114196777,181.7749786376953,23.24869728088379,171.59593532633153,False
0000356_01177_d_0000635.jpg,10,1,car,0.740024745464325,9.035326957702637,438.4934387207031,143.0100555419922,514.5831909179688,10194.103898674512,False
0000356_01177_d_0000635.jpg,17,1,car,0.5053812861442566,85.34423828125,188.01507568359375,166.14224243164062,221.82518005371094,2731.7889532218687,True
0000356_01177_d_0000635.jpg,23,1,car,0.3901256322860718,435.005126953125,131.4535369873047,465.4368896484375,162.72286987304688,951.5809180196375,True
0000356_01177_d_0000635.jpg,24,0,pedestrian,0.3702395260334015,899.0636596679688,221.1988983154297,911.8602294921875,254.04495239257812,420.31682444829494,False
0000356_01177_d_0000635.jpg,28,0,pedestrian,0.32567277550697327,599.3577270507812,299.25372314453125,615.1947021484375,339.3006591796875,634.2223287262022,False
0000356_01177_d_0000635.jpg,29,1,car,0.3203129172325134,461.3907165527344,54.10783004760742,479.5165710449219,72.35945129394531,330.8262309576385,True
0000356_01177_d_0000635.jpg,31,0,pedestrian,0.3035351634025574,290.75445556640625,456.9582214355469,312.1071472167969,507.35882568359375,1076.1885615019128,False
0000356_01177_d_0000635.jpg,33,0,pedestrian,0.2835564613342285,455.9361877441406,512.0852661132812,477.25653076171875,553.211181640625,876.8186259549111,False
0000356_01177_d_0000635.jpg,34,0,pedestrian,0.27492526173591614,413.4006042480469,236.1027374267578,427.06121826171875,271.8611755371094,488.482220757287,False
0000356_01177_d_0000635.jpg,35,0,pedestrian,0.27135971188545227,418.3882751464844,242.45040893554688,431.107177734375,273.0545349121094,389.2508970834315,False
0000356_01177_d_0000635.jpg,36,0,pedestrian,0.2582951486110687,1351.209228515625,315.9376525878906,1360.0,354.48101806640625,338.82591816037893,False
0000356_02157_d_0000640.jpg,13,1,car,0.6027472019195557,826.6756591796875,720.67236328125,966.8034057617188,765.0,6211.531844705343,False
0000356_02157_d_0000640.jpg,14,2,van,0.5630579590797424,919.4146118164062,664.3409423828125,1069.561279296875,761.0841064453125,14525.663685500622,False
0000356_02157_d_0000640.jpg,18,1,car,0.45963120460510254,1303.3885498046875,126.545654296875,1355.1253662109375,150.78614807128906,1254.1259760037065,False
0000356_02157_d_0000640.jpg,19,2,van,0.45755526423454285,1240.52490234375,278.21990966796875,1328.5185546875,325.6396179199219,4172.633322164416,False
0000356_02157_d_0000640.jpg,21,0,pedestrian,0.41600263118743896,1343.9114990234375,350.8449401855469,1359.8924560546875,399.4925537109375,777.4354214221239,False
0000356_02157_d_0000640.jpg,24,1,car,0.3578461706638336,0.39310967922210693,73.83350372314453,22.986902236938477,96.32266235351562,508.1153848921813,False
0000356_02157_d_0000640.jpg,26,1,car,0.34292978048324585,1332.0711669921875,154.5747833251953,1359.8912353515625,173.42079162597656,524.2972392290831,False
0000356_02157_d_0000640.jpg,29,1,car,0.27833083271980286,403.6394348144531,102.69778442382812,433.0030822753906,122.96574401855469,595.1412202920765,False
0000356_03529_d_0000647.jpg,7,1,car,0.7189443707466125,28.63269805908203,411.4103088378906,167.67970275878906,483.04931640625,9961.189422040014,True
0000356_03529_d_0000647.jpg,9,1,car,0.7164798378944397,1104.4276123046875,526.722900390625,1178.3460693359375,617.1748657226562,6686.069712787867,False
0000356_03529_d_0000647.jpg,21,1,car,0.5014384984970093,264.32159423828125,291.48333740234375,316.39825439453125,335.9975891113281,2318.15355835855,False
0000356_03529_d_0000647.jpg,25,1,car,0.39090150594711304,977.6724243164062,146.88902282714844,1001.287353515625,161.15658569335938,336.9274869309738,False
0000356_03529_d_0000647.jpg,27,0,pedestrian,0.34701329469680786,1002.197021484375,494.8904113769531,1021.0046997070312,539.3072509765625,835.377626856789,False
0000356_03529_d_0000647.jpg,28,1,car,0.31964170932769775,67.66355895996094,177.5340576171875,105.23893737792969,210.3307647705078,1232.3486821493134,False
0000356_03529_d_0000647.jpg,29,1,car,0.30127793550491333,905.7291870117188,205.40907287597656,964.0717163085938,233.3157501220703,1628.1461348086596,False
0000356_03529_d_0000647.jpg,30,1,car,0.25797149538993835,1041.6434326171875,236.34771728515625,1099.5457763671875,268.5036315917969,1861.9028037786484,False
0000356_04313_d_0000651.jpg,8,1,car,0.7249834537506104,1018.7914428710938,260.109130859375,1082.1453857421875,291.18267822265625,1968.6317444555461,True
0000356_04313_d_0000651.jpg,17,4,bus,0.4593967795372009,0.0,260.6573486328125,43.467220306396484,333.59002685546875,3170.1807918397244,True
0000356_04313_d_0000651.jpg,19,0,pedestrian,0.40909343957901,1152.0244140625,723.6527099609375,1174.89306640625,762.4810180664062,887.951079159975,False
0000356_04313_d_0000651.jpg,20,1,car,0.3647048771381378,114.46214294433594,155.44223022460938,146.34027099609375,181.69337463378906,836.8373429810163,False
0000356_04313_d_0000651.jpg,21,1,car,0.3598625063896179,139.94215393066406,147.8837890625,173.15797424316406,168.7781982421875,694.0249408483505,False
0000356_04313_d_0000651.jpg,23,1,car,0.3268525302410126,112.43445587158203,139.98236083984375,137.00668334960938,161.604248046875,531.2979309554212,False
0000356_04313_d_0000651.jpg,24,1,car,0.318092942237854,135.4290771484375,141.1422576904297,166.6204376220703,163.00746154785156,682.0054553463124,False
0000356_04313_d_0000651.jpg,25,1,car,0.31740811467170715,100.74032592773438,134.43841552734375,131.40122985839844,157.5646514892578,709.0712991061155,False
0000356_04313_d_0000651.jpg,27,1,car,0.3151940405368805,432.00244140625,174.94728088378906,457.51971435546875,198.15554809570312,592.2116891248152,False
0000356_04313_d_0000651.jpg,30,2,van,0.2895154654979706,232.541259765625,254.75421142578125,273.28826904296875,295.7489013671875,1670.411011364311,False
0000356_04313_d_0000651.jpg,31,1,car,0.2894415557384491,146.62530517578125,154.33065795898438,179.46063232421875,176.4020538330078,724.7215041462332,False
0000356_04313_d_0000651.jpg,32,1,car,0.2745532691478729,477.0679931640625,227.7184295654297,522.5509643554688,252.2490692138672,1115.7263764366508,False
0000358_03333_d_0000697.jpg,14,1,car,0.7217066287994385,0.0,615.454345703125,53.19735336303711,693.73095703125,4164.108552883379,False
0000358_03333_d_0000697.jpg,23,3,truck,0.5554495453834534,311.51611328125,314.143310546875,381.73443603515625,357.3397216796875,3033.179538734257,False
0000358_03333_d_0000697.jpg,24,1,car,0.5541626811027527,881.0664672851562,114.20665740966797,893.6952514648438,125.42420196533203,141.66394921950996,False
0000358_03333_d_0000697.jpg,26,1,car,0.4918648898601532,381.80535888671875,385.5096740722656,487.9547424316406,433.0878601074219,5050.395117817447,True
0000358_03333_d_0000697.jpg,27,0,pedestrian,0.4877806603908539,1037.822021484375,303.45489501953125,1048.9454345703125,330.4053649902344,299.7812103442848,False
0000358_03333_d_0000697.jpg,30,1,car,0.41451671719551086,199.69407653808594,358.84844970703125,278.82916259765625,387.887451171875,2298.0038800043985,True
0000358_03333_d_0000697.jpg,33,1,car,0.39234715700149536,571.1858520507812,294.1778564453125,612.325927734375,328.7334899902344,1421.621379332617,False
0000358_03333_d_0000697.jpg,34,1,car,0.3666001260280609,865.178466796875,130.28897094726562,878.1149291992188,143.28030395507812,168.06189101189375,False
0000358_03333_d_0000697.jpg,35,1,car,0.33365002274513245,915.7431640625,141.549560546875,926.9981079101562,154.1544952392578,141.86783216614276,True
0000358_03333_d_0000697.jpg,36,0,pedestrian,0.3311256468296051,732.428466796875,296.73388671875,742.4094848632812,319.9664001464844,231.8841362502426,False
0000358_03333_d_0000697.jpg,37,1,car,0.3276943564414978,864.7431640625,114.89798736572266,875.7081909179688,124.64088439941406,106.83112762449309,False
0000358_03333_d_0000697.jpg,40,1,car,0.29669517278671265,907.664306640625,95.8462905883789,917.3934936523438,104.6846923828125,85.99046394275501,False
0000359_01177_d_0000705.jpg,11,2,van,0.7938766479492188,19.253358840942383,235.556884765625,132.86935424804688,292.5442810058594,6474.679749493313,False
0000359_01177_d_0000705.jpg,21,1,car,0.48695170879364014,628.7832641601562,81.3389892578125,642.24072265625,93.9047622680664,169.10336875682697,False
0000359_01177_d_0000705.jpg,23,1,car,0.48489445447921753,389.4918518066406,171.03965759277344,455.8409729003906,201.17153930664062,1999.2238686159253,False
0000359_01177_d_0000705.jpg,25,1,car,0.4559844732284546,894.5278930664062,307.15966796875,1057.6749267578125,383.8023376464844,12504.02421211265,False
0000359_01177_d_0000705.jpg,27,1,car,0.4208189845085144,0.0,265.19195556640625,46.09616470336914,319.98284912109375,2525.6500535416417,False
0000359_01177_d_0000705.jpg,29,0,pedestrian,0.4079256057739258,1344.25146484375,445.98834228515625,1359.9852294921875,521.6848754882812,1190.9914381206036,False
0000359_01177_d_0000705.jpg,30,1,car,0.40640541911125183,539.3827514648438,97.05126953125,567.5486450195312,115.79625701904297,527.9693222651258,False
0000359_01177_d_0000705.jpg,34,1,car,0.39534562826156616,569.9417114257812,84.96749877929688,589.7759399414062,103.11746978759766,359.9906725306064,False
0000359_01177_d_0000705.jpg,38,1,car,0.3640825152397156,370.25689697265625,143.4086456298828,432.64007568359375,168.77980041503906,1582.7332830652595,False
0000359_01177_d_0000705.jpg,39,1,car,0.3364678919315338,700.295654296875,140.6455841064453,733.314208984375,164.73956298828125,795.54835934937,False
0000359_01177_d_0000705.jpg,40,2,van,0.32938987016677856,391.3320007324219,192.9245147705078,441.9604187011719,235.38682556152344,2149.7996186465025,False
0000359_01177_d_0000705.jpg,41,0,pedestrian,0.32591161131858826,1324.644775390625,442.1315612792969,1358.3408203125,516.7134399414062,2513.114333756268,False
0000359_01177_d_0000705.jpg,43,1,car,0.30037936568260193,379.1600036621094,142.48553466796875,447.3777160644531,164.96044921875,1533.187257092446,False
0000359_01177_d_0000705.jpg,44,1,car,0.29297351837158203,372.4660949707031,146.7150115966797,439.93896484375,171.55918884277344,1676.3079384285957,False
0000359_01177_d_0000705.jpg,46,0,pedestrian,0.2706933319568634,695.8477172851562,167.9431610107422,710.2590942382812,194.71438598632812,385.81021462008357,False
0000359_01177_d_0000705.jpg,47,1,car,0.26726973056793213,1199.589599609375,369.4865417480469,1360.0,483.36175537109375,18266.768611840904,False
0000359_01177_d_0000705.jpg,48,1,car,0.2666100263595581,698.424560546875,139.88796997070312,726.703369140625,161.7152862548828,617.2504993155599,False
0000359_01177_d_0000705.jpg,51,1,car,0.2569883465766907,672.27197265625,91.02118682861328,700.4935913085938,109.73755645751953,528.2062462233007,False
0000359_01177_d_0000705.jpg,52,1,car,0.25377312302589417,648.61767578125,57.18962478637695,657.98046875,68.41218566894531,105.07451412267983,False
0000359_01177_d_0000705.jpg,53,1,car,0.25120091438293457,376.02166748046875,166.4248046875,454.5754089355469,202.04208374023438,2797.870530041866,False
0000359_02549_d_0000709.jpg,13,1,car,0.28904032707214355,594.1764526367188,255.87893676757812,672.7952880859375,379.684326171875,9733.435537302867,False
0000360_00197_d_0000714.jpg,13,1,car,0.6296314001083374,0.0,640.1339111328125,53.40400314331055,765.0,6668.349002356175,False
0000360_00197_d_0000714.jpg,17,1,car,0.4901261031627655,115.76158905029297,453.7542419433594,243.53958129882812,541.1205444335938,11163.490722380346,False
0000360_00197_d_0000714.jpg,21,1,car,0.36353179812431335,668.21484375,18.280168533325195,691.1506958007812,41.72949981689453,537.8303930097027,False
0000360_00197_d_0000714.jpg,23,1,car,0.3369181752204895,0.0,221.28536987304688,19.98136329650879,251.95458984375,612.8128262551618,False
0000360_00197_d_0000714.jpg,25,1,car,0.3083364963531494,468.95458984375,55.69297409057617,503.9124755859375,81.47354888916016,901.2343881768174,False
0000360_00197_d_0000714.jpg,29,0,pedestrian,0.25909340381622314,471.7347717285156,291.2968444824219,490.1748046875,326.3833312988281,646.995973309502,False
0000360_00197_d_0000714.jpg,30,0,pedestrian,0.2577512562274933,715.7276611328125,17.802492141723633,725.2295532226562,39.4773063659668,205.95174582616892,False
0000360_00981_d_0000718.jpg,10,1,car,0.5997521281242371,310.78302001953125,32.996315002441406,336.0989685058594,58.284908294677734,640.2047250779578,True
0000360_00981_d_0000718.jpg,11,1,car,0.5964639782905579,124.71797943115234,57.0894889831543,159.33888244628906,80.0895004272461,796.2811655529367,False
0000360_00981_d_0000718.jpg,14,0,pedestrian,0.5395369529724121,285.28387451171875,215.176513671875,301.508544921875,253.75575256347656,625.9354356909171,False
0000360_00981_d_0000718.jpg,15,1,car,0.3807133138179779,624.15234375,193.88844299316406,693.6620483398438,232.63844299316406,2693.5010528564453,False
0000360_00981_d_0000718.jpg,17,0,pedestrian,0.3039448857307434,252.5738525390625,566.041015625,278.43505859375,610.12548828125,1140.077631175518,False
0000360_00981_d_0000718.jpg,19,1,car,0.28287971019744873,421.77630615234375,81.88765716552734,453.8845520019531,104.56906127929688,728.2600994992536,False
0000360_00981_d_0000718.jpg,20,1,car,0.2771729528903961,212.93199157714844,102.59233856201172,239.68417358398438,131.55482482910156,774.8097039876739,False
0000360_00981_d_0000718.jpg,21,1,car,0.2535161077976227,145.54660034179688,95.36136627197266,203.40911865234375,130.41744995117188,2028.4332837837283,True
0000360_03333_d_0000730.jpg,1,1,car,0.9087803363800049,644.190185546875,137.963623046875,681.1210327148438,174.17355346679688,1337.2634063009173,True
0000360_03333_d_0000730.jpg,3,1,car,0.8315963745117188,667.5689697265625,619.5673217773438,763.7791137695312,763.1293334960938,13812.121826559305,True
0000360_03333_d_0000730.jpg,11,1,car,0.6295750737190247,701.304931640625,57.37166976928711,728.7037353515625,81.94322204589844,673.2311376999132,True
0000360_03333_d_0000730.jpg,12,1,car,0.5732556581497192,458.509033203125,144.54367065429688,503.6324157714844,199.52658081054688,2481.014889702201,True
0000360_03333_d_0000730.jpg,16,1,car,0.4976544678211212,401.57427978515625,488.1016540527344,469.3414001464844,597.4207153320312,7408.237983501516,True
0000360_03333_d_0000730.jpg,20,1,car,0.4522905647754669,689.0175170898438,25.07383918762207,712.5223388671875,46.65336608886719,507.2229338531615,True
0000360_03333_d_0000730.jpg,22,1,car,0.41111260652542114,674.645751953125,6.4405694007873535,699.5450439453125,24.793554306030273,456.9763300838531,True
0000360_03333_d_0000730.jpg,23,1,car,0.3896467387676239,1193.3975830078125,158.94032287597656,1259.62158203125,200.93093872070312,2780.786502694711,False
0000360_03333_d_0000730.jpg,25,0,pedestrian,0.34128203988075256,785.014404296875,336.34332275390625,803.2947998046875,380.0489196777344,798.9555976726115,False
0000360_03333_d_0000730.jpg,26,2,van,0.31609198451042175,667.5762329101562,391.4534606933594,747.2080688476562,494.2052917480469,8182.316952824593,False
0000360_03333_d_0000730.jpg,27,1,car,0.30080538988113403,511.5892639160156,68.68791198730469,540.8253784179688,96.34461212158203,808.5744518719148,False
0000360_03333_d_0000730.jpg,28,1,car,0.2929133474826813,1345.8797607421875,186.31297302246094,1359.9456787109375,215.1414794921875,405.4994071647525,False
0000360_03333_d_0000730.jpg,29,1,car,0.2815592288970947,473.67694091796875,73.46634674072266,503.87310791015625,96.90452575683594,707.7431675633416,False
0000360_03333_d_0000730.jpg,32,1,car,0.25315409898757935,663.934814453125,1.7304980754852295,687.5040893554688,19.690105438232422,423.2949230707454,True
0000360_04705_d_0000737.jpg,2,2,van,0.26849380135536194,0.08601522445678711,3.2939186096191406,96.2576904296875,110.1649169921875,10277.962945307101,False
0000360_06665_d_0000747.jpg,4,0,pedestrian,0.780099630355835,747.2022094726562,406.4339294433594,776.727294921875,481.2684020996094,2209.4941997230053,False
0000360_06665_d_0000747.jpg,9,1,car,0.704048216342926,535.8327026367188,144.88601684570312,583.2025756835938,206.318603515625,2910.0538314953446,True
0000360_06665_d_0000747.jpg,13,0,pedestrian,0.6706564426422119,223.4585723876953,260.6054382324219,255.31759643554688,302.5120544433594,1335.103893628344,False
0000360_06665_d_0000747.jpg,16,0,pedestrian,0.5853908658027649,259.066162109375,714.2694091796875,308.36993408203125,765.0,2501.209481842816,False
0000360_06665_d_0000747.jpg,17,2,van,0.5421756505966187,815.3903198242188,134.27755737304688,894.0519409179688,177.46629333496094,3397.2959837540984,True
0000360_06665_d_0000747.jpg,20,1,car,0.44101735949516296,719.5639038085938,0.13297462463378906,752.1311645507812,13.265134811401367,427.6784849106334,True
0000360_06665_d_0000747.jpg,21,1,car,0.429766982793808,543.9282836914062,108.4682846069336,588.5796508789062,157.8122100830078,2203.2737349048257,True
0000360_06665_d_0000747.jpg,22,1,car,0.41198354959487915,500.16925048828125,0.5984344482421875,547.6072998046875,14.95518684387207,681.056328167324,False
0000360_06665_d_0000747.jpg,23,1,car,0.34444907307624817,791.8477783203125,99.5802230834961,857.9822387695312,126.93482971191406,1809.0821501710452,False
0000364_00589_d_0000798.jpg,1,0,pedestrian,0.5212540626525879,526.2144775390625,359.7847900390625,544.1085205078125,404.3507080078125,797.4644510746002,False
0000364_00589_d_0000798.jpg,4,0,pedestrian,0.28691065311431885,469.40435791015625,161.60089111328125,475.58734130859375,178.300048828125,103.2506149187684,False
0000364_00589_d_0000798.jpg,5,0,pedestrian,0.2545738220214844,485.93255615234375,180.69859313964844,492.3069152832031,198.07113647460938,110.73883023345843,False
0000364_01765_d_0000782.jpg,0,1,car,0.6474964618682861,408.11260986328125,148.17340087890625,434.3663024902344,160.86160278320312,333.11215278413147,False
0000364_01765_d_0000782.jpg,2,1,car,0.5272419452667236,535.3219604492188,146.56292724609375,566.0060424804688,158.38116455078125,362.63176292181015,False
0000364_01765_d_0000782.jpg,7,0,pedestrian,0.3307861387729645,423.8183898925781,280.2217712402344,434.7642517089844,311.13897705078125,338.4154625516385,False
0000364_01765_d_0000782.jpg,8,1,car,0.2625034749507904,298.0518493652344,138.14910888671875,314.5051574707031,149.12869262695312,180.65047414787114,False
0000364_01765_d_0000782.jpg,9,0,pedestrian,0.259251207113266,488.3599548339844,164.5552978515625,494.1763000488281,177.89703369140625,77.60014140978456,False
0000364_01765_d_0000782.jpg,10,0,pedestrian,0.2554144859313965,587.8143310546875,321.68438720703125,600.2500610351562,357.2344970703125,442.09156703576446,False
