image_name,true_index,class_id,class_name,source_category,source_line,x1,y1,x2,y2,area_px2,size,occlusion,occlusion_name,truncation,truncation_name,matched,matched_pred_index,matched_confidence,matched_iou
0000001_02999_d_0000005.jpg,0,1,car,4,1,871.0,571.9999999999999,925.0,664.0,4968.000000000006,medium,0,none,0,not_truncated,True,3,0.8799266219139099,0.9318652749061584
0000001_02999_d_0000005.jpg,1,1,car,4,2,947.9999999999999,592.0,1009.9999999999999,684.0000000000001,5704.000000000007,medium,0,none,0,not_truncated,True,1,0.9200465083122253,0.956393837928772
0000001_02999_d_0000005.jpg,2,1,car,4,3,874.0,705.0,941.0,815.0,7370.0,medium,1,partial,0,not_truncated,True,2,0.901399552822113,0.8443284630775452
0000001_02999_d_0000005.jpg,3,0,pedestrian,1,7,447.0,1054.0,473.99999999999994,1080.0,701.9999999999985,small,0,none,1,truncated,False,,,
0000001_02999_d_0000005.jpg,4,0,pedestrian,1,8,430.0,902.0000000000001,457.0,951.0,1322.9999999999968,medium,1,partial,0,not_truncated,False,,,
0000001_02999_d_0000005.jpg,5,0,pedestrian,1,38,580.0,451.00000000000006,597.0000000000001,488.0,629.0000000000032,small,1,partial,0,not_truncated,False,,,
0000001_02999_d_0000005.jpg,6,1,car,4,50,608.0,362.0,706.0,411.00000000000006,4802.0000000000055,medium,1,partial,0,not_truncated,True,0,0.924675703048706,0.955816924571991
0000001_02999_d_0000005.jpg,7,0,pedestrian,1,52,618.0,215.0,629.0,245.0,330.0,small,0,none,0,not_truncated,False,,,
0000001_02999_d_0000005.jpg,8,0,pedestrian,1,53,634.9999999999999,213.00000000000003,649.0,244.0,434.0000000000031,small,1,partial,0,not_truncated,False,,,
0000001_02999_d_0000005.jpg,9,1,car,4,58,579.0,73.99999999999999,614.0,104.0,1050.0000000000005,medium,2,heavy,0,not_truncated,False,,,
0000001_02999_d_0000005.jpg,10,0,pedestrian,1,63,826.0,5.999999999999999,831.0,23.999999999999996,89.99999999999999,small,1,partial,0,not_truncated,False,,,
0000001_02999_d_0000005.jpg,11,1,car,4,64,803.0000000000001,21.0,831.0,52.0,867.9999999999965,small,1,partial,0,not_truncated,True,10,0.2546972930431366,0.6535760760307312
0000001_02999_d_0000005.jpg,12,1,car,4,65,799.9999999999999,48.99999999999999,825.0,74.0,625.0000000000031,small,1,partial,0,not_truncated,False,,,
0000001_02999_d_0000005.jpg,13,1,car,4,66,801.0000000000001,71.00000000000001,829.0,105.0,951.9999999999958,small,1,partial,0,not_truncated,False,,,
0000001_02999_d_0000005.jpg,14,3,truck,6,76,701.0,344.0,802.0,405.99999999999994,6261.9999999999945,medium,1,partial,0,not_truncated,False,,,
0000001_02999_d_0000005.jpg,15,1,car,4,77,752.0,324.0,826.0,376.0,3848.0,medium,1,partial,0,not_truncated,True,4,0.838869035243988,0.8995424509048462
0000001_02999_d_0000005.jpg,16,1,car,4,78,769.0,289.99999999999994,806.0,331.0,1517.000000000002,medium,1,partial,0,not_truncated,True,7,0.4526701867580414,0.7083879113197327
0000001_02999_d_0000005.jpg,17,2,van,5,79,784.0,228.0,822.0,289.0,2318.0,medium,0,none,0,not_truncated,False,,,
0000001_02999_d_0000005.jpg,18,1,car,4,80,785.0,182.0,808.0,219.0,851.0,small,0,none,0,not_truncated,True,9,0.393204003572464,0.7459014654159546
0000001_02999_d_0000005.jpg,19,2,van,5,81,617.9999999999999,278.99999999999994,741.0,350.0,8733.000000000015,medium,1,partial,0,not_truncated,False,,,
0000001_02999_d_0000005.jpg,20,1,car,4,82,681.9999999999999,258.0,718.0,307.99999999999994,1800.0000000000036,medium,1,partial,0,not_truncated,False,,,
0000001_02999_d_0000005.jpg,21,0,pedestrian,1,103,686.0,91.0,696.0000000000001,117.0,260.00000000000296,small,1,partial,0,not_truncated,False,,,
0000001_02999_d_0000005.jpg,22,1,car,4,107,696.0,113.99999999999999,766.0,146.0,2240.000000000001,medium,1,partial,0,not_truncated,False,,,
0000001_02999_d_0000005.jpg,23,1,car,4,108,690.0,135.0,765.0,164.0,2175.0,medium,1,partial,0,not_truncated,False,,,
0000001_02999_d_0000005.jpg,24,0,pedestrian,1,109,721.0,95.0,730.0,119.0,216.0,small,1,partial,0,not_truncated,False,,,
0000001_02999_d_0000005.jpg,25,0,pedestrian,1,110,714.0,87.99999999999999,725.0,116.0,308.00000000000017,small,2,heavy,0,not_truncated,False,,,
0000001_05249_d_0000009.jpg,0,1,car,4,1,701.0,965.9999999999999,863.9999999999999,1080.0,18582.000000000007,large,0,none,0,not_truncated,True,0,0.9240785837173462,0.9345145225524902
0000001_05249_d_0000009.jpg,1,1,car,4,2,844.0,556.0,922.0,634.0,6084.0,medium,0,none,0,not_truncated,True,2,0.8959811329841614,0.866361141204834
0000001_05249_d_0000009.jpg,2,1,car,4,3,794.0,510.99999999999994,876.0,593.0,6724.000000000005,medium,0,none,0,not_truncated,False,,,
0000001_05249_d_0000009.jpg,3,1,car,4,4,740.0,501.0,812.0,580.0000000000001,5688.000000000008,medium,0,none,0,not_truncated,True,3,0.8849911689758301,0.855637788772583
0000001_05249_d_0000009.jpg,4,1,car,4,5,672.0,495.00000000000006,735.0,573.0,4913.999999999996,medium,0,none,0,not_truncated,True,13,0.8202386498451233,0.9091288447380066
0000001_05249_d_0000009.jpg,5,1,car,4,6,771.0,404.0,837.0000000000001,475.0,4686.000000000008,medium,0,none,0,not_truncated,True,1,0.8982391953468323,0.8552175164222717
0000001_05249_d_0000009.jpg,6,1,car,4,7,865.0000000000001,274.0,923.0,324.0,2899.9999999999945,medium,0,none,0,not_truncated,True,7,0.8712542057037354,0.9143218994140625
0000001_05249_d_0000009.jpg,7,1,car,4,8,782.0,263.0,842.0,313.0,3000.0,medium,0,none,0,not_truncated,True,4,0.8758958578109741,0.9024730324745178
0000001_05249_d_0000009.jpg,8,1,car,4,9,700.0,290.00000000000006,762.0000000000001,351.0,3782.000000000003,medium,0,none,0,not_truncated,True,5,0.8734026551246643,0.9124203324317932
0000001_05249_d_0000009.jpg,9,1,car,4,10,652.0,284.0,712.0,334.0,3000.0,medium,0,none,0,not_truncated,True,17,0.7645021677017212,0.8479721546173096
0000001_05249_d_0000009.jpg,10,1,car,4,11,606.0,267.00000000000006,662.9999999999999,313.00000000000006,2621.9999999999945,medium,0,none,0,not_truncated,True,31,0.6428641080856323,0.8704729676246643
0000001_05249_d_0000009.jpg,11,1,car,4,12,540.0,261.0,616.0,318.0,4332.0,medium,1,partial,0,not_truncated,True,67,0.34978124499320984,0.6303150057792664
0000001_05249_d_0000009.jpg,12,1,car,4,13,733.0,247.99999999999997,797.0,306.99999999999994,3775.999999999998,medium,1,partial,0,not_truncated,True,20,0.7078355550765991,0.6550498604774475
0000001_05249_d_0000009.jpg,13,1,car,4,14,692.0000000000001,236.0,750.0,290.00000000000006,3131.9999999999973,medium,0,none,0,not_truncated,True,24,0.6907377243041992,0.9281327724456787
0000001_05249_d_0000009.jpg,14,1,car,4,15,647.0,222.0,707.0,275.0,3180.0,medium,1,partial,0,not_truncated,True,42,0.524371325969696,0.761467695236206
0000001_05249_d_0000009.jpg,15,1,car,4,16,606.0,228.0,666.9999999999999,274.0,2805.9999999999945,medium,1,partial,0,not_truncated,True,39,0.5294871926307678,0.8157926201820374
0000001_05249_d_0000009.jpg,16,1,car,4,17,558.0,217.0,626.0,267.0,3400.0,medium,1,partial,0,not_truncated,False,,,
0000001_05249_d_0000009.jpg,17,1,car,4,18,509.00000000000006,206.00000000000003,573.0,259.0,3391.999999999995,medium,0,none,0,not_truncated,True,18,0.763212263584137,0.7258880138397217
0000001_05249_d_0000009.jpg,18,1,car,4,19,498.00000000000006,259.0,558.0,306.0,2819.9999999999973,medium,1,partial,0,not_truncated,True,84,0.2606368064880371,0.7379709482192993
0000001_05249_d_0000009.jpg,19,1,car,4,20,444.99999999999994,249.00000000000003,520.0,299.0,3750.000000000001,medium,1,partial,0,not_truncated,True,52,0.4335118532180786,0.698972761631012
0000001_05249_d_0000009.jpg,20,1,car,4,21,410.0,229.0,482.99999999999994,288.0,4306.999999999996,medium,1,partial,0,not_truncated,True,19,0.7554996609687805,0.7315973043441772
0000001_05249_d_0000009.jpg,21,1,car,4,22,1144.0,228.0,1190.0,275.0,2162.0,medium,0,none,0,not_truncated,True,21,0.7069486975669861,0.8765480518341064
0000001_05249_d_0000009.jpg,22,1,car,4,23,1107.0,224.00000000000003,1142.0,266.0,1469.999999999999,medium,0,none,0,not_truncated,True,38,0.5326991677284241,0.726652979850769
0000001_05249_d_0000009.jpg,23,1,car,4,24,1067.0,212.0,1108.0,251.0,1599.0,medium,0,none,0,not_truncated,True,12,0.8252338171005249,0.8080326914787292
0000001_05249_d_0000009.jpg,24,1,car,4,25,1009.0,210.0,1062.0,250.0,2120.0,medium,0,none,0,not_truncated,True,36,0.5854915380477905,0.7740441560745239
0000001_05249_d_0000009.jpg,25,1,car,4,26,946.0,206.00000000000003,998.0,248.0,2183.9999999999986,medium,0,none,0,not_truncated,True,6,0.8732697367668152,0.7998525500297546
0000001_05249_d_0000009.jpg,26,1,car,4,27,898.0,191.0,953.0000000000001,240.00000000000003,2695.0000000000073,medium,0,none,0,not_truncated,True,16,0.8044189810752869,0.9158393144607544
0000001_05249_d_0000009.jpg,27,1,car,4,28,851.0,187.99999999999997,900.0,230.0,2058.0000000000014,medium,0,none,0,not_truncated,True,15,0.8084512948989868,0.7973705530166626
0000001_05249_d_0000009.jpg,28,1,car,4,29,801.0,173.0,854.0,215.99999999999997,2278.9999999999986,medium,0,none,0,not_truncated,True,30,0.6448057293891907,0.9054038524627686
0000001_05249_d_0000009.jpg,29,1,car,4,30,757.0,162.99999999999997,814.9999999999999,204.0,2377.999999999997,medium,0,none,0,not_truncated,True,22,0.7031363844871521,0.8604812026023865
0000001_05249_d_0000009.jpg,30,1,car,4,31,682.0,151.0,746.0,199.0,3072.0,medium,0,none,0,not_truncated,True,11,0.8457351922988892,0.8855466246604919
0000001_05249_d_0000009.jpg,31,1,car,4,32,600.0,138.0,664.0,184.99999999999997,3007.999999999998,medium,0,none,0,not_truncated,True,14,0.8105376958847046,0.8382573127746582
0000001_05249_d_0000009.jpg,32,1,car,4,33,1026.0,148.0,1066.0,181.0,1320.0,medium,0,none,0,not_truncated,True,8,0.8664386868476868,0.8584060072898865
0000001_05249_d_0000009.jpg,33,1,car,4,34,984.0000000000001,141.0,1032.0,178.00000000000003,1775.999999999997,medium,0,none,0,not_truncated,True,9,0.8601458072662354,0.8905805945396423
0000001_05249_d_0000009.jpg,34,1,car,4,35,839.0,115.0,889.0,144.99999999999997,1499.9999999999986,medium,0,none,0,not_truncated,True,54,0.42825278639793396,0.8950280547142029
0000001_05249_d_0000009.jpg,35,1,car,4,36,1129.0,159.0,1172.0,193.00000000000003,1462.0000000000011,medium,0,none,0,not_truncated,True,34,0.5984371304512024,0.824949324131012
0000001_05249_d_0000009.jpg,36,1,car,4,37,1191.0,134.0,1229.0,166.0,1216.0,medium,0,none,0,not_truncated,True,62,0.37599891424179077,0.7719223499298096
0000001_05249_d_0000009.jpg,37,1,car,4,38,1104.0000000000002,116.00000000000001,1151.0,159.0,2020.9999999999895,medium,0,none,0,not_truncated,True,26,0.6818810701370239,0.7923610806465149
0000001_05249_d_0000009.jpg,38,1,car,4,39,1148.0000000000002,124.00000000000001,1189.0,169.00000000000003,1844.9999999999905,medium,1,partial,0,not_truncated,True,40,0.527370035648346,0.6832730770111084
0000001_05249_d_0000009.jpg,39,1,car,4,40,896.0,120.00000000000003,945.0,159.0,1910.9999999999986,medium,1,partial,0,not_truncated,True,73,0.30312812328338623,0.5171717405319214
0000001_05249_d_0000009.jpg,40,1,car,4,41,710.0,94.0,756.0,136.00000000000003,1932.0000000000014,medium,1,partial,0,not_truncated,True,28,0.649071455001831,0.8085117340087891
0000001_05249_d_0000009.jpg,41,1,car,4,42,501.0,124.0,557.9999999999999,167.0,2450.999999999995,medium,1,partial,0,not_truncated,True,33,0.6004534363746643,0.8180336356163025
0000001_05249_d_0000009.jpg,42,1,car,4,43,55.99999999999999,340.0,163.0,393.0,5671.0,medium,1,partial,0,not_truncated,True,29,0.6469187140464783,0.8059684038162231
0000001_05249_d_0000009.jpg,43,1,car,4,44,197.0,285.0,264.0,331.00000000000006,3082.0000000000036,medium,1,partial,0,not_truncated,False,,,
0000001_05249_d_0000009.jpg,44,1,car,4,45,338.0,203.0,403.0,250.0,3055.0,medium,2,heavy,0,not_truncated,False,,,
0000001_05249_d_0000009.jpg,45,1,car,4,46,662.0,47.00000000000001,707.9999999999999,82.0,1609.9999999999957,medium,2,heavy,0,not_truncated,True,82,0.2662540674209595,0.5224460959434509
0000001_05249_d_0000009.jpg,46,1,car,4,47,771.9999999999999,60.0,819.0,97.99999999999999,1786.0000000000036,medium,2,heavy,0,not_truncated,False,,,
0000001_05249_d_0000009.jpg,47,1,car,4,48,826.0,65.0,869.0,106.0,1763.0,medium,2,heavy,0,not_truncated,False,,,
0000001_05249_d_0000009.jpg,48,1,car,4,49,853.0,73.0,902.0,112.00000000000001,1911.0000000000007,medium,2,heavy,0,not_truncated,False,,,
0000001_05249_d_0000009.jpg,49,1,car,4,50,897.0,84.99999999999999,942.0,126.0,1845.0000000000007,medium,0,none,0,not_truncated,True,74,0.2969723045825958,0.753864586353302
0000001_05249_d_0000009.jpg,50,1,car,4,51,941.0000000000001,80.0,983.0000000000002,117.99999999999999,1596.0000000000036,medium,2,heavy,0,not_truncated,False,,,
0000001_05249_d_0000009.jpg,51,1,car,4,52,1063.9999999999998,106.99999999999999,1107.0,144.0,1591.000000000009,medium,2,heavy,0,not_truncated,False,,,
0000001_05249_d_0000009.jpg,52,1,car,4,53,1021.0000000000001,97.0,1062.0,138.0,1680.9999999999955,medium,2,heavy,0,not_truncated,False,,,
0000001_05249_d_0000009.jpg,53,1,car,4,54,1188.0,78.00000000000001,1228.0,107.0,1159.9999999999995,medium,0,none,0,not_truncated,True,53,0.42905548214912415,0.7689800262451172
0000001_05249_d_0000009.jpg,54,1,car,4,55,1146.0,69.00000000000001,1184.0,105.0,1367.9999999999995,medium,0,none,0,not_truncated,True,65,0.3520266115665436,0.7234965562820435
0000001_05249_d_0000009.jpg,55,1,car,4,56,1115.9999999999998,56.99999999999999,1150.0,94.0,1258.0000000000086,medium,0,none,0,not_truncated,True,27,0.6618790030479431,0.9491031765937805
0000001_05249_d_0000009.jpg,56,1,car,4,57,1156.0,41.0,1214.0,75.0,1972.0,medium,1,partial,0,not_truncated,True,43,0.5124766826629639,0.6468350291252136
0000001_05249_d_0000009.jpg,57,1,car,4,58,1225.0,54.0,1285.0,87.0,1980.0,medium,1,partial,0,not_truncated,True,50,0.4498962461948395,0.5386411547660828
0000001_05249_d_0000009.jpg,58,2,van,5,59,1073.0,52.0,1119.0,90.0,1748.0,medium,1,partial,0,not_truncated,False,,,
0000001_05249_d_0000009.jpg,59,1,car,4,60,1044.0,47.99999999999999,1073.0,84.0,1044.0000000000002,medium,1,partial,0,not_truncated,True,49,0.46087929606437683,0.768665611743927
0000001_05249_d_0000009.jpg,60,1,car,4,61,995.0000000000001,43.99999999999999,1035.0,75.99999999999999,1279.9999999999961,medium,1,partial,0,not_truncated,True,48,0.48163676261901855,0.7970644235610962
0000001_05249_d_0000009.jpg,61,1,car,4,62,953.0000000000001,41.0,994.0,73.0,1311.9999999999964,medium,1,partial,0,not_truncated,True,68,0.34628310799598694,0.7835904359817505
0000001_05249_d_0000009.jpg,62,1,car,4,63,919.0,36.0,963.0,66.0,1320.0,medium,1,partial,0,not_truncated,False,,,
0000001_05249_d_0000009.jpg,63,1,car,4,64,892.0,26.000000000000004,933.0,61.0,1435.0,medium,1,partial,0,not_truncated,False,,,
0000001_05249_d_0000009.jpg,64,1,car,4,65,858.0,25.0,897.0,55.0,1170.0,medium,1,partial,0,not_truncated,True,59,0.3989954888820648,0.7653468251228333
0000001_05249_d_0000009.jpg,65,1,car,4,66,831.0,22.0,863.0000000000001,54.0,1024.0000000000036,medium,1,partial,0,not_truncated,True,64,0.3619456887245178,0.6235414743423462
0000001_05249_d_0000009.jpg,66,1,car,4,67,750.0,10.0,788.9999999999999,41.0,1208.9999999999964,medium,1,partial,0,not_truncated,True,78,0.2767355740070343,0.6090230345726013
0000001_05249_d_0000009.jpg,67,1,car,4,68,838.0,9.000000000000002,895.9999999999999,40.0,1797.9999999999964,medium,2,heavy,0,not_truncated,False,,,
0000001_05249_d_0000009.jpg,68,1,car,4,69,784.9999999999999,15.999999999999998,829.0,45.0,1276.0000000000032,medium,1,partial,0,not_truncated,True,70,0.3325195908546448,0.6624330878257751
0000001_05249_d_0000009.jpg,69,1,car,4,70,667.0,92.0,721.0,129.0,1998.0,medium,1,partial,0,not_truncated,True,46,0.4962402582168579,0.6341816782951355
0000001_05249_d_0000009.jpg,70,1,car,4,71,463.0,335.0,538.0,398.99999999999994,4799.999999999995,medium,1,partial,0,not_truncated,True,10,0.8548822999000549,0.8188264966011047
0000001_05249_d_0000009.jpg,71,1,car,4,72,530.0,353.0,602.0,416.0,4536.0,medium,1,partial,0,not_truncated,True,32,0.6149476766586304,0.750321090221405
0000001_05249_d_0000009.jpg,72,1,car,4,73,281.0,316.0,373.0,376.0,5520.0,medium,2,heavy,0,not_truncated,False,,,
0000001_05249_d_0000009.jpg,73,1,car,4,90,788.0000000000001,102.0,834.0,142.0,1839.9999999999955,medium,1,partial,0,not_truncated,True,51,0.4464327096939087,0.8641141653060913
0000001_05249_d_0000009.jpg,74,1,car,4,91,740.0,99.00000000000001,792.0000000000001,140.0,2132.000000000004,medium,1,partial,0,not_truncated,True,71,0.32418757677078247,0.702532947063446
0000001_05249_d_0000009.jpg,75,0,pedestrian,1,92,719.0,191.0,731.0,221.0,360.0,small,0,none,0,not_truncated,False,,,
0000001_05249_d_0000009.jpg,76,1,car,4,94,914.0,274.0,967.0,332.99999999999994,3126.999999999997,medium,2,heavy,0,not_truncated,True,35,0.5948593020439148,0.7674387693405151
0000001_05249_d_0000009.jpg,77,1,car,4,95,1022.0000000000001,264.0,1097.0,310.0,3449.9999999999945,medium,2,heavy,0,not_truncated,False,,,
0000001_05249_d_0000009.jpg,78,0,pedestrian,1,98,844.9999999999999,658.0,862.0,693.0,595.000000000004,small,1,partial,0,not_truncated,False,,,
0000001_05249_d_0000009.jpg,79,0,pedestrian,1,99,840.0,674.0,850.0000000000001,699.0,250.00000000000284,small,1,partial,0,not_truncated,False,,,
0000001_05249_d_0000009.jpg,80,0,pedestrian,1,100,1164.0,281.0,1177.0,314.0,429.0,small,1,partial,0,not_truncated,False,,,
0000001_05249_d_0000009.jpg,81,0,pedestrian,1,101,1006.0000000000001,980.0,1024.0,1030.0,899.9999999999943,small,0,none,0,not_truncated,True,44,0.5109407305717468,0.7223812937736511
0000001_05249_d_0000009.jpg,82,0,pedestrian,1,102,1255.0,986.0,1280.0,1024.0,950.0,small,1,partial,0,not_truncated,False,,,
0000001_05249_d_0000009.jpg,83,0,pedestrian,1,105,1373.0000000000002,848.0,1399.0,895.0,1221.9999999999893,medium,2,heavy,0,not_truncated,False,,,
0000001_05249_d_0000009.jpg,84,0,pedestrian,1,106,1359.0,831.0,1374.0,875.0,660.0,small,2,heavy,0,not_truncated,False,,,
0000021_00000_d_0000001.jpg,0,0,pedestrian,1,1,707.0,177.0,711.9999999999999,188.0,54.99999999999875,small,0,none,0,not_truncated,False,,,
0000021_00000_d_0000001.jpg,1,0,pedestrian,1,2,683.0,179.0,687.0,191.99999999999997,51.999999999999886,small,0,none,0,not_truncated,False,,,
0000021_00000_d_0000001.jpg,2,0,pedestrian,1,3,679.0,179.0,683.9999999999999,193.0,69.99999999999841,small,0,none,0,not_truncated,False,,,
0000021_00000_d_0000001.jpg,3,0,pedestrian,1,12,504.0,272.0,519.0,335.0,945.0,small,0,none,0,not_truncated,True,2,0.44999611377716064,0.8274784684181213
0000021_00000_d_0000001.jpg,4,0,pedestrian,1,13,482.0,265.0,501.0,331.0,1254.0,medium,0,none,0,not_truncated,True,1,0.5344473123550415,0.7783908247947693
0000021_00000_d_0000001.jpg,5,0,pedestrian,1,18,745.0,422.0,807.0000000000001,540.0,7316.000000000014,medium,0,none,1,truncated,True,0,0.7798168659210205,0.9134899377822876
0000021_00000_d_0000001.jpg,6,0,pedestrian,1,26,811.0,200.0,816.0,212.0,60.0,small,1,partial,0,not_truncated,False,,,
0000021_00000_d_0000001.jpg,7,0,pedestrian,1,27,803.0,195.99999999999997,809.0,208.0,72.00000000000017,small,1,partial,0,not_truncated,False,,,
0000021_00000_d_0000001.jpg,8,0,pedestrian,1,28,808.0,197.0,812.9999999999999,209.00000000000003,59.99999999999878,small,1,partial,0,not_truncated,True,3,0.32797959446907043,0.5178329944610596
0000022_00500_d_0000005.jpg,0,0,pedestrian,1,1,385.0,394.0,426.00000000000006,510.99999999999994,4797.000000000005,medium,0,none,0,not_truncated,True,0,0.8315427303314209,0.9162296652793884
0000022_00500_d_0000005.jpg,1,0,pedestrian,1,2,468.00000000000006,199.0,482.0,244.00000000000003,629.9999999999978,small,0,none,0,not_truncated,True,14,0.31764358282089233,0.836893618106842
0000022_00500_d_0000005.jpg,2,0,pedestrian,1,3,471.0,143.0,482.0,175.0,352.0,small,0,none,0,not_truncated,True,1,0.701958417892456,0.7842212319374084
0000022_00500_d_0000005.jpg,3,0,pedestrian,1,4,500.00000000000006,287.00000000000006,520.0,351.0,1279.9999999999952,medium,0,none,0,not_truncated,True,3,0.6108952164649963,0.7701377272605896
0000022_00500_d_0000005.jpg,4,0,pedestrian,1,5,505.00000000000006,164.99999999999997,514.0,210.0,404.99999999999767,small,0,none,0,not_truncated,False,,,
0000022_00500_d_0000005.jpg,5,0,pedestrian,1,6,485.00000000000006,142.0,496.00000000000006,176.0,374.0,small,0,none,0,not_truncated,False,,,
0000022_00500_d_0000005.jpg,6,0,pedestrian,1,7,710.0,144.99999999999997,718.0,168.0,184.00000000000023,small,1,partial,0,not_truncated,False,,,
0000022_00500_d_0000005.jpg,7,0,pedestrian,1,8,677.9999999999999,134.0,684.0,155.0,126.00000000000239,small,1,partial,0,not_truncated,False,,,
0000022_00500_d_0000005.jpg,8,0,pedestrian,1,9,675.0,136.00000000000003,681.0000000000001,154.0,108.00000000000188,small,1,partial,0,not_truncated,False,,,
0000022_00500_d_0000005.jpg,9,0,pedestrian,1,11,561.0,103.0,564.0,120.00000000000001,51.00000000000004,small,1,partial,0,not_truncated,False,,,
0000022_00500_d_0000005.jpg,10,0,pedestrian,1,12,561.9999999999999,101.0,568.0,118.99999999999999,108.00000000000196,small,1,partial,0,not_truncated,False,,,
0000022_00500_d_0000005.jpg,11,0,pedestrian,1,13,500.00000000000006,141.0,508.99999999999994,173.0,287.99999999999636,small,1,partial,0,not_truncated,True,10,0.40447747707366943,0.6917477250099182
0000022_00500_d_0000005.jpg,12,0,pedestrian,1,14,511.00000000000006,146.0,520.0,178.0,287.9999999999982,small,1,partial,0,not_truncated,False,,,
0000022_00500_d_0000005.jpg,13,0,pedestrian,1,15,518.9999999999999,143.0,529.0,176.0,330.00000000000375,small,1,partial,0,not_truncated,True,11,0.38730430603027344,0.7107366919517517
0000022_00500_d_0000005.jpg,14,0,pedestrian,1,16,482.0,195.0,497.0,242.0,705.0,small,1,partial,0,not_truncated,True,8,0.4933227002620697,0.8268030285835266
0000022_00500_d_0000005.jpg,15,0,pedestrian,1,17,516.0,311.0,539.0,355.0,1012.0,small,1,partial,0,not_truncated,True,5,0.5794674754142761,0.7709094285964966
0000022_00500_d_0000005.jpg,16,0,pedestrian,1,18,556.0,278.99999999999994,580.0,341.0,1488.0000000000014,medium,1,partial,0,not_truncated,True,4,0.5976946949958801,0.8334897756576538
0000023_00300_d_0000009.jpg,0,0,pedestrian,1,14,559.0,193.0,576.0000000000001,231.00000000000003,646.0000000000048,small,0,none,0,not_truncated,True,0,0.6050387620925903,0.6530645489692688
0000023_00300_d_0000009.jpg,1,0,pedestrian,1,15,576.0,186.0,593.0000000000001,224.00000000000003,646.0000000000048,small,0,none,0,not_truncated,True,10,0.33896198868751526,0.782724142074585
0000023_00300_d_0000009.jpg,2,0,pedestrian,1,16,571.0,204.00000000000003,583.0,232.0,335.99999999999966,small,0,none,0,not_truncated,False,,,
0000023_00300_d_0000009.jpg,3,0,pedestrian,1,17,560.0,151.0,569.0,182.99999999999997,287.9999999999998,small,0,none,0,not_truncated,True,5,0.39300402998924255,0.7361850738525391
0000023_00300_d_0000009.jpg,4,0,pedestrian,1,18,568.0,150.0,580.0,180.99999999999997,371.99999999999966,small,0,none,0,not_truncated,True,1,0.5111702084541321,0.6042343974113464
0000023_00300_d_0000009.jpg,5,0,pedestrian,1,19,590.0,142.0,601.0,173.00000000000003,341.00000000000034,small,0,none,0,not_truncated,True,7,0.3884202241897583,0.6149414777755737
0000023_00300_d_0000009.jpg,6,0,pedestrian,1,20,601.0,144.99999999999997,613.0,176.0,372.00000000000034,small,2,heavy,0,not_truncated,False,,,
0000023_00300_d_0000009.jpg,7,0,pedestrian,1,21,574.0,141.0,586.0,169.0,336.0,small,1,partial,0,not_truncated,False,,,
0000023_00300_d_0000009.jpg,8,0,pedestrian,1,22,597.0000000000001,129.0,609.0,153.0,287.99999999999727,small,2,heavy,0,not_truncated,False,,,
0000023_00300_d_0000009.jpg,9,0,pedestrian,1,23,605.0,129.0,617.0,153.0,288.0,small,2,heavy,0,not_truncated,False,,,
0000023_00300_d_0000009.jpg,10,0,pedestrian,1,25,644.0,91.0,653.0,104.0,117.0,small,0,none,0,not_truncated,False,,,
0000023_00300_d_0000009.jpg,11,0,pedestrian,1,26,722.0,114.0,732.0000000000001,129.0,150.0000000000017,small,0,none,0,not_truncated,False,,,
0000023_00300_d_0000009.jpg,12,0,pedestrian,1,27,750.0,124.0,761.0,138.0,154.0,small,0,none,0,not_truncated,False,,,
0000023_00300_d_0000009.jpg,13,0,pedestrian,1,28,752.0,118.99999999999999,763.0,138.0,209.00000000000017,small,1,partial,0,not_truncated,True,8,0.3705708682537079,0.7390185594558716
0000024_01000_d_0000014.jpg,0,0,pedestrian,1,3,814.0,195.99999999999997,818.0,205.0,36.000000000000114,small,0,none,0,not_truncated,False,,,
0000024_01000_d_0000014.jpg,1,0,pedestrian,1,4,819.0,201.0,823.0,206.99999999999997,23.999999999999886,small,0,none,0,not_truncated,False,,,
0000024_01000_d_0000014.jpg,2,0,pedestrian,1,7,409.0,231.0,425.00000000000006,281.99999999999994,816.0000000000019,small,0,none,0,not_truncated,False,,,
0000024_01000_d_0000014.jpg,3,0,pedestrian,1,8,421.0,233.0,439.00000000000006,285.0,936.000000000003,small,0,none,0,not_truncated,True,0,0.5986585021018982,0.7307680249214172
0000024_01000_d_0000014.jpg,4,0,pedestrian,1,9,443.99999999999994,231.99999999999997,460.0,281.0,784.0000000000033,small,0,none,0,not_truncated,True,1,0.375680148601532,0.8382397890090942
0000024_01000_d_0000014.jpg,5,0,pedestrian,1,10,565.0000000000001,223.0,577.0,256.0,395.99999999999625,small,2,heavy,0,not_truncated,False,,,
0000024_01000_d_0000014.jpg,6,0,pedestrian,1,11,576.0,226.99999999999997,583.0,257.0,210.0000000000002,small,1,partial,0,not_truncated,False,,,
0000024_01000_d_0000014.jpg,7,0,pedestrian,1,12,579.0,217.00000000000003,587.0,248.0,247.99999999999977,small,1,partial,0,not_truncated,False,,,
0000024_01000_d_0000014.jpg,8,0,pedestrian,1,13,630.0,215.99999999999997,638.0,228.0,96.00000000000023,small,2,heavy,0,not_truncated,False,,,
0000024_01000_d_0000014.jpg,9,0,pedestrian,1,14,630.0,227.0,644.0,237.0,140.0,small,2,heavy,0,not_truncated,False,,,
0000026_01000_d_0000026.jpg,0,1,car,4,4,850.0,220.00000000000003,998.0000000000001,299.0,11692.000000000005,large,0,none,0,not_truncated,True,4,0.9284948110580444,0.9186623692512512
0000026_01000_d_0000026.jpg,1,1,car,4,6,960.0000000000001,541.0,1130.0,636.0,16149.999999999989,large,0,none,0,not_truncated,True,2,0.9357559084892273,0.9217755794525146
0000026_01000_d_0000026.jpg,2,2,van,5,7,871.0000000000001,420.00000000000006,1065.0,533.0,21921.999999999975,large,0,none,0,not_truncated,True,5,0.9238346219062805,0.9260385632514954
0000026_01000_d_0000026.jpg,3,1,car,4,8,19.0,0.0,182.0,69.0,11247.0,large,1,partial,1,truncated,True,17,0.6273296475410461,0.9597352147102356
0000026_01000_d_0000026.jpg,4,1,car,4,9,70.0,41.0,209.0,124.0,11537.0,large,0,none,0,not_truncated,True,6,0.9073786735534668,0.9432164430618286
0000026_01000_d_0000026.jpg,5,1,car,4,10,70.0,166.99999999999997,236.0,249.99999999999997,13778.0,large,0,none,0,not_truncated,True,15,0.7856086492538452,0.9301043748855591
0000026_01000_d_0000026.jpg,6,1,car,4,11,54.0,258.0,223.0,348.0,15210.0,large,0,none,0,not_truncated,True,0,0.9417704939842224,0.943940281867981
0000026_01000_d_0000026.jpg,7,1,car,4,12,44.99999999999999,368.99999999999994,223.0,458.0,15842.000000000011,large,0,none,0,not_truncated,True,1,0.9415453672409058,0.9567522406578064
0000026_01000_d_0000026.jpg,8,1,car,4,13,12.000000000000014,455.0,207.00000000000003,542.0,16965.0,large,0,none,0,not_truncated,True,9,0.8787636756896973,0.905913233757019
0000026_01000_d_0000026.jpg,9,1,car,4,14,0.0,546.0,179.0,638.0,16468.0,large,0,none,1,truncated,True,8,0.8875122666358948,0.8848628401756287
0000026_01000_d_0000026.jpg,10,1,car,4,15,0.0,622.0,165.0,735.9999999999999,18809.99999999998,large,0,none,1,truncated,True,10,0.8764761686325073,0.8792965412139893
0000026_01000_d_0000026.jpg,11,0,pedestrian,1,16,195.0,743.0000000000001,232.0,765.0,813.9999999999958,small,0,none,1,truncated,True,19,0.3889819085597992,0.8099808692932129
0000026_01000_d_0000026.jpg,12,1,car,4,17,508.0,10.999999999999998,644.0,86.99999999999999,10335.999999999998,large,0,none,0,not_truncated,True,14,0.7959567904472351,0.8890687823295593
0000026_01000_d_0000026.jpg,13,1,car,4,18,522.0,83.0,665.0,156.0,10439.0,large,0,none,0,not_truncated,True,3,0.9310328960418701,0.9561281204223633
0000026_01000_d_0000026.jpg,14,1,car,4,19,520.0,149.0,675.0,225.0,11780.0,large,0,none,0,not_truncated,True,11,0.8757412433624268,0.9487167596817017
0000026_01000_d_0000026.jpg,15,0,pedestrian,1,20,622.0,239.0,641.0,281.0,798.0,small,1,partial,0,not_truncated,True,18,0.5504489541053772,0.7541135549545288
0000026_01000_d_0000026.jpg,16,2,van,5,21,531.0,262.0,714.0,362.0,18300.0,large,0,none,0,not_truncated,True,20,0.378872811794281,0.9474650025367737
0000026_01000_d_0000026.jpg,17,2,van,5,22,539.0,346.00000000000006,730.0,452.0,20245.99999999999,large,0,none,0,not_truncated,True,12,0.8173619508743286,0.9660004377365112
0000026_01000_d_0000026.jpg,18,2,van,5,23,576.0000000000001,448.0,764.0,553.0,19739.99999999999,large,0,none,0,not_truncated,True,16,0.6658709645271301,0.9188863635063171
0000026_01000_d_0000026.jpg,19,1,car,4,24,578.0000000000001,581.0,769.0,699.0000000000001,22538.000000000007,large,0,none,0,not_truncated,True,7,0.9028704166412354,0.9462196826934814
0000026_01000_d_0000026.jpg,20,1,car,4,25,636.0,705.0,820.0,765.0,11040.0,large,0,none,1,truncated,True,13,0.8001996874809265,0.8851875066757202
0000026_03000_d_0000030.jpg,0,1,car,4,1,464.0,50.0,626.0,122.99999999999999,11825.999999999998,large,0,none,0,not_truncated,True,0,0.9490739107131958,0.9445563554763794
0000026_03000_d_0000030.jpg,1,1,car,4,2,471.0,168.99999999999997,630.0,248.99999999999997,12720.0,large,0,none,0,not_truncated,True,6,0.8638644218444824,0.8851941227912903
0000026_03000_d_0000030.jpg,2,1,car,4,3,469.0,249.0,651.0,330.99999999999994,14923.999999999989,large,0,none,0,not_truncated,True,1,0.9418289065361023,0.9721420407295227
0000026_03000_d_0000030.jpg,3,2,van,5,4,486.0,342.99999999999994,645.0,429.0,13674.00000000001,large,0,none,0,not_truncated,True,7,0.8409708738327026,0.994234561920166
0000026_03000_d_0000030.jpg,4,1,car,4,5,404.99999999999994,438.99999999999994,592.0,519.0,14960.000000000015,large,0,none,0,not_truncated,True,2,0.9169689416885376,0.9432811141014099
0000026_03000_d_0000030.jpg,5,1,car,4,6,361.00000000000006,518.9999999999999,556.0,602.0,16185.000000000018,large,0,none,0,not_truncated,True,3,0.9089217782020569,0.9279382824897766
0000026_03000_d_0000030.jpg,6,1,car,4,8,803.0,15.0,866.0000000000001,120.0,6615.000000000012,medium,0,none,0,not_truncated,True,12,0.38440412282943726,0.9407758116722107
0000026_03000_d_0000030.jpg,7,1,car,4,9,886.0,15.0,961.0000000000001,129.0,8550.000000000013,medium,0,none,0,not_truncated,True,5,0.8675886392593384,0.9512296319007874
0000026_03000_d_0000030.jpg,8,1,car,4,10,1072.0,9.0,1215.0,72.0,9009.0,medium,1,partial,0,not_truncated,True,13,0.3727594017982483,0.8898066878318787
0000026_03000_d_0000030.jpg,9,1,car,4,11,1099.0,72.0,1245.0,134.0,9052.0,medium,0,none,0,not_truncated,True,14,0.2857246398925781,0.9341951012611389
0000026_03000_d_0000030.jpg,10,1,car,4,12,1113.0,138.0,1258.0,210.00000000000003,10440.000000000004,large,1,partial,0,not_truncated,True,10,0.6993140578269958,0.9127060174942017
0000026_03000_d_0000030.jpg,11,1,car,4,13,1148.0,218.0,1224.0,263.0,3420.0,medium,2,heavy,0,not_truncated,False,,,
0000026_04978_d_0000034.jpg,0,1,car,4,1,929.0,696.0,1045.0,752.0,6496.0,medium,1,partial,0,not_truncated,False,,,
0000026_04978_d_0000034.jpg,1,1,car,4,2,1002.0000000000001,405.0,1105.0,450.0,4634.9999999999945,medium,2,heavy,0,not_truncated,False,,,
0000026_04978_d_0000034.jpg,2,1,car,4,3,594.0,716.0,647.0,765.0,2597.0,medium,0,none,1,truncated,True,13,0.803182065486908,0.9150264859199524
0000026_04978_d_0000034.jpg,3,0,pedestrian,1,4,556.0,701.0,565.0,727.0,234.0,small,0,none,0,not_truncated,False,,,
0000026_04978_d_0000034.jpg,4,1,car,4,5,683.0,538.0,732.0000000000001,642.0,5096.000000000012,medium,0,none,0,not_truncated,True,7,0.8953583836555481,0.9711396098136902
0000026_04978_d_0000034.jpg,5,1,car,4,6,738.0,503.0,786.0000000000001,594.0,4368.00000000001,medium,0,none,0,not_truncated,True,2,0.9248849749565125,0.9610870480537415
0000026_04978_d_0000034.jpg,6,1,car,4,7,598.0,408.0,644.0,495.0,4002.0,medium,0,none,0,not_truncated,True,0,0.9407976269721985,0.9256325960159302
0000026_04978_d_0000034.jpg,7,1,car,4,8,539.0,409.0,584.0,500.0,4095.0,medium,2,heavy,0,not_truncated,True,25,0.2990347445011139,0.9075075387954712
0000026_04978_d_0000034.jpg,8,1,car,4,9,462.99999999999994,529.0,572.0,614.0,9265.000000000005,large,1,partial,0,not_truncated,True,3,0.9203968048095703,0.947389543056488
0000026_04978_d_0000034.jpg,9,1,car,4,12,832.9999999999999,522.0,884.0,612.0,4590.00000000001,medium,1,partial,0,not_truncated,True,6,0.9064746499061584,0.9253214597702026
0000026_04978_d_0000034.jpg,10,1,car,4,13,827.9999999999999,438.99999999999994,875.0000000000001,517.0,3666.0000000000205,medium,1,partial,0,not_truncated,True,16,0.7032322287559509,0.9099439382553101
0000026_04978_d_0000034.jpg,11,1,car,4,14,33.00000000000001,252.00000000000003,125.00000000000001,287.0,3219.9999999999973,medium,1,partial,0,not_truncated,True,22,0.4741295874118805,0.6410675644874573
0000026_04978_d_0000034.jpg,12,1,car,4,15,52.99999999999999,221.99999999999997,153.99999999999997,263.0,4141.000000000002,medium,1,partial,0,not_truncated,True,12,0.8343576192855835,0.9176873564720154
0000026_04978_d_0000034.jpg,13,2,van,5,16,205.00000000000003,217.0,257.0,289.0,3743.999999999998,medium,2,heavy,0,not_truncated,False,,,
0000026_04978_d_0000034.jpg,14,1,car,4,17,72.00000000000001,191.00000000000003,158.0,229.00000000000003,3267.9999999999995,medium,1,partial,0,not_truncated,True,24,0.33001959323883057,0.8909679651260376
0000026_04978_d_0000034.jpg,15,1,car,4,18,88.00000000000001,167.0,183.00000000000003,207.0,3800.0000000000005,medium,1,partial,0,not_truncated,True,8,0.889479398727417,0.9040120244026184
0000026_04978_d_0000034.jpg,16,1,car,4,19,102.99999999999999,142.0,188.0,175.00000000000003,2805.0000000000027,medium,1,partial,0,not_truncated,True,28,0.26401835680007935,0.8498407602310181
0000026_04978_d_0000034.jpg,17,1,car,4,20,116.0,115.99999999999999,195.99999999999997,150.0,2720.0,medium,1,partial,0,not_truncated,True,14,0.7666385173797607,0.8069822192192078
0000026_04978_d_0000034.jpg,18,1,car,4,24,735.0000000000001,243.99999999999997,778.0,304.0,2579.9999999999945,medium,0,none,0,not_truncated,True,4,0.9136962890625,0.952194333076477
0000026_04978_d_0000034.jpg,19,1,car,4,25,778.0000000000001,224.0,817.0,281.0,2222.9999999999936,medium,1,partial,0,not_truncated,True,11,0.8436324000358582,0.908638596534729
0000026_04978_d_0000034.jpg,20,1,car,4,27,458.00000000000006,259.99999999999994,520.0,324.0,3968.0,medium,1,partial,0,not_truncated,True,5,0.9095218181610107,0.9600513577461243
0000026_04978_d_0000034.jpg,21,1,car,4,28,545.0,266.0,614.0,339.0,5037.0,medium,1,partial,0,not_truncated,True,1,0.9301983714103699,0.9656997919082642
0000026_04978_d_0000034.jpg,22,1,car,4,29,543.0,184.0,595.0,247.00000000000003,3276.0000000000014,medium,0,none,0,not_truncated,True,10,0.8467148542404175,0.6538819670677185
0000026_04978_d_0000034.jpg,23,0,pedestrian,1,35,483.0,118.0,491.0,147.99999999999997,239.99999999999977,small,0,none,0,not_truncated,False,,,
0000026_04978_d_0000034.jpg,24,3,truck,6,36,574.0,107.0,609.0,165.0,2030.0,medium,0,none,0,not_truncated,False,,,
0000026_04978_d_0000034.jpg,25,1,car,4,39,555.0,28.0,611.0,60.99999999999999,1847.9999999999995,medium,1,partial,0,not_truncated,True,21,0.4839453399181366,0.8114910125732422
0000026_04978_d_0000034.jpg,26,2,van,5,40,571.0,0.0,620.0,33.0,1617.0,medium,1,partial,1,truncated,False,,,
0000026_04978_d_0000034.jpg,27,1,car,4,43,742.0000000000001,0.0,769.0,28.0,755.9999999999968,small,1,partial,1,truncated,False,,,
0000026_04978_d_0000034.jpg,28,1,car,4,44,750.0,43.99999999999999,782.9999999999999,90.0,1517.999999999995,medium,0,none,0,not_truncated,True,9,0.8663442730903625,0.9206286668777466
0000026_04978_d_0000034.jpg,29,1,car,4,45,761.0,94.99999999999999,796.9999999999999,136.99999999999997,1511.9999999999948,medium,1,partial,0,not_truncated,True,18,0.6620981693267822,0.708694577217102
0000026_04978_d_0000034.jpg,30,1,car,4,46,763.0,153.0,803.9999999999999,201.0,1967.9999999999945,medium,2,heavy,0,not_truncated,False,,,
0000069_00713_d_0000003.jpg,0,0,pedestrian,1,1,264.99999999999994,145.0,297.0,227.0,2624.0000000000045,medium,0,none,0,not_truncated,True,3,0.8528214693069458,0.9212365746498108
0000069_00713_d_0000003.jpg,1,0,pedestrian,1,2,576.0,36.99999999999999,599.0000000000001,102.0,1495.0000000000073,medium,0,none,0,not_truncated,True,4,0.841978907585144,0.9199802875518799
0000069_00713_d_0000003.jpg,2,0,pedestrian,1,3,737.0000000000001,45.0,759.0,111.99999999999999,1473.999999999992,medium,0,none,0,not_truncated,True,6,0.7652684450149536,0.8907741904258728
0000069_00713_d_0000003.jpg,3,0,pedestrian,1,4,775.0,54.99999999999999,795.9999999999999,111.00000000000001,1175.999999999994,medium,0,none,0,not_truncated,True,18,0.31192055344581604,0.9095709919929504
0000069_00713_d_0000003.jpg,4,0,pedestrian,1,5,795.0,48.99999999999999,816.0,114.0,1365.0,medium,0,none,0,not_truncated,False,,,
0000069_00713_d_0000003.jpg,5,0,pedestrian,1,6,879.0,45.00000000000001,905.0,108.0,1637.9999999999998,medium,0,none,0,not_truncated,True,21,0.2603985667228699,0.7254582643508911
0000069_00713_d_0000003.jpg,6,0,pedestrian,1,7,867.0000000000001,116.00000000000001,888.0,178.0,1301.9999999999927,medium,0,none,0,not_truncated,True,10,0.6544285416603088,0.8627417683601379
0000069_00713_d_0000003.jpg,7,0,pedestrian,1,8,937.0,199.00000000000003,986.0000000000001,299.0,4900.00000000001,medium,0,none,0,not_truncated,True,8,0.7378389239311218,0.932557225227356
0000069_00713_d_0000003.jpg,8,0,pedestrian,1,9,52.00000000000001,348.0,101.0,462.0,5585.999999999999,medium,0,none,0,not_truncated,True,9,0.7298154234886169,0.8427236080169678
0000069_00713_d_0000003.jpg,9,0,pedestrian,1,10,79.0,324.99999999999994,143.0,457.0,8448.000000000004,medium,0,none,0,not_truncated,True,1,0.8855482339859009,0.9520202875137329
0000069_00713_d_0000003.jpg,10,0,pedestrian,1,11,354.0,427.0,440.0,593.9999999999999,14361.99999999999,large,0,none,0,not_truncated,True,2,0.8540846705436707,0.904262900352478
0000069_00713_d_0000003.jpg,11,0,pedestrian,1,12,472.0,440.99999999999994,545.0,626.0,13505.000000000004,large,0,none,0,not_truncated,False,,,
0000069_00713_d_0000003.jpg,12,0,pedestrian,1,13,476.99999999999994,406.0,555.0,579.0000000000001,13494.000000000018,large,1,partial,0,not_truncated,False,,,
0000069_00713_d_0000003.jpg,13,0,pedestrian,1,16,956.9999999999999,536.0,1034.0,734.0,15246.000000000022,large,0,none,0,not_truncated,True,5,0.7830820083618164,0.8981460928916931
0000069_00713_d_0000003.jpg,14,0,pedestrian,1,17,1014.0,524.0,1082.0,702.0,12104.0,large,1,partial,0,not_truncated,True,11,0.43830054998397827,0.7288376092910767
0000069_00713_d_0000003.jpg,15,0,pedestrian,1,18,1011.9999999999999,644.0,1058.0,750.0,4876.000000000012,medium,0,none,0,not_truncated,False,,,
0000069_00713_d_0000003.jpg,16,0,pedestrian,1,19,1230.0,590.9999999999999,1306.0,765.0,13224.00000000001,large,0,none,1,truncated,True,0,0.8962926268577576,0.9630295634269714
0000069_00713_d_0000003.jpg,17,0,pedestrian,1,20,1176.0,695.0000000000001,1243.0,765.0,4689.999999999993,medium,0,none,1,truncated,False,,,
0000069_00713_d_0000003.jpg,18,0,pedestrian,1,22,117.0,67.0,145.0,138.0,1988.0,medium,0,none,0,not_truncated,True,7,0.7446730136871338,0.8078759908676147
0000069_00713_d_0000003.jpg,19,0,pedestrian,1,23,174.99999999999997,42.99999999999999,211.0,109.0,2376.000000000002,medium,0,none,0,not_truncated,True,13,0.3664317727088928,0.8586544990539551
0000069_00713_d_0000003.jpg,20,0,pedestrian,1,24,1076.0,38.99999999999999,1099.0,95.0,1288.0000000000002,medium,0,none,0,not_truncated,False,,,
0000069_00713_d_0000003.jpg,21,0,pedestrian,1,26,782.0000000000001,8.0,799.0,51.99999999999999,747.9999999999949,small,1,partial,0,not_truncated,False,,,
0000069_00713_d_0000003.jpg,22,0,pedestrian,1,27,775.0,1.9999999999999982,793.9999999999999,49.99999999999999,911.9999999999944,small,1,partial,0,not_truncated,False,,,
0000069_00713_d_0000003.jpg,23,0,pedestrian,1,28,784.0000000000001,5.000000000000001,801.0,51.0,781.9999999999948,small,1,partial,0,not_truncated,False,,,
0000069_00713_d_0000003.jpg,24,0,pedestrian,1,32,631.0,3.0,647.0,30.0,432.0,small,1,partial,0,not_truncated,False,,,
0000069_00713_d_0000003.jpg,25,0,pedestrian,1,33,646.0,0.0,661.0,35.0,525.0,small,1,partial,1,truncated,False,,,
0000069_00713_d_0000003.jpg,26,0,pedestrian,1,34,493.00000000000006,3.999999999999999,510.0,51.0,798.9999999999973,small,0,none,0,not_truncated,True,20,0.281840980052948,0.6517864465713501
0000069_00713_d_0000003.jpg,27,0,pedestrian,1,35,477.00000000000006,0.0,495.0,42.0,755.9999999999976,small,0,none,1,truncated,True,16,0.31988582015037537,0.7023097276687622
0000069_00713_d_0000003.jpg,28,0,pedestrian,1,40,384.0,0.0,400.99999999999994,36.0,611.999999999998,small,0,none,1,truncated,False,,,
0000069_00713_d_0000003.jpg,29,0,pedestrian,1,41,400.0,0.0,411.99999999999994,38.0,455.99999999999784,small,0,none,1,truncated,False,,,
0000069_00713_d_0000003.jpg,30,0,pedestrian,1,42,160.0,3.0,182.0,51.0,1056.0,medium,1,partial,0,not_truncated,False,,,
0000069_00713_d_0000003.jpg,31,0,pedestrian,1,44,241.0,0.0,262.0,38.0,798.0,small,0,none,1,truncated,False,,,
0000069_00713_d_0000003.jpg,32,0,pedestrian,1,46,287.0,1.0000000000000018,310.0,53.0,1196.0,medium,0,none,0,not_truncated,True,12,0.4311141073703766,0.8934522271156311
0000069_00713_d_0000003.jpg,33,0,pedestrian,1,47,269.0,0.0,287.0,36.0,648.0,small,0,none,1,truncated,True,15,0.33890795707702637,0.7734319567680359
0000069_02480_d_0000007.jpg,0,0,pedestrian,1,1,1059.9999999999998,300.0,1106.0,397.99999999999994,4508.00000000002,medium,0,none,0,not_truncated,True,5,0.739596426486969,0.9341052174568176
0000069_02480_d_0000007.jpg,1,0,pedestrian,1,2,925.9999999999999,285.0,972.0,388.0,4738.000000000012,medium,0,none,0,not_truncated,True,23,0.2721211910247803,0.6712357401847839
0000069_02480_d_0000007.jpg,2,0,pedestrian,1,3,512.0,247.99999999999997,558.0,336.0,4048.0000000000014,medium,0,none,0,not_truncated,True,2,0.7987321019172668,0.723896324634552
0000069_02480_d_0000007.jpg,3,0,pedestrian,1,4,418.99999999999994,236.0,442.0,316.0,1840.0000000000045,medium,0,none,0,not_truncated,True,1,0.8036283850669861,0.7310315370559692
0000069_02480_d_0000007.jpg,4,0,pedestrian,1,5,326.0,231.00000000000003,355.0,307.0,2203.999999999999,medium,0,none,0,not_truncated,True,22,0.2767609655857086,0.6960247159004211
0000069_02480_d_0000007.jpg,5,0,pedestrian,1,6,349.99999999999994,215.0,376.0,290.0,1950.0000000000043,medium,0,none,0,not_truncated,True,6,0.7248896360397339,0.8685715198516846
0000069_02480_d_0000007.jpg,6,0,pedestrian,1,7,193.0,214.0,237.0,293.0,3476.0,medium,0,none,0,not_truncated,True,0,0.8767324090003967,0.8885332942008972
0000069_02480_d_0000007.jpg,7,0,pedestrian,1,8,101.0,204.0,131.0,269.0,1950.0,medium,0,none,0,not_truncated,True,4,0.7637946605682373,0.8567982912063599
0000069_02480_d_0000007.jpg,8,0,pedestrian,1,9,414.00000000000006,183.00000000000003,434.99999999999994,236.0,1112.9999999999934,medium,0,none,0,not_truncated,False,,,
0000069_02480_d_0000007.jpg,9,0,pedestrian,1,10,376.0,170.0,394.99999999999994,217.0,892.9999999999973,small,0,none,0,not_truncated,True,14,0.4010962247848511,0.7724812626838684
0000069_02480_d_0000007.jpg,10,0,pedestrian,1,11,334.0,171.99999999999997,350.99999999999994,217.0,764.999999999998,small,0,none,0,not_truncated,True,11,0.5136160254478455,0.8043748736381531
0000069_02480_d_0000007.jpg,11,0,pedestrian,1,12,496.00000000000006,167.0,512.0,210.00000000000003,687.999999999998,small,0,none,0,not_truncated,True,24,0.26843029260635376,0.8426997065544128
0000069_02480_d_0000007.jpg,12,0,pedestrian,1,13,537.0,176.0,565.0,228.0,1456.0,medium,0,none,0,not_truncated,False,,,
0000069_02480_d_0000007.jpg,13,0,pedestrian,1,14,569.0,188.0,587.0,240.0,936.0,small,0,none,0,not_truncated,True,8,0.6715443134307861,0.6334957480430603
0000069_02480_d_0000007.jpg,14,0,pedestrian,1,15,802.0,209.99999999999997,823.9999999999999,274.0,1407.9999999999934,medium,2,heavy,0,not_truncated,False,,,
0000069_02480_d_0000007.jpg,15,0,pedestrian,1,16,749.0,254.00000000000003,777.0,332.0,2183.999999999999,medium,2,heavy,0,not_truncated,False,,,
0000069_02480_d_0000007.jpg,16,0,pedestrian,1,17,639.0,244.00000000000003,664.0,318.0,1849.9999999999993,medium,2,heavy,0,not_truncated,False,,,
0000069_02480_d_0000007.jpg,17,0,pedestrian,1,18,627.0,222.00000000000003,652.0,303.0,2024.9999999999993,medium,2,heavy,0,not_truncated,False,,,
0000069_02480_d_0000007.jpg,18,0,pedestrian,1,19,607.0,257.0,636.0,346.0,2581.0,medium,2,heavy,0,not_truncated,False,,,
0000069_02480_d_0000007.jpg,19,0,pedestrian,1,20,939.0,262.0,970.9999999999999,343.99999999999994,2623.999999999989,medium,2,heavy,0,not_truncated,True,17,0.3577534258365631,0.5895525813102722
0000069_02480_d_0000007.jpg,20,0,pedestrian,1,21,906.0000000000001,237.0,938.0,311.0,2367.999999999992,medium,1,partial,0,not_truncated,True,10,0.5213512778282166,0.7305634617805481
0000069_02480_d_0000007.jpg,21,0,pedestrian,1,22,1056.0,245.99999999999997,1090.0,329.0,2822.000000000001,medium,1,partial,0,not_truncated,True,9,0.6663299202919006,0.7573003172874451
0000069_02480_d_0000007.jpg,22,0,pedestrian,1,23,1242.0000000000002,316.0,1279.0,391.00000000000006,2774.999999999985,medium,2,heavy,0,not_truncated,False,,,
0000069_02480_d_0000007.jpg,23,0,pedestrian,1,24,1239.0,289.0,1283.0000000000002,366.0,3388.0000000000173,medium,2,heavy,0,not_truncated,False,,,
0000069_02480_d_0000007.jpg,24,0,pedestrian,1,28,293.0,171.99999999999997,309.0,217.0,720.0000000000005,small,1,partial,0,not_truncated,False,,,
0000069_02480_d_0000007.jpg,25,0,pedestrian,1,29,303.0,201.0,321.0,268.0,1206.0,medium,1,partial,0,not_truncated,True,20,0.3051883280277252,0.5319455862045288
0000069_02480_d_0000007.jpg,26,0,pedestrian,1,30,643.0,174.00000000000003,656.0,223.00000000000003,637.0,small,1,partial,0,not_truncated,False,,,
0000069_02480_d_0000007.jpg,27,0,pedestrian,1,31,650.0,171.0,665.0,216.0,675.0,small,1,partial,0,not_truncated,False,,,
0000069_02480_d_0000007.jpg,28,0,pedestrian,1,32,666.0,186.0,684.0,219.99999999999997,611.9999999999995,small,1,partial,0,not_truncated,False,,,
0000069_02480_d_0000007.jpg,29,0,pedestrian,1,33,670.0,172.99999999999997,686.0,216.0,688.0000000000005,small,1,partial,0,not_truncated,False,,,
0000069_02480_d_0000007.jpg,30,0,pedestrian,1,34,682.0,195.99999999999997,689.0,220.99999999999997,175.0,small,1,partial,0,not_truncated,False,,,
0000069_02480_d_0000007.jpg,31,0,pedestrian,1,35,730.0,197.99999999999997,739.9999999999999,218.0,199.999999999998,small,0,none,0,not_truncated,False,,,
0000069_02480_d_0000007.jpg,32,0,pedestrian,1,36,714.0,174.99999999999997,728.0,218.0,602.0000000000005,small,1,partial,0,not_truncated,False,,,
0000069_02480_d_0000007.jpg,33,0,pedestrian,1,37,773.0,174.0,783.9999999999999,215.0,450.99999999999534,small,1,partial,0,not_truncated,False,,,
0000069_02480_d_0000007.jpg,34,0,pedestrian,1,38,736.0000000000001,174.99999999999997,753.0,218.0,730.9999999999956,small,2,heavy,0,not_truncated,False,,,
0000069_02480_d_0000007.jpg,35,1,car,4,39,446.0,160.0,498.99999999999994,181.00000000000003,1113.0000000000002,medium,1,partial,0,not_truncated,False,,,
0000069_02480_d_0000007.jpg,36,1,car,4,40,492.0,157.0,544.0,183.0,1352.0,medium,1,partial,0,not_truncated,False,,,
0000069_02480_d_0000007.jpg,37,1,car,4,41,460.0,145.0,505.0,170.0,1125.0,medium,1,partial,0,not_truncated,False,,,
0000069_02480_d_0000007.jpg,38,1,car,4,42,593.0,184.00000000000003,653.0,213.0,1739.9999999999982,medium,1,partial,0,not_truncated,False,,,
0000069_02480_d_0000007.jpg,39,1,car,4,43,665.0,170.0,717.0,195.00000000000003,1300.0000000000014,medium,2,heavy,0,not_truncated,False,,,
0000069_02480_d_0000007.jpg,40,1,car,4,44,680.0,191.0,748.0000000000001,219.99999999999997,1972.0000000000014,medium,2,heavy,0,not_truncated,False,,,
0000069_02480_d_0000007.jpg,41,1,car,4,45,809.0,200.0,881.0,232.99999999999997,2375.999999999998,medium,2,heavy,0,not_truncated,False,,,
0000069_02480_d_0000007.jpg,42,1,car,4,46,833.0000000000001,169.0,872.9999999999999,191.0,879.999999999995,small,2,heavy,0,not_truncated,False,,,
0000069_02480_d_0000007.jpg,43,1,car,4,47,858.0,175.00000000000003,929.0,203.0,1987.999999999998,medium,2,heavy,0,not_truncated,False,,,
0000069_02480_d_0000007.jpg,44,1,car,4,48,1034.0,155.0,1059.0,177.0,550.0,small,1,partial,0,not_truncated,True,15,0.39728254079818726,0.8927298188209534
0000069_02480_d_0000007.jpg,45,1,car,4,49,1060.0,147.0,1080.0,164.0,340.0,small,0,none,0,not_truncated,True,21,0.30350950360298157,0.6266672015190125
0000069_02480_d_0000007.jpg,46,1,car,4,50,1071.0,145.00000000000003,1086.0,161.0,239.99999999999957,small,2,heavy,0,not_truncated,False,,,
0000069_02480_d_0000007.jpg,47,1,car,4,51,1056.0,135.0,1079.0,146.0,253.0,small,2,heavy,0,not_truncated,False,,,
0000069_02480_d_0000007.jpg,48,1,car,4,52,1085.0,137.0,1098.0,147.0,130.0,small,0,none,0,not_truncated,False,,,
0000069_02480_d_0000007.jpg,49,1,car,4,53,1107.0,137.0,1121.0,149.0,168.0,small,1,partial,0,not_truncated,False,,,
0000069_02480_d_0000007.jpg,50,1,car,4,55,1169.0,195.00000000000003,1249.0,224.0,2319.9999999999977,medium,1,partial,0,not_truncated,False,,,
0000069_02480_d_0000007.jpg,51,1,car,4,56,1291.0,198.00000000000003,1330.0,227.0,1130.9999999999989,medium,1,partial,0,not_truncated,False,,,
0000069_02480_d_0000007.jpg,52,0,pedestrian,1,57,1321.0,204.0,1341.0,257.0,1060.0,medium,0,none,0,not_truncated,True,16,0.3847661316394806,0.7518871426582336
0000069_02480_d_0000007.jpg,53,0,pedestrian,1,58,1348.0,207.99999999999997,1360.0,249.0,492.00000000000034,small,1,partial,1,truncated,True,19,0.3150422275066376,0.5654372572898865
0000069_02480_d_0000007.jpg,54,0,pedestrian,1,59,1253.0,200.0,1262.0,224.0,216.0,small,1,partial,0,not_truncated,False,,,
0000069_02480_d_0000007.jpg,55,0,pedestrian,1,60,1168.0,197.00000000000003,1177.0,230.0,296.9999999999998,small,1,partial,0,not_truncated,False,,,
0000069_02480_d_0000007.jpg,56,0,pedestrian,1,61,1143.0,207.0,1155.0,231.0,288.0,small,2,heavy,0,not_truncated,False,,,
0000069_02480_d_0000007.jpg,57,1,car,4,65,1124.0,140.0,1138.0,154.0,196.0,small,2,heavy,0,not_truncated,False,,,
0000086_00000_d_0000001.jpg,0,0,pedestrian,1,2,31.000000000000004,213.0,47.0,250.0,591.9999999999999,small,0,none,0,not_truncated,True,1,0.7433471083641052,0.7677130699157715
0000086_00000_d_0000001.jpg,1,0,pedestrian,1,3,198.00000000000003,145.00000000000003,217.0,188.0,816.9999999999983,small,0,none,0,not_truncated,True,13,0.4497871696949005,0.761440098285675
0000086_00000_d_0000001.jpg,2,0,pedestrian,1,4,267.0,181.0,278.0,213.0,352.0,small,0,none,0,not_truncated,False,,,
0000086_00000_d_0000001.jpg,3,0,pedestrian,1,5,171.0,210.0,190.0,266.0,1064.0,medium,0,none,0,not_truncated,True,3,0.7171510457992554,0.7744747996330261
0000086_00000_d_0000001.jpg,4,0,pedestrian,1,6,82.0,279.0,105.0,332.0,1219.0,medium,0,none,0,not_truncated,True,14,0.43330642580986023,0.8367630839347839
0000086_00000_d_0000001.jpg,5,0,pedestrian,1,7,216.0,350.99999999999994,244.99999999999997,427.0,2203.9999999999995,medium,0,none,0,not_truncated,True,19,0.37590542435646057,0.5796812772750854
0000086_00000_d_0000001.jpg,6,0,pedestrian,1,8,256.0,340.99999999999994,286.0,420.0,2370.000000000002,medium,0,none,0,not_truncated,True,11,0.4742554724216461,0.6881356239318848
0000086_00000_d_0000001.jpg,7,0,pedestrian,1,9,359.0,344.0,385.99999999999994,432.0,2375.999999999995,medium,0,none,0,not_truncated,True,15,0.431210994720459,0.6763685345649719
0000086_00000_d_0000001.jpg,8,0,pedestrian,1,10,462.0,270.99999999999994,483.00000000000006,333.0,1302.0000000000048,medium,0,none,0,not_truncated,True,0,0.7822912931442261,0.6685940027236938
0000086_00000_d_0000001.jpg,9,0,pedestrian,1,11,531.0,300.99999999999994,565.0,366.0,2210.000000000002,medium,0,none,0,not_truncated,True,6,0.6653203368186951,0.8363621830940247
0000086_00000_d_0000001.jpg,10,0,pedestrian,1,12,438.0,250.0,457.0,311.99999999999994,1177.9999999999989,medium,0,none,0,not_truncated,True,4,0.7116987109184265,0.6161787509918213
0000086_00000_d_0000001.jpg,11,0,pedestrian,1,13,488.0,244.0,506.99999999999994,305.0,1158.9999999999966,medium,0,none,0,not_truncated,True,5,0.6750358939170837,0.7878435254096985
0000086_00000_d_0000001.jpg,12,0,pedestrian,1,14,452.0,217.0,472.0,264.0,940.0,small,0,none,0,not_truncated,True,24,0.27073565125465393,0.6895829439163208
0000086_00000_d_0000001.jpg,13,0,pedestrian,1,15,473.0,220.00000000000003,491.99999999999994,270.0,949.9999999999966,small,0,none,0,not_truncated,True,8,0.5632643699645996,0.6986386179924011
0000086_00000_d_0000001.jpg,14,0,pedestrian,1,16,596.0,231.00000000000003,616.0,291.0,1199.9999999999995,medium,0,none,0,not_truncated,True,2,0.7312933802604675,0.7803782224655151
0000086_00000_d_0000001.jpg,15,0,pedestrian,1,17,630.0,214.0,649.0,265.0,969.0,small,0,none,0,not_truncated,True,23,0.29255327582359314,0.7881211638450623
0000086_00000_d_0000001.jpg,16,0,pedestrian,1,18,561.0000000000001,117.0,574.0,153.0,467.9999999999959,small,1,partial,0,not_truncated,False,,,
0000086_00000_d_0000001.jpg,17,0,pedestrian,1,27,204.0,211.0,218.0,238.0,378.0,small,0,none,0,not_truncated,False,,,
0000086_00000_d_0000001.jpg,18,0,pedestrian,1,28,103.0,273.00000000000006,136.0,310.0,1220.9999999999982,medium,0,none,0,not_truncated,False,,,
0000086_00000_d_0000001.jpg,19,0,pedestrian,1,29,124.00000000000001,392.0,158.0,450.0,1971.999999999999,medium,0,none,0,not_truncated,True,18,0.3803792893886566,0.5824077129364014
0000086_00000_d_0000001.jpg,20,0,pedestrian,1,30,230.99999999999997,421.0,270.0,482.99999999999994,2417.9999999999995,medium,0,none,0,not_truncated,True,9,0.5483980774879456,0.6095092296600342
0000086_00000_d_0000001.jpg,21,0,pedestrian,1,31,365.0,474.0,393.0,538.0,1792.0,medium,0,none,0,not_truncated,True,10,0.4916922450065613,0.6271655559539795
0000086_00000_d_0000001.jpg,22,0,pedestrian,1,33,310.0,139.0,325.0,164.0,375.0,small,0,none,0,not_truncated,False,,,
0000086_00000_d_0000001.jpg,23,0,pedestrian,1,36,444.99999999999994,144.99999999999997,463.0,190.0,810.0000000000031,small,1,partial,0,not_truncated,False,,,
0000103_00180_d_0000026.jpg,0,0,pedestrian,1,1,490.0,129.0,574.0,335.0,17304.0,large,0,none,0,not_truncated,False,,,
0000103_02964_d_0000030.jpg,0,0,pedestrian,1,7,597.0,353.0,679.0,589.0,19352.0,large,1,partial,0,not_truncated,False,,,
0000103_02964_d_0000030.jpg,1,2,van,5,8,886.9999999999999,202.99999999999997,1259.0,574.0,138012.00000000003,large,1,partial,0,not_truncated,False,,,
0000103_02964_d_0000030.jpg,2,1,car,4,9,580.9999999999999,0.0,819.0,63.99999999999999,15232.000000000005,large,1,partial,1,truncated,False,,,
0000103_02964_d_0000030.jpg,3,3,truck,6,10,394.99999999999994,0.0,919.0,163.0,85412.0,large,0,none,1,truncated,False,,,
0000103_04513_d_0000034.jpg,0,1,car,4,1,845.0,270.0,945.0,470.00000000000006,20000.000000000007,large,0,none,0,not_truncated,True,0,0.8742609620094299,0.9309762120246887
0000103_04513_d_0000034.jpg,1,0,pedestrian,1,2,740.0000000000001,542.0,769.0,605.0,1826.9999999999927,medium,0,none,0,not_truncated,False,,,
0000116_00351_d_0000083.jpg,0,0,pedestrian,1,1,726.0,443.0,745.0,482.99999999999994,759.9999999999989,small,1,partial,0,not_truncated,False,,,
0000116_00351_d_0000083.jpg,1,0,pedestrian,1,2,586.0,489.0,601.0,527.0,570.0,small,1,partial,0,not_truncated,False,,,
0000116_00351_d_0000083.jpg,2,0,pedestrian,1,7,528.0,426.0,541.0,470.0,572.0,small,0,none,0,not_truncated,True,5,0.7084408402442932,0.8075644373893738
0000116_00351_d_0000083.jpg,3,0,pedestrian,1,24,157.0,513.0,174.0,540.0,459.0,small,1,partial,1,truncated,True,16,0.3550961911678314,0.7142760157585144
0000116_00351_d_0000083.jpg,4,1,car,4,28,525.0,329.0,559.9999999999999,362.0,1154.9999999999964,medium,1,partial,0,not_truncated,True,4,0.737015962600708,0.8061838746070862
0000116_00351_d_0000083.jpg,5,1,car,4,30,518.0,298.00000000000006,550.0000000000001,324.0,832.0000000000011,small,1,partial,0,not_truncated,True,3,0.8106205463409424,0.6374818682670593
0000116_00351_d_0000083.jpg,6,2,van,5,31,511.00000000000006,271.0,535.0,296.99999999999994,623.9999999999972,small,1,partial,0,not_truncated,False,,,
0000116_00351_d_0000083.jpg,7,2,van,5,32,510.0,261.00000000000006,529.9999999999999,281.0,399.9999999999966,small,1,partial,0,not_truncated,False,,,
0000116_00351_d_0000083.jpg,8,1,car,4,33,425.0,324.0,458.0,354.99999999999994,1022.9999999999982,small,0,none,0,not_truncated,True,0,0.9079062342643738,0.8373947739601135
0000116_00351_d_0000083.jpg,9,1,car,4,34,173.0,463.0,237.99999999999997,532.0,4484.999999999998,medium,1,partial,0,not_truncated,True,2,0.8946104049682617,0.9345090985298157
0000116_00351_d_0000083.jpg,10,1,car,4,35,233.0,395.0,292.0,456.0,3599.0,medium,0,none,0,not_truncated,True,1,0.8955503106117249,0.9543658494949341
0000116_00351_d_0000083.jpg,11,1,car,4,36,277.0,355.0,323.0,394.99999999999994,1839.9999999999973,medium,1,partial,0,not_truncated,True,22,0.2800957262516022,0.9311107993125916
0000116_00351_d_0000083.jpg,12,1,car,4,38,320.0,276.00000000000006,353.99999999999994,302.0,883.9999999999966,small,1,partial,0,not_truncated,True,8,0.6077958941459656,0.7348805665969849
0000116_00351_d_0000083.jpg,13,1,car,4,39,364.0,268.0,395.00000000000006,296.0,868.0000000000016,small,0,none,0,not_truncated,True,10,0.5126810073852539,0.9041695594787598
0000116_00351_d_0000083.jpg,14,0,pedestrian,1,43,117.00000000000001,347.0,134.0,377.0,509.99999999999955,small,0,none,0,not_truncated,False,,,
0000116_00351_d_0000083.jpg,15,0,pedestrian,1,44,112.0,348.0,128.0,378.00000000000006,480.0000000000009,small,2,heavy,0,not_truncated,False,,,
0000116_00351_d_0000083.jpg,16,0,pedestrian,1,50,138.0,285.0,151.0,307.0,286.0,small,1,partial,0,not_truncated,False,,,
0000116_00351_d_0000083.jpg,17,0,pedestrian,1,51,125.99999999999997,270.0,134.0,292.0,176.00000000000063,small,0,none,0,not_truncated,False,,,
0000116_00351_d_0000083.jpg,18,0,pedestrian,1,52,132.0,267.0,139.0,289.99999999999994,160.9999999999996,small,1,partial,0,not_truncated,False,,,
0000116_00351_d_0000083.jpg,19,0,pedestrian,1,56,358.0,264.0,365.00000000000006,281.0,119.00000000000097,small,1,partial,0,not_truncated,False,,,
0000116_00351_d_0000083.jpg,20,1,car,4,59,377.0,228.00000000000003,399.99999999999994,248.0,459.99999999999824,small,1,partial,0,not_truncated,True,12,0.46735119819641113,0.7706375122070312
0000116_00351_d_0000083.jpg,21,1,car,4,60,383.0,201.0,402.0,219.0,342.0,small,2,heavy,0,not_truncated,True,18,0.3057718575000763,0.5494736433029175
0000116_00351_d_0000083.jpg,22,1,car,4,61,392.0,196.0,407.0,209.0,195.0,small,2,heavy,0,not_truncated,False,,,
0000116_00351_d_0000083.jpg,23,0,pedestrian,1,64,489.99999999999994,233.00000000000003,497.0,250.0,119.00000000000077,small,1,partial,0,not_truncated,False,,,
0000116_00351_d_0000083.jpg,24,0,pedestrian,1,65,493.99999999999994,233.0,500.00000000000006,249.00000000000003,96.00000000000199,small,2,heavy,0,not_truncated,False,,,
0000116_00351_d_0000083.jpg,25,1,car,4,66,499.99999999999994,219.0,517.0,233.0,238.0000000000008,small,1,partial,0,not_truncated,False,,,
0000116_00351_d_0000083.jpg,26,1,car,4,67,480.99999999999994,211.00000000000003,498.00000000000006,228.0,289.0000000000014,small,0,none,0,not_truncated,True,23,0.2503293752670288,0.8871957063674927
0000116_00351_d_0000083.jpg,27,0,pedestrian,1,68,475.0,210.0,481.00000000000006,225.0,90.00000000000085,small,1,partial,0,not_truncated,False,,,
0000116_00351_d_0000083.jpg,28,1,car,4,69,480.99999999999994,195.99999999999997,491.99999999999994,208.0,132.0000000000003,small,0,none,0,not_truncated,False,,,
0000116_00351_d_0000083.jpg,29,0,pedestrian,1,73,420.0,193.0,425.00000000000006,206.99999999999997,70.00000000000065,small,0,none,0,not_truncated,False,,,
0000116_00351_d_0000083.jpg,30,1,car,4,74,408.00000000000006,179.0,422.0,191.99999999999997,181.99999999999886,small,1,partial,0,not_truncated,False,,,
0000116_00351_d_0000083.jpg,31,1,car,4,76,426.0,200.0,443.0,215.0,255.0,small,0,none,0,not_truncated,True,9,0.5483670830726624,0.9049042463302612
0000117_00112_d_0000087.jpg,0,1,car,4,1,496.00000000000006,527.0,675.0,620.0,16646.999999999996,large,0,none,0,not_truncated,True,1,0.9437657594680786,0.9673424959182739
0000117_00112_d_0000087.jpg,1,1,car,4,2,758.0,471.0,921.0,557.0000000000001,14018.000000000018,large,0,none,0,not_truncated,True,7,0.6859763860702515,0.9717878103256226
0000117_00112_d_0000087.jpg,2,1,car,4,3,880.0,409.00000000000006,1044.0,477.0,11151.99999999999,large,0,none,0,not_truncated,True,0,0.9443953633308411,0.9623206257820129
0000117_00112_d_0000087.jpg,3,1,car,4,4,1196.0,375.0,1354.0,437.0,9796.0,large,0,none,0,not_truncated,True,2,0.9262081384658813,0.9370977878570557
0000117_00112_d_0000087.jpg,4,1,car,4,5,293.0,260.0,421.0,326.00000000000006,8448.000000000007,medium,0,none,0,not_truncated,True,3,0.9047062993049622,0.9515774250030518
0000117_00112_d_0000087.jpg,5,2,van,5,6,715.0,3.999999999999999,742.9999999999999,41.0,1035.999999999996,medium,0,none,0,not_truncated,False,,,
0000117_00112_d_0000087.jpg,6,1,car,4,7,695.0000000000001,108.0,734.0,154.0,1793.9999999999948,medium,0,none,0,not_truncated,True,20,0.36835503578186035,0.9134466052055359
0000117_00112_d_0000087.jpg,7,1,car,4,8,640.0,45.0,677.0,93.0,1776.0,medium,0,none,0,not_truncated,True,6,0.766465425491333,0.8403133749961853
0000117_00112_d_0000087.jpg,8,1,car,4,9,522.0,0.0,558.0,31.999999999999996,1151.9999999999998,medium,0,none,1,truncated,True,5,0.8234829306602478,0.8859802484512329
0000117_00112_d_0000087.jpg,9,0,pedestrian,1,10,526.0,164.0,539.0,201.0,481.0,small,0,none,0,not_truncated,True,9,0.5900744199752808,0.7270515561103821
0000117_00112_d_0000087.jpg,10,0,pedestrian,1,11,117.0,318.0,138.0,362.0,924.0,small,0,none,0,not_truncated,True,8,0.6087613105773926,0.6675891280174255
0000117_00112_d_0000087.jpg,11,0,pedestrian,1,12,108.0,313.0,125.00000000000001,360.0,799.0000000000007,small,1,partial,0,not_truncated,True,31,0.30250832438468933,0.5432557463645935
0000117_00112_d_0000087.jpg,12,1,car,4,13,18.000000000000004,285.0,163.99999999999997,340.0,8029.999999999998,medium,1,partial,0,not_truncated,True,4,0.8605483174324036,0.9153841733932495
0000117_00112_d_0000087.jpg,13,0,pedestrian,1,15,365.0,149.0,375.99999999999994,172.0,252.9999999999987,small,1,partial,0,not_truncated,False,,,
0000117_00112_d_0000087.jpg,14,0,pedestrian,1,16,362.0,170.0,373.99999999999994,199.00000000000003,347.9999999999987,small,1,partial,0,not_truncated,False,,,
0000117_00112_d_0000087.jpg,15,1,car,4,19,372.00000000000006,141.0,474.0,203.0,6323.999999999996,medium,0,none,0,not_truncated,False,,,
0000117_00112_d_0000087.jpg,16,0,pedestrian,1,20,814.0,199.99999999999997,835.9999999999999,240.0,879.999999999996,small,0,none,0,not_truncated,True,37,0.2886381149291992,0.7038364410400391
0000117_00112_d_0000087.jpg,17,0,pedestrian,1,22,1053.0,143.0,1068.0,179.0,540.0,small,0,none,0,not_truncated,True,10,0.5684120655059814,0.821325957775116
0000117_00112_d_0000087.jpg,18,0,pedestrian,1,23,1023.0,39.00000000000001,1031.0,61.00000000000001,176.0,small,0,none,0,not_truncated,False,,,
0000117_00112_d_0000087.jpg,19,0,pedestrian,1,24,1030.0,40.0,1036.0,62.0,132.0,small,0,none,0,not_truncated,False,,,
0000117_00112_d_0000087.jpg,20,0,pedestrian,1,25,498.00000000000006,0.0,509.0,27.0,296.99999999999847,small,0,none,1,truncated,True,25,0.3424949645996094,0.7836077213287354
0000117_00112_d_0000087.jpg,21,0,pedestrian,1,26,498.00000000000006,41.0,510.0,67.0,311.9999999999985,small,0,none,0,not_truncated,False,,,
0000117_00112_d_0000087.jpg,22,0,pedestrian,1,27,452.0,2.9999999999999987,460.99999999999994,25.999999999999996,206.99999999999866,small,0,none,0,not_truncated,False,,,
0000117_00112_d_0000087.jpg,23,0,pedestrian,1,28,438.00000000000006,15.0,448.0,38.0,229.9999999999987,small,0,none,0,not_truncated,False,,,
0000117_00112_d_0000087.jpg,24,0,pedestrian,1,29,379.0,9.999999999999998,390.0,33.99999999999999,263.99999999999994,small,0,none,0,not_truncated,False,,,
0000117_00112_d_0000087.jpg,25,0,pedestrian,1,30,343.0,4.999999999999999,351.99999999999994,25.0,179.99999999999886,small,0,none,0,not_truncated,False,,,
0000117_00112_d_0000087.jpg,26,0,pedestrian,1,35,452.00000000000006,57.99999999999999,465.0,86.0,363.9999999999985,small,0,none,0,not_truncated,True,45,0.2733761966228485,0.7083578705787659
0000117_00112_d_0000087.jpg,27,0,pedestrian,1,37,435.00000000000006,56.0,444.0,79.0,206.9999999999987,small,1,partial,0,not_truncated,False,,,
0000117_00112_d_0000087.jpg,28,0,pedestrian,1,38,420.0,57.0,432.0,80.0,276.0,small,1,partial,0,not_truncated,True,30,0.3062705099582672,0.5403648018836975
0000117_00112_d_0000087.jpg,29,0,pedestrian,1,39,433.00000000000006,70.0,442.0,95.0,224.99999999999858,small,1,partial,0,not_truncated,False,,,
0000117_00112_d_0000087.jpg,30,0,pedestrian,1,40,421.0,70.0,430.0,89.0,171.0,small,1,partial,0,not_truncated,False,,,
0000117_00112_d_0000087.jpg,31,0,pedestrian,1,41,425.0,77.0,433.99999999999994,102.0,224.99999999999858,small,1,partial,0,not_truncated,False,,,
0000117_00112_d_0000087.jpg,32,0,pedestrian,1,42,414.00000000000006,76.99999999999999,424.0,104.99999999999999,279.9999999999984,small,1,partial,0,not_truncated,False,,,
0000117_00112_d_0000087.jpg,33,0,pedestrian,1,43,402.0,76.0,411.0,98.99999999999999,206.9999999999999,small,1,partial,0,not_truncated,False,,,
0000117_00112_d_0000087.jpg,34,0,pedestrian,1,44,379.0,90.00000000000001,390.0,122.00000000000001,352.0,small,0,none,0,not_truncated,True,41,0.2811262905597687,0.7424845695495605
0000117_00112_d_0000087.jpg,35,0,pedestrian,1,45,392.00000000000006,96.0,400.0,124.99999999999999,231.99999999999824,small,1,partial,0,not_truncated,False,,,
0000117_00112_d_0000087.jpg,36,0,pedestrian,1,46,396.0,101.0,405.0,122.00000000000001,189.0000000000001,small,1,partial,0,not_truncated,False,,,
0000117_00112_d_0000087.jpg,37,0,pedestrian,1,47,413.00000000000006,96.0,422.0,121.99999999999999,233.9999999999984,small,1,partial,0,not_truncated,False,,,
0000117_00112_d_0000087.jpg,38,0,pedestrian,1,48,439.0,94.0,448.0,114.0,180.0,small,1,partial,0,not_truncated,False,,,
0000117_00112_d_0000087.jpg,39,0,pedestrian,1,49,389.00000000000006,72.0,399.0,93.00000000000001,209.99999999999895,small,1,partial,0,not_truncated,False,,,
0000117_00112_d_0000087.jpg,40,0,pedestrian,1,50,383.0,51.99999999999999,391.99999999999994,74.0,197.9999999999988,small,0,none,0,not_truncated,False,,,
0000117_00112_d_0000087.jpg,41,0,pedestrian,1,51,372.00000000000006,51.0,385.0,82.0,402.99999999999824,small,0,none,0,not_truncated,True,47,0.26951202750205994,0.6714275479316711
0000117_00112_d_0000087.jpg,42,0,pedestrian,1,52,361.0,72.0,370.99999999999994,95.0,229.9999999999987,small,0,none,0,not_truncated,True,39,0.2837364971637726,0.5558490753173828
0000117_00112_d_0000087.jpg,43,0,pedestrian,1,53,354.0,59.0,362.0,82.0,184.0,small,1,partial,0,not_truncated,False,,,
0000117_00112_d_0000087.jpg,44,0,pedestrian,1,54,356.0,54.0,369.99999999999994,76.0,307.99999999999875,small,1,partial,0,not_truncated,False,,,
0000117_00112_d_0000087.jpg,45,0,pedestrian,1,55,325.0,17.999999999999996,337.0,42.99999999999999,299.99999999999994,small,0,none,0,not_truncated,True,14,0.4758603870868683,0.7123972773551941
0000117_00112_d_0000087.jpg,46,0,pedestrian,1,56,316.0,17.999999999999996,325.0,42.99999999999999,224.99999999999997,small,0,none,0,not_truncated,False,,,
0000117_00112_d_0000087.jpg,47,0,pedestrian,1,57,303.0,27.999999999999996,313.0,51.0,230.00000000000003,small,1,partial,0,not_truncated,False,,,
0000117_00112_d_0000087.jpg,48,0,pedestrian,1,58,311.0,29.000000000000004,322.0,54.0,274.99999999999994,small,0,none,0,not_truncated,True,17,0.4307570159435272,0.7175849676132202
0000117_00112_d_0000087.jpg,49,0,pedestrian,1,59,327.99999999999994,120.0,340.0,158.0,456.00000000000216,small,0,none,0,not_truncated,True,11,0.5345044136047363,0.7725452184677124
0000117_00112_d_0000087.jpg,50,0,pedestrian,1,60,308.0,129.0,320.00000000000006,154.0,300.0000000000014,small,0,none,0,not_truncated,True,52,0.25378546118736267,0.7423375844955444
0000117_00112_d_0000087.jpg,51,0,pedestrian,1,61,288.0,121.99999999999999,305.0,152.0,510.0000000000002,small,0,none,0,not_truncated,True,22,0.35228192806243896,0.6136496067047119
0000117_00112_d_0000087.jpg,52,0,pedestrian,1,64,320.0,66.0,331.00000000000006,95.0,319.00000000000165,small,1,partial,0,not_truncated,False,,,
0000117_00112_d_0000087.jpg,53,0,pedestrian,1,66,316.0,93.0,330.0,121.99999999999999,405.9999999999998,small,0,none,0,not_truncated,False,,,
0000117_00112_d_0000087.jpg,54,0,pedestrian,1,67,170.0,184.0,188.0,219.99999999999997,647.9999999999995,small,0,none,0,not_truncated,True,13,0.50648432970047,0.753510594367981
0000117_00112_d_0000087.jpg,55,0,pedestrian,1,68,36.00000000000001,196.99999999999997,52.00000000000001,235.00000000000003,608.0000000000009,small,0,none,0,not_truncated,False,,,
0000117_00112_d_0000087.jpg,56,0,pedestrian,1,69,54.0,201.0,69.0,233.99999999999997,494.99999999999955,small,0,none,0,not_truncated,False,,,
0000117_00112_d_0000087.jpg,57,0,pedestrian,1,70,43.0,192.0,59.99999999999999,228.00000000000003,612.0000000000002,small,1,partial,0,not_truncated,True,34,0.2958463430404663,0.5702314376831055
0000117_00112_d_0000087.jpg,58,0,pedestrian,1,75,85.0,154.0,101.00000000000001,189.0,560.0000000000005,small,0,none,0,not_truncated,True,18,0.42604881525039673,0.804156482219696
0000117_00112_d_0000087.jpg,59,0,pedestrian,1,76,109.00000000000001,140.0,123.0,172.0,447.99999999999955,small,0,none,0,not_truncated,True,16,0.4363144040107727,0.6695202589035034
0000117_00112_d_0000087.jpg,60,0,pedestrian,1,77,105.0,138.00000000000003,117.0,168.0,359.99999999999966,small,2,heavy,0,not_truncated,False,,,
0000117_00112_d_0000087.jpg,61,0,pedestrian,1,80,54.99999999999999,162.0,69.0,187.0,350.00000000000017,small,0,none,0,not_truncated,False,,,
0000117_00112_d_0000087.jpg,62,0,pedestrian,1,81,39.0,157.0,56.99999999999999,193.0,647.9999999999998,small,0,none,0,not_truncated,False,,,
0000117_00112_d_0000087.jpg,63,0,pedestrian,1,82,6.000000000000001,177.0,24.0,214.0,666.0,small,0,none,0,not_truncated,False,,,
0000117_00112_d_0000087.jpg,64,0,pedestrian,1,83,92.00000000000001,97.00000000000001,106.0,126.0,405.9999999999994,small,0,none,0,not_truncated,False,,,
0000117_00112_d_0000087.jpg,65,0,pedestrian,1,84,78.0,95.0,96.0,128.0,594.0,small,0,none,0,not_truncated,False,,,
0000117_00112_d_0000087.jpg,66,0,pedestrian,1,85,96.0,46.99999999999999,109.99999999999999,75.0,391.9999999999997,small,0,none,0,not_truncated,False,,,
0000117_00112_d_0000087.jpg,67,0,pedestrian,1,86,108.0,42.0,119.99999999999999,70.0,335.9999999999996,small,0,none,0,not_truncated,False,,,
0000117_00112_d_0000087.jpg,68,0,pedestrian,1,87,118.99999999999999,45.00000000000001,130.0,72.0,297.0000000000003,small,0,none,0,not_truncated,False,,,
0000117_00112_d_0000087.jpg,69,0,pedestrian,1,88,181.0,60.99999999999999,193.00000000000003,89.0,336.0000000000009,small,1,partial,0,not_truncated,False,,,
0000117_00112_d_0000087.jpg,70,0,pedestrian,1,89,198.0,64.0,207.99999999999997,84.0,199.99999999999943,small,0,none,0,not_truncated,False,,,
0000117_00112_d_0000087.jpg,71,0,pedestrian,1,90,202.0,53.0,215.00000000000003,79.99999999999999,351.00000000000057,small,1,partial,0,not_truncated,True,24,0.3484983742237091,0.6676584482192993
0000117_00112_d_0000087.jpg,72,0,pedestrian,1,91,216.99999999999997,72.0,230.0,105.00000000000001,429.00000000000114,small,1,partial,0,not_truncated,False,,,
0000117_00112_d_0000087.jpg,73,0,pedestrian,1,92,227.0,50.0,239.00000000000003,81.0,372.0000000000009,small,0,none,0,not_truncated,True,36,0.28896889090538025,0.8529552221298218
0000117_00112_d_0000087.jpg,74,0,pedestrian,1,93,245.0,71.0,257.00000000000006,97.0,312.0000000000015,small,0,none,0,not_truncated,False,,,
0000117_00112_d_0000087.jpg,75,0,pedestrian,1,94,268.0,107.0,285.0,135.99999999999997,492.99999999999955,small,0,none,0,not_truncated,False,,,
0000117_00112_d_0000087.jpg,76,0,pedestrian,1,95,259.0,103.0,272.0,127.99999999999999,324.99999999999983,small,1,partial,0,not_truncated,False,,,
0000117_00112_d_0000087.jpg,77,0,pedestrian,1,96,249.99999999999997,110.99999999999999,265.0,141.0,450.0000000000011,small,0,none,0,not_truncated,True,46,0.2695235311985016,0.6938304901123047
0000117_00112_d_0000087.jpg,78,0,pedestrian,1,97,155.0,136.0,168.99999999999997,164.0,391.9999999999992,small,1,partial,0,not_truncated,False,,,
0000117_00112_d_0000087.jpg,79,0,pedestrian,1,98,186.99999999999997,136.0,199.0,158.0,264.0000000000006,small,0,none,0,not_truncated,False,,,
0000117_00112_d_0000087.jpg,80,0,pedestrian,1,99,216.0,100.0,228.00000000000003,126.0,312.00000000000074,small,1,partial,0,not_truncated,False,,,
0000117_00112_d_0000087.jpg,81,0,pedestrian,1,100,205.99999999999997,109.0,217.00000000000003,133.0,264.00000000000136,small,1,partial,0,not_truncated,False,,,
0000117_00112_d_0000087.jpg,82,0,pedestrian,1,101,260.0,75.0,271.0,100.0,275.0,small,1,partial,0,not_truncated,True,54,0.25213587284088135,0.6645472645759583
0000117_00112_d_0000087.jpg,83,0,pedestrian,1,102,271.0,85.99999999999999,281.0,109.99999999999999,240.0,small,1,partial,0,not_truncated,False,,,
0000117_00112_d_0000087.jpg,84,0,pedestrian,1,103,239.00000000000003,89.0,248.99999999999997,115.0,259.9999999999985,small,1,partial,0,not_truncated,True,28,0.323509156703949,0.5345837473869324
0000117_00112_d_0000087.jpg,85,0,pedestrian,1,104,132.0,149.0,141.0,176.0,243.0,small,1,partial,0,not_truncated,False,,,
0000117_00112_d_0000087.jpg,86,0,pedestrian,1,105,138.0,156.0,152.99999999999997,187.00000000000003,464.99999999999955,small,1,partial,0,not_truncated,False,,,
0000117_00112_d_0000087.jpg,87,0,pedestrian,1,106,148.0,156.0,160.0,182.0,312.0,small,1,partial,0,not_truncated,False,,,
0000117_00112_d_0000087.jpg,88,0,pedestrian,1,107,148.0,165.0,161.0,195.0,390.0,small,1,partial,0,not_truncated,False,,,
0000117_00112_d_0000087.jpg,89,0,pedestrian,1,108,147.0,180.0,158.0,202.0,242.0,small,1,partial,0,not_truncated,False,,,
0000117_00112_d_0000087.jpg,90,0,pedestrian,1,109,167.0,171.0,178.0,198.00000000000003,297.00000000000034,small,1,partial,0,not_truncated,False,,,
0000117_00112_d_0000087.jpg,91,0,pedestrian,1,110,183.0,163.0,195.00000000000003,195.0,384.0000000000009,small,1,partial,0,not_truncated,False,,,
0000117_00112_d_0000087.jpg,92,0,pedestrian,1,111,186.99999999999997,168.0,205.0,206.0,684.0000000000011,small,0,none,0,not_truncated,True,48,0.26927438378334045,0.7782529592514038
0000117_00112_d_0000087.jpg,93,0,pedestrian,1,112,205.0,165.99999999999997,217.00000000000003,197.99999999999997,384.0000000000009,small,1,partial,0,not_truncated,False,,,
0000117_00112_d_0000087.jpg,94,0,pedestrian,1,113,208.99999999999997,159.0,220.0,190.0,341.0000000000009,small,1,partial,0,not_truncated,False,,,
0000117_00112_d_0000087.jpg,95,0,pedestrian,1,114,220.99999999999997,167.0,234.0,200.0,429.0000000000009,small,0,none,0,not_truncated,True,44,0.2735171616077423,0.7161093950271606
0000117_00112_d_0000087.jpg,96,0,pedestrian,1,115,295.99999999999994,192.0,309.0,219.99999999999997,364.0000000000012,small,0,none,0,not_truncated,False,,,
0000117_00112_d_0000087.jpg,97,0,pedestrian,1,116,262.0,174.0,277.0,207.0,495.0,small,0,none,0,not_truncated,False,,,
0000117_00112_d_0000087.jpg,98,0,pedestrian,1,117,239.99999999999997,172.0,257.0,208.00000000000003,612.0000000000015,small,0,none,0,not_truncated,False,,,
0000117_00112_d_0000087.jpg,99,0,pedestrian,1,118,285.0,189.0,294.99999999999994,214.0,249.99999999999858,small,1,partial,0,not_truncated,False,,,
0000117_00112_d_0000087.jpg,100,0,pedestrian,1,119,289.0,175.00000000000003,303.0,204.0,405.9999999999996,small,1,partial,0,not_truncated,True,23,0.3507345914840698,0.8803145885467529
0000117_00112_d_0000087.jpg,101,0,pedestrian,1,120,269.0,169.0,282.0,202.0,429.0,small,1,partial,0,not_truncated,True,35,0.29398462176322937,0.6033979654312134
0000117_00112_d_0000087.jpg,102,0,pedestrian,1,121,270.0,159.99999999999997,284.0,192.0,448.0000000000004,small,1,partial,0,not_truncated,False,,,
0000117_00112_d_0000087.jpg,103,0,pedestrian,1,122,258.0,155.0,269.0,183.99999999999997,318.99999999999966,small,1,partial,0,not_truncated,False,,,
0000117_00112_d_0000087.jpg,104,0,pedestrian,1,123,233.0,171.0,246.00000000000003,204.0,429.0000000000009,small,1,partial,0,not_truncated,False,,,
0000117_00112_d_0000087.jpg,105,0,pedestrian,1,124,241.99999999999997,154.0,255.0,183.99999999999997,390.00000000000045,small,1,partial,0,not_truncated,False,,,
0000117_00112_d_0000087.jpg,106,0,pedestrian,1,125,231.99999999999997,156.0,245.0,188.0,416.0000000000009,small,1,partial,0,not_truncated,False,,,
0000117_00112_d_0000087.jpg,107,0,pedestrian,1,126,195.0,33.99999999999999,206.00000000000003,59.0,275.0000000000008,small,0,none,0,not_truncated,True,51,0.2548593282699585,0.5070240497589111
0000117_00112_d_0000087.jpg,108,0,pedestrian,1,127,233.0,39.00000000000001,246.00000000000003,66.0,351.0000000000007,small,0,none,0,not_truncated,False,,,
0000117_00112_d_0000087.jpg,109,1,car,4,128,951.0000000000001,0.0,985.0,19.0,645.9999999999978,small,0,none,1,truncated,True,33,0.2989007830619812,0.7462907433509827
0000117_03096_d_0000091.jpg,0,0,pedestrian,1,3,253.0,325.0,272.0,365.0,760.0,small,0,none,0,not_truncated,True,6,0.5961173176765442,0.6871535181999207
0000117_03096_d_0000091.jpg,1,0,pedestrian,1,4,218.00000000000003,326.0,242.0,375.0,1175.9999999999986,medium,0,none,0,not_truncated,True,5,0.786234974861145,0.7410881519317627
0000117_03096_d_0000091.jpg,2,0,pedestrian,1,5,516.0,467.00000000000006,540.0,519.0,1247.9999999999986,medium,0,none,0,not_truncated,True,21,0.37013015151023865,0.661793053150177
0000117_03096_d_0000091.jpg,3,0,pedestrian,1,6,560.0,479.0,588.0,530.0,1428.0,medium,0,none,0,not_truncated,False,,,
0000117_03096_d_0000091.jpg,4,0,pedestrian,1,7,542.0,463.00000000000006,570.0,521.0,1623.9999999999984,medium,1,partial,0,not_truncated,False,,,
0000117_03096_d_0000091.jpg,5,0,pedestrian,1,8,706.0000000000001,484.0,729.0,541.0,1310.9999999999936,medium,0,none,0,not_truncated,True,8,0.5367845296859741,0.6442804336547852
0000117_03096_d_0000091.jpg,6,0,pedestrian,1,9,697.0000000000001,444.00000000000006,719.0,498.0,1187.9999999999927,medium,0,none,0,not_truncated,False,,,
0000117_03096_d_0000091.jpg,7,2,van,5,12,791.0000000000001,449.0,876.0000000000001,548.0,8415.0,medium,0,none,0,not_truncated,True,12,0.44811686873435974,0.8176091909408569
0000117_03096_d_0000091.jpg,8,1,car,4,13,717.9999999999999,259.0,765.0,299.0,1880.0000000000045,medium,0,none,0,not_truncated,True,4,0.7957111597061157,0.761583149433136
0000117_03096_d_0000091.jpg,9,1,car,4,14,449.0,330.0,524.0,390.0,4500.0,medium,0,none,0,not_truncated,True,0,0.9206664562225342,0.8215048313140869
0000117_03096_d_0000091.jpg,10,3,truck,6,15,294.0,220.00000000000003,439.99999999999994,347.0,18541.99999999999,large,1,partial,0,not_truncated,True,30,0.2828799784183502,0.8128933906555176
0000117_03096_d_0000091.jpg,11,3,truck,6,16,404.00000000000006,196.00000000000003,468.0,250.0,3455.999999999995,medium,1,partial,0,not_truncated,False,,,
0000117_03096_d_0000091.jpg,12,2,van,5,19,634.0,442.00000000000006,696.9999999999999,540.0,6173.999999999985,medium,0,none,0,not_truncated,True,15,0.4383567273616791,0.8422603607177734
0000117_03096_d_0000091.jpg,13,1,car,4,20,38.99999999999999,476.0,227.00000000000003,579.0,19364.000000000004,large,0,none,0,not_truncated,True,1,0.8248143792152405,0.9000110030174255
0000117_03096_d_0000091.jpg,14,1,car,4,21,210.0,376.0,312.0,448.99999999999994,7445.9999999999945,medium,0,none,0,not_truncated,True,16,0.4368075728416443,0.9062491059303284
0000117_03096_d_0000091.jpg,15,1,car,4,22,938.0,241.0,972.9999999999999,282.0,1434.9999999999955,medium,0,none,0,not_truncated,True,2,0.8246413469314575,0.7358809113502502
0000117_03096_d_0000091.jpg,16,1,car,4,23,923.0,232.00000000000003,951.9999999999999,260.0,811.999999999996,small,2,heavy,0,not_truncated,False,,,
0000117_03096_d_0000091.jpg,17,1,car,4,24,906.0000000000001,217.0,941.0,245.99999999999997,1014.9999999999957,small,2,heavy,0,not_truncated,True,17,0.43200814723968506,0.5381170511245728
0000117_03096_d_0000091.jpg,18,1,car,4,25,880.0,197.00000000000003,914.9999999999999,225.0,979.9999999999958,small,2,heavy,0,not_truncated,True,11,0.47783583402633667,0.6127429604530334
0000117_03096_d_0000091.jpg,19,1,car,4,26,842.0,161.0,873.9999999999999,184.0,735.9999999999974,small,2,heavy,0,not_truncated,True,10,0.4937252998352051,0.6738741397857666
0000153_01201_d_0000001.jpg,0,4,bus,9,2,450.0,221.0,463.99999999999994,240.00000000000003,265.9999999999993,small,0,none,0,not_truncated,False,,,
0000153_01201_d_0000001.jpg,1,0,pedestrian,1,3,476.0,217.99999999999997,480.0,226.0,32.000000000000114,small,0,none,0,not_truncated,False,,,
0000153_01201_d_0000001.jpg,2,1,car,4,12,480.0,261.0,497.0000000000001,274.0,221.00000000000148,small,0,none,0,not_truncated,True,0,0.7051082849502563,0.7385125160217285
0000153_01201_d_0000001.jpg,3,1,car,4,13,503.0,310.0,528.0,332.99999999999994,574.9999999999986,small,0,none,0,not_truncated,True,1,0.34418466687202454,0.8838118314743042
0000153_01201_d_0000001.jpg,4,1,car,4,14,503.0,295.99999999999994,526.0,314.0,414.0000000000013,small,1,partial,0,not_truncated,False,,,
0000153_01201_d_0000001.jpg,5,0,pedestrian,1,17,518.0,262.0,522.0,274.0,48.0,small,1,partial,0,not_truncated,False,,,
0000153_01201_d_0000001.jpg,6,0,pedestrian,1,33,365.0,249.00000000000003,370.0,262.0,64.99999999999986,small,1,partial,0,not_truncated,False,,,
0000153_01201_d_0000001.jpg,7,2,van,5,36,284.0,281.0,310.0,305.00000000000006,624.0000000000015,small,1,partial,0,not_truncated,False,,,
0000153_01201_d_0000001.jpg,8,0,pedestrian,1,40,257.0,324.99999999999994,264.0,343.0,126.0000000000004,small,1,partial,0,not_truncated,False,,,
0000153_01201_d_0000001.jpg,9,0,pedestrian,1,45,158.0,376.0,173.0,409.99999999999994,509.99999999999915,small,1,partial,0,not_truncated,False,,,
0000153_01201_d_0000001.jpg,10,0,pedestrian,1,47,15.0,465.0,36.0,512.0,987.0,small,0,none,0,not_truncated,False,,,
0000153_01201_d_0000001.jpg,11,0,pedestrian,1,50,616.0,296.0,627.0,315.0,209.0,small,1,partial,0,not_truncated,False,,,
0000153_01201_d_0000001.jpg,12,2,van,5,51,621.0,296.0,651.0,321.0,750.0,small,1,partial,0,not_truncated,False,,,
0000153_01201_d_0000001.jpg,13,0,pedestrian,1,52,524.0,246.0,529.0,258.0,60.0,small,0,none,0,not_truncated,False,,,
0000154_00401_d_0000001.jpg,0,1,car,4,3,472.0,369.0,510.99999999999994,413.99999999999994,1754.9999999999952,medium,0,none,0,not_truncated,True,0,0.873045802116394,0.888737678527832
0000154_00401_d_0000001.jpg,1,2,van,5,27,666.9999999999999,354.0,714.0,393.0,1833.0000000000045,medium,0,none,0,not_truncated,True,4,0.6848329305648804,0.9191593527793884
0000154_00401_d_0000001.jpg,2,1,car,4,30,542.0,292.99999999999994,565.9999999999999,314.0,503.999999999999,small,0,none,0,not_truncated,True,1,0.8108788132667542,0.8606933355331421
0000154_00401_d_0000001.jpg,3,1,car,4,31,527.9999999999999,269.00000000000006,550.0,289.0,440.000000000001,small,0,none,0,not_truncated,True,6,0.43165916204452515,0.8403001427650452
0000154_00401_d_0000001.jpg,4,1,car,4,32,515.0,239.0,527.9999999999999,248.99999999999997,129.9999999999985,small,0,none,0,not_truncated,True,3,0.7331968545913696,0.773037850856781
0000154_00401_d_0000001.jpg,5,3,truck,6,33,722.0,344.0,781.0,388.0,2596.0,medium,1,partial,0,not_truncated,False,,,
0000154_00401_d_0000001.jpg,6,2,van,5,35,647.0,294.0,674.0,323.00000000000006,783.0000000000016,small,1,partial,0,not_truncated,False,,,
0000154_00401_d_0000001.jpg,7,1,car,4,38,607.0,267.0,633.0,286.0,494.0,small,1,partial,0,not_truncated,False,,,
0000154_00401_d_0000001.jpg,8,2,van,5,39,586.0,244.0,605.0,262.0,342.0,small,1,partial,0,not_truncated,False,,,
0000154_00401_d_0000001.jpg,9,2,van,5,40,566.0,228.0,578.9999999999999,244.99999999999997,220.9999999999977,small,1,partial,0,not_truncated,False,,,
0000154_00401_d_0000001.jpg,10,3,truck,6,45,895.0,498.00000000000006,959.0,540.0,2687.9999999999964,medium,1,partial,1,truncated,False,,,
0000154_00401_d_0000001.jpg,11,0,pedestrian,1,49,717.0,315.0,728.0,337.0,242.0,small,2,heavy,0,not_truncated,False,,,
0000154_00401_d_0000001.jpg,12,1,car,4,60,454.00000000000006,226.0,466.0,235.99999999999997,119.99999999999909,small,0,none,0,not_truncated,False,,,
0000154_00401_d_0000001.jpg,13,1,car,4,61,465.0,215.0,474.99999999999994,223.0,79.99999999999955,small,0,none,0,not_truncated,False,,,
0000154_02001_d_0000001.jpg,0,1,car,4,1,286.0,380.0,335.0,424.0,2156.0,medium,0,none,0,not_truncated,True,4,0.8449273109436035,0.9071323275566101
0000154_02001_d_0000001.jpg,1,1,car,4,2,341.0,317.0,366.0,345.0,700.0,small,0,none,0,not_truncated,True,2,0.8675370812416077,0.8550474047660828
0000154_02001_d_0000001.jpg,2,1,car,4,3,425.0,327.00000000000006,453.0,353.0,727.9999999999984,small,0,none,0,not_truncated,True,0,0.879612922668457,0.8790189623832703
0000154_02001_d_0000001.jpg,3,1,car,4,4,518.0,343.99999999999994,551.0,373.0,957.0000000000018,small,0,none,0,not_truncated,True,3,0.8638868927955627,0.7703079581260681
0000154_02001_d_0000001.jpg,4,2,van,5,5,413.0,300.0,440.0,322.0,594.0,small,0,none,0,not_truncated,False,,,
0000154_02001_d_0000001.jpg,5,1,car,4,6,397.0,280.00000000000006,429.0,295.0,479.9999999999982,small,0,none,0,not_truncated,True,7,0.5932952165603638,0.7993173599243164
0000154_02001_d_0000001.jpg,6,1,car,4,7,218.00000000000003,368.0,263.0,406.0,1709.9999999999989,medium,0,none,0,not_truncated,True,1,0.8736776113510132,0.8408430218696594
0000154_02001_d_0000001.jpg,7,1,car,4,8,256.0,345.0,290.0,377.0,1088.0,medium,1,partial,0,not_truncated,True,6,0.6949077248573303,0.6808956861495972
0000154_02001_d_0000001.jpg,8,1,car,4,9,385.0,259.0,398.0,272.0,169.0,small,1,partial,0,not_truncated,False,,,
0000154_02001_d_0000001.jpg,9,1,car,4,10,361.0,255.0,377.00000000000006,269.0,224.0000000000008,small,1,partial,0,not_truncated,True,11,0.48253902792930603,0.8516855835914612
0000154_02001_d_0000001.jpg,10,1,car,4,11,464.0,264.0,475.0,276.0,132.0,small,0,none,0,not_truncated,False,,,
0000154_02001_d_0000001.jpg,11,1,car,4,12,448.0,246.99999999999997,461.0,259.0,156.00000000000037,small,0,none,0,not_truncated,True,20,0.2787242531776428,0.5455603003501892
0000154_02001_d_0000001.jpg,12,2,van,5,14,0.0,386.0,116.0,469.0,9628.0,large,0,none,1,truncated,True,9,0.522986114025116,0.9353651404380798
0000154_02001_d_0000001.jpg,13,1,car,4,15,55.99999999999999,492.00000000000006,148.0,540.0,4415.9999999999945,medium,0,none,1,truncated,True,12,0.45838335156440735,0.7275117039680481
0000154_02001_d_0000001.jpg,14,0,pedestrian,1,17,70.0,482.0,86.0,530.0,768.0,small,1,partial,0,not_truncated,False,,,
0000154_02001_d_0000001.jpg,15,0,pedestrian,1,18,77.0,474.0,91.0,515.0,574.0,small,1,partial,0,not_truncated,True,8,0.5699504017829895,0.6728110313415527
0000154_02001_d_0000001.jpg,16,0,pedestrian,1,19,121.0,477.0,137.0,513.0,576.0,small,2,heavy,0,not_truncated,False,,,
0000154_02001_d_0000001.jpg,17,0,pedestrian,1,20,103.0,480.00000000000006,122.99999999999999,511.0,619.9999999999984,small,2,heavy,0,not_truncated,False,,,
0000154_02001_d_0000001.jpg,18,0,pedestrian,1,21,125.00000000000001,485.0,139.0,525.0,559.9999999999994,small,2,heavy,0,not_truncated,False,,,
0000154_02001_d_0000001.jpg,19,1,car,4,68,290.0,262.0,307.0,276.00000000000006,238.00000000000097,small,1,partial,0,not_truncated,False,,,
0000154_02001_d_0000001.jpg,20,1,car,4,69,252.0,260.0,280.0,274.0,392.0,small,1,partial,0,not_truncated,False,,,
0000154_02001_d_0000001.jpg,21,1,car,4,70,223.0,269.0,259.0,283.0,504.0,small,2,heavy,0,not_truncated,False,,,
0000154_02001_d_0000001.jpg,22,0,pedestrian,1,75,64.0,370.0,79.0,401.0,465.0,small,1,partial,0,not_truncated,False,,,
0000155_01201_d_0000001.jpg,0,0,pedestrian,1,1,358.0,108.99999999999999,362.0,119.0,40.00000000000006,small,0,none,0,not_truncated,False,,,
0000155_01201_d_0000001.jpg,1,1,car,4,2,411.00000000000006,97.99999999999999,421.0,106.0,79.99999999999969,small,0,none,0,not_truncated,False,,,
0000155_01201_d_0000001.jpg,2,1,car,4,3,404.0,117.0,415.99999999999994,126.99999999999999,119.99999999999926,small,0,none,0,not_truncated,True,12,0.28490743041038513,0.6675291657447815
0000155_01201_d_0000001.jpg,3,1,car,4,5,387.0,88.0,395.0,95.0,56.0,small,0,none,0,not_truncated,False,,,
0000155_01201_d_0000001.jpg,4,1,car,4,6,317.00000000000006,124.0,331.0,138.0,195.9999999999992,small,1,partial,0,not_truncated,True,10,0.36674246191978455,0.7997713685035706
0000155_01201_d_0000001.jpg,5,1,car,4,7,298.99999999999994,141.0,315.0,152.0,176.00000000000063,small,1,partial,0,not_truncated,True,13,0.26477617025375366,0.6378644108772278
0000155_01201_d_0000001.jpg,6,1,car,4,8,297.0,144.99999999999997,314.0,160.0,255.00000000000048,small,1,partial,0,not_truncated,True,7,0.52544766664505,0.8394306302070618
0000155_01201_d_0000001.jpg,7,1,car,4,9,470.00000000000006,129.0,484.0,142.99999999999997,195.9999999999988,small,1,partial,0,not_truncated,False,,,
0000155_01201_d_0000001.jpg,8,0,pedestrian,1,12,480.99999999999994,158.0,487.0,173.0,90.00000000000085,small,0,none,0,not_truncated,False,,,
0000155_01201_d_0000001.jpg,9,1,car,4,51,518.0,235.99999999999997,555.0,267.0,1147.0000000000011,medium,1,partial,0,not_truncated,True,3,0.7905506491661072,0.8618754148483276
0000155_01201_d_0000001.jpg,10,1,car,4,52,532.0,260.0,574.0,292.0,1344.0,medium,0,none,0,not_truncated,True,2,0.9016805291175842,0.906273365020752
0000155_01201_d_0000001.jpg,11,1,car,4,53,559.0,310.0,619.0,360.0,3000.0,medium,0,none,0,not_truncated,True,1,0.9096792340278625,0.9567293524742126
0000155_01201_d_0000001.jpg,12,0,pedestrian,1,54,687.0,343.0,697.0,364.00000000000006,210.00000000000057,small,0,none,0,not_truncated,False,,,
0000155_01201_d_0000001.jpg,13,0,pedestrian,1,55,694.0,322.0,711.0000000000001,358.0,612.0000000000041,small,1,partial,0,not_truncated,False,,,
0000155_01201_d_0000001.jpg,14,2,van,5,61,397.0,164.0,441.0,187.00000000000003,1012.0000000000013,small,0,none,0,not_truncated,False,,,
0000155_01201_d_0000001.jpg,15,1,car,4,62,417.0,199.0,442.0,222.00000000000003,575.0000000000007,small,0,none,0,not_truncated,True,5,0.6905083656311035,0.9034820795059204
0000155_01201_d_0000001.jpg,16,1,car,4,63,417.0,269.99999999999994,456.00000000000006,306.99999999999994,1443.000000000002,medium,0,none,0,not_truncated,True,0,0.9142491221427917,0.9636718034744263
0000155_01201_d_0000001.jpg,17,1,car,4,64,293.99999999999994,190.0,320.0,216.0,676.0000000000015,small,1,partial,0,not_truncated,True,6,0.6247361898422241,0.8103216290473938
0000155_01201_d_0000001.jpg,18,0,pedestrian,1,71,91.0,316.0,107.0,351.99999999999994,575.9999999999991,small,1,partial,0,not_truncated,False,,,
0000155_01201_d_0000001.jpg,19,4,bus,9,74,458.99999999999994,459.00000000000006,516.9999999999999,540.0,4697.999999999992,medium,0,none,1,truncated,True,9,0.42007899284362793,0.9077735543251038
0000155_01201_d_0000001.jpg,20,0,pedestrian,1,75,0.0,371.0,12.0,414.0,516.0,small,1,partial,1,truncated,False,,,
0000155_01201_d_0000001.jpg,21,1,car,4,98,266.0,158.00000000000003,291.0,175.0,424.9999999999993,small,2,heavy,0,not_truncated,False,,,
0000155_01201_d_0000001.jpg,22,1,car,4,102,455.0,105.0,466.0,113.00000000000001,88.00000000000016,small,2,heavy,0,not_truncated,False,,,
0000162_00801_d_0000001.jpg,0,2,van,5,3,507.00000000000006,103.0,512.0,111.00000000000001,39.999999999999616,small,0,none,0,not_truncated,False,,,
0000162_00801_d_0000001.jpg,1,1,car,4,6,503.00000000000006,131.0,512.0,139.0,71.99999999999955,small,0,none,0,not_truncated,False,,,
0000162_00801_d_0000001.jpg,2,1,car,4,7,482.0,121.0,493.99999999999994,132.0,131.99999999999937,small,0,none,0,not_truncated,False,,,
0000162_00801_d_0000001.jpg,3,3,truck,6,10,501.99999999999994,140.00000000000003,523.0,171.0,651.0000000000011,small,0,none,0,not_truncated,True,2,0.7957442998886108,0.9114275574684143
0000162_00801_d_0000001.jpg,4,2,van,5,11,522.0,167.00000000000003,536.0,185.0,251.9999999999996,small,0,none,0,not_truncated,False,,,
0000162_00801_d_0000001.jpg,5,1,car,4,12,504.99999999999994,186.0,527.9999999999999,205.0,436.9999999999989,small,0,none,0,not_truncated,True,10,0.3349331319332123,0.8112340569496155
0000162_00801_d_0000001.jpg,6,3,truck,6,23,687.0,330.0,792.0,441.0,11655.0,large,0,none,0,not_truncated,True,7,0.5203219056129456,0.9697210788726807
0000162_00801_d_0000001.jpg,7,1,car,4,24,214.0,320.0,276.0,367.0,2914.0,medium,0,none,0,not_truncated,True,4,0.695507824420929,0.8518490195274353
0000162_00801_d_0000001.jpg,8,2,van,5,25,0.0,367.00000000000006,77.0,423.0,4311.999999999995,medium,0,none,1,truncated,True,0,0.9162049889564514,0.9248567819595337
0000162_00801_d_0000001.jpg,9,2,van,5,27,354.99999999999994,213.00000000000003,386.0,244.0,961.0000000000009,small,0,none,0,not_truncated,False,,,
0000162_00801_d_0000001.jpg,10,1,car,4,29,352.0,204.0,379.0,224.99999999999997,566.9999999999992,small,1,partial,0,not_truncated,False,,,
0000162_00801_d_0000001.jpg,11,1,car,4,30,389.0,180.0,413.99999999999994,198.0,449.999999999999,small,1,partial,0,not_truncated,True,9,0.3775410056114197,0.5886342525482178
0000162_00801_d_0000001.jpg,12,1,car,4,31,391.0,171.0,411.00000000000006,183.0,240.00000000000068,small,1,partial,0,not_truncated,False,,,
0000162_00801_d_0000001.jpg,13,0,pedestrian,1,33,595.0,202.99999999999997,605.0,219.0,160.00000000000028,small,0,none,0,not_truncated,False,,,
0000162_00801_d_0000001.jpg,14,1,car,4,34,588.0,186.99999999999997,607.0,203.0,304.00000000000057,small,1,partial,0,not_truncated,True,12,0.28742730617523193,0.708952784538269
0000162_00801_d_0000001.jpg,15,2,van,5,35,567.0,153.99999999999997,581.0,170.0,224.0000000000004,small,1,partial,0,not_truncated,False,,,
0000162_00801_d_0000001.jpg,16,3,truck,6,36,276.0,338.00000000000006,375.0,441.0,10196.999999999995,large,0,none,0,not_truncated,True,1,0.8534074425697327,0.866266131401062
0000162_00801_d_0000001.jpg,17,1,car,4,40,83.0,306.0,157.0,333.0,1998.0,medium,2,heavy,0,not_truncated,False,,,
0000165_04325_d_0000105.jpg,0,1,car,4,1,1165.0,887.0,1255.0,965.0,7020.0,medium,1,partial,0,not_truncated,True,2,0.8268603086471558,0.8405400514602661
0000165_04325_d_0000105.jpg,1,3,truck,6,2,1137.0,767.0,1353.0,881.0,24624.0,large,2,heavy,0,not_truncated,False,,,
0000165_04325_d_0000105.jpg,2,1,car,4,3,422.99999999999994,979.9999999999999,602.0,1078.0,17542.000000000025,large,0,none,1,truncated,True,0,0.9253798127174377,0.9651858806610107
0000165_04325_d_0000105.jpg,3,1,car,4,4,527.9999999999999,894.0000000000001,658.0,990.0,12479.999999999996,large,1,partial,0,not_truncated,True,4,0.6080092191696167,0.9544216990470886
0000165_04325_d_0000105.jpg,4,1,car,4,11,711.0,732.0,775.0,785.0,3392.0,medium,1,partial,0,not_truncated,True,14,0.2577829658985138,0.5888525247573853
0000165_04325_d_0000105.jpg,5,1,car,4,12,725.0,719.0,782.0,761.0000000000001,2394.0000000000064,medium,2,heavy,0,not_truncated,True,9,0.3270218074321747,0.7272118926048279
0000165_04325_d_0000105.jpg,6,1,car,4,13,771.0,677.0,811.0,708.0,1240.0,medium,0,none,0,not_truncated,True,7,0.33678629994392395,0.8809893727302551
0000165_04325_d_0000105.jpg,7,1,car,4,15,823.0,708.0,879.0,753.9999999999999,2575.9999999999936,medium,0,none,0,not_truncated,True,1,0.8540277481079102,0.8862091898918152
0000165_04325_d_0000105.jpg,8,1,car,4,16,879.0,669.0,917.9999999999999,700.0,1208.9999999999964,medium,0,none,0,not_truncated,True,3,0.7519766092300415,0.7853849530220032
0000165_04325_d_0000105.jpg,9,1,car,4,17,830.0,661.0,865.0,687.0000000000001,910.000000000004,small,0,none,0,not_truncated,True,6,0.49620363116264343,0.6350163817405701
0000165_04325_d_0000105.jpg,10,1,car,4,20,895.0,645.0,925.0,673.0,840.0,small,1,partial,0,not_truncated,True,12,0.2928621768951416,0.6861228942871094
0000165_04325_d_0000105.jpg,11,1,car,4,25,847.0,651.0000000000001,878.0,678.0,836.9999999999965,small,2,heavy,0,not_truncated,False,,,
0000165_04325_d_0000105.jpg,12,1,car,4,26,859.0000000000001,633.0,883.0,657.0,575.9999999999973,small,2,heavy,0,not_truncated,False,,,
0000165_04325_d_0000105.jpg,13,0,pedestrian,1,27,834.0,620.0,849.0,648.0,420.0,small,1,partial,0,not_truncated,False,,,
0000193_01705_d_0000112.jpg,0,1,car,4,4,889.0,232.0,949.9999999999999,258.0,1585.999999999997,medium,1,partial,0,not_truncated,True,5,0.8583726286888123,0.8959415555000305
0000193_01705_d_0000112.jpg,1,1,car,4,5,815.0,239.0,882.0000000000001,266.0,1809.0000000000032,medium,0,none,0,not_truncated,True,2,0.8839497566223145,0.9361724853515625
0000193_01705_d_0000112.jpg,2,2,van,5,6,788.0,221.0,844.9999999999999,251.00000000000003,1709.9999999999982,medium,1,partial,0,not_truncated,True,7,0.7147173881530762,0.8373628258705139
0000193_01705_d_0000112.jpg,3,0,pedestrian,1,8,808.0,180.0,814.0000000000001,198.0,108.00000000000205,small,1,partial,0,not_truncated,False,,,
0000193_01705_d_0000112.jpg,4,2,van,5,9,823.0,190.0,869.0,211.0,966.0,small,2,heavy,0,not_truncated,False,,,
0000193_01705_d_0000112.jpg,5,1,car,4,10,715.0,201.0,762.0000000000001,220.99999999999997,940.0000000000009,small,1,partial,0,not_truncated,True,9,0.48689112067222595,0.8558934926986694
0000193_01705_d_0000112.jpg,6,1,car,4,11,749.0,244.0,806.0,271.0,1539.0,medium,0,none,0,not_truncated,True,3,0.8724386692047119,0.882567822933197
0000193_01705_d_0000112.jpg,7,1,car,4,12,704.0,229.0,767.0,260.0,1953.0,medium,1,partial,0,not_truncated,True,15,0.28286904096603394,0.9452025890350342
0000193_01705_d_0000112.jpg,8,0,pedestrian,1,17,694.0,224.99999999999997,700.0000000000001,241.0,96.00000000000199,small,1,partial,0,not_truncated,False,,,
0000193_01705_d_0000112.jpg,9,1,car,4,29,549.0,397.0,650.0,455.0,5858.0,medium,0,none,0,not_truncated,True,0,0.9195632338523865,0.9236407279968262
0000193_01705_d_0000112.jpg,10,3,truck,6,33,504.0,194.0,578.0000000000001,220.00000000000003,1924.000000000005,medium,0,none,0,not_truncated,False,,,
0000193_01705_d_0000112.jpg,11,0,pedestrian,1,36,514.0000000000001,229.0,527.0,251.0,285.9999999999975,small,0,none,0,not_truncated,False,,,
0000193_01705_d_0000112.jpg,12,3,truck,6,47,465.99999999999994,182.0,499.0,204.0,726.0000000000013,small,1,partial,0,not_truncated,False,,,
0000193_01705_d_0000112.jpg,13,1,car,4,50,413.0,272.00000000000006,454.0,303.0,1270.9999999999977,medium,0,none,0,not_truncated,True,6,0.8455941677093506,0.8895593285560608
0000193_01705_d_0000112.jpg,14,0,pedestrian,1,62,346.0,171.00000000000003,352.0,188.0,101.99999999999983,small,0,none,0,not_truncated,False,,,
0000193_01705_d_0000112.jpg,15,1,car,4,70,281.0,238.0,328.0,274.0,1692.0,medium,0,none,0,not_truncated,True,1,0.9022409915924072,0.9293885827064514
0000193_01705_d_0000112.jpg,16,1,car,4,77,0.0,395.0,47.0,444.00000000000006,2303.0000000000027,medium,1,partial,1,truncated,True,10,0.4668383002281189,0.8993337154388428
0000193_01705_d_0000112.jpg,17,1,car,4,79,217.0,195.99999999999997,252.0,223.0,945.000000000001,small,0,none,0,not_truncated,True,4,0.8700889945030212,0.8891311287879944
0000193_01705_d_0000112.jpg,18,0,pedestrian,1,91,273.0,161.0,278.0,175.0,70.0,small,1,partial,0,not_truncated,False,,,
0000193_01705_d_0000112.jpg,19,0,pedestrian,1,92,306.0,179.0,311.0,197.0,90.0,small,0,none,0,not_truncated,False,,,
0000193_01705_d_0000112.jpg,20,0,pedestrian,1,99,223.0,144.0,227.0,159.0,60.0,small,1,partial,0,not_truncated,False,,,
0000193_01705_d_0000112.jpg,21,1,car,4,102,145.0,157.0,176.0,176.99999999999997,619.9999999999991,small,1,partial,0,not_truncated,True,14,0.315344899892807,0.7256920337677002
0000193_01705_d_0000112.jpg,22,0,pedestrian,1,111,116.0,220.0,124.00000000000001,242.0,176.0000000000003,small,0,none,0,not_truncated,False,,,
0000193_01705_d_0000112.jpg,23,0,pedestrian,1,119,126.0,198.99999999999997,131.99999999999997,219.0,119.9999999999996,small,1,partial,0,not_truncated,False,,,
0000193_02606_d_0000117.jpg,0,0,pedestrian,1,1,459.0,407.00000000000006,476.0,435.0,475.99999999999903,small,0,none,0,not_truncated,False,,,
0000193_02606_d_0000117.jpg,1,0,pedestrian,1,21,485.00000000000006,129.0,489.99999999999994,140.00000000000003,54.99999999999889,small,1,partial,0,not_truncated,False,,,
0000193_02606_d_0000117.jpg,2,0,pedestrian,1,43,595.9999999999999,474.0,613.0,506.00000000000006,544.0000000000047,small,1,partial,0,not_truncated,False,,,
0000193_02606_d_0000117.jpg,3,0,pedestrian,1,44,582.0000000000001,471.0,595.0,501.0,389.9999999999966,small,1,partial,0,not_truncated,False,,,
0000193_02606_d_0000117.jpg,4,1,car,4,48,486.0,163.0,500.00000000000006,180.0,238.00000000000097,small,1,partial,0,not_truncated,False,,,
0000194_00399_d_0000121.jpg,0,0,pedestrian,1,93,613.0,213.99999999999997,617.9999999999999,226.0,59.99999999999878,small,1,partial,0,not_truncated,False,,,
0000194_00399_d_0000121.jpg,1,0,pedestrian,1,94,617.0,215.99999999999997,621.9999999999999,228.0,59.99999999999878,small,1,partial,0,not_truncated,False,,,
0000194_00399_d_0000121.jpg,2,0,pedestrian,1,95,628.0,219.0,638.0000000000001,234.0,150.0000000000017,small,1,partial,0,not_truncated,False,,,
0000194_00399_d_0000121.jpg,3,0,pedestrian,1,96,649.0,221.0,653.9999999999999,239.0,89.99999999999795,small,1,partial,0,not_truncated,False,,,
0000194_00399_d_0000121.jpg,4,1,car,4,100,882.0,276.00000000000006,952.0,302.0,1819.999999999996,medium,0,none,0,not_truncated,True,1,0.8911470770835876,0.909672200679779
0000194_00399_d_0000121.jpg,5,2,van,5,101,98.0,375.0,183.00000000000003,421.0,3910.0000000000014,medium,0,none,0,not_truncated,False,,,
0000194_00399_d_0000121.jpg,6,2,van,5,102,127.0,351.99999999999994,200.0,393.0,2993.000000000004,medium,1,partial,0,not_truncated,False,,,
0000194_00399_d_0000121.jpg,7,1,car,4,103,32.0,341.0,111.0,377.0,2844.0,medium,0,none,0,not_truncated,True,0,0.9132248759269714,0.952692985534668
0000194_00399_d_0000121.jpg,8,1,car,4,104,0.0,330.0,32.0,367.0,1184.0,medium,0,none,1,truncated,True,3,0.7690448760986328,0.8838423490524292
0000194_00399_d_0000121.jpg,9,1,car,4,106,0.0,209.00000000000003,32.0,230.0,671.9999999999991,small,1,partial,1,truncated,True,20,0.377555787563324,0.7657122611999512
0000194_00399_d_0000121.jpg,10,0,pedestrian,1,111,32.99999999999999,182.99999999999997,40.0,199.0,112.00000000000031,small,1,partial,0,not_truncated,False,,,
0000194_00399_d_0000121.jpg,11,1,car,4,115,320.0,183.0,346.0,201.0,468.0,small,1,partial,0,not_truncated,True,4,0.7635158896446228,0.8955243229866028
0000194_00399_d_0000121.jpg,12,2,van,5,116,370.0,173.99999999999997,402.0,193.0,608.0000000000009,small,1,partial,0,not_truncated,False,,,
0000194_00399_d_0000121.jpg,13,2,van,5,117,390.0,160.0,408.00000000000006,183.0,414.0000000000013,small,1,partial,0,not_truncated,False,,,
0000194_00399_d_0000121.jpg,14,1,car,4,118,355.99999999999994,150.0,374.0,164.0,252.0000000000008,small,0,none,0,not_truncated,False,,,
0000194_00399_d_0000121.jpg,15,1,car,4,120,391.0,148.0,412.0,164.99999999999997,356.99999999999943,small,1,partial,0,not_truncated,False,,,
0000194_00399_d_0000121.jpg,16,2,van,5,121,456.00000000000006,194.0,475.0,220.00000000000003,493.99999999999903,small,0,none,0,not_truncated,False,,,
0000194_00399_d_0000121.jpg,17,1,car,4,122,460.0,167.00000000000003,477.0,185.0,305.99999999999955,small,1,partial,0,not_truncated,False,,,
0000194_00399_d_0000121.jpg,18,1,car,4,123,458.0,155.99999999999997,476.0,172.0,288.0000000000005,small,1,partial,0,not_truncated,False,,,
0000194_00399_d_0000121.jpg,19,1,car,4,124,454.0,142.0,470.00000000000006,158.00000000000003,256.00000000000136,small,1,partial,0,not_truncated,True,11,0.6177597045898438,0.7626690864562988
0000194_00399_d_0000121.jpg,20,1,car,4,125,452.00000000000006,126.0,466.0,141.0,209.99999999999915,small,1,partial,0,not_truncated,True,15,0.44232094287872314,0.7495148777961731
0000194_00399_d_0000121.jpg,21,1,car,4,126,452.00000000000006,120.0,466.0,133.0,181.99999999999926,small,1,partial,0,not_truncated,False,,,
0000194_00399_d_0000121.jpg,22,1,car,4,127,453.00000000000006,114.0,465.0,127.0,155.99999999999926,small,1,partial,0,not_truncated,False,,,
0000194_00399_d_0000121.jpg,23,1,car,4,128,488.0,162.0,505.00000000000006,175.99999999999997,238.0000000000003,small,0,none,0,not_truncated,True,8,0.6770380735397339,0.7878478765487671
0000194_00399_d_0000121.jpg,24,2,van,5,129,512.0,164.0,527.0,178.0,210.0,small,0,none,0,not_truncated,False,,,
0000194_00399_d_0000121.jpg,25,4,bus,9,130,464.0,92.0,484.0,118.99999999999999,539.9999999999998,small,1,partial,0,not_truncated,False,,,
0000194_00399_d_0000121.jpg,26,1,car,4,131,460.0,93.0,471.00000000000006,102.0,99.00000000000051,small,2,heavy,0,not_truncated,False,,,
0000194_00399_d_0000121.jpg,27,2,van,5,138,451.0,55.00000000000001,458.0,64.0,62.99999999999995,small,1,partial,0,not_truncated,False,,,
0000194_00399_d_0000121.jpg,28,0,pedestrian,1,139,455.0,47.0,458.0,52.99999999999999,17.99999999999998,small,0,none,0,not_truncated,False,,,
0000194_00399_d_0000121.jpg,29,2,van,5,141,347.00000000000006,100.0,359.0,111.0,131.99999999999937,small,1,partial,0,not_truncated,False,,,
0000194_00399_d_0000121.jpg,30,2,van,5,142,358.0,87.99999999999999,369.0,99.0,121.00000000000016,small,1,partial,0,not_truncated,False,,,
0000194_00399_d_0000121.jpg,31,2,van,5,144,595.0000000000001,159.0,626.0,173.0,433.9999999999984,small,1,partial,0,not_truncated,False,,,
0000194_00399_d_0000121.jpg,32,0,pedestrian,1,145,679.0,182.0,687.0,198.00000000000003,128.00000000000023,small,1,partial,0,not_truncated,False,,,
0000194_01192_d_0000125.jpg,0,1,car,4,1,174.0,441.0,235.0,515.0,4514.0,medium,0,none,0,not_truncated,True,1,0.7726459503173828,0.8733993768692017
0000194_01192_d_0000125.jpg,1,1,car,4,2,21.000000000000004,482.0,76.0,540.0,3190.0,medium,0,none,1,truncated,True,0,0.8349020481109619,0.9064084887504578
0000194_01192_d_0000125.jpg,2,2,van,5,3,231.99999999999997,387.99999999999994,290.0,456.0,3944.0000000000055,medium,1,partial,0,not_truncated,True,3,0.6842328310012817,0.8634114265441895
0000194_01192_d_0000125.jpg,3,1,car,4,4,282.0,306.0,331.0,366.0,2940.0,medium,2,heavy,0,not_truncated,False,,,
0000194_01192_d_0000125.jpg,4,1,car,4,5,722.0,411.0,797.0,458.0,3525.0,medium,1,partial,0,not_truncated,False,,,
0000194_01192_d_0000125.jpg,5,1,car,4,7,441.00000000000006,169.0,464.0,196.0,620.9999999999984,small,2,heavy,0,not_truncated,True,5,0.2636106014251709,0.5908095836639404
0000194_01192_d_0000125.jpg,6,0,pedestrian,1,16,527.9999999999999,287.0,538.0,303.0,160.00000000000182,small,1,partial,0,not_truncated,False,,,
0000194_01192_d_0000125.jpg,7,0,pedestrian,1,17,533.0,283.00000000000006,541.0,303.0,159.99999999999955,small,1,partial,0,not_truncated,False,,,
0000194_01192_d_0000125.jpg,8,0,pedestrian,1,18,541.0,284.0,549.0,303.99999999999994,159.99999999999955,small,1,partial,0,not_truncated,False,,,
0000213_03478_d_0000242.jpg,0,1,car,4,2,971.0,493.00000000000006,1035.0,591.0,6271.999999999996,medium,0,none,0,not_truncated,False,,,
0000213_03478_d_0000242.jpg,1,2,van,5,3,1047.0,423.0,1192.0,529.0,15370.0,large,1,partial,0,not_truncated,True,6,0.8179553151130676,0.9436786770820618
0000213_03478_d_0000242.jpg,2,1,car,4,7,0.0,638.0,137.0,725.0000000000001,11919.000000000016,large,0,none,1,truncated,True,9,0.8103484511375427,0.9344512224197388
0000213_03478_d_0000242.jpg,3,1,car,4,8,163.0,508.0,313.0,661.0,22950.0,large,1,partial,0,not_truncated,True,2,0.8980967402458191,0.9395884275436401
0000213_03478_d_0000242.jpg,4,1,car,4,9,174.0,425.0,321.0,496.99999999999994,10583.99999999999,large,1,partial,0,not_truncated,True,16,0.7570219039916992,0.9406792521476746
0000213_03478_d_0000242.jpg,5,2,van,5,10,226.00000000000003,390.00000000000006,380.0,454.0,9855.999999999989,large,1,partial,0,not_truncated,False,,,
0000213_03478_d_0000242.jpg,6,1,car,4,11,385.00000000000006,330.0,446.0,401.0,4330.999999999996,medium,0,none,0,not_truncated,True,1,0.9036681652069092,0.9180066585540771
0000213_03478_d_0000242.jpg,7,1,car,4,13,379.0,283.0,431.0,334.0,2652.0,medium,1,partial,0,not_truncated,True,14,0.7664746046066284,0.9086178541183472
0000213_03478_d_0000242.jpg,8,1,car,4,14,411.00000000000006,241.0,463.0,290.0,2547.9999999999973,medium,1,partial,0,not_truncated,True,0,0.9078075289726257,0.9382571578025818
0000213_03478_d_0000242.jpg,9,2,van,5,15,418.0,213.0,501.00000000000006,257.0,3652.0000000000027,medium,1,partial,0,not_truncated,False,,,
0000213_03478_d_0000242.jpg,10,1,car,4,16,451.0,206.00000000000003,538.0,242.0,3131.9999999999977,medium,1,partial,0,not_truncated,True,10,0.8087337613105774,0.6736765503883362
0000213_03478_d_0000242.jpg,11,0,pedestrian,1,17,540.0,210.00000000000003,550.0,243.99999999999997,339.99999999999943,small,0,none,0,not_truncated,True,35,0.37864869832992554,0.6335330605506897
0000213_03478_d_0000242.jpg,12,0,pedestrian,1,18,564.0,206.0,574.0,234.99999999999997,289.9999999999997,small,0,none,0,not_truncated,True,30,0.4595808684825897,0.7913081049919128
0000213_03478_d_0000242.jpg,13,0,pedestrian,1,19,540.0,204.0,549.0,234.99999999999997,278.9999999999998,small,1,partial,0,not_truncated,False,,,
0000213_03478_d_0000242.jpg,14,1,car,4,20,505.0,172.0,540.0,205.0,1155.0,medium,0,none,0,not_truncated,True,5,0.8339027762413025,0.9266902804374695
0000213_03478_d_0000242.jpg,15,1,car,4,21,451.0,149.0,519.0,181.00000000000003,2176.000000000002,medium,0,none,0,not_truncated,True,28,0.4832157492637634,0.7988914251327515
0000213_03478_d_0000242.jpg,16,1,car,4,22,525.0,139.0,566.0,174.0,1435.0,medium,0,none,0,not_truncated,True,7,0.8157894611358643,0.8073529601097107
0000213_03478_d_0000242.jpg,17,1,car,4,23,476.00000000000006,133.00000000000003,523.0,162.0,1362.999999999997,medium,1,partial,0,not_truncated,True,38,0.3441616892814636,0.5796362161636353
0000213_03478_d_0000242.jpg,18,1,car,4,25,513.0,108.0,544.0,141.0,1023.0,small,1,partial,0,not_truncated,True,59,0.25057995319366455,0.708697497844696
0000213_03478_d_0000242.jpg,19,1,car,4,26,495.0,106.0,530.0,130.0,840.0,small,1,partial,0,not_truncated,True,51,0.26494914293289185,0.6365203857421875
0000213_03478_d_0000242.jpg,20,1,car,4,27,501.99999999999994,92.00000000000001,530.0,118.0,728.000000000001,small,1,partial,0,not_truncated,True,29,0.4829525649547577,0.5686038136482239
0000213_03478_d_0000242.jpg,21,1,car,4,28,454.99999999999994,86.0,495.0,106.0,800.0000000000011,small,1,partial,0,not_truncated,True,40,0.3352948725223541,0.6628361940383911
0000213_03478_d_0000242.jpg,22,1,car,4,29,465.0,76.99999999999999,508.0,98.99999999999999,946.0,small,2,heavy,0,not_truncated,True,44,0.2916167080402374,0.5303822755813599
0000213_03478_d_0000242.jpg,23,1,car,4,30,514.0,72.0,536.0000000000001,93.00000000000001,462.00000000000273,small,0,none,0,not_truncated,False,,,
0000213_03478_d_0000242.jpg,24,1,car,4,31,496.0,48.99999999999999,543.0,71.0,1034.0000000000002,medium,1,partial,0,not_truncated,True,49,0.273512065410614,0.5911170244216919
0000213_03478_d_0000242.jpg,25,1,car,4,32,551.0,42.0,570.9999999999999,59.0,339.99999999999807,small,0,none,0,not_truncated,True,27,0.49171414971351624,0.8258190751075745
0000213_03478_d_0000242.jpg,26,1,car,4,33,518.0,39.0,550.0,50.0,352.0,small,1,partial,0,not_truncated,False,,,
0000213_03478_d_0000242.jpg,27,1,car,4,34,529.0,45.99999999999999,547.9999999999999,63.99999999999999,341.99999999999795,small,1,partial,0,not_truncated,False,,,
0000213_03478_d_0000242.jpg,28,1,car,4,45,875.0000000000001,352.0,995.9999999999999,411.0,7138.999999999986,medium,1,partial,0,not_truncated,True,19,0.6886978149414062,0.9491344690322876
0000213_03478_d_0000242.jpg,29,1,car,4,46,883.0,289.0,993.9999999999999,340.0,5660.9999999999945,medium,1,partial,0,not_truncated,True,22,0.6222679615020752,0.8647692203521729
0000213_03478_d_0000242.jpg,30,2,van,5,48,784.9999999999999,306.0,836.0,376.0,3570.000000000008,medium,1,partial,0,not_truncated,True,12,0.7819304466247559,0.9116975665092468
0000213_03478_d_0000242.jpg,31,0,pedestrian,1,49,755.0,331.99999999999994,769.0,373.0,574.0000000000008,small,0,none,0,not_truncated,True,21,0.6721222996711731,0.8893769383430481
0000213_03478_d_0000242.jpg,32,0,pedestrian,1,50,765.0,330.0,774.0,371.0,369.0,small,0,none,0,not_truncated,False,,,
0000213_03478_d_0000242.jpg,33,0,pedestrian,1,51,774.0,330.0,785.9999999999999,373.0,515.9999999999951,small,0,none,0,not_truncated,True,43,0.318214476108551,0.5772505402565002
0000213_03478_d_0000242.jpg,34,3,truck,6,57,635.0,270.99999999999994,672.0,330.0,2183.0000000000023,medium,0,none,0,not_truncated,False,,,
0000213_03478_d_0000242.jpg,35,0,pedestrian,1,60,945.0,263.0,959.9999999999999,303.0,599.9999999999955,small,1,partial,0,not_truncated,False,,,
0000213_03478_d_0000242.jpg,36,0,pedestrian,1,61,959.0000000000001,272.0,972.0,306.0,441.99999999999613,small,1,partial,0,not_truncated,False,,,
0000213_03478_d_0000242.jpg,37,0,pedestrian,1,62,1016.0,247.99999999999997,1035.0,285.0,703.0000000000006,small,0,none,0,not_truncated,True,31,0.4352438151836395,0.7053523063659668
0000213_03478_d_0000242.jpg,38,1,car,4,63,805.0,270.99999999999994,899.0,312.0,3854.0000000000055,medium,1,partial,0,not_truncated,True,18,0.700736403465271,0.8647949695587158
0000213_03478_d_0000242.jpg,39,1,car,4,64,773.0,245.99999999999997,865.0,288.0,3864.0000000000027,medium,1,partial,0,not_truncated,True,13,0.7757856845855713,0.9163093566894531
0000213_03478_d_0000242.jpg,40,1,car,4,65,779.0,217.0,863.0,254.00000000000003,3108.0000000000023,medium,1,partial,0,not_truncated,True,8,0.8119352459907532,0.8053645491600037
0000213_03478_d_0000242.jpg,41,1,car,4,66,776.0,196.00000000000003,852.0,227.0,2355.9999999999977,medium,1,partial,0,not_truncated,False,,,
0000213_03478_d_0000242.jpg,42,1,car,4,68,741.9999999999999,189.99999999999997,806.0,225.99999999999997,2304.000000000004,medium,1,partial,0,not_truncated,True,11,0.7859547138214111,0.8406290411949158
0000213_03478_d_0000242.jpg,43,3,truck,6,69,731.0,166.0,825.9999999999999,203.0,3514.999999999996,medium,0,none,0,not_truncated,False,,,
0000213_03478_d_0000242.jpg,44,1,car,4,70,790.9999999999999,153.0,842.0,179.0,1326.000000000003,medium,1,partial,0,not_truncated,True,58,0.25123435258865356,0.7355808019638062
0000213_03478_d_0000242.jpg,45,1,car,4,71,742.9999999999999,143.0,806.0,170.0,1701.0000000000032,medium,1,partial,0,not_truncated,True,26,0.5056300163269043,0.6657475233078003
0000213_03478_d_0000242.jpg,46,1,car,4,72,723.0,130.0,791.0000000000001,157.0,1836.0000000000032,medium,1,partial,0,not_truncated,False,,,
0000213_03478_d_0000242.jpg,47,2,van,5,73,710.9999999999999,126.0,775.0,153.0,1728.0000000000032,medium,1,partial,0,not_truncated,False,,,
0000213_03478_d_0000242.jpg,48,1,car,4,74,711.0,119.0,778.0000000000001,141.0,1474.0000000000025,medium,2,heavy,0,not_truncated,True,56,0.25636962056159973,0.5427129864692688
0000213_03478_d_0000242.jpg,49,0,pedestrian,1,75,902.0,173.0,910.9999999999999,199.00000000000003,233.9999999999973,small,1,partial,0,not_truncated,False,,,
0000213_03478_d_0000242.jpg,50,0,pedestrian,1,76,919.0,175.0,927.0,198.99999999999997,191.99999999999977,small,1,partial,0,not_truncated,False,,,
0000213_03478_d_0000242.jpg,51,0,pedestrian,1,77,930.0,172.99999999999997,940.0,203.0,300.0000000000003,small,1,partial,0,not_truncated,False,,,
0000213_03478_d_0000242.jpg,52,0,pedestrian,1,78,941.0,174.0,948.0,201.0,189.0,small,1,partial,0,not_truncated,False,,,
0000213_03478_d_0000242.jpg,53,0,pedestrian,1,83,850.0,103.99999999999999,859.0,127.99999999999999,216.0,small,0,none,0,not_truncated,False,,,
0000213_03478_d_0000242.jpg,54,0,pedestrian,1,84,839.0,119.0,847.0,140.0,168.0,small,0,none,0,not_truncated,False,,,
0000213_03478_d_0000242.jpg,55,0,pedestrian,1,85,818.0,130.0,826.9999999999999,153.0,206.99999999999739,small,0,none,0,not_truncated,False,,,
0000213_03478_d_0000242.jpg,56,0,pedestrian,1,86,824.9999999999999,109.99999999999999,830.9999999999999,132.0,132.00000000000009,small,0,none,0,not_truncated,False,,,
0000213_03478_d_0000242.jpg,57,0,pedestrian,1,87,788.0000000000001,102.0,793.0,123.00000000000001,104.99999999999768,small,0,none,0,not_truncated,False,,,
0000213_03478_d_0000242.jpg,58,0,pedestrian,1,88,762.0,101.0,770.0,121.00000000000001,160.0000000000001,small,0,none,0,not_truncated,False,,,
0000213_03478_d_0000242.jpg,59,0,pedestrian,1,91,847.0,125.0,854.0,141.0,112.0,small,0,none,0,not_truncated,False,,,
0000213_03478_d_0000242.jpg,60,0,pedestrian,1,92,831.0000000000001,136.0,838.0,153.0,118.99999999999807,small,1,partial,0,not_truncated,False,,,
0000213_03478_d_0000242.jpg,61,0,pedestrian,1,96,858.0,132.00000000000003,866.0,149.0,135.99999999999977,small,1,partial,0,not_truncated,False,,,
0000213_03478_d_0000242.jpg,62,0,pedestrian,1,97,850.0,136.0,856.0,152.0,96.0,small,1,partial,0,not_truncated,False,,,
0000213_03478_d_0000242.jpg,63,1,car,4,102,684.0000000000001,177.99999999999997,722.0,209.99999999999997,1215.9999999999964,medium,0,none,0,not_truncated,True,3,0.8821984529495239,0.8862676620483398
0000213_03478_d_0000242.jpg,64,1,car,4,103,674.9999999999999,145.0,704.9999999999999,171.0,780.0,small,0,none,0,not_truncated,True,20,0.6726762652397156,0.8228760361671448
0000213_03478_d_0000242.jpg,65,1,car,4,105,668.0,114.0,694.0,141.0,702.0,small,1,partial,0,not_truncated,True,32,0.4327332675457001,0.7723178863525391
0000213_03478_d_0000242.jpg,66,1,car,4,106,584.0,103.99999999999999,641.0,127.99999999999999,1368.0,medium,1,partial,0,not_truncated,True,4,0.8598589897155762,0.8736645579338074
0000213_03478_d_0000242.jpg,67,1,car,4,107,675.9999999999999,103.0,700.9999999999999,126.0,575.0,small,1,partial,0,not_truncated,False,,,
0000213_03478_d_0000242.jpg,68,1,car,4,108,660.0,88.0,694.0,111.00000000000001,782.0000000000005,small,1,partial,0,not_truncated,True,33,0.39023131132125854,0.8313108682632446
0000213_03478_d_0000242.jpg,69,1,car,4,109,619.0,63.0,641.0000000000001,82.0,418.00000000000216,small,0,none,0,not_truncated,True,23,0.5751052498817444,0.7402615547180176
0000213_03478_d_0000242.jpg,70,3,truck,6,111,689.0000000000001,65.0,715.0,103.99999999999999,1013.9999999999952,small,0,none,0,not_truncated,False,,,
0000213_03478_d_0000242.jpg,71,3,truck,6,112,676.9999999999999,51.00000000000001,718.9999999999999,90.0,1637.9999999999998,medium,1,partial,0,not_truncated,False,,,
0000213_03478_d_0000242.jpg,72,1,car,4,113,653.9999999999999,36.0,682.0,54.0,504.00000000000205,small,0,none,0,not_truncated,False,,,
0000213_03478_d_0000242.jpg,73,1,car,4,114,674.9999999999999,46.0,711.9999999999999,62.0,592.0,small,1,partial,0,not_truncated,False,,,
0000213_03478_d_0000242.jpg,74,1,car,4,115,708.9999999999999,37.0,751.0,52.00000000000001,630.000000000002,small,1,partial,0,not_truncated,False,,,
0000213_03478_d_0000242.jpg,75,1,car,4,116,0.0,718.0,118.0,765.0,5546.0,medium,0,none,1,truncated,True,39,0.3381265103816986,0.8700321316719055
0000213_03478_d_0000242.jpg,76,0,pedestrian,1,118,312.0,273.0,330.0,306.0,594.0,small,2,heavy,0,not_truncated,False,,,
0000213_05340_d_0000246.jpg,0,2,van,5,1,684.0,541.9999999999999,792.9999999999999,621.0,8611.000000000004,medium,0,none,0,not_truncated,True,46,0.39237838983535767,0.9556851387023926
0000213_05340_d_0000246.jpg,1,2,van,5,2,410.00000000000006,412.0,471.0,504.0,5611.9999999999945,medium,0,none,0,not_truncated,False,,,
0000213_05340_d_0000246.jpg,2,2,van,5,3,112.0,225.0,216.99999999999997,296.0,7454.999999999998,medium,1,partial,0,not_truncated,False,,,
0000213_05340_d_0000246.jpg,3,1,car,4,4,728.0000000000001,638.0,847.0,729.0,10828.999999999989,large,0,none,0,not_truncated,True,10,0.8490774035453796,0.896243155002594
0000213_05340_d_0000246.jpg,4,1,car,4,5,682.0,411.00000000000006,727.0000000000001,484.0,3285.000000000006,medium,0,none,0,not_truncated,True,0,0.9279460310935974,0.9099580645561218
0000213_05340_d_0000246.jpg,5,1,car,4,6,721.0,229.0,802.0,269.0,3240.0,medium,0,none,0,not_truncated,True,3,0.9145998954772949,0.8724452257156372
0000213_05340_d_0000246.jpg,6,1,car,4,7,757.9999999999999,177.0,811.0,224.0,2491.0000000000055,medium,0,none,0,not_truncated,True,21,0.6795101761817932,0.8967218399047852
0000213_05340_d_0000246.jpg,7,1,car,4,8,718.0,132.0,745.9999999999999,181.0,1371.9999999999945,medium,0,none,0,not_truncated,True,12,0.8363900184631348,0.706568717956543
0000213_05340_d_0000246.jpg,8,1,car,4,9,502.0,50.0,558.0,79.0,1624.0,medium,0,none,0,not_truncated,True,14,0.8271121382713318,0.8759408593177795
0000213_05340_d_0000246.jpg,9,1,car,4,10,665.0,24.0,692.0,54.0,810.0,small,0,none,0,not_truncated,True,16,0.7913448214530945,0.938078761100769
0000213_05340_d_0000246.jpg,10,1,car,4,11,711.0,24.0,737.0,51.0,702.0,small,0,none,0,not_truncated,True,30,0.5888383984565735,0.888710618019104
0000213_05340_d_0000246.jpg,11,1,car,4,12,753.0,86.99999999999999,784.9999999999999,133.0,1471.9999999999952,medium,0,none,0,not_truncated,True,24,0.6330469846725464,0.8590015769004822
0000213_05340_d_0000246.jpg,12,1,car,4,13,317.99999999999994,184.99999999999997,377.99999999999994,227.0,2520.000000000002,medium,0,none,0,not_truncated,True,2,0.9220420718193054,0.955031156539917
0000213_05340_d_0000246.jpg,13,1,car,4,14,226.0,186.0,307.0,220.99999999999997,2834.9999999999977,medium,0,none,0,not_truncated,True,5,0.9066159129142761,0.9103876948356628
0000213_05340_d_0000246.jpg,14,1,car,4,15,138.0,173.0,222.0,213.0,3360.0,medium,0,none,0,not_truncated,True,28,0.6039556860923767,0.8395821452140808
0000213_05340_d_0000246.jpg,15,1,car,4,16,147.0,258.0,238.99999999999997,310.0,4783.999999999998,medium,1,partial,0,not_truncated,True,18,0.706720232963562,0.869424045085907
0000213_05340_d_0000246.jpg,16,1,car,4,17,148.0,278.0,248.00000000000003,344.0,6600.000000000002,medium,1,partial,0,not_truncated,True,66,0.2686232924461365,0.6549225449562073
0000213_05340_d_0000246.jpg,17,1,car,4,18,186.00000000000003,293.0,284.0,362.0,6761.999999999998,medium,1,partial,0,not_truncated,True,13,0.8275724649429321,0.8247210383415222
0000213_05340_d_0000246.jpg,18,1,car,4,19,422.0,339.0,486.99999999999994,417.00000000000006,5069.999999999999,medium,1,partial,0,not_truncated,True,7,0.9026768803596497,0.9447231888771057
0000213_05340_d_0000246.jpg,19,1,car,4,20,278.0,474.0,390.99999999999994,530.0,6327.999999999996,medium,2,heavy,0,not_truncated,True,33,0.5470298528671265,0.853263795375824
0000213_05340_d_0000246.jpg,20,1,car,4,21,230.0,542.0,358.0,592.0,6400.0,medium,2,heavy,0,not_truncated,False,,,
0000213_05340_d_0000246.jpg,21,1,car,4,22,356.99999999999994,259.0,422.0,341.0,5330.000000000005,medium,1,partial,0,not_truncated,True,17,0.7454702854156494,0.7031469941139221
0000213_05340_d_0000246.jpg,22,1,car,4,23,462.0,236.0,509.0,293.0,2679.0,medium,1,partial,0,not_truncated,True,22,0.6354081630706787,0.8931823968887329
0000213_05340_d_0000246.jpg,23,1,car,4,24,355.99999999999994,528.0,464.0,628.0,10800.000000000005,large,0,none,0,not_truncated,True,1,0.9236819744110107,0.9765493869781494
0000213_05340_d_0000246.jpg,24,1,car,4,25,276.0,635.0,411.0,746.0,14985.0,large,0,none,0,not_truncated,True,6,0.9053693413734436,0.9442181587219238
0000213_05340_d_0000246.jpg,25,1,car,4,26,754.0,710.0,876.9999999999999,765.0,6764.999999999994,medium,0,none,1,truncated,True,64,0.277606338262558,0.9265367984771729
0000213_05340_d_0000246.jpg,26,1,car,4,27,586.0,672.0,648.0,765.0,5766.0,medium,0,none,1,truncated,True,15,0.8135430812835693,0.8980696797370911
0000213_05340_d_0000246.jpg,27,1,car,4,28,503.0,698.0000000000001,563.0,765.0,4019.999999999993,medium,0,none,1,truncated,True,8,0.8666064143180847,0.962384045124054
0000213_05340_d_0000246.jpg,28,1,car,4,29,783.0000000000001,498.0,895.0,548.0,5599.9999999999945,medium,1,partial,0,not_truncated,True,4,0.9073314070701599,0.853136420249939
0000213_05340_d_0000246.jpg,29,1,car,4,30,810.0,449.0,923.9999999999999,505.0,6383.999999999994,medium,1,partial,0,not_truncated,False,,,
0000213_05340_d_0000246.jpg,30,1,car,4,31,726.0000000000001,280.0,764.0,338.0,2203.9999999999936,medium,0,none,0,not_truncated,True,9,0.8600509762763977,0.8973902463912964
0000213_05340_d_0000246.jpg,31,1,car,4,32,748.0000000000001,36.00000000000001,773.0,63.00000000000001,674.9999999999969,small,1,partial,0,not_truncated,True,20,0.6838229894638062,0.74396812915802
0000213_05340_d_0000246.jpg,32,1,car,4,33,743.0000000000001,5.000000000000001,771.0,36.99999999999999,895.9999999999961,small,1,partial,0,not_truncated,True,43,0.4439365267753601,0.6840341091156006
0000213_05340_d_0000246.jpg,33,3,truck,6,34,831.0000000000001,548.0,958.9999999999999,609.0,7807.999999999986,medium,0,none,0,not_truncated,False,,,
0000213_05340_d_0000246.jpg,34,1,car,4,35,360.99999999999994,155.0,424.0,198.00000000000003,2709.000000000004,medium,1,partial,0,not_truncated,True,19,0.6860232353210449,0.9350801110267639
0000213_05340_d_0000246.jpg,35,1,car,4,36,51.00000000000001,167.0,117.0,204.0,2442.0,medium,2,heavy,0,not_truncated,True,40,0.47092074155807495,0.7356497049331665
0000213_05340_d_0000246.jpg,36,1,car,4,37,738.0,76.0,805.0,107.0,2077.0,medium,1,partial,0,not_truncated,True,61,0.2800315320491791,0.5843476057052612
0000213_05340_d_0000246.jpg,37,1,car,4,38,761.0,140.0,796.9999999999999,182.0,1511.9999999999952,medium,1,partial,0,not_truncated,False,,,
0000213_05340_d_0000246.jpg,38,0,pedestrian,1,42,352.00000000000006,105.00000000000001,363.0,132.0,296.9999999999983,small,0,none,0,not_truncated,False,,,
0000213_05340_d_0000246.jpg,39,0,pedestrian,1,43,430.0,100.0,439.99999999999994,125.0,249.99999999999858,small,1,partial,0,not_truncated,False,,,
0000213_05340_d_0000246.jpg,40,0,pedestrian,1,44,319.0,98.00000000000001,328.99999999999994,124.0,259.9999999999984,small,1,partial,0,not_truncated,False,,,
0000213_05340_d_0000246.jpg,41,0,pedestrian,1,45,335.0,144.0,346.0,168.0,264.0,small,0,none,0,not_truncated,False,,,
0000213_05340_d_0000246.jpg,42,0,pedestrian,1,46,339.0,138.0,347.0,163.0,200.0,small,2,heavy,0,not_truncated,False,,,
0000213_05340_d_0000246.jpg,43,0,pedestrian,1,47,365.0,140.0,375.99999999999994,168.0,307.9999999999984,small,2,heavy,0,not_truncated,False,,,
0000213_05340_d_0000246.jpg,44,0,pedestrian,1,48,500.00000000000006,203.0,511.0,232.99999999999997,329.999999999998,small,0,none,0,not_truncated,True,60,0.28360655903816223,0.7882122993469238
0000213_05340_d_0000246.jpg,45,0,pedestrian,1,49,487.0,203.0,496.99999999999994,231.99999999999997,289.99999999999807,small,0,none,0,not_truncated,False,,,
0000213_05340_d_0000246.jpg,46,0,pedestrian,1,50,490.0,199.00000000000003,500.99999999999994,225.0,285.99999999999824,small,2,heavy,0,not_truncated,False,,,
0000213_05340_d_0000246.jpg,47,0,pedestrian,1,51,519.0,183.0,531.0,210.99999999999997,335.99999999999966,small,1,partial,0,not_truncated,False,,,
0000213_05340_d_0000246.jpg,48,0,pedestrian,1,52,525.0,183.0,534.0,207.99999999999997,224.99999999999974,small,1,partial,0,not_truncated,False,,,
0000213_05340_d_0000246.jpg,49,0,pedestrian,1,56,240.00000000000003,72.0,248.99999999999997,85.99999999999999,125.99999999999908,small,0,none,0,not_truncated,False,,,
0000213_05340_d_0000246.jpg,50,0,pedestrian,1,57,236.00000000000003,81.0,244.0,101.0,159.99999999999943,small,2,heavy,0,not_truncated,False,,,
0000213_05340_d_0000246.jpg,51,0,pedestrian,1,58,229.00000000000003,81.0,237.0,101.0,159.99999999999943,small,2,heavy,0,not_truncated,False,,,
0000213_05340_d_0000246.jpg,52,0,pedestrian,1,60,207.99999999999997,158.0,219.00000000000003,183.0,275.0000000000014,small,1,partial,0,not_truncated,False,,,
0000213_05340_d_0000246.jpg,53,0,pedestrian,1,61,178.99999999999997,210.00000000000003,190.0,236.0,286.0000000000004,small,1,partial,0,not_truncated,False,,,
0000213_05340_d_0000246.jpg,54,0,pedestrian,1,62,180.0,204.0,194.00000000000003,229.0,350.0000000000007,small,2,heavy,0,not_truncated,False,,,
0000213_05340_d_0000246.jpg,55,0,pedestrian,1,63,351.00000000000006,287.0,364.0,318.0,402.99999999999824,small,1,partial,0,not_truncated,False,,,
0000213_05340_d_0000246.jpg,56,0,pedestrian,1,64,357.0,278.0,369.0,305.0,324.0,small,2,heavy,0,not_truncated,False,,,
0000213_05340_d_0000246.jpg,57,0,pedestrian,1,65,344.0,286.0,354.99999999999994,311.0,274.9999999999986,small,1,partial,0,not_truncated,False,,,
0000213_05340_d_0000246.jpg,58,0,pedestrian,1,66,523.0,277.0,535.0,307.99999999999994,371.9999999999993,small,1,partial,0,not_truncated,False,,,
0000213_05340_d_0000246.jpg,59,0,pedestrian,1,67,632.0,298.0,644.0,329.0,372.0,small,0,none,0,not_truncated,False,,,
0000213_05340_d_0000246.jpg,60,0,pedestrian,1,68,619.0,279.0,632.9999999999999,313.0,475.99999999999613,small,0,none,0,not_truncated,False,,,
0000213_05340_d_0000246.jpg,61,0,pedestrian,1,69,509.0,368.0,519.0,402.0,340.0,small,0,none,0,not_truncated,False,,,
0000213_05340_d_0000246.jpg,62,0,pedestrian,1,70,661.0,306.0,675.9999999999999,335.0,434.9999999999967,small,0,none,0,not_truncated,True,32,0.5505374073982239,0.8079686164855957
0000213_05340_d_0000246.jpg,63,0,pedestrian,1,71,760.0,390.99999999999994,772.0,422.00000000000006,372.00000000000136,small,0,none,0,not_truncated,True,31,0.5519123077392578,0.7918316721916199
0000213_05340_d_0000246.jpg,64,0,pedestrian,1,72,774.0,324.0,788.9999999999999,356.99999999999994,494.9999999999954,small,0,none,0,not_truncated,False,,,
0000213_05340_d_0000246.jpg,65,0,pedestrian,1,73,832.0000000000001,336.0,844.0,366.99999999999994,371.9999999999958,small,0,none,0,not_truncated,True,55,0.3236871063709259,0.7583011388778687
0000213_05340_d_0000246.jpg,66,0,pedestrian,1,74,843.0,410.0,863.0,440.00000000000006,600.0000000000011,small,1,partial,0,not_truncated,True,59,0.28946784138679504,0.6020013093948364
0000213_05340_d_0000246.jpg,67,0,pedestrian,1,79,718.0,194.00000000000003,729.0,225.0,340.99999999999966,small,0,none,0,not_truncated,False,,,
0000213_05340_d_0000246.jpg,68,0,pedestrian,1,80,708.0,188.0,717.0,217.0,261.0,small,0,none,0,not_truncated,False,,,
0000213_05340_d_0000246.jpg,69,0,pedestrian,1,81,716.0,215.0,727.0,247.99999999999997,362.99999999999966,small,0,none,0,not_truncated,False,,,
0000213_05340_d_0000246.jpg,70,0,pedestrian,1,82,684.0,344.0,698.9999999999999,372.0,419.9999999999968,small,1,partial,0,not_truncated,True,65,0.27273109555244446,0.5569321513175964
0000213_05340_d_0000246.jpg,71,0,pedestrian,1,83,679.0,343.0,688.0,373.0,270.0,small,1,partial,0,not_truncated,True,34,0.5467416048049927,0.5737781524658203
0000213_05340_d_0000246.jpg,72,0,pedestrian,1,84,647.0,367.0,660.0,390.0,299.0,small,1,partial,0,not_truncated,False,,,
0000213_05340_d_0000246.jpg,73,0,pedestrian,1,85,652.0,362.0,665.0,384.0,286.0,small,1,partial,0,not_truncated,True,41,0.45400840044021606,0.6667260527610779
0000213_05340_d_0000246.jpg,74,0,pedestrian,1,88,503.0,357.0,514.0,390.99999999999994,373.9999999999994,small,1,partial,0,not_truncated,True,42,0.4451262950897217,0.5171374082565308
0000213_05340_d_0000246.jpg,75,0,pedestrian,1,101,1007.0,476.0,1021.0,517.0,574.0,small,0,none,0,not_truncated,False,,,
0000213_05340_d_0000246.jpg,76,0,pedestrian,1,102,1054.0,459.0,1070.0,498.0,624.0,small,0,none,0,not_truncated,True,37,0.5349298715591431,0.8477928042411804
0000213_05340_d_0000246.jpg,77,0,pedestrian,1,103,1138.0,426.0,1154.0,459.00000000000006,528.0000000000009,small,0,none,0,not_truncated,True,26,0.6239383816719055,0.8567241430282593
0000213_05340_d_0000246.jpg,78,0,pedestrian,1,104,1100.0,411.0,1115.0,447.0,540.0,small,0,none,0,not_truncated,True,56,0.31848374009132385,0.6148362159729004
0000213_05340_d_0000246.jpg,79,0,pedestrian,1,105,1088.0,400.99999999999994,1112.0,433.0,768.0000000000014,small,0,none,0,not_truncated,False,,,
0000213_05340_d_0000246.jpg,80,0,pedestrian,1,106,1111.0,414.00000000000006,1119.0,437.0,183.99999999999955,small,2,heavy,0,not_truncated,False,,,
0000213_05340_d_0000246.jpg,81,0,pedestrian,1,107,1217.0,412.0,1234.0,445.00000000000006,561.0000000000009,small,0,none,0,not_truncated,True,36,0.5410445332527161,0.773735761642456
0000213_05340_d_0000246.jpg,82,0,pedestrian,1,108,1284.0,333.0,1302.0,360.0,486.0,small,0,none,0,not_truncated,False,,,
0000213_05340_d_0000246.jpg,83,0,pedestrian,1,115,1215.0,215.0,1235.0,252.00000000000003,740.0000000000006,small,0,none,0,not_truncated,False,,,
0000213_05340_d_0000246.jpg,84,0,pedestrian,1,116,1202.0,91.0,1214.0,116.99999999999999,311.99999999999983,small,0,none,0,not_truncated,True,67,0.26164349913597107,0.7543529272079468
0000213_05340_d_0000246.jpg,85,0,pedestrian,1,117,1100.0,78.0,1112.0,103.99999999999999,311.99999999999983,small,0,none,0,not_truncated,False,,,
0000213_05340_d_0000246.jpg,86,0,pedestrian,1,118,1116.0,69.0,1128.0,97.99999999999999,347.99999999999983,small,0,none,0,not_truncated,True,53,0.33367547392845154,0.6683039665222168
0000213_05340_d_0000246.jpg,87,0,pedestrian,1,119,1188.0,49.00000000000001,1200.0,75.0,311.9999999999999,small,0,none,0,not_truncated,True,51,0.3565768003463745,0.7519853711128235
0000213_05340_d_0000246.jpg,88,0,pedestrian,1,120,1113.0,11.0,1126.0,34.0,299.0,small,0,none,0,not_truncated,False,,,
0000213_05340_d_0000246.jpg,89,0,pedestrian,1,121,1041.0,24.999999999999996,1051.0,48.0,230.00000000000003,small,0,none,0,not_truncated,True,48,0.36658158898353577,0.8401384353637695
0000213_05340_d_0000246.jpg,90,0,pedestrian,1,122,1201.0,28.0,1210.0,52.00000000000001,216.00000000000006,small,0,none,0,not_truncated,False,,,
0000213_05340_d_0000246.jpg,91,0,pedestrian,1,123,1173.0,18.0,1184.0,41.0,253.0,small,0,none,0,not_truncated,True,54,0.3263380825519562,0.6325165629386902
0000213_05340_d_0000246.jpg,92,0,pedestrian,1,124,1193.0,22.999999999999996,1204.0,47.0,264.00000000000006,small,1,partial,0,not_truncated,False,,,
0000213_05340_d_0000246.jpg,93,0,pedestrian,1,125,1181.0,12.000000000000002,1191.0,38.0,260.0,small,1,partial,0,not_truncated,False,,,
0000213_05340_d_0000246.jpg,94,0,pedestrian,1,132,923.0,522.0,941.0,563.0,738.0,small,1,partial,0,not_truncated,False,,,
0000213_05340_d_0000246.jpg,95,0,pedestrian,1,133,955.0000000000001,481.0,972.0,516.0,594.999999999996,small,1,partial,0,not_truncated,False,,,
0000213_05340_d_0000246.jpg,96,0,pedestrian,1,135,743.0000000000001,100.0,752.0,129.0,260.9999999999967,small,0,none,0,not_truncated,False,,,
0000213_05340_d_0000246.jpg,97,0,pedestrian,1,136,731.0,96.0,738.0,124.99999999999999,202.9999999999999,small,0,none,0,not_truncated,True,47,0.376207560300827,0.5140331387519836
0000213_05340_d_0000246.jpg,98,0,pedestrian,1,137,755.0,57.99999999999999,767.0,87.0,348.0000000000001,small,1,partial,0,not_truncated,False,,,
0000215_00909_d_0000258.jpg,0,1,car,4,1,99.0,149.0,164.0,181.00000000000003,2080.000000000002,medium,1,partial,0,not_truncated,True,44,0.369538813829422,0.631647527217865
0000215_00909_d_0000258.jpg,1,1,car,4,2,59.99999999999999,155.0,136.0,193.0,2888.0,medium,1,partial,0,not_truncated,True,31,0.5320010781288147,0.9247188568115234
0000215_00909_d_0000258.jpg,2,1,car,4,3,0.0,206.00000000000003,78.0,239.0,2573.9999999999977,medium,1,partial,1,truncated,True,21,0.6572650671005249,0.8798466920852661
0000215_00909_d_0000258.jpg,3,0,pedestrian,1,8,29.999999999999996,303.0,47.0,340.0,629.0000000000001,small,0,none,0,not_truncated,True,6,0.8662872910499573,0.880267322063446
0000215_00909_d_0000258.jpg,4,1,car,4,10,240.00000000000003,205.00000000000003,327.0,238.0,2870.999999999997,medium,1,partial,0,not_truncated,True,20,0.6880546808242798,0.858790397644043
0000215_00909_d_0000258.jpg,5,1,car,4,11,229.00000000000003,223.99999999999997,302.0,262.0,2774.000000000001,medium,1,partial,0,not_truncated,False,,,
0000215_00909_d_0000258.jpg,6,1,car,4,12,152.0,290.0,255.0,330.0,4120.0,medium,1,partial,0,not_truncated,True,28,0.604555606842041,0.7200838923454285
0000215_00909_d_0000258.jpg,7,1,car,4,13,122.00000000000001,312.0,231.0,361.0,5340.999999999999,medium,1,partial,0,not_truncated,True,7,0.86424720287323,0.8993805646896362
0000215_00909_d_0000258.jpg,8,1,car,4,14,92.00000000000001,341.0,203.0,392.00000000000006,5661.0000000000055,medium,1,partial,0,not_truncated,True,15,0.802497386932373,0.972178041934967
0000215_00909_d_0000258.jpg,9,1,car,4,15,51.99999999999999,381.0,172.0,434.0,6360.0,medium,1,partial,0,not_truncated,True,8,0.8614956736564636,0.9589499831199646
0000215_00909_d_0000258.jpg,10,1,car,4,16,5.999999999999997,417.00000000000006,131.0,471.0,6749.999999999993,medium,1,partial,0,not_truncated,True,29,0.5859872698783875,0.8407193422317505
0000215_00909_d_0000258.jpg,11,1,car,4,17,0.0,459.0,94.0,518.9999999999999,5639.999999999989,medium,1,partial,1,truncated,True,13,0.8204578757286072,0.9746601581573486
0000215_00909_d_0000258.jpg,12,1,car,4,18,0.0,506.0,53.0,565.9999999999999,3179.999999999994,medium,1,partial,1,truncated,False,,,
0000215_00909_d_0000258.jpg,13,2,van,5,19,0.0,548.0,26.000000000000004,613.9999999999999,1715.9999999999973,medium,1,partial,1,truncated,False,,,
0000215_00909_d_0000258.jpg,14,2,van,5,20,182.0,259.0,264.0,303.0,3608.0,medium,1,partial,0,not_truncated,True,12,0.8263323903083801,0.8608427047729492
0000215_00909_d_0000258.jpg,15,0,pedestrian,1,22,65.0,348.00000000000006,82.0,384.0,611.9999999999991,small,0,none,0,not_truncated,True,27,0.6055813431739807,0.8068702816963196
0000215_00909_d_0000258.jpg,16,0,pedestrian,1,23,98.00000000000001,362.00000000000006,113.0,397.00000000000006,524.9999999999995,small,1,partial,0,not_truncated,False,,,
0000215_00909_d_0000258.jpg,17,0,pedestrian,1,33,404.0,144.0,411.0,165.0,147.0,small,1,partial,0,not_truncated,True,43,0.37844565510749817,0.6234922409057617
0000215_00909_d_0000258.jpg,18,0,pedestrian,1,34,393.00000000000006,142.0,405.0,164.0,263.99999999999875,small,0,none,0,not_truncated,True,62,0.2578912079334259,0.7545457482337952
0000215_00909_d_0000258.jpg,19,0,pedestrian,1,35,439.0,155.0,447.0,181.0,208.0,small,0,none,0,not_truncated,True,39,0.39601001143455505,0.5098972320556641
0000215_00909_d_0000258.jpg,20,0,pedestrian,1,36,451.0,157.0,458.99999999999994,180.0,183.9999999999987,small,1,partial,0,not_truncated,False,,,
0000215_00909_d_0000258.jpg,21,0,pedestrian,1,37,460.0,158.0,469.0,183.0,225.0,small,0,none,0,not_truncated,True,48,0.315464586019516,0.9253283739089966
0000215_00909_d_0000258.jpg,22,0,pedestrian,1,38,469.0,160.0,476.99999999999994,183.0,183.9999999999987,small,0,none,0,not_truncated,False,,,
0000215_00909_d_0000258.jpg,23,0,pedestrian,1,39,485.0,139.0,496.99999999999994,164.0,299.9999999999986,small,1,partial,0,not_truncated,False,,,
0000215_00909_d_0000258.jpg,24,0,pedestrian,1,40,478.00000000000006,151.0,486.0,176.0,199.99999999999858,small,1,partial,0,not_truncated,False,,,
0000215_00909_d_0000258.jpg,25,2,van,5,45,390.0,185.0,462.0,225.0,2880.0,medium,1,partial,0,not_truncated,False,,,
0000215_00909_d_0000258.jpg,26,2,van,5,46,484.0,195.0,561.0,239.0,3388.0,medium,1,partial,0,not_truncated,False,,,
0000215_00909_d_0000258.jpg,27,1,car,4,48,643.0,0.0,681.0,14.0,532.0,small,1,partial,1,truncated,True,53,0.29876595735549927,0.7193741202354431
0000215_00909_d_0000258.jpg,28,1,car,4,49,636.0,4.999999999999999,675.0,24.0,741.0,small,1,partial,0,not_truncated,True,34,0.4361782968044281,0.7280289530754089
0000215_00909_d_0000258.jpg,29,1,car,4,50,634.0,11.0,673.0,33.0,858.0,small,1,partial,1,truncated,False,,,
0000215_00909_d_0000258.jpg,30,1,car,4,51,628.0,21.0,658.0,42.99999999999999,659.9999999999998,small,1,partial,1,truncated,True,37,0.4317407011985779,0.6969253420829773
0000215_00909_d_0000258.jpg,31,1,car,4,52,638.0,65.0,672.0,95.0,1020.0,small,1,partial,1,truncated,True,24,0.6304483413696289,0.856890082359314
0000215_00909_d_0000258.jpg,32,1,car,4,53,600.0,90.0,646.0,115.99999999999999,1195.9999999999993,medium,1,partial,1,truncated,True,50,0.31141871213912964,0.7333984375
0000215_00909_d_0000258.jpg,33,1,car,4,54,597.0,101.0,653.9999999999999,134.0,1880.9999999999964,medium,1,partial,1,truncated,False,,,
0000215_00909_d_0000258.jpg,34,1,car,4,55,588.0,123.99999999999999,646.0,154.0,1740.000000000001,medium,1,partial,1,truncated,True,52,0.3080923557281494,0.7240430116653442
0000215_00909_d_0000258.jpg,35,2,van,5,56,575.0,141.0,630.0,184.0,2365.0,medium,0,none,0,not_truncated,True,26,0.6127163171768188,0.9083897471427917
0000215_00909_d_0000258.jpg,36,1,car,4,63,536.0,224.0,581.0,278.0,2430.0,medium,1,partial,0,not_truncated,True,56,0.29244014620780945,0.8630543947219849
0000215_00909_d_0000258.jpg,37,1,car,4,64,512.0,271.99999999999994,563.0,332.0,3060.0000000000027,medium,0,none,0,not_truncated,True,10,0.8480746150016785,0.9176861047744751
0000215_00909_d_0000258.jpg,38,1,car,4,65,480.00000000000006,337.0,577.0,402.0,6304.999999999996,medium,0,none,0,not_truncated,True,3,0.9228047728538513,0.9573046565055847
0000215_00909_d_0000258.jpg,39,1,car,4,66,390.00000000000006,502.0,492.0,607.0,10709.999999999995,large,0,none,0,not_truncated,True,1,0.9285054206848145,0.9706114530563354
0000215_00909_d_0000258.jpg,40,1,car,4,67,621.0,397.99999999999994,671.0,480.0,4100.000000000003,medium,0,none,0,not_truncated,True,2,0.9268123507499695,0.967646062374115
0000215_00909_d_0000258.jpg,41,2,van,5,68,421.0,414.0,508.0,505.0,7917.0,medium,1,partial,0,not_truncated,True,25,0.6210926175117493,0.94732266664505
0000215_00909_d_0000258.jpg,42,2,van,5,69,302.0,650.0000000000001,429.0,765.0,14604.999999999985,large,0,none,1,truncated,False,,,
0000215_00909_d_0000258.jpg,43,1,car,4,70,801.0,27.0,822.0,51.99999999999999,524.9999999999999,small,0,none,0,not_truncated,True,18,0.7835657596588135,0.8700022101402283
0000215_00909_d_0000258.jpg,44,1,car,4,71,722.0,179.0,749.9999999999999,223.00000000000003,1231.9999999999957,medium,0,none,0,not_truncated,True,23,0.6305509805679321,0.9297013282775879
0000215_00909_d_0000258.jpg,45,1,car,4,72,868.0000000000001,0.0,888.0,17.0,339.99999999999807,small,1,partial,1,truncated,True,54,0.2947773337364197,0.9315792322158813
0000215_00909_d_0000258.jpg,46,1,car,4,73,872.0000000000001,12.999999999999998,895.0,33.99999999999999,482.99999999999744,small,1,partial,0,not_truncated,True,61,0.26097920536994934,0.6388078927993774
0000215_00909_d_0000258.jpg,47,1,car,4,74,876.0000000000001,32.0,899.0,54.0,505.9999999999975,small,1,partial,0,not_truncated,False,,,
0000215_00909_d_0000258.jpg,48,1,car,4,75,876.0000000000001,48.0,901.0,72.0,599.9999999999973,small,1,partial,0,not_truncated,True,49,0.311813622713089,0.5601000785827637
0000215_00909_d_0000258.jpg,49,1,car,4,76,890.0,62.0,919.9999999999999,86.0,719.9999999999973,small,1,partial,0,not_truncated,False,,,
0000215_00909_d_0000258.jpg,50,2,van,5,77,894.0,75.0,919.9999999999999,106.0,805.9999999999965,small,0,none,0,not_truncated,False,,,
0000215_00909_d_0000258.jpg,51,1,car,4,78,915.0000000000001,114.0,946.0,145.00000000000003,960.9999999999974,small,0,none,0,not_truncated,True,41,0.38846030831336975,0.8734535574913025
0000215_00909_d_0000258.jpg,52,1,car,4,79,925.0,149.0,960.9999999999999,181.00000000000003,1151.9999999999973,medium,0,none,0,not_truncated,True,14,0.8030602335929871,0.8269857168197632
0000215_00909_d_0000258.jpg,53,1,car,4,80,940.0000000000001,181.0,974.0,210.99999999999997,1019.9999999999957,small,0,none,0,not_truncated,True,19,0.7530409693717957,0.8616187572479248
0000215_00909_d_0000258.jpg,54,1,car,4,81,952.9999999999999,216.0,995.0000000000001,253.00000000000003,1554.0000000000095,medium,0,none,0,not_truncated,True,11,0.8364284038543701,0.8959136605262756
0000215_00909_d_0000258.jpg,55,1,car,4,87,976.0,263.0,1024.0000000000002,310.0,2256.000000000011,medium,0,none,0,not_truncated,True,9,0.8507033586502075,0.8928494453430176
0000215_00909_d_0000258.jpg,56,1,car,4,88,1039.0,425.0,1107.0,494.99999999999994,4759.999999999996,medium,0,none,0,not_truncated,True,55,0.29267093539237976,0.9395120143890381
0000215_00909_d_0000258.jpg,57,1,car,4,89,1084.0,524.0,1164.0,619.0,7600.0,medium,0,none,0,not_truncated,True,5,0.8860584497451782,0.9574178457260132
0000215_00909_d_0000258.jpg,58,1,car,4,93,1000.9999999999999,337.0,1057.0,391.99999999999994,3080.000000000003,medium,1,partial,0,not_truncated,True,0,0.9339360594749451,0.9101236462593079
0000215_02932_d_0000263.jpg,0,1,car,4,2,368.0,565.9999999999999,495.0,695.0,16383.000000000015,large,0,none,0,not_truncated,False,,,
0000215_02932_d_0000263.jpg,1,1,car,4,3,376.0,442.99999999999994,463.0,533.0,7830.000000000005,medium,0,none,0,not_truncated,True,0,0.9501929879188538,0.9547175765037537
0000215_02932_d_0000263.jpg,2,1,car,4,4,432.00000000000006,334.0,483.0,403.0,3518.999999999996,medium,0,none,0,not_truncated,True,5,0.9042032957077026,0.936522364616394
0000215_02932_d_0000263.jpg,3,1,car,4,5,408.0,298.0,479.00000000000006,351.0,3763.000000000003,medium,1,partial,0,not_truncated,True,6,0.9029152393341064,0.9396920800209045
0000215_02932_d_0000263.jpg,4,2,van,5,6,450.0,222.00000000000003,488.0,280.0,2203.999999999999,medium,0,none,0,not_truncated,True,28,0.41124075651168823,0.8668690323829651
0000215_02932_d_0000263.jpg,5,2,van,5,8,446.0,152.0,483.0,195.99999999999997,1627.9999999999989,medium,1,partial,0,not_truncated,False,,,
0000215_02932_d_0000263.jpg,6,1,car,4,9,424.0,142.0,473.0,176.0,1666.0,medium,1,partial,0,not_truncated,False,,,
0000215_02932_d_0000263.jpg,7,1,car,4,10,421.0,112.0,467.0,150.0,1748.0,medium,1,partial,0,not_truncated,True,29,0.3999333381652832,0.8122217059135437
0000215_02932_d_0000263.jpg,8,1,car,4,11,426.0,94.99999999999999,467.0,122.99999999999999,1148.0,medium,1,partial,0,not_truncated,False,,,
0000215_02932_d_0000263.jpg,9,1,car,4,12,423.0,68.0,465.0,100.0,1344.0,medium,1,partial,0,not_truncated,True,27,0.41718408465385437,0.8721508383750916
0000215_02932_d_0000263.jpg,10,1,car,4,13,427.0,54.99999999999999,454.00000000000006,78.0,621.0000000000015,small,1,partial,0,not_truncated,False,,,
0000215_02932_d_0000263.jpg,11,1,car,4,14,429.0,22.0,468.0,48.0,1014.0,small,2,heavy,0,not_truncated,False,,,
0000215_02932_d_0000263.jpg,12,1,car,4,15,421.0,9.0,459.00000000000006,37.0,1064.0000000000016,medium,2,heavy,0,not_truncated,False,,,
0000215_02932_d_0000263.jpg,13,0,pedestrian,1,16,389.00000000000006,425.0,405.0,462.00000000000006,591.9999999999987,small,0,none,0,not_truncated,False,,,
0000215_02932_d_0000263.jpg,14,0,pedestrian,1,17,391.00000000000006,394.99999999999994,410.0,428.0,626.9999999999992,small,1,partial,0,not_truncated,False,,,
0000215_02932_d_0000263.jpg,15,0,pedestrian,1,20,142.0,373.99999999999994,159.0,410.0,612.0000000000009,small,0,none,0,not_truncated,True,22,0.6276973485946655,0.832261860370636
0000215_02932_d_0000263.jpg,16,0,pedestrian,1,21,170.0,252.0,183.00000000000003,282.0,390.00000000000085,small,0,none,0,not_truncated,False,,,
0000215_02932_d_0000263.jpg,17,0,pedestrian,1,22,174.99999999999997,245.00000000000003,188.0,275.0,390.00000000000045,small,1,partial,0,not_truncated,False,,,
0000215_02932_d_0000263.jpg,18,0,pedestrian,1,23,165.0,255.99999999999997,174.0,279.0,207.00000000000026,small,1,partial,0,not_truncated,False,,,
0000215_02932_d_0000263.jpg,19,1,car,4,24,1161.0,717.0,1263.0,765.0,4896.0,medium,0,none,1,truncated,True,18,0.6628954410552979,0.9036675691604614
0000215_02932_d_0000263.jpg,20,1,car,4,25,1196.0,643.9999999999999,1330.0,765.0,16214.000000000015,large,1,partial,1,truncated,True,7,0.8835538029670715,0.9211506843566895
0000215_02932_d_0000263.jpg,21,1,car,4,26,1221.0,612.0,1360.0,727.0,15985.0,large,1,partial,1,truncated,True,9,0.856289267539978,0.9054959416389465
0000215_02932_d_0000263.jpg,22,1,car,4,27,1286.0,442.00000000000006,1360.0,546.0,7695.999999999995,medium,1,partial,1,truncated,True,32,0.3137417137622833,0.7941667437553406
0000215_02932_d_0000263.jpg,23,1,car,4,28,1232.0,442.99999999999994,1299.0,516.0,4891.000000000004,medium,0,none,0,not_truncated,True,3,0.9147158265113831,0.9350069165229797
0000215_02932_d_0000263.jpg,24,1,car,4,29,1052.0,453.99999999999994,1179.0,525.0,9017.000000000007,medium,0,none,0,not_truncated,True,1,0.9437955021858215,0.9496614933013916
0000215_02932_d_0000263.jpg,25,1,car,4,30,997.9999999999999,383.0,1084.0,449.99999999999994,5762.000000000003,medium,0,none,0,not_truncated,True,2,0.9307888746261597,0.8616303205490112
0000215_02932_d_0000263.jpg,26,1,car,4,31,969.0,325.0,1043.0,370.0,3330.0,medium,1,partial,0,not_truncated,True,4,0.9043427109718323,0.9278008937835693
0000215_02932_d_0000263.jpg,27,1,car,4,32,1077.0,362.00000000000006,1161.0,434.0,6047.999999999995,medium,2,heavy,0,not_truncated,True,13,0.7324252724647522,0.8805345296859741
0000215_02932_d_0000263.jpg,28,1,car,4,33,1150.0,335.0,1226.0,393.99999999999994,4483.999999999995,medium,2,heavy,0,not_truncated,True,15,0.6783959269523621,0.7807348966598511
0000215_02932_d_0000263.jpg,29,2,van,5,34,934.0,291.0,989.0000000000001,340.0,2695.0000000000055,medium,1,partial,0,not_truncated,True,10,0.8296111226081848,0.8655487895011902
0000215_02932_d_0000263.jpg,30,2,van,5,35,957.0000000000001,262.0,1046.0,316.0,4805.999999999994,medium,2,heavy,0,not_truncated,False,,,
0000215_02932_d_0000263.jpg,31,1,car,4,36,906.0,233.99999999999997,988.0,273.0,3198.0000000000023,medium,1,partial,0,not_truncated,True,25,0.5367133021354675,0.6597001552581787
0000215_02932_d_0000263.jpg,32,1,car,4,37,844.9999999999999,201.99999999999997,890.0,240.0,1710.0000000000057,medium,0,none,0,not_truncated,True,11,0.8073081970214844,0.8745734691619873
0000215_02932_d_0000263.jpg,33,1,car,4,38,822.0,166.0,867.0000000000001,199.00000000000003,1485.000000000005,medium,1,partial,0,not_truncated,True,8,0.8681119084358215,0.8811630010604858
0000215_02932_d_0000263.jpg,34,1,car,4,39,831.9999999999999,145.0,904.0,180.0,2520.000000000004,medium,2,heavy,0,not_truncated,False,,,
0000215_02932_d_0000263.jpg,35,1,car,4,40,800.9999999999999,59.0,851.0,82.0,1150.0000000000027,medium,1,partial,0,not_truncated,False,,,
0000215_02932_d_0000263.jpg,36,1,car,4,41,732.0000000000001,191.0,770.0,233.00000000000003,1595.9999999999964,medium,0,none,0,not_truncated,False,,,
0000215_02932_d_0000263.jpg,37,0,pedestrian,1,44,720.0,69.00000000000001,727.0,90.0,146.9999999999999,small,0,none,0,not_truncated,False,,,
0000215_02932_d_0000263.jpg,38,2,van,5,45,723.0,63.0,745.9999999999999,92.0,666.9999999999967,small,1,partial,0,not_truncated,False,,,
0000215_02932_d_0000263.jpg,39,1,car,4,47,628.0,9.000000000000002,650.0,28.0,418.0,small,0,none,0,not_truncated,True,23,0.6197474598884583,0.8443779349327087
0000215_02932_d_0000263.jpg,40,1,car,4,48,489.0,18.0,511.00000000000006,48.0,660.0000000000017,small,0,none,0,not_truncated,True,19,0.6569766998291016,0.8702583909034729
0000223_01802_d_0000005.jpg,0,1,car,4,1,1026.0,1003.0,1133.0,1078.0,8025.0,medium,0,none,1,truncated,True,4,0.8358347415924072,0.943182647228241
0000223_01802_d_0000005.jpg,1,1,car,4,2,1030.0,758.0,1104.0000000000002,847.9999999999999,6660.000000000012,medium,0,none,0,not_truncated,True,2,0.8536701202392578,0.9404488205909729
0000223_01802_d_0000005.jpg,2,1,car,4,3,899.0,753.0,976.9999999999999,845.0,7175.999999999989,medium,0,none,0,not_truncated,True,0,0.8948780298233032,0.9571691155433655
0000223_01802_d_0000005.jpg,3,1,car,4,4,893.9999999999999,599.0000000000001,949.0,655.0,3080.0,medium,0,none,0,not_truncated,True,1,0.8920435309410095,0.8971107006072998
0000223_01802_d_0000005.jpg,4,1,car,4,5,1031.0,585.0000000000001,1085.9999999999998,640.0,3024.9999999999814,medium,1,partial,0,not_truncated,True,18,0.4784064292907715,0.8782708644866943
0000223_01802_d_0000005.jpg,5,2,van,5,6,994.0,497.0,1038.0,561.0,2816.0,medium,1,partial,0,not_truncated,True,5,0.7189986109733582,0.880354642868042
0000223_01802_d_0000005.jpg,6,3,truck,6,7,951.0,376.0,1006.9999999999999,455.00000000000006,4423.9999999999945,medium,0,none,0,not_truncated,True,12,0.575583815574646,0.9555647969245911
0000223_01802_d_0000005.jpg,7,1,car,4,8,1064.0,442.0,1123.0,477.00000000000006,2065.000000000003,medium,1,partial,0,not_truncated,True,14,0.5710563659667969,0.8959439396858215
0000223_01802_d_0000005.jpg,8,0,pedestrian,1,9,1099.0,464.99999999999994,1108.0,494.0,261.0000000000005,small,0,none,0,not_truncated,False,,,
0000223_01802_d_0000005.jpg,9,0,pedestrian,1,10,1121.0,464.99999999999994,1135.0,495.0,420.0000000000008,small,0,none,0,not_truncated,False,,,
0000223_01802_d_0000005.jpg,10,2,van,5,11,1249.0,408.0,1310.9999999999998,441.0,2045.9999999999925,medium,1,partial,0,not_truncated,False,,,
0000223_01802_d_0000005.jpg,11,2,van,5,12,1611.9999999999998,442.0,1691.0,473.0,2449.0000000000073,medium,2,heavy,0,not_truncated,False,,,
0000223_01802_d_0000005.jpg,12,1,car,4,13,1565.9999999999998,427.0,1645.0,457.0,2370.000000000007,medium,1,partial,0,not_truncated,False,,,
0000223_01802_d_0000005.jpg,13,2,van,5,14,1490.0,427.0,1565.0,462.00000000000006,2625.000000000004,medium,1,partial,0,not_truncated,False,,,
0000223_01802_d_0000005.jpg,14,1,car,4,15,1452.0,422.00000000000006,1519.0,445.0,1540.9999999999961,medium,2,heavy,0,not_truncated,False,,,
0000223_01802_d_0000005.jpg,15,1,car,4,16,1353.0,420.0,1429.0,447.00000000000006,2052.0000000000045,medium,1,partial,0,not_truncated,True,6,0.7007485032081604,0.6709504127502441
0000223_01802_d_0000005.jpg,16,1,car,4,17,1334.0,413.0,1403.0,435.0,1518.0,medium,1,partial,0,not_truncated,False,,,
0000223_01802_d_0000005.jpg,17,3,truck,6,18,1103.0,364.0,1243.0,419.0,7700.0,medium,1,partial,0,not_truncated,False,,,
0000223_01802_d_0000005.jpg,18,1,car,4,23,926.0,389.0,955.0000000000001,413.0,696.0000000000027,small,1,partial,0,not_truncated,False,,,
0000223_01802_d_0000005.jpg,19,2,van,5,26,848.0,375.0,884.0,405.0,1080.0,medium,0,none,0,not_truncated,False,,,
0000223_01802_d_0000005.jpg,20,1,car,4,27,862.0,354.0,889.0,375.00000000000006,567.0000000000016,small,0,none,0,not_truncated,True,9,0.6460851430892944,0.7577511668205261
0000223_01802_d_0000005.jpg,21,1,car,4,28,840.0,335.99999999999994,863.9999999999999,354.0,431.9999999999993,small,0,none,0,not_truncated,True,31,0.25850197672843933,0.5812152624130249
0000223_01802_d_0000005.jpg,22,1,car,4,29,859.0,317.0,882.0,334.0,391.0,small,0,none,0,not_truncated,True,21,0.4372293949127197,0.7239102721214294
0000223_01802_d_0000005.jpg,23,1,car,4,30,838.0,305.0,857.0,321.0,304.0,small,1,partial,0,not_truncated,True,11,0.5958744287490845,0.636599600315094
0000223_01802_d_0000005.jpg,24,1,car,4,31,824.0,317.0,848.0,336.99999999999994,479.99999999999864,small,1,partial,0,not_truncated,False,,,
0000223_01802_d_0000005.jpg,25,1,car,4,32,778.0,284.00000000000006,800.0,296.0,263.99999999999875,small,0,none,0,not_truncated,True,23,0.3659304976463318,0.5388723015785217
0000223_01802_d_0000005.jpg,26,2,van,5,33,764.0,297.0,784.0,317.0,400.0,small,0,none,0,not_truncated,False,,,
0000223_01802_d_0000005.jpg,27,1,car,4,34,729.0,282.0,751.0,296.99999999999994,329.99999999999875,small,0,none,0,not_truncated,True,19,0.4765704274177551,0.5208222270011902
0000223_01802_d_0000005.jpg,28,1,car,4,35,735.0,323.0,758.9999999999999,344.0,503.9999999999976,small,0,none,0,not_truncated,True,13,0.5724038481712341,0.8562126159667969
0000223_01802_d_0000005.jpg,29,1,car,4,36,742.0,350.0,768.0,369.99999999999994,519.9999999999985,small,0,none,0,not_truncated,True,7,0.6801079511642456,0.7921053767204285
0000223_01802_d_0000005.jpg,30,1,car,4,37,756.0,387.0,786.9999999999999,414.0,836.9999999999969,small,1,partial,0,not_truncated,True,27,0.29693448543548584,0.7070368528366089
0000223_01802_d_0000005.jpg,31,3,truck,6,38,759.0,404.00000000000006,797.0,457.0,2013.9999999999977,medium,0,none,0,not_truncated,False,,,
0000223_01802_d_0000005.jpg,32,3,truck,6,39,787.0,336.99999999999994,832.0,391.0,2430.0000000000027,medium,0,none,0,not_truncated,True,16,0.5426728129386902,0.8237318992614746
0000223_01802_d_0000005.jpg,33,1,car,4,40,788.0,328.99999999999994,810.0,350.0,462.00000000000125,small,2,heavy,0,not_truncated,False,,,
0000223_01802_d_0000005.jpg,34,1,car,4,41,781.0,316.00000000000006,804.0,333.0,390.9999999999987,small,1,partial,0,not_truncated,False,,,
0000223_01802_d_0000005.jpg,35,2,van,5,44,662.0,306.0,703.0,324.00000000000006,738.0000000000023,small,1,partial,0,not_truncated,False,,,
0000223_01802_d_0000005.jpg,36,1,car,4,45,709.0,290.00000000000006,728.9999999999999,304.0,279.99999999999727,small,0,none,0,not_truncated,False,,,
0000223_01802_d_0000005.jpg,37,1,car,4,46,679.9999999999999,262.0,697.0,275.0,221.00000000000148,small,0,none,0,not_truncated,False,,,
0000223_01802_d_0000005.jpg,38,1,car,4,47,691.0,256.0,710.0,266.0,190.0,small,0,none,0,not_truncated,False,,,
0000223_01802_d_0000005.jpg,39,1,car,4,48,690.0,249.99999999999997,706.0,259.0,144.00000000000045,small,1,partial,0,not_truncated,False,,,
0000223_01802_d_0000005.jpg,40,1,car,4,49,660.0,248.99999999999997,677.0000000000001,258.0,153.0000000000015,small,1,partial,0,not_truncated,False,,,
0000223_01802_d_0000005.jpg,41,1,car,4,50,631.0,232.0,645.0,240.00000000000003,112.0000000000004,small,1,partial,0,not_truncated,False,,,
0000223_01802_d_0000005.jpg,42,1,car,4,51,634.9999999999999,248.0,652.0,258.0,170.00000000000114,small,2,heavy,0,not_truncated,False,,,
0000223_01802_d_0000005.jpg,43,1,car,4,52,612.0,358.99999999999994,663.0,386.0,1377.000000000003,medium,2,heavy,0,not_truncated,False,,,
0000223_01802_d_0000005.jpg,44,1,car,4,56,732.0,526.0000000000001,779.0,574.0000000000001,2256.0,medium,0,none,0,not_truncated,True,3,0.8447093367576599,0.9371540546417236
0000223_01802_d_0000005.jpg,45,1,car,4,57,1303.9999999999998,271.0,1317.0,285.99999999999994,195.00000000000267,small,1,partial,0,not_truncated,False,,,
0000223_01802_d_0000005.jpg,46,1,car,4,58,1310.9999999999998,267.0,1339.0,281.0,392.0000000000032,small,1,partial,0,not_truncated,False,,,
0000223_01802_d_0000005.jpg,47,1,car,4,59,1376.0,302.0,1382.0,316.0,84.0,small,1,partial,0,not_truncated,False,,,
0000223_01802_d_0000005.jpg,48,1,car,4,61,541.0,351.0,591.0,373.0,1100.0,medium,1,partial,0,not_truncated,True,22,0.3806411623954773,0.8726187944412231
0000223_01802_d_0000005.jpg,49,1,car,4,62,480.99999999999994,351.0,533.0,376.0,1300.0000000000014,medium,1,partial,0,not_truncated,False,,,
0000223_01802_d_0000005.jpg,50,1,car,4,63,429.99999999999994,325.0,467.0,344.0,703.0000000000011,small,0,none,0,not_truncated,True,20,0.4559982120990753,0.7487154006958008
0000223_01802_d_0000005.jpg,51,2,van,5,64,396.0,275.0,411.0,292.0,255.0,small,1,partial,0,not_truncated,False,,,
0000223_01802_d_0000005.jpg,52,0,pedestrian,1,65,390.0,274.99999999999994,396.0,291.0,96.00000000000034,small,1,partial,0,not_truncated,False,,,
0000242_00627_d_0000003.jpg,0,1,car,4,9,451.0,212.0,485.00000000000006,249.00000000000003,1258.0000000000032,medium,0,none,0,not_truncated,True,2,0.871807336807251,0.903946042060852
0000242_00627_d_0000003.jpg,1,2,van,5,10,296.99999999999994,249.00000000000003,345.0,307.0,2784.000000000002,medium,0,none,0,not_truncated,True,15,0.3659398853778839,0.9291335940361023
0000242_00627_d_0000003.jpg,2,1,car,4,11,428.0,416.0,503.0,540.0,9300.0,large,0,none,1,truncated,True,0,0.8923547267913818,0.9258440732955933
0000242_00627_d_0000003.jpg,3,1,car,4,12,425.0,135.0,441.00000000000006,150.0,240.00000000000085,small,0,none,0,not_truncated,True,3,0.8395366072654724,0.7119922041893005
0000242_00627_d_0000003.jpg,4,1,car,4,13,486.0,115.0,497.0,126.0,121.0,small,0,none,0,not_truncated,True,6,0.6435554623603821,0.7596943974494934
0000242_00627_d_0000003.jpg,5,1,car,4,14,458.99999999999994,111.0,477.0,122.0,198.00000000000063,small,0,none,0,not_truncated,True,7,0.6426745057106018,0.7446627616882324
0000242_00627_d_0000003.jpg,6,1,car,4,15,416.0,122.00000000000001,428.0,134.0,143.99999999999983,small,0,none,0,not_truncated,True,9,0.5537619590759277,0.6978684067726135
0000242_00627_d_0000003.jpg,7,1,car,4,16,410.0,117.0,421.0,126.99999999999999,109.99999999999984,small,1,partial,0,not_truncated,True,13,0.40489456057548523,0.5965605974197388
0000242_00627_d_0000003.jpg,8,1,car,4,17,440.00000000000006,101.0,448.0,110.0,71.99999999999949,small,0,none,0,not_truncated,True,14,0.38938143849372864,0.7415195107460022
0000242_00627_d_0000003.jpg,9,1,car,4,18,432.0,94.0,439.00000000000006,100.00000000000001,42.00000000000044,small,0,none,0,not_truncated,False,,,
0000242_00627_d_0000003.jpg,10,1,car,4,19,447.0,91.0,455.0,99.00000000000001,64.00000000000011,small,0,none,0,not_truncated,False,,,
0000242_00627_d_0000003.jpg,11,1,car,4,20,455.00000000000006,86.99999999999999,461.0,95.0,47.99999999999963,small,0,none,0,not_truncated,False,,,
0000242_00627_d_0000003.jpg,12,1,car,4,21,516.9999999999999,105.0,527.0,111.00000000000001,60.000000000000824,small,1,partial,0,not_truncated,False,,,
0000242_00627_d_0000003.jpg,13,1,car,4,22,533.0000000000001,116.0,542.0,125.0,80.99999999999898,small,1,partial,0,not_truncated,False,,,
0000242_00627_d_0000003.jpg,14,0,pedestrian,1,23,536.0,118.0,539.0,127.0,27.0,small,0,none,0,not_truncated,False,,,
0000242_00627_d_0000003.jpg,15,0,pedestrian,1,24,512.0,115.0,515.0,122.0,21.0,small,1,partial,0,not_truncated,False,,,
0000242_00627_d_0000003.jpg,16,1,car,4,26,543.0,125.0,556.0,134.0,117.0,small,1,partial,0,not_truncated,False,,,
0000242_00627_d_0000003.jpg,17,3,truck,6,27,551.0,123.0,574.0,143.0,460.0,small,0,none,0,not_truncated,False,,,
0000242_00627_d_0000003.jpg,18,1,car,4,28,599.0,172.0,627.0,191.00000000000003,532.0000000000008,small,1,partial,0,not_truncated,True,5,0.6746325492858887,0.8171926140785217
0000242_00627_d_0000003.jpg,19,1,car,4,29,617.0,186.99999999999997,651.0,209.0,748.0000000000009,small,0,none,0,not_truncated,True,4,0.787643551826477,0.7696725130081177
0000242_00627_d_0000003.jpg,20,0,pedestrian,1,33,304.00000000000006,179.0,314.0,202.00000000000003,229.99999999999898,small,0,none,0,not_truncated,False,,,
0000242_00627_d_0000003.jpg,21,0,pedestrian,1,34,156.99999999999997,195.0,165.0,217.0,176.00000000000063,small,0,none,0,not_truncated,False,,,
0000242_00627_d_0000003.jpg,22,0,pedestrian,1,35,169.0,181.0,175.0,198.0,102.0,small,1,partial,0,not_truncated,False,,,
0000242_00627_d_0000003.jpg,23,0,pedestrian,1,36,175.00000000000003,195.0,180.0,213.0,89.99999999999949,small,1,partial,0,not_truncated,False,,,
0000242_00627_d_0000003.jpg,24,0,pedestrian,1,37,182.00000000000003,192.0,188.0,211.00000000000003,113.99999999999963,small,1,partial,0,not_truncated,False,,,
0000242_00627_d_0000003.jpg,25,0,pedestrian,1,38,176.0,184.99999999999997,182.0,205.0,120.00000000000017,small,1,partial,0,not_truncated,False,,,
0000242_00627_d_0000003.jpg,26,1,car,4,39,160.0,214.0,206.99999999999997,247.0,1550.999999999999,medium,1,partial,0,not_truncated,True,1,0.8746825456619263,0.8341278433799744
0000242_00627_d_0000003.jpg,27,1,car,4,40,366.0,142.0,386.0,158.00000000000003,320.00000000000057,small,0,none,0,not_truncated,True,12,0.44764775037765503,0.7545718550682068
0000242_00627_d_0000003.jpg,28,1,car,4,41,318.00000000000006,155.0,345.0,173.0,485.999999999999,small,0,none,0,not_truncated,True,17,0.31886935234069824,0.8226141333580017
0000242_00627_d_0000003.jpg,29,1,car,4,42,294.99999999999994,143.0,343.0,164.0,1008.0000000000011,small,1,partial,0,not_truncated,False,,,
0000242_00627_d_0000003.jpg,30,3,truck,6,44,880.9999999999999,224.0,958.0,283.0,4543.000000000006,medium,1,partial,0,not_truncated,False,,,
0000242_00627_d_0000003.jpg,31,1,car,4,45,710.0,219.0,782.0,252.0,2376.0,medium,0,none,0,not_truncated,True,8,0.6091226935386658,0.9318416118621826
0000242_00627_d_0000003.jpg,32,2,van,5,47,538.0,99.00000000000001,556.0,108.0,161.99999999999974,small,0,none,0,not_truncated,False,,,
0000242_00627_d_0000003.jpg,33,1,car,4,48,546.0,108.0,569.0,117.0,207.0,small,1,partial,0,not_truncated,False,,,
0000242_00627_d_0000003.jpg,34,3,truck,6,49,514.9999999999999,111.0,532.0,129.0,306.00000000000205,small,0,none,0,not_truncated,False,,,
0000242_00627_d_0000003.jpg,35,2,van,5,50,402.0,97.0,408.0,106.99999999999999,59.999999999999915,small,0,none,0,not_truncated,False,,,
0000242_00627_d_0000003.jpg,36,1,car,4,51,367.0,113.0,390.0,122.0,207.0,small,1,partial,0,not_truncated,False,,,
0000242_00627_d_0000003.jpg,37,1,car,4,52,613.0,134.0,635.0,148.0,308.0,small,2,heavy,0,not_truncated,False,,,
0000242_01475_d_0000007.jpg,0,1,car,4,2,241.0,11.0,250.00000000000003,18.0,63.0000000000002,small,0,none,0,not_truncated,False,,,
0000242_01475_d_0000007.jpg,1,1,car,4,3,257.0,21.0,266.99999999999994,30.0,89.99999999999949,small,0,none,0,not_truncated,True,35,0.3724071979522705,0.8437709808349609
0000242_01475_d_0000007.jpg,2,1,car,4,4,247.00000000000003,32.0,259.0,42.0,119.99999999999972,small,0,none,0,not_truncated,True,24,0.5739095211029053,0.6773080229759216
0000242_01475_d_0000007.jpg,3,1,car,4,5,279.0,8.0,285.0,14.000000000000002,36.000000000000014,small,1,partial,0,not_truncated,False,,,
0000242_01475_d_0000007.jpg,4,1,car,4,6,280.0,14.0,288.0,21.0,56.0,small,0,none,0,not_truncated,True,27,0.46570685505867004,0.6027417778968811
0000242_01475_d_0000007.jpg,5,1,car,4,7,293.0,34.0,306.0,43.99999999999999,129.99999999999991,small,0,none,0,not_truncated,True,31,0.4082385003566742,0.7575810551643372
0000242_01475_d_0000007.jpg,6,1,car,4,8,306.0,27.0,319.0,35.0,104.0,small,0,none,0,not_truncated,False,,,
0000242_01475_d_0000007.jpg,7,1,car,4,9,297.0,16.0,306.00000000000006,25.0,81.00000000000051,small,0,none,0,not_truncated,True,30,0.44541019201278687,0.5981088876724243
0000242_01475_d_0000007.jpg,8,0,pedestrian,1,12,226.00000000000003,50.0,232.0,64.0,83.9999999999996,small,0,none,0,not_truncated,True,37,0.33277422189712524,0.640997588634491
0000242_01475_d_0000007.jpg,9,1,car,4,14,183.0,24.0,207.0,33.0,216.0,small,1,partial,0,not_truncated,True,34,0.37981095910072327,0.7610391974449158
0000242_01475_d_0000007.jpg,10,1,car,4,15,171.0,28.999999999999996,185.0,40.0,154.00000000000006,small,0,none,0,not_truncated,True,22,0.6252846121788025,0.7667111754417419
0000242_01475_d_0000007.jpg,11,2,van,5,16,147.0,73.0,168.0,95.99999999999999,482.9999999999997,small,0,none,0,not_truncated,False,,,
0000242_01475_d_0000007.jpg,12,1,car,4,17,263.0,70.0,284.0,92.0,462.0,small,0,none,0,not_truncated,True,11,0.7748395204544067,0.7619336247444153
0000242_01475_d_0000007.jpg,13,1,car,4,18,220.0,91.0,244.0,113.0,528.0,small,0,none,0,not_truncated,True,20,0.6747311949729919,0.8680857419967651
0000242_01475_d_0000007.jpg,14,1,car,4,19,259.00000000000006,119.0,312.0,146.0,1430.9999999999984,medium,0,none,0,not_truncated,True,0,0.9309403896331787,0.9321930408477783
0000242_01475_d_0000007.jpg,15,1,car,4,20,315.0,53.99999999999999,330.0,66.0,180.0000000000001,small,0,none,0,not_truncated,True,21,0.6380062103271484,0.7496194839477539
0000242_01475_d_0000007.jpg,16,1,car,4,21,335.0,60.00000000000001,355.0,77.0,339.9999999999999,small,0,none,0,not_truncated,True,28,0.44643598794937134,0.8016908168792725
0000242_01475_d_0000007.jpg,17,3,truck,6,22,300.0,87.0,338.0,120.00000000000001,1254.0000000000005,medium,0,none,0,not_truncated,False,,,
0000242_01475_d_0000007.jpg,18,0,pedestrian,1,23,111.0,56.00000000000001,120.0,72.0,143.99999999999994,small,0,none,0,not_truncated,False,,,
0000242_01475_d_0000007.jpg,19,0,pedestrian,1,24,118.0,42.0,124.99999999999999,54.0,83.99999999999983,small,0,none,0,not_truncated,False,,,
0000242_01475_d_0000007.jpg,20,1,car,4,25,0.0,189.0,75.0,223.0,2550.0,medium,0,none,1,truncated,True,17,0.7158045172691345,0.8239057064056396
0000242_01475_d_0000007.jpg,21,1,car,4,28,450.99999999999994,349.0,544.0,450.0,9393.000000000005,large,0,none,0,not_truncated,True,1,0.9255686402320862,0.9857200980186462
0000242_01475_d_0000007.jpg,22,1,car,4,29,295.0,211.0,355.0,256.0,2700.0,medium,0,none,0,not_truncated,True,3,0.9029494524002075,0.9067941308021545
0000242_01475_d_0000007.jpg,23,3,truck,6,30,721.0,308.0,909.0,443.0,25380.0,large,0,none,0,not_truncated,True,13,0.7696791291236877,0.9653946757316589
0000242_01475_d_0000007.jpg,24,1,car,4,33,691.0,249.99999999999997,789.0,313.0,6174.000000000003,medium,1,partial,0,not_truncated,True,6,0.8237830996513367,0.8069135546684265
0000242_01475_d_0000007.jpg,25,1,car,4,34,602.0,235.99999999999997,684.0,289.0,4346.000000000003,medium,0,none,0,not_truncated,True,2,0.9137461185455322,0.9455089569091797
0000242_01475_d_0000007.jpg,26,0,pedestrian,1,35,651.0,191.0,661.0,220.0,290.0,small,0,none,0,not_truncated,False,,,
0000242_01475_d_0000007.jpg,27,3,truck,6,37,469.0,155.0,544.9999999999999,222.00000000000003,5091.9999999999945,medium,0,none,0,not_truncated,False,,,
0000242_01475_d_0000007.jpg,28,1,car,4,38,339.99999999999994,140.99999999999997,375.0,172.0,1085.0000000000027,medium,0,none,0,not_truncated,True,4,0.9018309712409973,0.9199175834655762
0000242_01475_d_0000007.jpg,29,1,car,4,40,351.0,110.00000000000001,412.0,142.0,1951.999999999999,medium,0,none,0,not_truncated,True,12,0.7737321257591248,0.9349012970924377
0000242_01475_d_0000007.jpg,30,1,car,4,43,350.0,38.99999999999999,367.0,53.0,238.0000000000001,small,0,none,0,not_truncated,True,29,0.4461452066898346,0.7263553142547607
0000242_01475_d_0000007.jpg,31,1,car,4,44,345.0,33.0,358.0,42.0,117.0,small,1,partial,0,not_truncated,True,38,0.32328689098358154,0.5086750984191895
0000242_01475_d_0000007.jpg,32,1,car,4,45,337.0,25.000000000000004,348.0,34.00000000000001,99.00000000000004,small,0,none,0,not_truncated,True,41,0.30055537819862366,0.796972393989563
0000242_01475_d_0000007.jpg,33,1,car,4,46,414.99999999999994,88.0,439.0,106.0,432.000000000001,small,0,none,0,not_truncated,True,18,0.6999417543411255,0.8282474279403687
0000242_01475_d_0000007.jpg,34,1,car,4,47,412.0,107.0,449.0,131.0,888.0,small,0,none,0,not_truncated,True,7,0.8121635913848877,0.9479666948318481
0000242_01475_d_0000007.jpg,35,0,pedestrian,1,50,531.0,147.00000000000003,542.0,167.0,219.9999999999997,small,0,none,0,not_truncated,False,,,
0000242_01475_d_0000007.jpg,36,1,car,4,51,507.00000000000006,152.0,538.0,173.0,650.9999999999989,small,2,heavy,0,not_truncated,False,,,
0000242_01475_d_0000007.jpg,37,1,car,4,52,495.0,101.0,544.9999999999999,121.0,999.9999999999977,small,0,none,0,not_truncated,True,9,0.7844791412353516,0.912335991859436
0000242_01475_d_0000007.jpg,38,1,car,4,54,641.0,171.99999999999997,726.0000000000001,206.0,2890.0000000000064,medium,1,partial,0,not_truncated,True,14,0.7678566575050354,0.8838096857070923
0000242_01475_d_0000007.jpg,39,1,car,4,55,627.0000000000001,158.99999999999997,699.0,186.0,1943.9999999999989,medium,1,partial,0,not_truncated,True,32,0.4078425467014313,0.819487988948822
0000242_01475_d_0000007.jpg,40,1,car,4,56,602.0,145.00000000000003,669.0,174.0,1942.9999999999982,medium,1,partial,0,not_truncated,True,5,0.8560037016868591,0.9451298117637634
0000242_01475_d_0000007.jpg,41,0,pedestrian,1,57,600.0,133.0,610.0000000000001,158.0,250.00000000000284,small,0,none,0,not_truncated,False,,,
0000242_01475_d_0000007.jpg,42,1,car,4,58,593.0000000000001,115.99999999999999,651.0,146.0,1739.9999999999975,medium,0,none,0,not_truncated,True,10,0.7766481041908264,0.8262985944747925
0000242_01475_d_0000007.jpg,43,1,car,4,59,632.0,111.0,692.0,137.0,1560.0,medium,1,partial,0,not_truncated,False,,,
0000242_01475_d_0000007.jpg,44,0,pedestrian,1,60,655.0000000000001,85.99999999999999,660.0,103.0,84.99999999999814,small,0,none,0,not_truncated,False,,,
0000242_01475_d_0000007.jpg,45,0,pedestrian,1,61,662.0,83.0,669.0,99.0,112.0,small,0,none,0,not_truncated,False,,,
0000242_01475_d_0000007.jpg,46,1,car,4,62,623.0000000000001,77.0,658.0,97.0,699.9999999999977,small,0,none,0,not_truncated,True,19,0.694130003452301,0.888400673866272
0000242_01475_d_0000007.jpg,47,1,car,4,63,599.0,84.0,631.0,102.0,576.0,small,1,partial,0,not_truncated,False,,,
0000242_01475_d_0000007.jpg,48,1,car,4,64,578.9999999999999,85.99999999999999,611.0,105.0,608.0000000000026,small,1,partial,0,not_truncated,False,,,
0000242_01475_d_0000007.jpg,49,1,car,4,65,550.0,85.0,587.9999999999999,107.99999999999999,873.9999999999968,small,1,partial,0,not_truncated,True,15,0.7303957939147949,0.8521491289138794
0000242_01475_d_0000007.jpg,50,1,car,4,66,513.0,85.0,548.0,107.0,770.0,small,1,partial,0,not_truncated,False,,,
0000242_01475_d_0000007.jpg,51,0,pedestrian,1,67,511.00000000000006,74.0,516.0,91.00000000000001,84.9999999999991,small,0,none,0,not_truncated,False,,,
0000242_01475_d_0000007.jpg,52,1,car,4,68,163.99999999999997,17.000000000000004,173.0,25.0,72.0000000000002,small,0,none,0,not_truncated,False,,,
0000242_03668_d_0000012.jpg,0,1,car,4,1,150.0,419.0,218.00000000000003,521.0,6936.000000000003,medium,0,none,0,not_truncated,True,1,0.9071828126907349,0.9760519862174988
0000242_03668_d_0000012.jpg,1,4,bus,9,2,597.0,327.00000000000006,743.0,540.0,31097.999999999993,large,1,partial,1,truncated,False,,,
0000242_03668_d_0000012.jpg,2,1,car,4,3,663.0,299.99999999999994,753.0,343.0,3870.000000000005,medium,1,partial,0,not_truncated,True,11,0.5307157039642334,0.8546570539474487
0000242_03668_d_0000012.jpg,3,1,car,4,5,827.9999999999999,204.00000000000003,890.0,232.0,1736.0000000000014,medium,1,partial,0,not_truncated,True,6,0.7491350769996643,0.8338065147399902
0000242_03668_d_0000012.jpg,4,0,pedestrian,1,6,827.9999999999999,148.0,838.0,167.00000000000003,190.00000000000244,small,0,none,0,not_truncated,True,14,0.2896904945373535,0.6889516115188599
0000242_03668_d_0000012.jpg,5,0,pedestrian,1,11,802.0,116.99999999999999,811.0,134.0,153.0000000000001,small,1,partial,0,not_truncated,False,,,
0000242_03668_d_0000012.jpg,6,1,car,4,15,686.0,168.0,747.0,193.0,1525.0,medium,1,partial,0,not_truncated,True,4,0.868423581123352,0.9299837946891785
0000242_03668_d_0000012.jpg,7,1,car,4,16,466.99999999999994,241.0,501.99999999999994,289.0,1680.0,medium,0,none,0,not_truncated,True,2,0.8961898684501648,0.8545193672180176
0000242_03668_d_0000012.jpg,8,1,car,4,17,307.0,242.0,346.0,296.99999999999994,2144.9999999999977,medium,0,none,0,not_truncated,True,3,0.8771275281906128,0.9220826029777527
0000242_03668_d_0000012.jpg,9,0,pedestrian,1,20,45.0,150.0,60.0,169.99999999999997,299.99999999999955,small,0,none,0,not_truncated,False,,,
0000242_03668_d_0000012.jpg,10,2,van,5,21,58.0,146.0,99.0,180.00000000000003,1394.0000000000011,medium,0,none,0,not_truncated,True,9,0.6292974352836609,0.8770488500595093
0000242_03668_d_0000012.jpg,11,0,pedestrian,1,26,199.99999999999997,130.0,210.0,146.0,160.00000000000045,small,0,none,0,not_truncated,False,,,
0000242_03668_d_0000012.jpg,12,1,car,4,28,106.0,191.0,178.0,218.00000000000003,1944.000000000002,medium,1,partial,0,not_truncated,True,5,0.8002116680145264,0.8681217432022095
0000242_03668_d_0000012.jpg,13,0,pedestrian,1,33,263.0,138.0,272.0,157.0,171.0,small,0,none,0,not_truncated,False,,,
0000242_03668_d_0000012.jpg,14,1,car,4,34,231.99999999999997,166.0,290.0,199.0,1914.000000000001,medium,0,none,0,not_truncated,True,0,0.9408606290817261,0.9430187940597534
0000242_03668_d_0000012.jpg,15,0,pedestrian,1,35,320.00000000000006,101.0,326.0,118.0,101.99999999999903,small,1,partial,0,not_truncated,False,,,
0000242_03668_d_0000012.jpg,16,3,truck,6,36,294.0,121.0,328.0,155.99999999999997,1189.999999999999,medium,0,none,0,not_truncated,False,,,
0000242_03668_d_0000012.jpg,17,1,car,4,37,490.00000000000006,136.0,517.0,163.0,728.9999999999984,small,0,none,0,not_truncated,True,12,0.47105005383491516,0.8953074216842651
0000242_03668_d_0000012.jpg,18,3,truck,6,38,533.9999999999999,87.99999999999999,559.0,125.0,925.0000000000045,small,2,heavy,0,not_truncated,False,,,
0000242_03668_d_0000012.jpg,19,1,car,4,40,521.0,73.99999999999999,540.0,95.0,399.0000000000003,small,1,partial,0,not_truncated,True,8,0.6458496451377869,0.8449791073799133
0000242_03668_d_0000012.jpg,20,1,car,4,43,477.0,0.0,489.99999999999994,11.0,142.99999999999937,small,1,partial,1,truncated,False,,,
0000242_03668_d_0000012.jpg,21,1,car,4,44,462.0,19.0,477.0,34.00000000000001,225.0000000000001,small,0,none,0,not_truncated,True,7,0.7444267272949219,0.8413510918617249
0000242_05570_d_0000016.jpg,0,1,car,4,3,319.0,411.0,368.0,502.0,4459.0,medium,0,none,0,not_truncated,True,0,0.9032630920410156,0.9760705232620239
0000242_05570_d_0000016.jpg,1,1,car,4,4,314.0,224.99999999999997,338.99999999999994,263.0,949.9999999999985,small,0,none,0,not_truncated,True,1,0.8896660804748535,0.8675856590270996
0000242_05570_d_0000016.jpg,2,1,car,4,5,479.0,164.0,503.0,184.00000000000003,480.0000000000007,small,0,none,0,not_truncated,True,11,0.4151303172111511,0.6791561245918274
0000242_05570_d_0000016.jpg,3,1,car,4,6,465.0,149.0,488.0,165.0,368.0,small,0,none,0,not_truncated,False,,,
0000242_05570_d_0000016.jpg,4,1,car,4,7,530.0,164.0,576.0,183.0,874.0,small,1,partial,0,not_truncated,True,2,0.8872425556182861,0.9313904643058777
0000242_05570_d_0000016.jpg,5,1,car,4,8,217.0,241.0,251.0,282.0,1394.0,medium,1,partial,0,not_truncated,True,4,0.6908518075942993,0.8997060656547546
0000242_05570_d_0000016.jpg,6,1,car,4,9,225.0,220.0,253.0,248.99999999999997,811.9999999999992,small,1,partial,0,not_truncated,False,,,
0000242_05570_d_0000016.jpg,7,1,car,4,10,312.0,63.99999999999999,322.0,73.99999999999999,99.99999999999993,small,0,none,0,not_truncated,True,3,0.7915006279945374,0.7913812398910522
0000242_05570_d_0000016.jpg,8,1,car,4,11,310.0,46.0,320.0,55.0,90.0,small,0,none,0,not_truncated,True,10,0.4157881736755371,0.655023992061615
0000242_05570_d_0000016.jpg,9,1,car,4,12,308.0,35.00000000000001,316.0,42.0,55.99999999999994,small,0,none,0,not_truncated,True,15,0.2533193826675415,0.5977988243103027
0000242_05570_d_0000016.jpg,10,1,car,4,13,373.0,49.0,382.0,58.0,81.0,small,0,none,0,not_truncated,True,12,0.4067850708961487,0.8285814523696899
0000242_05570_d_0000016.jpg,11,1,car,4,14,358.0,45.00000000000001,367.0,52.0,62.999999999999936,small,0,none,0,not_truncated,True,7,0.6074784994125366,0.6063838601112366
0000242_05570_d_0000016.jpg,12,1,car,4,15,350.0,13.0,355.0,18.0,25.0,small,0,none,0,not_truncated,False,,,
0000242_05570_d_0000016.jpg,13,1,car,4,16,353.0,21.999999999999996,360.0,28.0,42.00000000000003,small,0,none,0,not_truncated,False,,,
0000242_05570_d_0000016.jpg,14,1,car,4,17,370.99999999999994,30.0,378.0,35.0,35.000000000000284,small,0,none,0,not_truncated,False,,,
0000242_05570_d_0000016.jpg,15,1,car,4,18,535.0,126.0,557.9999999999999,141.0,344.9999999999983,small,0,none,0,not_truncated,True,5,0.6656098961830139,0.7612823247909546
0000242_05570_d_0000016.jpg,16,0,pedestrian,1,32,367.0,26.999999999999996,369.0,33.0,12.000000000000007,small,0,none,0,not_truncated,False,,,
0000242_05570_d_0000016.jpg,17,0,pedestrian,1,33,530.0,116.0,535.0,125.0,45.0,small,0,none,0,not_truncated,False,,,
0000242_05570_d_0000016.jpg,18,0,pedestrian,1,34,564.0,108.99999999999999,567.0000000000001,120.0,33.00000000000129,small,0,none,0,not_truncated,False,,,
0000244_00500_d_0000002.jpg,0,1,car,4,15,133.0,474.99999999999994,209.0,540.0,4940.000000000005,medium,0,none,1,truncated,True,1,0.9008517265319824,0.9445080161094666
0000244_00500_d_0000002.jpg,1,1,car,4,16,298.0,385.00000000000006,339.0,424.0,1598.9999999999977,medium,0,none,0,not_truncated,True,0,0.9240512251853943,0.9446502327919006
0000244_00500_d_0000002.jpg,2,1,car,4,17,380.0,272.0,395.0,285.0,195.0,small,0,none,0,not_truncated,True,8,0.39673903584480286,0.801633894443512
0000244_00500_d_0000002.jpg,3,1,car,4,18,433.99999999999994,285.99999999999994,450.0,304.0,288.00000000000193,small,0,none,0,not_truncated,True,15,0.27787941694259644,0.8683604001998901
0000244_00500_d_0000002.jpg,4,1,car,4,19,428.0,261.0,440.0,273.0,144.0,small,0,none,0,not_truncated,True,2,0.606726348400116,0.796038031578064
0000244_00500_d_0000002.jpg,5,1,car,4,20,463.0,255.99999999999997,473.0,265.0,90.00000000000028,small,0,none,0,not_truncated,True,6,0.4159168601036072,0.7677781581878662
0000244_00500_d_0000002.jpg,6,1,car,4,21,473.99999999999994,264.0,484.99999999999994,274.0,110.0,small,0,none,0,not_truncated,True,9,0.3502039611339569,0.7618294954299927
0000244_00500_d_0000002.jpg,7,1,car,4,22,464.0,234.0,470.0,241.0,42.0,small,0,none,0,not_truncated,False,,,
0000244_00500_d_0000002.jpg,8,1,car,4,23,473.0,237.0,478.0,242.00000000000003,25.000000000000142,small,0,none,0,not_truncated,False,,,
0000244_00500_d_0000002.jpg,9,1,car,4,24,473.0,233.0,478.0,238.0,25.0,small,1,partial,0,not_truncated,False,,,
0000244_00500_d_0000002.jpg,10,1,car,4,25,477.99999999999994,231.0,482.99999999999994,235.0,20.0,small,0,none,0,not_truncated,False,,,
0000244_00500_d_0000002.jpg,11,1,car,4,26,489.0,234.0,493.99999999999994,240.0,29.99999999999966,small,1,partial,0,not_truncated,False,,,
0000244_00500_d_0000002.jpg,12,1,car,4,27,493.0,234.0,497.99999999999994,238.0,19.999999999999773,small,1,partial,0,not_truncated,False,,,
0000244_00500_d_0000002.jpg,13,1,car,4,28,491.99999999999994,229.0,498.00000000000006,234.0,30.00000000000057,small,1,partial,0,not_truncated,False,,,
0000244_00500_d_0000002.jpg,14,2,van,5,29,501.0,255.0,508.99999999999994,265.0,79.99999999999943,small,0,none,0,not_truncated,False,,,
0000244_00500_d_0000002.jpg,15,2,van,5,30,495.99999999999994,248.99999999999997,506.99999999999994,261.0,132.0000000000003,small,1,partial,0,not_truncated,False,,,
0000244_00500_d_0000002.jpg,16,0,pedestrian,1,31,498.00000000000006,277.0,502.0,288.0,43.999999999999375,small,0,none,0,not_truncated,False,,,
0000244_00500_d_0000002.jpg,17,1,car,4,38,286.0,348.0,308.99999999999994,373.99999999999994,597.9999999999973,small,0,none,0,not_truncated,False,,,
0000244_00500_d_0000002.jpg,18,1,car,4,39,299.0,338.00000000000006,317.00000000000006,361.0,414.0000000000003,small,1,partial,0,not_truncated,False,,,
0000244_00500_d_0000002.jpg,19,1,car,4,40,287.0,287.00000000000006,321.0,299.0,407.99999999999807,small,1,partial,0,not_truncated,True,17,0.26396164298057556,0.6084281802177429
0000244_00500_d_0000002.jpg,20,1,car,4,41,290.0,297.0,325.0,308.0,385.0,small,1,partial,0,not_truncated,False,,,
0000244_00500_d_0000002.jpg,21,1,car,4,42,269.0,301.00000000000006,304.00000000000006,313.0,419.9999999999987,small,1,partial,0,not_truncated,False,,,
0000244_00500_d_0000002.jpg,22,1,car,4,43,263.99999999999994,305.0,297.0,321.0,528.0000000000009,small,1,partial,0,not_truncated,True,3,0.4623744487762451,0.808713436126709
0000244_03000_d_0000007.jpg,0,1,car,4,2,516.0000000000001,484.0,540.0,520.0,863.9999999999959,small,0,none,0,not_truncated,True,0,0.899166464805603,0.8720715045928955
0000244_03000_d_0000007.jpg,1,1,car,4,3,557.0,455.0,597.0000000000001,491.0,1440.000000000004,medium,0,none,0,not_truncated,True,10,0.7149698138237,0.9127155542373657
0000244_03000_d_0000007.jpg,2,2,van,5,4,604.9999999999999,426.0,652.0,450.0,1128.0000000000027,medium,0,none,0,not_truncated,True,2,0.8564444780349731,0.9030143022537231
0000244_03000_d_0000007.jpg,3,1,car,4,5,207.0,477.00000000000006,237.0,514.0,1109.9999999999982,medium,0,none,0,not_truncated,True,3,0.8463591933250427,0.8894929885864258
0000244_03000_d_0000007.jpg,4,1,car,4,6,272.0,478.0,305.00000000000006,514.0,1188.000000000002,medium,0,none,0,not_truncated,True,1,0.867617130279541,0.8892972469329834
0000244_03000_d_0000007.jpg,5,1,car,4,7,247.00000000000003,445.99999999999994,294.0,470.0,1128.000000000002,medium,0,none,0,not_truncated,True,7,0.7659074068069458,0.9189875721931458
0000244_03000_d_0000007.jpg,6,1,car,4,8,293.0,451.0,322.0,480.00000000000006,841.0000000000016,small,0,none,0,not_truncated,True,4,0.8224866390228271,0.8247071504592896
0000244_03000_d_0000007.jpg,7,1,car,4,9,323.99999999999994,443.0,357.0,474.0,1023.0000000000018,small,0,none,0,not_truncated,True,6,0.7729462385177612,0.923272430896759
0000244_03000_d_0000007.jpg,8,3,truck,6,10,359.0,387.0,378.0,409.99999999999994,436.9999999999989,small,0,none,0,not_truncated,False,,,
0000244_03000_d_0000007.jpg,9,1,car,4,11,334.0,387.99999999999994,354.99999999999994,409.0,441.0,small,0,none,0,not_truncated,True,11,0.6935044527053833,0.9124418497085571
0000244_03000_d_0000007.jpg,10,1,car,4,12,387.0,315.0,400.99999999999994,329.99999999999994,209.99999999999835,small,0,none,0,not_truncated,True,17,0.359790176153183,0.7676201462745667
0000244_03000_d_0000007.jpg,11,0,pedestrian,1,13,161.0,479.0,171.0,499.0,200.0,small,0,none,0,not_truncated,False,,,
0000244_03000_d_0000007.jpg,12,0,pedestrian,1,14,160.00000000000003,496.0,167.0,514.0,125.99999999999949,small,0,none,0,not_truncated,False,,,
0000244_03000_d_0000007.jpg,13,0,pedestrian,1,15,150.0,489.0,156.99999999999997,503.99999999999994,104.99999999999918,small,0,none,0,not_truncated,False,,,
0000244_03000_d_0000007.jpg,14,1,car,4,18,317.0,410.0,339.99999999999994,435.0,574.9999999999986,small,1,partial,0,not_truncated,True,13,0.5714017152786255,0.7236006855964661
0000244_03000_d_0000007.jpg,15,1,car,4,21,440.0,343.0,453.0,357.99999999999994,194.99999999999926,small,0,none,0,not_truncated,True,5,0.7739646434783936,0.9422560930252075
0000244_03000_d_0000007.jpg,16,1,car,4,22,476.00000000000006,354.0,490.00000000000006,368.99999999999994,209.9999999999992,small,0,none,0,not_truncated,True,9,0.7435128092765808,0.9208385348320007
0000244_03000_d_0000007.jpg,17,1,car,4,23,450.0,318.0,461.99999999999994,329.99999999999994,143.99999999999864,small,0,none,0,not_truncated,True,8,0.7446784973144531,0.7786492705345154
0000244_03000_d_0000007.jpg,18,1,car,4,24,496.00000000000006,302.0,504.99999999999994,310.99999999999994,80.99999999999847,small,0,none,0,not_truncated,True,20,0.2700861990451813,0.6133386492729187
0000244_03000_d_0000007.jpg,19,1,car,4,25,493.0,318.99999999999994,504.0,329.0,110.00000000000063,small,1,partial,0,not_truncated,True,16,0.3893919289112091,0.7273623943328857
0000244_03000_d_0000007.jpg,20,1,car,4,26,497.0,324.0,514.0000000000001,334.00000000000006,170.0000000000021,small,1,partial,0,not_truncated,False,,,
0000244_03000_d_0000007.jpg,21,4,bus,9,27,503.0,362.99999999999994,525.0,401.0,836.0000000000013,small,1,partial,0,not_truncated,False,,,
0000244_03000_d_0000007.jpg,22,1,car,4,28,547.0,384.99999999999994,563.0,403.0,288.0000000000009,small,0,none,0,not_truncated,True,15,0.3923914134502411,0.9560841917991638
0000244_03000_d_0000007.jpg,23,1,car,4,29,587.0,358.0,595.9999999999999,371.00000000000006,116.99999999999903,small,0,none,0,not_truncated,False,,,
0000244_03000_d_0000007.jpg,24,0,pedestrian,1,31,460.99999999999994,344.0,466.0,356.0,60.00000000000068,small,0,none,0,not_truncated,False,,,
0000244_03000_d_0000007.jpg,25,0,pedestrian,1,34,440.0,295.0,443.99999999999994,303.0,31.999999999999545,small,0,none,0,not_truncated,False,,,
0000244_03000_d_0000007.jpg,26,0,pedestrian,1,35,440.0,305.0,443.99999999999994,315.0,39.99999999999943,small,0,none,0,not_truncated,False,,,
0000244_03000_d_0000007.jpg,27,1,car,4,36,464.0,288.0,473.99999999999994,296.99999999999994,89.99999999999892,small,0,none,0,not_truncated,False,,,
0000244_03000_d_0000007.jpg,28,1,car,4,37,408.0,290.00000000000006,415.99999999999994,299.0,71.99999999999903,small,0,none,0,not_truncated,True,12,0.6337423324584961,0.7032318711280823
0000244_03000_d_0000007.jpg,29,1,car,4,38,424.0,285.0,431.0,293.0,56.0,small,0,none,0,not_truncated,True,14,0.40713658928871155,0.6130629777908325
0000244_03000_d_0000007.jpg,30,1,car,4,39,427.0,278.0,437.0,286.0,80.0,small,1,partial,0,not_truncated,False,,,
0000244_04900_d_0000011.jpg,0,0,pedestrian,1,4,846.0000000000001,438.0,859.0,466.0,363.9999999999968,small,0,none,0,not_truncated,True,29,0.5967527627944946,0.7289219498634338
0000244_04900_d_0000011.jpg,1,1,car,4,7,872.0,427.0,949.0000000000001,492.00000000000006,5005.000000000012,medium,1,partial,0,not_truncated,True,0,0.9428147077560425,0.9355948567390442
0000244_04900_d_0000011.jpg,2,3,truck,6,8,649.0,432.0,730.0000000000001,540.0,8748.000000000013,medium,2,heavy,0,not_truncated,True,67,0.30203670263290405,0.8074285984039307
0000244_04900_d_0000011.jpg,3,3,truck,6,9,718.0,408.0,833.0000000000001,468.0,6900.000000000007,medium,1,partial,0,not_truncated,True,11,0.8128869533538818,0.8979309797286987
0000244_04900_d_0000011.jpg,4,0,pedestrian,1,10,632.0,500.0,647.9999999999999,535.0,559.999999999996,small,0,none,0,not_truncated,False,,,
0000244_04900_d_0000011.jpg,5,0,pedestrian,1,11,631.0,478.0,646.0,513.0,525.0,small,1,partial,0,not_truncated,False,,,
0000244_04900_d_0000011.jpg,6,3,truck,6,12,574.9999999999999,444.0,623.0,537.0,4464.000000000011,medium,1,partial,0,not_truncated,False,,,
0000244_04900_d_0000011.jpg,7,1,car,4,15,691.0,382.0,766.0,412.0,2250.0,medium,1,partial,0,not_truncated,True,3,0.8902612924575806,0.8986836671829224
0000244_04900_d_0000011.jpg,8,0,pedestrian,1,16,641.0,397.0,653.0,424.99999999999994,335.9999999999993,small,0,none,0,not_truncated,False,,,
0000244_04900_d_0000011.jpg,9,0,pedestrian,1,17,803.0,401.0,814.0,425.00000000000006,264.0000000000006,small,2,heavy,0,not_truncated,False,,,
0000244_04900_d_0000011.jpg,10,0,pedestrian,1,18,814.0,403.0,825.0,425.00000000000006,242.00000000000063,small,2,heavy,0,not_truncated,False,,,
0000244_04900_d_0000011.jpg,11,1,car,4,19,927.9999999999999,393.0,960.0,425.00000000000006,1024.0000000000055,medium,0,none,1,truncated,True,12,0.7875387668609619,0.8877933025360107
0000244_04900_d_0000011.jpg,12,1,car,4,20,892.0,350.0,960.0,380.0,2040.0,medium,0,none,1,truncated,True,19,0.7185935378074646,0.8697254061698914
0000244_04900_d_0000011.jpg,13,1,car,4,21,865.0000000000001,333.0,934.0,358.0,1724.9999999999973,medium,1,partial,0,not_truncated,True,23,0.6761850714683533,0.7997216582298279
0000244_04900_d_0000011.jpg,14,1,car,4,22,673.0,345.00000000000006,743.0000000000001,376.0,2169.9999999999995,medium,1,partial,0,not_truncated,True,21,0.6975661516189575,0.890274167060852
0000244_04900_d_0000011.jpg,15,0,pedestrian,1,23,829.0,335.0,839.0,354.99999999999994,199.99999999999943,small,0,none,0,not_truncated,False,,,
0000244_04900_d_0000011.jpg,16,0,pedestrian,1,24,839.0,331.00000000000006,850.0,351.0,219.99999999999937,small,0,none,0,not_truncated,False,,,
0000244_04900_d_0000011.jpg,17,1,car,4,25,785.0,306.99999999999994,850.0,336.0,1885.0000000000036,medium,1,partial,0,not_truncated,True,34,0.5823283195495605,0.9046961665153503
0000244_04900_d_0000011.jpg,18,2,van,5,28,776.0,295.0,826.0,317.0,1100.0,medium,1,partial,0,not_truncated,False,,,
0000244_04900_d_0000011.jpg,19,1,car,4,29,657.0000000000001,324.00000000000006,726.0,350.0,1793.9999999999932,medium,1,partial,0,not_truncated,True,17,0.7408992052078247,0.7486894130706787
0000244_04900_d_0000011.jpg,20,1,car,4,31,717.0000000000001,249.00000000000003,759.0,269.0,839.9999999999966,small,0,none,0,not_truncated,True,27,0.6134650111198425,0.7857547402381897
0000244_04900_d_0000011.jpg,21,1,car,4,32,750.0,233.0,788.9999999999999,252.0,740.9999999999978,small,1,partial,0,not_truncated,False,,,
0000244_04900_d_0000011.jpg,22,1,car,4,33,740.0,226.0,778.0,242.00000000000003,608.0000000000011,small,1,partial,0,not_truncated,False,,,
0000244_04900_d_0000011.jpg,23,1,car,4,34,623.0,242.0,663.0,260.0,720.0,small,1,partial,0,not_truncated,True,35,0.5774948596954346,0.6892793774604797
0000244_04900_d_0000011.jpg,24,1,car,4,35,613.0,227.0,654.0,244.0,697.0,small,1,partial,0,not_truncated,True,60,0.3426963984966278,0.8577986359596252
0000244_04900_d_0000011.jpg,25,1,car,4,36,612.0000000000001,222.0,643.0,235.99999999999997,433.99999999999756,small,1,partial,0,not_truncated,True,58,0.36265915632247925,0.5454712510108948
0000244_04900_d_0000011.jpg,26,1,car,4,37,607.0,212.0,641.0,226.0,476.0,small,1,partial,0,not_truncated,True,53,0.39308297634124756,0.526051938533783
0000244_04900_d_0000011.jpg,27,3,truck,6,38,722.9999999999999,233.99999999999997,744.0,250.0,336.00000000000244,small,1,partial,0,not_truncated,False,,,
0000244_04900_d_0000011.jpg,28,2,van,5,39,711.0,207.0,730.0,224.0,323.0,small,0,none,0,not_truncated,False,,,
0000244_04900_d_0000011.jpg,29,1,car,4,40,570.0,376.0,604.0,420.0,1496.0,medium,0,none,0,not_truncated,True,56,0.37061256170272827,0.8003503084182739
0000244_04900_d_0000011.jpg,30,1,car,4,44,446.0,351.0,478.0,390.0,1248.0,medium,0,none,0,not_truncated,True,2,0.9138791561126709,0.9601180553436279
0000244_04900_d_0000011.jpg,31,1,car,4,45,529.0,325.99999999999994,556.0,358.0,864.0000000000016,small,0,none,0,not_truncated,True,9,0.8475714325904846,0.8761312961578369
0000244_04900_d_0000011.jpg,32,1,car,4,46,559.0,297.0,584.0,323.0,650.0,small,1,partial,0,not_truncated,True,10,0.8209165334701538,0.9724446535110474
0000244_04900_d_0000011.jpg,33,0,pedestrian,1,47,510.99999999999994,324.0,522.0,345.00000000000006,231.00000000000182,small,0,none,0,not_truncated,False,,,
0000244_04900_d_0000011.jpg,34,0,pedestrian,1,48,525.0,299.0,533.0,318.99999999999994,159.99999999999955,small,0,none,0,not_truncated,False,,,
0000244_04900_d_0000011.jpg,35,1,car,4,49,464.0,306.00000000000006,489.0,332.0,649.9999999999986,small,0,none,0,not_truncated,True,6,0.85886549949646,0.9069646000862122
0000244_04900_d_0000011.jpg,36,1,car,4,50,477.0,274.0,498.00000000000006,296.0,462.00000000000125,small,0,none,0,not_truncated,True,8,0.8517255187034607,0.8880820870399475
0000244_04900_d_0000011.jpg,37,1,car,4,51,510.0,252.0,533.9999999999999,273.0,503.9999999999976,small,0,none,0,not_truncated,True,18,0.7358918786048889,0.9158129692077637
0000244_04900_d_0000011.jpg,38,1,car,4,52,544.0,243.0,565.0000000000001,261.0,378.00000000000205,small,0,none,0,not_truncated,True,14,0.7632936835289001,0.8046295046806335
0000244_04900_d_0000011.jpg,39,1,car,4,53,491.0,237.0,509.00000000000006,253.99999999999997,306.00000000000045,small,0,none,0,not_truncated,True,75,0.27919459342956543,0.8366701602935791
0000244_04900_d_0000011.jpg,40,1,car,4,54,470.0,254.0,489.99999999999994,272.00000000000006,360.0000000000001,small,0,none,0,not_truncated,True,24,0.6459407210350037,0.7839632034301758
0000244_04900_d_0000011.jpg,41,1,car,4,55,424.0,264.0,444.99999999999994,288.0,503.99999999999864,small,0,none,0,not_truncated,True,5,0.8629759550094604,0.8635890483856201
0000244_04900_d_0000011.jpg,42,2,van,5,56,394.00000000000006,292.0,421.0,331.99999999999994,1079.9999999999961,medium,0,none,0,not_truncated,True,15,0.7531233429908752,0.9180705547332764
0000244_04900_d_0000011.jpg,43,1,car,4,57,355.99999999999994,354.99999999999994,391.0,398.0,1505.0000000000045,medium,0,none,0,not_truncated,True,4,0.8662848472595215,0.9058210849761963
0000244_04900_d_0000011.jpg,44,1,car,4,58,326.0,292.0,360.0,322.0,1020.0,small,0,none,0,not_truncated,True,7,0.8520885109901428,0.9150549173355103
0000244_04900_d_0000011.jpg,45,1,car,4,59,496.00000000000006,221.0,512.0,236.0,239.99999999999915,small,0,none,0,not_truncated,True,30,0.5949073433876038,0.831893801689148
0000244_04900_d_0000011.jpg,46,0,pedestrian,1,61,462.0,241.0,469.00000000000006,253.00000000000003,84.00000000000088,small,1,partial,0,not_truncated,False,,,
0000244_04900_d_0000011.jpg,47,1,car,4,62,550.0,226.0,567.0000000000001,241.0,255.0000000000017,small,0,none,0,not_truncated,True,43,0.5068309903144836,0.6603615880012512
0000244_04900_d_0000011.jpg,48,1,car,4,63,550.0,211.0,568.0,227.0,288.0,small,1,partial,0,not_truncated,True,76,0.2787339389324188,0.5837633013725281
0000244_04900_d_0000011.jpg,49,1,car,4,65,513.0,200.0,524.0,212.0,132.0,small,0,none,0,not_truncated,False,,,
0000244_04900_d_0000011.jpg,50,1,car,4,66,488.0,203.0,503.0,217.0,210.0,small,0,none,0,not_truncated,True,31,0.5945307016372681,0.7241020798683167
0000244_04900_d_0000011.jpg,51,1,car,4,67,463.0,199.0,488.0,213.0,350.0,small,0,none,0,not_truncated,True,16,0.7409899830818176,0.695290744304657
0000244_04900_d_0000011.jpg,52,1,car,4,69,539.0,184.99999999999997,551.0,197.0,144.00000000000034,small,0,none,0,not_truncated,True,46,0.45826074481010437,0.8546895384788513
0000244_04900_d_0000011.jpg,53,1,car,4,70,542.9999999999999,205.0,564.0,219.0,294.0000000000016,small,1,partial,0,not_truncated,True,52,0.41081249713897705,0.6619061231613159
0000244_04900_d_0000011.jpg,54,1,car,4,71,608.0000000000001,183.0,621.0,195.99999999999997,168.99999999999815,small,1,partial,0,not_truncated,False,,,
0000244_04900_d_0000011.jpg,55,1,car,4,72,604.0,176.0,629.0,186.0,250.0,small,1,partial,0,not_truncated,False,,,
0000244_04900_d_0000011.jpg,56,1,car,4,74,516.0,168.0,527.9999999999999,178.0,119.99999999999886,small,0,none,0,not_truncated,True,42,0.5088176727294922,0.7321392297744751
0000244_04900_d_0000011.jpg,57,1,car,4,77,470.0,148.0,482.99999999999994,162.0,181.9999999999992,small,0,none,0,not_truncated,False,,,
0000244_04900_d_0000011.jpg,58,1,car,4,78,445.99999999999994,154.0,464.0,165.0,198.00000000000063,small,1,partial,0,not_truncated,False,,,
0000244_04900_d_0000011.jpg,59,1,car,4,79,451.0,171.0,464.0,182.0,143.0,small,0,none,0,not_truncated,True,38,0.5433669686317444,0.7750177383422852
0000244_04900_d_0000011.jpg,60,2,van,5,80,418.0,201.0,437.0,220.00000000000003,361.00000000000057,small,0,none,0,not_truncated,False,,,
0000244_04900_d_0000011.jpg,61,2,van,5,81,429.0,193.00000000000003,443.0,210.0,237.9999999999996,small,1,partial,0,not_truncated,False,,,
0000244_04900_d_0000011.jpg,62,1,car,4,82,436.0,190.0,449.0,202.00000000000003,156.00000000000037,small,1,partial,0,not_truncated,True,77,0.2746785581111908,0.6569657325744629
0000244_04900_d_0000011.jpg,63,0,pedestrian,1,83,453.0,191.0,458.99999999999994,202.0,65.99999999999937,small,0,none,0,not_truncated,False,,,
0000244_04900_d_0000011.jpg,64,1,car,4,84,445.0,183.0,458.99999999999994,195.99999999999997,181.99999999999886,small,1,partial,0,not_truncated,False,,,
0000244_04900_d_0000011.jpg,65,1,car,4,85,0.0,510.0,103.0,539.0,2987.0,medium,1,partial,1,truncated,True,36,0.5624103546142578,0.9553342461585999
0000244_04900_d_0000011.jpg,66,3,truck,6,86,24.999999999999996,429.00000000000006,142.0,479.0,5849.999999999994,medium,1,partial,0,not_truncated,False,,,
0000244_04900_d_0000011.jpg,67,1,car,4,87,0.0,378.00000000000006,75.0,423.0,3374.999999999996,medium,2,heavy,1,truncated,True,78,0.27460944652557373,0.9156398177146912
0000244_04900_d_0000011.jpg,68,2,van,5,88,121.0,388.0,223.0,435.99999999999994,4895.9999999999945,medium,1,partial,0,not_truncated,True,33,0.5841864347457886,0.5348491668701172
0000244_04900_d_0000011.jpg,69,1,car,4,89,244.0,384.0,293.0,433.00000000000006,2401.0000000000027,medium,0,none,0,not_truncated,True,1,0.9157488346099854,0.9625064134597778
0000244_04900_d_0000011.jpg,70,1,car,4,90,184.0,358.0,259.0,396.00000000000006,2850.000000000004,medium,1,partial,0,not_truncated,True,44,0.48666051030158997,0.8843008279800415
0000244_04900_d_0000011.jpg,71,0,pedestrian,1,91,275.00000000000006,349.0,287.0,371.0,263.99999999999875,small,0,none,0,not_truncated,False,,,
0000244_04900_d_0000011.jpg,72,3,truck,6,92,212.0,339.0,283.0,372.99999999999994,2413.999999999996,medium,1,partial,0,not_truncated,False,,,
0000244_04900_d_0000011.jpg,73,3,truck,6,93,238.0,317.0,304.0,349.00000000000006,2112.0000000000036,medium,1,partial,0,not_truncated,False,,,
0000244_04900_d_0000011.jpg,74,2,van,5,94,236.0,303.0,294.0,334.0,1798.0,medium,1,partial,0,not_truncated,False,,,
0000244_04900_d_0000011.jpg,75,3,truck,6,96,164.0,271.0,208.0,304.0,1452.0,medium,1,partial,0,not_truncated,False,,,
0000244_04900_d_0000011.jpg,76,1,car,4,97,263.0,294.00000000000006,317.0,320.0,1403.9999999999968,medium,1,partial,0,not_truncated,True,40,0.5250248312950134,0.7562857270240784
0000244_04900_d_0000011.jpg,77,1,car,4,98,278.0,274.0,324.0,296.0,1012.0,small,1,partial,0,not_truncated,True,64,0.3210180699825287,0.859469473361969
0000244_04900_d_0000011.jpg,78,1,car,4,99,313.0,261.0,356.99999999999994,282.0,923.9999999999989,small,1,partial,0,not_truncated,False,,,
0000244_04900_d_0000011.jpg,79,2,van,5,100,330.0,250.0,369.0,274.0,936.0,small,1,partial,0,not_truncated,False,,,
0000244_04900_d_0000011.jpg,80,1,car,4,101,336.00000000000006,239.0,374.0,257.0,683.999999999999,small,1,partial,0,not_truncated,True,61,0.3421112596988678,0.5589853525161743
0000244_04900_d_0000011.jpg,81,1,car,4,102,348.0,233.0,385.99999999999994,249.00000000000003,608.0000000000001,small,1,partial,0,not_truncated,True,49,0.4298088550567627,0.8469122052192688
0000244_04900_d_0000011.jpg,82,1,car,4,103,352.0,226.99999999999997,388.0,239.0,432.000000000001,small,1,partial,0,not_truncated,True,72,0.2827067971229553,0.6549217104911804
0000244_04900_d_0000011.jpg,83,1,car,4,104,269.0,225.0,312.0,246.0,903.0,small,0,none,0,not_truncated,True,45,0.4651069641113281,0.7968401312828064
0000244_04900_d_0000011.jpg,84,1,car,4,105,293.0,215.0,332.0,231.99999999999997,662.9999999999989,small,1,partial,0,not_truncated,True,20,0.7149655818939209,0.8396084904670715
0000244_04900_d_0000011.jpg,85,1,car,4,106,352.0,205.0,370.0,219.0,252.0,small,0,none,0,not_truncated,False,,,
0000244_04900_d_0000011.jpg,86,1,car,4,107,368.0,197.0,394.0,209.99999999999997,337.99999999999926,small,1,partial,0,not_truncated,False,,,
0000244_04900_d_0000011.jpg,87,1,car,4,108,402.0,163.0,423.0,174.0,231.0,small,2,heavy,0,not_truncated,False,,,
0000249_00001_d_0000001.jpg,0,0,pedestrian,1,1,878.9999999999999,483.0,889.0,514.0,310.0000000000035,small,0,none,0,not_truncated,False,,,
0000249_00001_d_0000001.jpg,1,0,pedestrian,1,2,854.0,478.99999999999994,862.0,497.0,144.00000000000045,small,0,none,0,not_truncated,False,,,
0000249_00001_d_0000001.jpg,2,1,car,4,3,619.9999999999999,445.0,683.0,480.00000000000006,2205.0000000000077,medium,1,partial,0,not_truncated,True,7,0.7173664569854736,0.7651814818382263
0000249_00001_d_0000001.jpg,3,1,car,4,4,579.0,406.0,640.0,436.00000000000006,1830.0000000000034,medium,1,partial,0,not_truncated,True,26,0.3654463589191437,0.7490260004997253
0000249_00001_d_0000001.jpg,4,1,car,4,5,48.0,489.0,152.0,531.0,4368.0,medium,2,heavy,0,not_truncated,False,,,
0000249_00001_d_0000001.jpg,5,1,car,4,6,94.99999999999999,435.0,181.0,466.0,2666.0000000000005,medium,1,partial,0,not_truncated,True,23,0.4083681106567383,0.8554046750068665
0000249_00001_d_0000001.jpg,6,1,car,4,9,518.0,498.00000000000006,600.0,540.0,3443.9999999999955,medium,0,none,1,truncated,True,8,0.7128505110740662,0.9391577839851379
0000249_00001_d_0000001.jpg,7,1,car,4,10,554.0,467.0,615.0,521.0,3294.0,medium,0,none,0,not_truncated,True,0,0.9122470617294312,0.9214423298835754
0000249_00001_d_0000001.jpg,8,1,car,4,11,522.9999999999999,414.0,570.0,453.0,1833.0000000000045,medium,0,none,0,not_truncated,True,2,0.8975616693496704,0.8941904306411743
0000249_00001_d_0000001.jpg,9,1,car,4,12,480.99999999999994,368.0,518.0,398.0,1110.0000000000018,medium,0,none,0,not_truncated,True,3,0.8933347463607788,0.8651964664459229
0000249_00001_d_0000001.jpg,10,2,van,5,13,448.0,328.0,476.99999999999994,356.0,811.9999999999984,small,0,none,0,not_truncated,False,,,
0000249_00001_d_0000001.jpg,11,0,pedestrian,1,14,528.0,363.00000000000006,539.0,386.0,252.99999999999937,small,0,none,0,not_truncated,True,31,0.3367771804332733,0.7490223050117493
0000249_00001_d_0000001.jpg,12,1,car,4,16,226.00000000000003,323.0,247.00000000000003,345.0,462.0,small,0,none,0,not_truncated,True,4,0.8151620626449585,0.9076714515686035
0000249_00001_d_0000001.jpg,13,1,car,4,17,419.0,296.99999999999994,440.0,316.0,399.0000000000012,small,0,none,0,not_truncated,True,12,0.563827633857727,0.7365916967391968
0000249_00001_d_0000001.jpg,14,2,van,5,18,407.0,283.0,429.0,302.0,418.0,small,1,partial,0,not_truncated,False,,,
0000249_00001_d_0000001.jpg,15,3,truck,6,19,376.0,301.00000000000006,398.99999999999994,321.0,459.99999999999756,small,0,none,0,not_truncated,False,,,
0000249_00001_d_0000001.jpg,16,0,pedestrian,1,20,141.0,307.99999999999994,146.99999999999997,327.0,113.9999999999998,small,0,none,0,not_truncated,False,,,
0000249_00001_d_0000001.jpg,17,0,pedestrian,1,21,151.0,300.0,160.00000000000003,316.00000000000006,144.00000000000097,small,0,none,0,not_truncated,True,34,0.30065178871154785,0.5516155362129211
0000249_00001_d_0000001.jpg,18,0,pedestrian,1,22,138.00000000000003,295.0,143.0,309.0,69.9999999999996,small,1,partial,0,not_truncated,False,,,
0000249_00001_d_0000001.jpg,19,1,car,4,23,169.0,296.0,199.0,312.00000000000006,480.0000000000017,small,2,heavy,0,not_truncated,False,,,
0000249_00001_d_0000001.jpg,20,1,car,4,24,231.0,296.0,247.00000000000003,315.0,304.00000000000057,small,1,partial,0,not_truncated,True,30,0.34179842472076416,0.5908389091491699
0000249_00001_d_0000001.jpg,21,1,car,4,25,242.0,283.0,270.0,301.00000000000006,504.0000000000016,small,1,partial,0,not_truncated,True,32,0.3238973319530487,0.6782122254371643
0000249_00001_d_0000001.jpg,22,1,car,4,26,244.99999999999997,272.0,258.0,285.0,169.00000000000037,small,1,partial,0,not_truncated,True,14,0.5010877251625061,0.7177069187164307
0000249_00001_d_0000001.jpg,23,1,car,4,27,398.99999999999994,235.0,419.0,244.99999999999997,200.0,small,1,partial,0,not_truncated,False,,,
0000249_00001_d_0000001.jpg,24,1,car,4,28,386.0,231.0,407.0,242.0,231.0,small,1,partial,0,not_truncated,True,24,0.392692893743515,0.8380425572395325
0000249_00001_d_0000001.jpg,25,1,car,4,29,359.0,246.0,372.0,257.0,143.0,small,0,none,0,not_truncated,True,10,0.6325746178627014,0.742649495601654
0000249_00001_d_0000001.jpg,26,1,car,4,30,330.0,247.0,343.0,258.0,143.0,small,0,none,0,not_truncated,True,9,0.6774113178253174,0.803745448589325
0000249_00001_d_0000001.jpg,27,1,car,4,31,293.0,246.0,308.0,258.0,180.0,small,0,none,0,not_truncated,True,6,0.792157769203186,0.7690911889076233
0000249_00001_d_0000001.jpg,28,1,car,4,32,361.00000000000006,233.99999999999997,375.0,243.0,125.99999999999989,small,0,none,0,not_truncated,True,38,0.28330352902412415,0.7682158946990967
0000249_00001_d_0000001.jpg,29,1,car,4,33,351.00000000000006,222.00000000000003,361.0,232.0,99.99999999999915,small,0,none,0,not_truncated,True,20,0.4308830201625824,0.5427246689796448
0000249_00001_d_0000001.jpg,30,1,car,4,34,335.0,230.0,346.0,240.0,110.0,small,0,none,0,not_truncated,True,11,0.5973461866378784,0.9469909071922302
0000249_00001_d_0000001.jpg,31,1,car,4,35,288.0,226.99999999999997,299.0,236.0,99.00000000000031,small,0,none,0,not_truncated,True,19,0.4460017681121826,0.7799817323684692
0000249_00001_d_0000001.jpg,32,1,car,4,36,309.0,215.0,319.0,224.00000000000003,90.00000000000028,small,0,none,0,not_truncated,True,37,0.28358206152915955,0.7612095475196838
0000249_00001_d_0000001.jpg,33,1,car,4,37,271.0,217.0,280.99999999999994,225.0,79.99999999999955,small,0,none,0,not_truncated,True,21,0.41984179615974426,0.6358110308647156
0000249_00001_d_0000001.jpg,34,0,pedestrian,1,38,311.0,230.0,315.0,240.0,40.0,small,0,none,0,not_truncated,False,,,
0000249_00001_d_0000001.jpg,35,2,van,5,41,349.0,217.0,358.0,226.00000000000003,81.00000000000026,small,2,heavy,0,not_truncated,False,,,
0000249_00001_d_0000001.jpg,36,2,van,5,42,343.0,209.00000000000003,351.0,219.0,79.99999999999977,small,1,partial,0,not_truncated,False,,,
0000249_00001_d_0000001.jpg,37,1,car,4,43,363.0,216.0,380.0,223.0,119.0,small,1,partial,0,not_truncated,False,,,
0000249_00001_d_0000001.jpg,38,3,truck,6,44,241.0,250.0,256.0,265.0,225.0,small,2,heavy,0,not_truncated,False,,,
0000249_00001_d_0000001.jpg,39,1,car,4,45,249.00000000000003,243.0,261.0,254.0,131.9999999999997,small,1,partial,0,not_truncated,True,33,0.3179478049278259,0.7579486966133118
0000249_00001_d_0000001.jpg,40,1,car,4,46,247.00000000000003,235.99999999999997,257.0,245.0,90.00000000000003,small,1,partial,0,not_truncated,True,25,0.3868010938167572,0.5105442404747009
0000249_00001_d_0000001.jpg,41,1,car,4,47,247.00000000000003,226.99999999999997,259.0,235.0,96.00000000000011,small,1,partial,0,not_truncated,False,,,
0000249_00001_d_0000001.jpg,42,1,car,4,48,247.99999999999997,224.00000000000003,259.0,230.0,65.99999999999986,small,1,partial,0,not_truncated,True,39,0.27100181579589844,0.5638740062713623
0000249_00001_d_0000001.jpg,43,1,car,4,49,247.00000000000003,221.0,257.0,226.99999999999997,59.999999999999545,small,1,partial,0,not_truncated,False,,,
0000249_00001_d_0000001.jpg,44,1,car,4,50,248.99999999999997,214.0,258.0,222.00000000000003,72.00000000000048,small,1,partial,0,not_truncated,False,,,
0000249_00001_d_0000001.jpg,45,2,van,5,51,252.0,211.0,261.00000000000006,217.99999999999997,63.00000000000014,small,1,partial,0,not_truncated,False,,,
0000249_00001_d_0000001.jpg,46,2,van,5,52,253.0,206.0,261.0,215.00000000000003,72.00000000000023,small,1,partial,0,not_truncated,False,,,
0000249_00001_d_0000001.jpg,47,1,car,4,53,217.0,193.00000000000003,229.0,199.0,71.99999999999966,small,1,partial,0,not_truncated,False,,,
0000249_00001_d_0000001.jpg,48,1,car,4,54,303.0,203.0,310.0,210.0,49.0,small,0,none,0,not_truncated,False,,,
0000249_00001_d_0000001.jpg,49,1,car,4,55,312.0,198.00000000000003,321.00000000000006,205.0,63.00000000000014,small,0,none,0,not_truncated,True,22,0.41197431087493896,0.6747981905937195
0000249_00001_d_0000001.jpg,50,1,car,4,56,263.0,203.0,273.0,209.0,60.0,small,1,partial,0,not_truncated,True,29,0.34674787521362305,0.6261586546897888
0000249_00001_d_0000001.jpg,51,0,pedestrian,1,57,272.0,205.0,275.00000000000006,212.0,21.000000000000398,small,0,none,0,not_truncated,False,,,
0000249_00001_d_0000001.jpg,52,1,car,4,58,284.0,201.0,292.0,208.0,56.0,small,0,none,0,not_truncated,True,27,0.3565709888935089,0.6257152557373047
0000249_00001_d_0000001.jpg,53,1,car,4,59,284.0,197.0,291.00000000000006,202.00000000000003,35.00000000000048,small,1,partial,0,not_truncated,False,,,
0000249_00001_d_0000001.jpg,54,1,car,4,60,273.0,195.0,278.99999999999994,200.00000000000003,29.999999999999886,small,0,none,0,not_truncated,False,,,
0000249_00001_d_0000001.jpg,55,1,car,4,61,276.0,191.0,281.0,196.0,25.0,small,1,partial,0,not_truncated,False,,,
0000249_00001_d_0000001.jpg,56,1,car,4,62,272.0,189.0,276.0,193.0,16.0,small,1,partial,0,not_truncated,False,,,
0000249_00001_d_0000001.jpg,57,1,car,4,63,295.99999999999994,200.00000000000003,303.0,206.0,42.00000000000014,small,1,partial,0,not_truncated,False,,,
0000249_00001_d_0000001.jpg,58,2,van,5,64,294.0,195.0,302.0,202.0,56.0,small,1,partial,0,not_truncated,False,,,
0000249_00001_d_0000001.jpg,59,2,van,5,65,288.0,192.0,297.0,198.0,54.0,small,0,none,0,not_truncated,False,,,
0000249_00001_d_0000001.jpg,60,1,car,4,67,302.0,187.00000000000003,308.0,190.0,17.99999999999983,small,0,none,0,not_truncated,False,,,
0000249_00001_d_0000001.jpg,61,1,car,4,68,293.0,184.99999999999997,299.0,190.0,30.00000000000017,small,0,none,0,not_truncated,False,,,
0000249_00001_d_0000001.jpg,62,2,van,5,69,293.0,182.00000000000003,299.0,188.0,35.99999999999983,small,1,partial,0,not_truncated,False,,,
0000249_00001_d_0000001.jpg,63,1,car,4,70,288.0,177.0,293.0,182.00000000000003,25.000000000000142,small,0,none,0,not_truncated,False,,,
0000249_00001_d_0000001.jpg,64,1,car,4,71,296.99999999999994,179.0,302.0,183.0,20.000000000000227,small,0,none,0,not_truncated,False,,,
0000249_00001_d_0000001.jpg,65,1,car,4,72,305.0,180.0,310.0,185.0,25.0,small,1,partial,0,not_truncated,False,,,
0000249_00001_d_0000001.jpg,66,1,car,4,73,288.0,170.0,293.99999999999994,174.0,23.999999999999773,small,0,none,0,not_truncated,False,,,
0000249_00001_d_0000001.jpg,67,1,car,4,74,279.99999999999994,174.0,285.0,178.00000000000003,20.00000000000037,small,0,none,0,not_truncated,False,,,
0000249_00001_d_0000001.jpg,68,1,car,4,75,282.0,180.0,286.0,184.0,16.0,small,0,none,0,not_truncated,False,,,
0000249_00001_d_0000001.jpg,69,1,car,4,76,280.0,184.99999999999997,284.0,189.0,16.000000000000114,small,1,partial,0,not_truncated,False,,,
0000249_00001_d_0000001.jpg,70,1,car,4,77,284.0,187.00000000000003,289.00000000000006,193.0,30.0000000000002,small,1,partial,0,not_truncated,False,,,
0000249_00001_d_0000001.jpg,71,0,pedestrian,1,78,272.0,181.0,274.0,186.99999999999997,11.999999999999943,small,0,none,0,not_truncated,False,,,
0000249_00001_d_0000001.jpg,72,1,car,4,79,275.0,186.0,278.99999999999994,189.0,11.99999999999983,small,1,partial,0,not_truncated,False,,,
0000249_00001_d_0000001.jpg,73,1,car,4,81,276.0,169.99999999999997,281.0,175.0,25.000000000000142,small,0,none,0,not_truncated,False,,,
0000249_01635_d_0000006.jpg,0,1,car,4,1,189.00000000000003,407.00000000000006,241.0,430.0,1195.9999999999964,medium,0,none,0,not_truncated,True,2,0.9024257063865662,0.904626727104187
0000249_01635_d_0000006.jpg,1,1,car,4,2,361.0,398.0,411.00000000000006,419.00000000000006,1050.000000000004,medium,0,none,0,not_truncated,True,3,0.8711462020874023,0.8732146620750427
0000249_01635_d_0000006.jpg,2,0,pedestrian,1,3,303.0,416.0,308.0,434.00000000000006,90.00000000000028,small,0,none,0,not_truncated,False,,,
0000249_01635_d_0000006.jpg,3,0,pedestrian,1,4,329.0,446.0,336.00000000000006,468.0,154.00000000000125,small,0,none,0,not_truncated,False,,,
0000249_01635_d_0000006.jpg,4,0,pedestrian,1,5,341.0,449.0,349.0,471.0,176.0,small,0,none,0,not_truncated,True,21,0.3416194021701813,0.6996743083000183
0000249_01635_d_0000006.jpg,5,0,pedestrian,1,6,374.0,441.0,380.0,460.99999999999994,119.99999999999966,small,0,none,0,not_truncated,True,22,0.33605048060417175,0.6583893299102783
0000249_01635_d_0000006.jpg,6,0,pedestrian,1,8,332.0,376.99999999999994,338.0,398.0,126.00000000000034,small,0,none,0,not_truncated,False,,,
0000249_01635_d_0000006.jpg,7,1,car,4,10,533.0,458.00000000000006,559.0,495.0,961.9999999999985,small,0,none,0,not_truncated,True,1,0.9069782495498657,0.9365643858909607
0000249_01635_d_0000006.jpg,8,1,car,4,11,542.0,411.0,587.0,443.0,1440.0,medium,0,none,0,not_truncated,True,10,0.7311331629753113,0.9302886128425598
0000249_01635_d_0000006.jpg,9,1,car,4,12,456.0,410.0,478.0,443.0,726.0,small,0,none,0,not_truncated,True,23,0.32799068093299866,0.9132483005523682
0000249_01635_d_0000006.jpg,10,1,car,4,15,473.99999999999994,373.0,491.0,398.0,425.0000000000014,small,0,none,0,not_truncated,True,6,0.7961244583129883,0.8257365226745605
0000249_01635_d_0000006.jpg,11,1,car,4,16,501.0,365.99999999999994,519.0,393.0,486.000000000001,small,0,none,0,not_truncated,True,8,0.7655555009841919,0.8365614414215088
0000249_01635_d_0000006.jpg,12,1,car,4,17,540.0,349.0,558.0,370.0,378.0,small,1,partial,0,not_truncated,True,11,0.6721934080123901,0.8704729080200195
0000249_01635_d_0000006.jpg,13,0,pedestrian,1,18,407.0,379.0,414.99999999999994,396.0,135.99999999999903,small,0,none,0,not_truncated,False,,,
0000249_01635_d_0000006.jpg,14,0,pedestrian,1,19,413.0,343.99999999999994,418.0,357.0,65.00000000000028,small,0,none,0,not_truncated,False,,,
0000249_01635_d_0000006.jpg,15,0,pedestrian,1,20,423.0,335.0,428.99999999999994,351.99999999999994,101.99999999999869,small,0,none,0,not_truncated,False,,,
0000249_01635_d_0000006.jpg,16,0,pedestrian,1,21,427.0,336.0,433.0,350.99999999999994,89.99999999999966,small,0,none,0,not_truncated,False,,,
0000249_01635_d_0000006.jpg,17,1,car,4,26,501.99999999999994,318.0,519.0,340.99999999999994,391.00000000000034,small,0,none,0,not_truncated,True,14,0.5789690017700195,0.840021550655365
0000249_01635_d_0000006.jpg,18,0,pedestrian,1,27,464.0,340.0,468.0,351.0,44.0,small,0,none,0,not_truncated,False,,,
0000249_01635_d_0000006.jpg,19,1,car,4,31,483.00000000000006,307.99999999999994,495.99999999999994,326.0,233.9999999999987,small,0,none,0,not_truncated,True,25,0.3006075322628021,0.9059615731239319
0000249_01635_d_0000006.jpg,20,1,car,4,32,533.0000000000001,285.0,546.0,299.0,181.9999999999984,small,0,none,0,not_truncated,False,,,
0000249_01635_d_0000006.jpg,21,1,car,4,33,529.0,259.0,539.0,270.0,110.0,small,0,none,0,not_truncated,True,13,0.6286206841468811,0.9157662987709045
0000249_01635_d_0000006.jpg,22,1,car,4,34,560.0,293.0,572.0,305.0,144.0,small,1,partial,0,not_truncated,True,17,0.4617941975593567,0.7095074653625488
0000249_01635_d_0000006.jpg,23,0,pedestrian,1,35,580.0000000000001,293.0,585.0,305.0,59.999999999998636,small,1,partial,0,not_truncated,False,,,
0000249_01635_d_0000006.jpg,24,0,pedestrian,1,36,499.0,248.99999999999997,503.0,260.0,44.000000000000114,small,0,none,0,not_truncated,False,,,
0000249_01635_d_0000006.jpg,25,2,van,5,37,548.0,238.0,556.0,249.00000000000003,88.00000000000023,small,0,none,0,not_truncated,False,,,
0000249_01635_d_0000006.jpg,26,1,car,4,38,514.0,223.0,522.0,230.0,56.0,small,0,none,0,not_truncated,True,15,0.5350314974784851,0.7030448913574219
0000249_01635_d_0000006.jpg,27,1,car,4,39,499.0,218.00000000000003,506.99999999999994,224.0,47.99999999999943,small,1,partial,0,not_truncated,False,,,
0000249_01635_d_0000006.jpg,28,1,car,4,40,515.0,213.0,522.0000000000001,221.0,56.00000000000091,small,0,none,0,not_truncated,False,,,
0000249_01635_d_0000006.jpg,29,1,car,4,41,504.99999999999994,211.0,512.0,217.99999999999997,49.0000000000002,small,0,none,0,not_truncated,False,,,
0000249_01635_d_0000006.jpg,30,1,car,4,42,526.0,208.0,531.0,213.00000000000003,25.000000000000142,small,0,none,0,not_truncated,False,,,
0000249_01635_d_0000006.jpg,31,0,pedestrian,1,43,527.9999999999999,218.99999999999997,531.0,228.0,27.00000000000111,small,0,none,0,not_truncated,False,,,
0000249_01635_d_0000006.jpg,32,1,car,4,44,516.0,206.0,520.0,211.00000000000003,20.000000000000114,small,0,none,0,not_truncated,False,,,
0000249_01635_d_0000006.jpg,33,1,car,4,45,515.0,200.0,520.0,205.0,25.0,small,1,partial,0,not_truncated,False,,,
0000249_01635_d_0000006.jpg,34,4,bus,9,46,526.0,198.00000000000003,533.0,208.0,69.9999999999998,small,0,none,0,not_truncated,False,,,
0000249_01635_d_0000006.jpg,35,1,car,4,48,537.0,211.0,543.0,216.0,30.0,small,1,partial,0,not_truncated,False,,,
0000249_01635_d_0000006.jpg,36,1,car,4,49,535.9999999999999,208.0,542.0,213.00000000000003,30.00000000000074,small,1,partial,0,not_truncated,False,,,
0000249_01635_d_0000006.jpg,37,1,car,4,50,535.0,204.0,541.0,209.00000000000003,30.00000000000017,small,1,partial,0,not_truncated,False,,,
0000249_01635_d_0000006.jpg,38,1,car,4,51,535.0,200.00000000000003,539.0,206.0,23.999999999999886,small,1,partial,0,not_truncated,False,,,
0000249_01635_d_0000006.jpg,39,1,car,4,52,536.0,198.0,540.0,202.0,16.0,small,1,partial,0,not_truncated,False,,,
0000249_01635_d_0000006.jpg,40,1,car,4,53,536.0,195.0,540.0,200.00000000000003,20.000000000000114,small,1,partial,0,not_truncated,False,,,
0000249_01635_d_0000006.jpg,41,4,bus,9,54,512.0,190.0,519.0,201.0,77.0,small,1,partial,0,not_truncated,False,,,
0000249_01635_d_0000006.jpg,42,1,car,4,55,526.0,193.99999999999997,530.0,199.0,20.000000000000114,small,1,partial,0,not_truncated,False,,,
0000249_01635_d_0000006.jpg,43,1,car,4,56,528.0,191.0,532.0,196.0,20.0,small,1,partial,0,not_truncated,False,,,
0000249_01635_d_0000006.jpg,44,1,car,4,57,535.0,190.0,539.0,194.0,16.0,small,1,partial,0,not_truncated,False,,,
0000249_01635_d_0000006.jpg,45,1,car,4,58,512.0,182.99999999999997,516.0,188.0,20.000000000000114,small,1,partial,0,not_truncated,False,,,
0000249_01635_d_0000006.jpg,46,4,bus,9,60,517.0,181.0,524.0,189.00000000000003,56.0000000000002,small,1,partial,0,not_truncated,False,,,
0000249_01635_d_0000006.jpg,47,2,van,5,61,527.0,186.0,533.0000000000001,191.00000000000003,30.00000000000074,small,1,partial,0,not_truncated,False,,,
0000249_01635_d_0000006.jpg,48,2,van,5,62,527.0,184.0,531.9999999999999,189.99999999999997,29.999999999999176,small,2,heavy,0,not_truncated,False,,,
0000249_01635_d_0000006.jpg,49,1,car,4,63,525.0,182.0,529.0,186.0,16.0,small,1,partial,0,not_truncated,False,,,
0000249_01635_d_0000006.jpg,50,4,bus,9,64,527.0,177.0,533.0000000000001,185.0,48.00000000000091,small,1,partial,0,not_truncated,False,,,
0000249_01635_d_0000006.jpg,51,1,car,4,65,534.0,177.0,538.0,181.0,16.0,small,1,partial,0,not_truncated,False,,,
0000249_01635_d_0000006.jpg,52,1,car,4,66,533.0,182.0,537.0,186.0,16.0,small,1,partial,0,not_truncated,False,,,
0000249_01635_d_0000006.jpg,53,1,car,4,68,185.0,515.0,235.0,540.0,1250.0,medium,1,partial,0,not_truncated,True,26,0.2784571945667267,0.681979775428772
0000249_01635_d_0000006.jpg,54,1,car,4,69,480.0,493.0,512.0000000000001,540.0,1504.0000000000055,medium,1,partial,1,truncated,True,4,0.8562938570976257,0.9145336151123047
0000249_01635_d_0000006.jpg,55,1,car,4,70,602.0,517.0,640.0,540.0,874.0,small,1,partial,1,truncated,True,0,0.9123105406761169,0.8879454731941223
0000249_01635_d_0000006.jpg,56,1,car,4,71,781.0,478.0,853.0,515.0,2664.0,medium,0,none,0,not_truncated,True,12,0.6564545631408691,0.8614979982376099
0000249_01635_d_0000006.jpg,57,1,car,4,72,828.0,438.99999999999994,881.0,466.0,1431.000000000003,medium,1,partial,0,not_truncated,True,16,0.46543657779693604,0.7969373464584351
0000249_01635_d_0000006.jpg,58,2,van,5,73,714.0,409.0,764.0,439.0,1500.0,medium,1,partial,0,not_truncated,True,18,0.4549035131931305,0.9091185927391052
0000249_01635_d_0000006.jpg,59,1,car,4,74,647.0,395.0,685.9999999999999,423.0,1091.9999999999968,medium,0,none,0,not_truncated,True,9,0.7395114898681641,0.8681111931800842
0000249_01635_d_0000006.jpg,60,1,car,4,75,616.0,379.0,646.0,406.0,810.0,small,1,partial,0,not_truncated,True,7,0.7717759013175964,0.8044103980064392
0000249_01635_d_0000006.jpg,61,1,car,4,76,599.0,356.00000000000006,631.0,381.0,799.9999999999982,small,1,partial,0,not_truncated,False,,,
0000249_01635_d_0000006.jpg,62,0,pedestrian,1,77,697.0,380.0,706.0,396.00000000000006,144.0000000000005,small,0,none,0,not_truncated,False,,,
0000249_03400_d_0000010.jpg,0,0,pedestrian,1,1,477.0,492.99999999999994,493.0,525.0,512.0000000000009,small,0,none,0,not_truncated,True,19,0.5726122260093689,0.6861574649810791
0000249_03400_d_0000010.jpg,1,1,car,4,2,619.0,439.0,653.0,486.99999999999994,1631.9999999999982,medium,0,none,0,not_truncated,True,11,0.7638524174690247,0.9008009433746338
0000249_03400_d_0000010.jpg,2,1,car,4,3,671.0,445.99999999999994,709.9999999999999,492.0,1793.999999999997,medium,0,none,0,not_truncated,True,3,0.8984165787696838,0.933722734451294
0000249_03400_d_0000010.jpg,3,1,car,4,4,624.0,397.0,654.0,435.0,1140.0,medium,0,none,0,not_truncated,True,31,0.3945258855819702,0.8868836760520935
0000249_03400_d_0000010.jpg,4,2,van,5,5,631.0,354.99999999999994,655.0,387.0,768.0000000000014,small,0,none,0,not_truncated,True,38,0.31761670112609863,0.9153528213500977
0000249_03400_d_0000010.jpg,5,2,van,5,6,405.0,451.00000000000006,448.99999999999994,515.0,2815.999999999994,medium,0,none,0,not_truncated,False,,,
0000249_03400_d_0000010.jpg,6,0,pedestrian,1,10,283.0,493.0,296.0,523.0,390.0,small,0,none,0,not_truncated,False,,,
0000249_03400_d_0000010.jpg,7,0,pedestrian,1,11,222.0,477.0,239.0,510.0,561.0,small,0,none,0,not_truncated,True,39,0.3066171705722809,0.6645682454109192
0000249_03400_d_0000010.jpg,8,1,car,4,12,279.0,434.0,326.0,481.0,2209.0,medium,0,none,0,not_truncated,True,1,0.909302830696106,0.9048430323600769
0000249_03400_d_0000010.jpg,9,1,car,4,13,233.0,401.0,288.0,445.99999999999994,2474.999999999997,medium,0,none,0,not_truncated,True,0,0.9107002019882202,0.9647040963172913
0000249_03400_d_0000010.jpg,10,1,car,4,14,286.0,369.0,314.0,405.99999999999994,1035.9999999999984,medium,1,partial,0,not_truncated,True,10,0.7906153798103333,0.9189005494117737
0000249_03400_d_0000010.jpg,11,1,car,4,17,329.0,347.0,365.0,379.00000000000006,1152.000000000002,medium,1,partial,0,not_truncated,True,28,0.4296739101409912,0.7547508478164673
0000249_03400_d_0000010.jpg,12,1,car,4,22,446.0,376.0,474.99999999999994,409.99999999999994,985.9999999999965,small,0,none,0,not_truncated,True,4,0.8957354426383972,0.9396695494651794
0000249_03400_d_0000010.jpg,13,1,car,4,24,345.0,318.0,384.99999999999994,351.0,1319.9999999999982,medium,1,partial,0,not_truncated,True,12,0.7027626633644104,0.9084711074829102
0000249_03400_d_0000010.jpg,14,1,car,4,25,296.99999999999994,304.0,343.0,324.0,920.0000000000011,small,1,partial,0,not_truncated,True,13,0.6897785663604736,0.8324321508407593
0000249_03400_d_0000010.jpg,15,1,car,4,26,88.99999999999999,515.0,155.99999999999997,540.0,1674.9999999999995,medium,0,none,1,truncated,True,8,0.8213150501251221,0.9380922913551331
0000249_03400_d_0000010.jpg,16,1,car,4,27,73.0,458.00000000000006,163.0,533.0,6749.9999999999945,medium,1,partial,0,not_truncated,True,6,0.8888189196586609,0.9264325499534607
0000249_03400_d_0000010.jpg,17,0,pedestrian,1,28,130.0,433.0,144.0,462.00000000000006,406.0000000000008,small,1,partial,0,not_truncated,True,29,0.4157007336616516,0.6789551973342896
0000249_03400_d_0000010.jpg,18,0,pedestrian,1,29,149.0,424.0,161.0,446.99999999999994,275.9999999999993,small,1,partial,0,not_truncated,True,46,0.2761461138725281,0.9143545627593994
0000249_03400_d_0000010.jpg,19,0,pedestrian,1,30,169.0,430.0,179.0,454.0,240.0,small,1,partial,0,not_truncated,True,30,0.3995583951473236,0.6255962252616882
0000249_03400_d_0000010.jpg,20,0,pedestrian,1,31,163.0,425.00000000000006,176.0,448.0,298.99999999999926,small,1,partial,0,not_truncated,True,33,0.37997516989707947,0.720110297203064
0000249_03400_d_0000010.jpg,21,0,pedestrian,1,33,566.0,362.0,574.0,381.0,152.0,small,0,none,0,not_truncated,True,32,0.3892396092414856,0.7730540037155151
0000249_03400_d_0000010.jpg,22,1,car,4,34,530.0,346.0,557.0,376.0,810.0,small,0,none,0,not_truncated,True,5,0.8908913731575012,0.9457384347915649
0000249_03400_d_0000010.jpg,23,1,car,4,37,572.9999999999999,285.99999999999994,591.0,304.0,324.00000000000307,small,0,none,0,not_truncated,True,7,0.8272039294242859,0.8298017978668213
0000249_03400_d_0000010.jpg,24,1,car,4,38,600.0,298.0,618.0,317.0,342.0,small,0,none,0,not_truncated,True,18,0.5933365821838379,0.8918693661689758
0000249_03400_d_0000010.jpg,25,1,car,4,39,604.0,285.0,627.0,301.00000000000006,368.0000000000013,small,1,partial,0,not_truncated,True,14,0.6544885635375977,0.6205530762672424
0000249_03400_d_0000010.jpg,26,3,truck,6,40,625.0,289.0,651.0,325.0,936.0,small,1,partial,0,not_truncated,False,,,
0000249_03400_d_0000010.jpg,27,1,car,4,41,610.0000000000001,272.0,622.0,285.0,155.99999999999852,small,0,none,0,not_truncated,False,,,
0000249_03400_d_0000010.jpg,28,1,car,4,42,606.0000000000001,264.0,619.0,276.0,155.99999999999864,small,1,partial,0,not_truncated,True,40,0.30167075991630554,0.6056655645370483
0000249_03400_d_0000010.jpg,29,3,truck,6,43,626.0,266.0,642.0,285.0,304.0,small,1,partial,0,not_truncated,False,,,
0000249_03400_d_0000010.jpg,30,0,pedestrian,1,44,760.0000000000001,413.0,769.0,438.0,224.99999999999716,small,0,none,0,not_truncated,True,47,0.2672160267829895,0.617605447769165
0000249_03400_d_0000010.jpg,31,0,pedestrian,1,48,719.0,342.0,729.0,363.00000000000006,210.00000000000057,small,0,none,0,not_truncated,False,,,
0000249_03400_d_0000010.jpg,32,1,car,4,50,660.0,333.0,707.0000000000001,353.0,940.0000000000023,small,1,partial,0,not_truncated,True,22,0.5307093262672424,0.9668177962303162
0000249_03400_d_0000010.jpg,33,1,car,4,51,659.0,318.99999999999994,704.0,337.0,810.0000000000025,small,1,partial,0,not_truncated,False,,,
0000249_03400_d_0000010.jpg,34,1,car,4,52,649.0,299.99999999999994,696.0000000000001,321.0,987.0000000000051,small,2,heavy,0,not_truncated,False,,,
0000249_03400_d_0000010.jpg,35,1,car,4,53,669.0,280.0,703.0,298.00000000000006,612.0000000000019,small,1,partial,0,not_truncated,True,17,0.6262413859367371,0.8460167646408081
0000249_03400_d_0000010.jpg,36,1,car,4,55,610.9999999999999,244.99999999999997,632.0,257.0,252.00000000000196,small,1,partial,0,not_truncated,True,35,0.35450103878974915,0.6563411355018616
0000249_03400_d_0000010.jpg,37,2,van,5,56,604.0,237.0,618.0,251.0,196.0,small,1,partial,0,not_truncated,False,,,
0000249_03400_d_0000010.jpg,38,1,car,4,57,623.0000000000001,231.00000000000003,636.0,241.0,129.9999999999985,small,0,none,0,not_truncated,False,,,
0000249_03400_d_0000010.jpg,39,1,car,4,58,628.0,223.0,642.0000000000001,235.99999999999997,182.00000000000108,small,1,partial,0,not_truncated,False,,,
0000249_03400_d_0000010.jpg,40,4,bus,9,59,653.0,221.0,671.0,244.99999999999997,431.9999999999995,small,2,heavy,0,not_truncated,False,,,
0000249_03400_d_0000010.jpg,41,3,truck,6,60,413.0,283.00000000000006,453.0,303.0,799.9999999999977,small,1,partial,0,not_truncated,False,,,
0000249_03400_d_0000010.jpg,42,1,car,4,61,395.00000000000006,268.0,422.0,286.0,485.999999999999,small,1,partial,0,not_truncated,True,42,0.29385536909103394,0.8726916313171387
0000249_03400_d_0000010.jpg,43,1,car,4,64,484.0,257.0,502.0,275.0,324.0,small,1,partial,0,not_truncated,True,45,0.2807343006134033,0.7768824100494385
0000249_03400_d_0000010.jpg,44,0,pedestrian,1,65,495.99999999999994,264.0,503.0,278.0,98.0000000000008,small,0,none,0,not_truncated,False,,,
0000249_03400_d_0000010.jpg,45,0,pedestrian,1,68,550.0,260.0,557.0,272.0,84.0,small,0,none,0,not_truncated,False,,,
0000249_03400_d_0000010.jpg,46,0,pedestrian,1,69,557.0,259.0,565.0,274.0,120.0,small,0,none,0,not_truncated,False,,,
0000249_03400_d_0000010.jpg,47,1,car,4,70,499.0,244.0,514.0,258.0,210.0,small,0,none,0,not_truncated,True,16,0.6404157280921936,0.7383369207382202
0000249_03400_d_0000010.jpg,48,1,car,4,71,560.0,226.0,572.9999999999999,238.0,155.99999999999864,small,0,none,0,not_truncated,True,15,0.6404333710670471,0.7836804389953613
0000249_03400_d_0000010.jpg,49,1,car,4,72,588.0,219.0,601.0,231.00000000000003,156.00000000000037,small,0,none,0,not_truncated,True,21,0.5365378260612488,0.5649424195289612
0000249_03400_d_0000010.jpg,50,1,car,4,73,612.0,210.0,622.0,220.0,100.0,small,0,none,0,not_truncated,True,24,0.507245659828186,0.6422173976898193
0000249_03400_d_0000010.jpg,51,1,car,4,74,591.0,208.0,602.0,217.99999999999997,109.99999999999969,small,0,none,0,not_truncated,True,25,0.4823020398616791,0.6963505148887634
0000249_03400_d_0000010.jpg,52,1,car,4,75,533.0,226.0,544.9999999999999,237.0,131.99999999999875,small,1,partial,0,not_truncated,False,,,
0000249_03400_d_0000010.jpg,53,3,truck,6,76,681.0,241.0,719.0,258.0,646.0,small,1,partial,0,not_truncated,False,,,
0000249_03400_d_0000010.jpg,54,1,car,4,77,679.0,230.0,704.0,240.0,250.0,small,0,none,0,not_truncated,False,,,
0000249_03400_d_0000010.jpg,55,1,car,4,78,673.0,226.99999999999997,699.0,236.0,234.00000000000074,small,1,partial,0,not_truncated,False,,,
0000249_03400_d_0000010.jpg,56,1,car,4,79,681.0,222.0,707.9999999999999,233.0,296.99999999999875,small,1,partial,0,not_truncated,True,51,0.2550000548362732,0.5679934620857239
0000249_03400_d_0000010.jpg,57,2,van,5,80,731.0,226.0,751.0,238.0,240.0,small,1,partial,0,not_truncated,False,,,
0000249_03400_d_0000010.jpg,58,1,car,4,81,717.0000000000001,220.00000000000003,744.0,230.0,269.9999999999981,small,1,partial,0,not_truncated,True,36,0.3376860022544861,0.5033463835716248
0000249_03400_d_0000010.jpg,59,1,car,4,82,714.0,214.0,736.0,224.0,220.0,small,1,partial,0,not_truncated,False,,,
0000249_03400_d_0000010.jpg,60,2,van,5,83,723.0,202.99999999999997,734.0,212.0,99.00000000000031,small,0,none,0,not_truncated,False,,,
0000249_03400_d_0000010.jpg,61,1,car,4,84,666.0000000000001,211.99999999999997,686.0,221.0,179.99999999999955,small,1,partial,0,not_truncated,True,44,0.289302796125412,0.6729745268821716
0000249_03400_d_0000010.jpg,62,1,car,4,85,550.0,195.0,561.0,206.0,121.0,small,0,none,0,not_truncated,True,20,0.5715793967247009,0.599894642829895
0000249_03400_d_0000010.jpg,63,1,car,4,86,575.0,190.0,583.0,198.00000000000003,64.00000000000023,small,0,none,0,not_truncated,False,,,
0000249_03400_d_0000010.jpg,64,1,car,4,87,601.0,191.0,608.0,200.00000000000003,63.0000000000002,small,0,none,0,not_truncated,False,,,
0000249_03400_d_0000010.jpg,65,1,car,4,88,608.0,185.0,616.0,192.0,56.0,small,0,none,0,not_truncated,False,,,
0000249_03400_d_0000010.jpg,66,2,van,5,89,442.0,256.0,476.0,278.0,748.0,small,2,heavy,0,not_truncated,False,,,
0000249_03400_d_0000010.jpg,67,1,car,4,90,457.0,242.99999999999997,493.99999999999994,259.0,592.0000000000001,small,2,heavy,0,not_truncated,False,,,
0000249_03400_d_0000010.jpg,68,2,van,5,91,459.99999999999994,234.0,491.0,249.00000000000003,465.00000000000176,small,2,heavy,0,not_truncated,False,,,
0000249_03400_d_0000010.jpg,69,1,car,4,92,486.0,228.0,512.9999999999999,243.0,404.9999999999983,small,1,partial,0,not_truncated,False,,,
0000249_03400_d_0000010.jpg,70,1,car,4,96,721.0,438.99999999999994,764.0,488.0,2107.0000000000023,medium,0,none,0,not_truncated,True,2,0.9040452837944031,0.9407404661178589
0000256_02173_d_0000030.jpg,0,1,car,4,1,109.99999999999999,443.99999999999994,256.0,531.0,12702.00000000001,large,0,none,0,not_truncated,True,0,0.9420904517173767,0.956404983997345
0000256_02173_d_0000030.jpg,1,1,car,4,2,0.0,91.99999999999999,19.0,113.0,399.0000000000003,small,0,none,1,truncated,True,2,0.8487511873245239,0.7706924080848694
0000256_02173_d_0000030.jpg,2,1,car,4,3,1.0,30.0,19.0,45.99999999999999,287.9999999999999,small,0,none,0,not_truncated,True,7,0.33144816756248474,0.8025592565536499
0000256_02173_d_0000030.jpg,3,1,car,4,4,75.0,11.0,92.0,23.0,204.0,small,1,partial,0,not_truncated,False,,,
0000256_02173_d_0000030.jpg,4,1,car,4,5,65.0,2.999999999999999,84.0,12.999999999999998,190.0,small,1,partial,0,not_truncated,False,,,
0000256_02173_d_0000030.jpg,5,2,van,5,6,137.0,4.0,157.0,19.0,300.0,small,1,partial,0,not_truncated,False,,,
0000256_02173_d_0000030.jpg,6,1,car,4,7,106.0,0.0,141.0,12.999999999999998,454.99999999999994,small,1,partial,0,not_truncated,False,,,
0000256_02173_d_0000030.jpg,7,3,truck,6,10,152.99999999999997,0.0,233.0,19.0,1520.0000000000005,medium,1,partial,0,not_truncated,False,,,
0000256_02173_d_0000030.jpg,8,2,van,5,11,552.0,48.0,593.0,72.0,984.0,small,1,partial,0,not_truncated,False,,,
0000256_02173_d_0000030.jpg,9,2,van,5,12,492.0,77.0,529.0,101.0,888.0,small,2,heavy,0,not_truncated,False,,,
0000256_02173_d_0000030.jpg,10,1,car,4,13,507.0,82.99999999999999,548.0,104.99999999999999,902.0,small,2,heavy,0,not_truncated,False,,,
0000256_02173_d_0000030.jpg,11,1,car,4,14,529.0,90.0,573.0,113.0,1012.0,small,2,heavy,0,not_truncated,False,,,
0000256_02173_d_0000030.jpg,12,1,car,4,15,565.0,100.0,610.0,123.00000000000001,1035.0000000000007,medium,2,heavy,0,not_truncated,False,,,
0000256_02173_d_0000030.jpg,13,1,car,4,16,588.0,106.0,636.0,131.0,1200.0,medium,2,heavy,0,not_truncated,False,,,
0000256_02173_d_0000030.jpg,14,0,pedestrian,1,18,540.0,134.0,548.0,152.0,144.0,small,1,partial,0,not_truncated,False,,,
0000256_02173_d_0000030.jpg,15,2,van,5,19,619.0000000000001,108.0,678.0,142.0,2005.9999999999961,medium,2,heavy,0,not_truncated,False,,,
0000256_02173_d_0000030.jpg,16,1,car,4,20,666.0,129.0,721.0,152.0,1265.0,medium,1,partial,0,not_truncated,False,,,
0000256_02173_d_0000030.jpg,17,3,truck,6,22,654.9999999999999,98.99999999999999,732.0,133.0,2618.000000000005,medium,1,partial,0,not_truncated,False,,,
0000256_02173_d_0000030.jpg,18,2,van,5,23,700.0000000000001,83.0,738.0,103.99999999999999,797.999999999997,small,1,partial,0,not_truncated,False,,,
0000256_02173_d_0000030.jpg,19,0,pedestrian,1,24,684.0,149.0,693.0,173.0,216.0,small,0,none,0,not_truncated,False,,,
0000256_02173_d_0000030.jpg,20,1,car,4,25,609.0,181.0,670.0,209.99999999999997,1768.9999999999982,medium,0,none,0,not_truncated,True,1,0.899901270866394,0.8832376003265381
0000256_02173_d_0000030.jpg,21,0,pedestrian,1,26,787.0000000000001,132.0,793.0,152.0,119.99999999999773,small,0,none,0,not_truncated,False,,,
0000256_02173_d_0000030.jpg,22,0,pedestrian,1,27,819.0,114.0,827.9999999999999,135.0,188.9999999999976,small,1,partial,0,not_truncated,False,,,
0000256_02173_d_0000030.jpg,23,0,pedestrian,1,28,835.0,115.0,843.0,137.0,176.0,small,0,none,0,not_truncated,False,,,
0000256_02173_d_0000030.jpg,24,3,truck,6,29,801.0,125.0,944.0000000000001,199.00000000000003,10582.000000000013,large,1,partial,0,not_truncated,False,,,
0000256_02173_d_0000030.jpg,25,3,truck,6,30,823.0,135.0,964.0,215.0,11280.0,large,1,partial,0,not_truncated,True,4,0.6586785316467285,0.8917329907417297
0000256_02173_d_0000030.jpg,26,0,pedestrian,1,31,909.0000000000001,173.0,919.0,205.0,319.99999999999636,small,1,partial,0,not_truncated,False,,,
0000256_02173_d_0000030.jpg,27,3,truck,6,36,1035.0,151.0,1144.0,223.99999999999997,7956.999999999997,medium,0,none,0,not_truncated,False,,,
0000256_02173_d_0000030.jpg,28,3,truck,6,37,1072.0000000000002,135.99999999999997,1193.0,202.0,7985.999999999988,medium,1,partial,0,not_truncated,False,,,
0000256_02173_d_0000030.jpg,29,1,car,4,38,1337.0,24.0,1357.0,39.0,300.0,small,1,partial,0,not_truncated,False,,,
0000256_02173_d_0000030.jpg,30,1,car,4,39,1230.0,78.0,1281.0000000000002,96.0,918.0000000000041,small,2,heavy,0,not_truncated,False,,,
0000256_02173_d_0000030.jpg,31,1,car,4,40,1094.9999999999998,72.0,1139.0,93.00000000000001,924.0000000000055,small,1,partial,0,not_truncated,True,6,0.39917489886283875,0.7947206497192383
0000256_02173_d_0000030.jpg,32,2,van,5,41,1153.0,63.0,1183.9999999999998,80.0,526.9999999999961,small,2,heavy,0,not_truncated,False,,,
0000256_02173_d_0000030.jpg,33,2,van,5,42,1101.9999999999998,105.00000000000001,1150.0,132.0,1296.0000000000055,medium,1,partial,0,not_truncated,False,,,
0000256_02173_d_0000030.jpg,34,2,van,5,43,1083.0,114.00000000000001,1136.0,144.0,1589.9999999999993,medium,1,partial,0,not_truncated,False,,,
0000256_02173_d_0000030.jpg,35,1,car,4,44,1054.0,127.99999999999999,1114.0000000000002,148.0,1200.0000000000055,medium,2,heavy,0,not_truncated,False,,,
0000256_02173_d_0000030.jpg,36,2,van,5,45,935.0,101.0,962.9999999999999,127.0,727.999999999997,small,1,partial,0,not_truncated,False,,,
0000256_02173_d_0000030.jpg,37,2,van,5,46,963.9999999999999,82.0,1016.0,119.0,1924.000000000004,medium,1,partial,0,not_truncated,False,,,
0000256_02173_d_0000030.jpg,38,3,truck,6,49,1273.0,157.0,1355.0,223.00000000000003,5412.000000000003,medium,0,none,1,truncated,False,,,
0000256_02173_d_0000030.jpg,39,1,car,4,50,1324.0000000000002,224.0,1356.0,259.0,1119.999999999992,medium,0,none,1,truncated,True,3,0.6961830854415894,0.6214931011199951
0000271_00001_d_0000374.jpg,0,2,van,5,1,602.0,530.0,681.0,699.0000000000001,13351.00000000001,large,0,none,0,not_truncated,True,5,0.8441038727760315,0.9510825276374817
0000271_00001_d_0000374.jpg,1,1,car,4,2,757.0,460.00000000000006,834.0,581.0,9316.999999999996,large,0,none,0,not_truncated,True,1,0.9234709739685059,0.9375425577163696
0000271_00001_d_0000374.jpg,2,1,car,4,4,726.0,233.00000000000003,795.0,316.0,5726.999999999998,medium,0,none,0,not_truncated,True,2,0.9206182360649109,0.9381312727928162
0000271_00001_d_0000374.jpg,3,1,car,4,5,956.0000000000001,330.0,1078.0,403.0,8905.99999999999,medium,0,none,0,not_truncated,True,0,0.9474651217460632,0.9578203558921814
0000271_00001_d_0000374.jpg,4,2,van,5,7,1042.0,243.99999999999997,1163.0,303.0,7139.000000000004,medium,0,none,0,not_truncated,False,,,
0000271_00001_d_0000374.jpg,5,2,van,5,8,1193.0,241.00000000000003,1302.0,299.0,6321.999999999997,medium,1,partial,0,not_truncated,False,,,
0000271_00001_d_0000374.jpg,6,0,pedestrian,1,9,1087.0,630.0,1110.0,671.0,943.0,small,1,partial,0,not_truncated,False,,,
0000271_00001_d_0000374.jpg,7,0,pedestrian,1,10,1074.0,611.0,1108.0,658.0,1598.0,medium,1,partial,0,not_truncated,False,,,
0000271_00001_d_0000374.jpg,8,0,pedestrian,1,11,411.0,559.0,433.00000000000006,608.0,1078.0000000000027,medium,1,partial,0,not_truncated,True,8,0.7210487723350525,0.8788788318634033
0000271_00001_d_0000374.jpg,9,0,pedestrian,1,12,474.00000000000006,359.0,492.0,399.0,719.9999999999977,small,1,partial,0,not_truncated,True,7,0.7528759241104126,0.8701837062835693
0000271_00001_d_0000374.jpg,10,1,car,4,13,600.0,135.0,648.0,206.00000000000003,3408.0000000000014,medium,0,none,0,not_truncated,True,3,0.9019613862037659,0.9150914549827576
0000271_00001_d_0000374.jpg,11,1,car,4,14,514.0,38.0,558.0,96.0,2552.0,medium,0,none,0,not_truncated,True,4,0.8906331062316895,0.9522028565406799
0000271_00001_d_0000374.jpg,12,0,pedestrian,1,16,533.0,143.0,543.0,178.0,350.0,small,0,none,0,not_truncated,True,12,0.428587943315506,0.7424451112747192
0000271_00001_d_0000374.jpg,13,2,van,5,17,1114.0,155.0,1162.0,227.0,3456.0,medium,1,partial,0,not_truncated,False,,,
0000271_00001_d_0000374.jpg,14,0,pedestrian,1,20,920.0,193.0,931.0,229.00000000000003,396.00000000000034,small,0,none,0,not_truncated,False,,,
0000271_00001_d_0000374.jpg,15,0,pedestrian,1,21,903.0,194.0,917.9999999999999,230.00000000000003,539.9999999999964,small,0,none,0,not_truncated,False,,,
0000271_00001_d_0000374.jpg,16,0,pedestrian,1,22,888.0,190.00000000000003,902.0,229.00000000000003,546.0,small,0,none,0,not_truncated,False,,,
0000271_00001_d_0000374.jpg,17,0,pedestrian,1,25,793.0,88.0,802.0,111.00000000000001,207.0000000000001,small,0,none,0,not_truncated,False,,,
0000271_00001_d_0000374.jpg,18,0,pedestrian,1,26,779.0000000000001,77.0,796.0,109.0,543.9999999999964,small,0,none,0,not_truncated,False,,,
0000271_00001_d_0000374.jpg,19,0,pedestrian,1,27,788.0000000000001,62.0,798.0,88.0,259.99999999999704,small,1,partial,0,not_truncated,False,,,
0000271_00001_d_0000374.jpg,20,0,pedestrian,1,46,138.0,47.0,159.0,85.99999999999999,818.9999999999997,small,0,none,0,not_truncated,False,,,
0000271_00001_d_0000374.jpg,21,0,pedestrian,1,47,154.0,125.0,168.99999999999997,158.0,494.9999999999991,small,0,none,0,not_truncated,False,,,
0000271_00001_d_0000374.jpg,22,0,pedestrian,1,48,141.0,121.99999999999999,156.0,142.0,300.0000000000002,small,1,partial,0,not_truncated,False,,,
0000271_00001_d_0000374.jpg,23,0,pedestrian,1,53,896.0,696.0,925.9999999999999,748.0,1559.999999999994,medium,0,none,0,not_truncated,True,6,0.7988803386688232,0.8757524490356445
0000271_00001_d_0000374.jpg,24,3,truck,6,54,938.0,122.99999999999999,1033.0,214.0,8645.000000000002,medium,2,heavy,0,not_truncated,True,15,0.27770254015922546,0.5639645457267761
0000271_00001_d_0000374.jpg,25,2,van,5,55,902.0,83.0,994.9999999999999,130.0,4370.9999999999945,medium,2,heavy,0,not_truncated,True,14,0.32959654927253723,0.6002917885780334
0000271_00001_d_0000374.jpg,26,0,pedestrian,1,57,1067.0,389.0,1083.0,432.0,688.0,small,2,heavy,0,not_truncated,False,,,
0000271_00801_d_0000378.jpg,0,0,pedestrian,1,1,70.0,677.0,92.0,729.0,1144.0,medium,0,none,0,not_truncated,True,7,0.7715787887573242,0.7560910582542419
0000271_00801_d_0000378.jpg,1,0,pedestrian,1,2,33.00000000000001,672.0,61.0,733.9999999999999,1735.9999999999964,medium,0,none,0,not_truncated,True,10,0.721335232257843,0.7848526239395142
0000271_00801_d_0000378.jpg,2,0,pedestrian,1,3,0.0,713.9999999999999,15.000000000000002,744.0,450.00000000000176,small,0,none,0,not_truncated,True,13,0.5822219848632812,0.6224628686904907
0000271_00801_d_0000378.jpg,3,0,pedestrian,1,4,438.00000000000006,589.0,455.99999999999994,635.0,827.9999999999948,small,0,none,0,not_truncated,True,11,0.7207491397857666,0.8539624214172363
0000271_00801_d_0000378.jpg,4,0,pedestrian,1,5,858.0,589.0,877.9999999999999,636.0,939.9999999999947,small,0,none,0,not_truncated,False,,,
0000271_00801_d_0000378.jpg,5,0,pedestrian,1,6,900.0,618.0,922.9999999999999,669.0,1172.999999999994,medium,0,none,0,not_truncated,True,3,0.803315281867981,0.9134184122085571
0000271_00801_d_0000378.jpg,6,0,pedestrian,1,7,964.0,424.0,983.0,463.00000000000006,741.0000000000011,small,0,none,0,not_truncated,True,6,0.7809056639671326,0.8875887393951416
0000271_00801_d_0000378.jpg,7,3,truck,6,8,36.99999999999999,447.0,136.0,505.0,5742.0,medium,0,none,0,not_truncated,False,,,
0000271_00801_d_0000378.jpg,8,1,car,4,12,565.0,199.00000000000003,608.0,249.0,2149.9999999999986,medium,0,none,0,not_truncated,True,0,0.8803531527519226,0.8919901251792908
0000271_00801_d_0000378.jpg,9,1,car,4,13,1021.0,376.0,1126.0,430.0,5670.0,medium,0,none,0,not_truncated,True,14,0.5006891489028931,0.8604142665863037
0000271_00801_d_0000378.jpg,10,1,car,4,14,1092.0,301.0,1135.0,366.0,2795.0,medium,1,partial,0,not_truncated,False,,,
0000271_00801_d_0000378.jpg,11,1,car,4,15,755.0,714.0,828.0000000000001,765.0,3723.000000000006,medium,0,none,1,truncated,True,5,0.7940874695777893,0.8900413513183594
0000271_00801_d_0000378.jpg,12,1,car,4,16,580.0,699.0000000000001,646.0,763.0,4223.999999999993,medium,0,none,1,truncated,True,2,0.823219358921051,0.8851615786552429
0000271_00801_d_0000378.jpg,13,0,pedestrian,1,19,246.0,196.00000000000003,264.0,231.0,629.9999999999995,small,0,none,0,not_truncated,False,,,
0000271_00801_d_0000378.jpg,14,0,pedestrian,1,23,462.0,136.0,471.0,160.0,216.0,small,0,none,0,not_truncated,True,23,0.3354242146015167,0.8508163094520569
0000271_00801_d_0000378.jpg,15,0,pedestrian,1,24,427.0,139.0,433.0,159.0,120.0,small,0,none,0,not_truncated,False,,,
0000271_00801_d_0000378.jpg,16,0,pedestrian,1,25,421.0,140.0,426.0,158.0,90.0,small,0,none,0,not_truncated,False,,,
0000271_00801_d_0000378.jpg,17,0,pedestrian,1,26,474.0,110.00000000000001,478.99999999999994,124.0,69.99999999999913,small,0,none,0,not_truncated,False,,,
0000271_00801_d_0000378.jpg,18,0,pedestrian,1,27,467.0,107.0,473.0,129.0,132.0,small,0,none,0,not_truncated,False,,,
0000271_00801_d_0000378.jpg,19,0,pedestrian,1,28,463.0,102.0,469.0,124.0,132.0,small,0,none,0,not_truncated,False,,,
0000271_00801_d_0000378.jpg,20,1,car,4,29,468.0,82.0,506.0,104.99999999999999,873.9999999999994,small,1,partial,0,not_truncated,False,,,
0000271_00801_d_0000378.jpg,21,1,car,4,30,533.0,0.0,547.9999999999999,12.0,179.99999999999864,small,0,none,1,truncated,False,,,
0000271_00801_d_0000378.jpg,22,1,car,4,37,617.0,49.99999999999999,635.9999999999999,71.0,398.9999999999977,small,0,none,0,not_truncated,True,25,0.32403066754341125,0.8907238245010376
0000271_00801_d_0000378.jpg,23,1,car,4,38,648.0,39.0,669.0,62.0,483.0,small,0,none,0,not_truncated,True,9,0.7407857179641724,0.9397361278533936
0000271_00801_d_0000378.jpg,24,1,car,4,39,664.0,3.0,680.0,21.0,288.0,small,0,none,0,not_truncated,True,4,0.7955858707427979,0.6998387575149536
0000271_00801_d_0000378.jpg,25,1,car,4,40,617.0,18.0,632.9999999999999,38.0,319.9999999999977,small,0,none,0,not_truncated,True,18,0.4102306365966797,0.7464041113853455
0000271_00801_d_0000378.jpg,26,1,car,4,41,621.0000000000001,7.0,638.0,24.0,288.99999999999807,small,0,none,0,not_truncated,True,21,0.35850146412849426,0.5175897479057312
0000271_00801_d_0000378.jpg,27,1,car,4,42,735.0000000000001,24.0,755.0,44.0,399.9999999999977,small,0,none,0,not_truncated,True,8,0.7625886797904968,0.8060581088066101
0000271_00801_d_0000378.jpg,28,1,car,4,43,785.0000000000001,144.0,813.0,171.99999999999997,783.999999999996,small,0,none,0,not_truncated,True,1,0.8706017136573792,0.8928409218788147
0000271_00801_d_0000378.jpg,29,1,car,4,44,837.0,12.0,878.9999999999999,31.999999999999996,839.9999999999976,small,0,none,0,not_truncated,True,12,0.6496863961219788,0.7038171887397766
0000271_00801_d_0000378.jpg,30,1,car,4,45,950.0000000000001,112.0,986.0,148.0,1295.999999999996,medium,0,none,0,not_truncated,False,,,
0000271_00801_d_0000378.jpg,31,1,car,4,46,910.9999999999999,243.0,979.0,284.0,2788.0000000000045,medium,1,partial,0,not_truncated,False,,,
0000271_00801_d_0000378.jpg,32,3,truck,6,47,931.0,283.99999999999994,1010.0,348.0,5056.000000000005,medium,1,partial,0,not_truncated,False,,,
0000271_00801_d_0000378.jpg,33,0,pedestrian,1,48,913.0000000000001,330.0,923.0,364.0,339.99999999999613,small,0,none,0,not_truncated,False,,,
0000271_00801_d_0000378.jpg,34,0,pedestrian,1,49,902.0,333.0,911.9999999999999,366.99999999999994,339.99999999999557,small,0,none,0,not_truncated,True,28,0.28262707591056824,0.6379269361495972
0000271_00801_d_0000378.jpg,35,0,pedestrian,1,50,885.0,325.0,895.0,362.00000000000006,370.00000000000057,small,0,none,0,not_truncated,False,,,
0000271_00801_d_0000378.jpg,36,0,pedestrian,1,51,868.0000000000001,327.0,878.0,358.0,309.9999999999965,small,0,none,0,not_truncated,True,17,0.4114152789115906,0.6966074109077454
0000271_00801_d_0000378.jpg,37,1,car,4,52,861.0000000000001,34.0,883.0,53.0,417.99999999999784,small,0,none,0,not_truncated,True,16,0.4278987646102905,0.9071427583694458
0000271_00801_d_0000378.jpg,38,3,truck,6,53,851.0,64.0,880.9999999999999,101.0,1109.999999999996,medium,1,partial,0,not_truncated,False,,,
0000271_00801_d_0000378.jpg,39,0,pedestrian,1,54,768.0,97.99999999999999,775.0,118.0,140.0000000000001,small,0,none,0,not_truncated,True,24,0.3327232003211975,0.5313685536384583
0000271_00801_d_0000378.jpg,40,0,pedestrian,1,55,769.0,146.0,775.0,163.0,102.0,small,0,none,0,not_truncated,False,,,
0000271_00801_d_0000378.jpg,41,0,pedestrian,1,56,760.0,139.0,767.0,160.0,147.0,small,0,none,0,not_truncated,False,,,
0000271_00801_d_0000378.jpg,42,0,pedestrian,1,57,696.9999999999999,38.0,702.9999999999999,57.99999999999999,119.99999999999996,small,0,none,0,not_truncated,True,22,0.34050342440605164,0.5757650136947632
0000271_00801_d_0000378.jpg,43,0,pedestrian,1,58,615.0,74.0,621.0,91.0,102.0,small,0,none,0,not_truncated,False,,,
0000271_02401_d_0000385.jpg,0,3,truck,6,1,814.0,692.9999999999999,882.0,765.0,4896.000000000007,medium,0,none,1,truncated,False,,,
0000271_02401_d_0000385.jpg,1,1,car,4,7,826.9999999999999,148.0,884.0,174.0,1482.000000000003,medium,2,heavy,0,not_truncated,False,,,
0000271_02401_d_0000385.jpg,2,0,pedestrian,1,8,1276.0,684.0,1305.0,736.0,1508.0,medium,0,none,0,not_truncated,False,,,
0000271_02401_d_0000385.jpg,3,1,car,4,9,922.9999999999999,563.0,1074.0,632.0,10419.000000000007,large,2,heavy,0,not_truncated,False,,,
0000271_02401_d_0000385.jpg,4,1,car,4,10,811.0,540.0,923.9999999999999,615.0,8474.99999999999,medium,1,partial,0,not_truncated,True,0,0.916814386844635,0.9092630743980408
0000271_02401_d_0000385.jpg,5,1,car,4,11,844.0,489.00000000000006,943.0,547.0,5741.9999999999945,medium,1,partial,0,not_truncated,True,7,0.7139949202537537,0.8543646335601807
0000271_02401_d_0000385.jpg,6,1,car,4,13,355.99999999999994,478.0,422.0,575.0,6402.0000000000055,medium,0,none,0,not_truncated,True,1,0.9092661738395691,0.9741323590278625
0000271_02401_d_0000385.jpg,7,0,pedestrian,1,14,470.0,491.00000000000006,485.99999999999994,540.0,783.9999999999964,small,0,none,0,not_truncated,True,14,0.4758111238479614,0.7448992729187012
0000271_02401_d_0000385.jpg,8,0,pedestrian,1,15,445.0,493.00000000000006,459.99999999999994,537.0,659.9999999999967,small,0,none,0,not_truncated,False,,,
0000271_02401_d_0000385.jpg,9,0,pedestrian,1,19,786.0000000000001,412.0,798.0,450.0,455.9999999999957,small,0,none,0,not_truncated,True,17,0.41987282037734985,0.7397387027740479
0000271_02401_d_0000385.jpg,10,0,pedestrian,1,20,767.0,414.99999999999994,782.9999999999999,451.0,575.9999999999968,small,0,none,0,not_truncated,True,24,0.30231985449790955,0.8421468734741211
0000271_02401_d_0000385.jpg,11,0,pedestrian,1,21,778.0,374.99999999999994,793.9999999999999,411.0,575.9999999999968,small,0,none,0,not_truncated,False,,,
0000271_02401_d_0000385.jpg,12,1,car,4,22,578.0,354.0,625.0,421.99999999999994,3195.9999999999973,medium,0,none,0,not_truncated,True,3,0.8764298558235168,0.9276651740074158
0000271_02401_d_0000385.jpg,13,1,car,4,23,422.0,321.0,476.99999999999994,385.0,3519.9999999999964,medium,0,none,0,not_truncated,True,6,0.7668566703796387,0.9754458069801331
0000271_02401_d_0000385.jpg,14,2,van,5,24,597.0,247.99999999999997,632.0,308.0,2100.000000000001,medium,0,none,0,not_truncated,True,15,0.4720183312892914,0.9728546142578125
0000271_02401_d_0000385.jpg,15,1,car,4,25,496.0,242.0,534.0,287.0,1710.0,medium,0,none,0,not_truncated,True,4,0.8229666948318481,0.8570823073387146
0000271_02401_d_0000385.jpg,16,0,pedestrian,1,27,524.0,342.99999999999994,537.0,379.0,468.00000000000074,small,0,none,0,not_truncated,False,,,
0000271_02401_d_0000385.jpg,17,0,pedestrian,1,28,536.0,346.0,546.0,379.99999999999994,339.99999999999943,small,0,none,0,not_truncated,False,,,
0000271_02401_d_0000385.jpg,18,0,pedestrian,1,29,527.0,321.99999999999994,541.0,358.0,504.0000000000008,small,1,partial,0,not_truncated,False,,,
0000271_02401_d_0000385.jpg,19,0,pedestrian,1,30,514.0,319.0,526.0,353.0,408.0,small,0,none,0,not_truncated,True,29,0.25603213906288147,0.6121731996536255
0000271_02401_d_0000385.jpg,20,1,car,4,31,718.0,194.0,755.9999999999999,239.0,1709.999999999995,medium,0,none,0,not_truncated,True,2,0.9012860059738159,0.9257693290710449
0000271_02401_d_0000385.jpg,21,2,van,5,32,645.0,137.0,672.0,169.00000000000003,864.0000000000008,small,0,none,0,not_truncated,False,,,
0000271_02401_d_0000385.jpg,22,1,car,4,33,601.0,132.0,629.0,164.0,896.0,small,0,none,0,not_truncated,True,10,0.6218789219856262,0.944087564945221
0000271_02401_d_0000385.jpg,23,3,truck,6,34,467.0,188.0,506.0,244.99999999999997,2222.999999999999,medium,1,partial,0,not_truncated,False,,,
0000271_02401_d_0000385.jpg,24,1,car,4,48,318.0,5.999999999999998,357.0,22.999999999999996,663.0,small,2,heavy,0,not_truncated,False,,,
0000271_02401_d_0000385.jpg,25,4,bus,9,49,281.0,2.000000000000001,350.00000000000006,33.99999999999999,2208.0000000000014,medium,1,partial,0,not_truncated,False,,,
0000271_02401_d_0000385.jpg,26,2,van,5,59,704.0000000000001,69.0,740.9999999999999,97.0,1035.9999999999936,medium,1,partial,0,not_truncated,True,13,0.504751980304718,0.7913405299186707
0000271_02401_d_0000385.jpg,27,1,car,4,60,698.0000000000001,57.0,738.0,80.0,919.9999999999974,small,1,partial,1,truncated,True,20,0.3648015260696411,0.5886852741241455
0000271_02401_d_0000385.jpg,28,2,van,5,61,673.0,63.99999999999999,695.0,88.0,528.0000000000001,small,0,none,0,not_truncated,False,,,
0000271_02401_d_0000385.jpg,29,2,van,5,63,711.0,19.999999999999996,728.0,40.0,340.00000000000006,small,1,partial,0,not_truncated,False,,,
0000271_02401_d_0000385.jpg,30,2,van,5,65,685.0,22.999999999999996,703.9999999999999,44.0,398.99999999999767,small,1,partial,0,not_truncated,False,,,
0000271_02401_d_0000385.jpg,31,1,car,4,66,641.0,60.99999999999999,662.0000000000001,82.0,441.00000000000256,small,0,none,0,not_truncated,True,8,0.6443650126457214,0.8745653629302979
0000271_02401_d_0000385.jpg,32,1,car,4,67,612.0,0.0,630.0,15.999999999999998,287.99999999999994,small,0,none,1,truncated,True,19,0.3651602864265442,0.80246901512146
0000271_02401_d_0000385.jpg,33,1,car,4,68,585.0,61.99999999999999,609.0,83.0,504.00000000000017,small,0,none,0,not_truncated,True,9,0.6351550817489624,0.8978258967399597
0000271_02401_d_0000385.jpg,34,1,car,4,69,395.00000000000006,119.0,443.0,143.0,1151.9999999999986,medium,2,heavy,0,not_truncated,False,,,
0000271_02401_d_0000385.jpg,35,0,pedestrian,1,70,463.0,121.0,474.0,145.0,264.0,small,1,partial,0,not_truncated,False,,,
0000271_02401_d_0000385.jpg,36,0,pedestrian,1,71,462.0,121.0,471.0,144.0,207.0,small,1,partial,0,not_truncated,False,,,
0000271_02401_d_0000385.jpg,37,1,car,4,72,416.00000000000006,108.0,477.99999999999994,132.0,1487.9999999999973,medium,1,partial,0,not_truncated,True,16,0.4641241133213043,0.8353068232536316
0000271_02401_d_0000385.jpg,38,1,car,4,73,428.0,98.99999999999999,471.0,121.0,946.0000000000006,small,1,partial,0,not_truncated,False,,,
0000271_02401_d_0000385.jpg,39,2,van,5,74,417.0,86.00000000000001,464.0,113.0,1268.9999999999993,medium,1,partial,0,not_truncated,False,,,
0000271_02401_d_0000385.jpg,40,1,car,4,75,426.0,82.0,476.99999999999994,106.0,1223.9999999999986,medium,2,heavy,0,not_truncated,False,,,
0000271_02401_d_0000385.jpg,41,2,van,5,76,435.00000000000006,65.0,480.00000000000006,91.0,1170.0,medium,1,partial,0,not_truncated,False,,,
0000271_02401_d_0000385.jpg,42,2,van,5,77,439.99999999999994,11.0,465.0,34.0,575.0000000000014,small,1,partial,0,not_truncated,False,,,
0000271_02401_d_0000385.jpg,43,0,pedestrian,1,78,436.00000000000006,22.999999999999996,444.0,38.0,119.99999999999918,small,0,none,0,not_truncated,False,,,
0000271_02401_d_0000385.jpg,44,1,car,4,86,517.0,65.0,566.0,85.99999999999999,1028.9999999999993,medium,1,partial,0,not_truncated,False,,,
0000271_02401_d_0000385.jpg,45,1,car,4,89,508.0,86.99999999999999,553.0,108.0,945.0000000000007,small,2,heavy,0,not_truncated,False,,,
0000271_02401_d_0000385.jpg,46,1,car,4,90,502.0,90.0,548.0,115.0,1150.0,medium,2,heavy,0,not_truncated,False,,,
0000271_02401_d_0000385.jpg,47,1,car,4,91,497.00000000000006,97.99999999999999,547.0,120.0,1099.9999999999995,medium,2,heavy,0,not_truncated,True,28,0.2592831254005432,0.6559837460517883
0000271_02401_d_0000385.jpg,48,1,car,4,92,490.0,103.0,545.0,129.0,1430.0,medium,1,partial,0,not_truncated,False,,,
0000271_04401_d_0000394.jpg,0,3,truck,6,1,1189.0,323.0,1348.0,394.99999999999994,11447.99999999999,large,0,none,0,not_truncated,True,16,0.5335881114006042,0.9212698936462402
0000271_04401_d_0000394.jpg,1,1,car,4,2,1074.0,287.0,1123.0,339.0,2548.0,medium,1,partial,0,not_truncated,True,13,0.6828078031539917,0.6230295896530151
0000271_04401_d_0000394.jpg,2,1,car,4,3,1020.0,347.0,1126.0,392.99999999999994,4875.999999999994,medium,1,partial,0,not_truncated,True,1,0.8989209532737732,0.9102360606193542
0000271_04401_d_0000394.jpg,3,0,pedestrian,1,4,1048.0,213.0,1054.0,234.00000000000003,126.00000000000017,small,1,partial,0,not_truncated,False,,,
0000271_04401_d_0000394.jpg,4,1,car,4,6,779.0,482.0,838.0,572.0,5310.0,medium,0,none,0,not_truncated,True,3,0.8776688575744629,0.9316500425338745
0000271_04401_d_0000394.jpg,5,0,pedestrian,1,7,847.0,369.0,855.0,398.00000000000006,232.00000000000045,small,0,none,0,not_truncated,True,28,0.34503504633903503,0.5723056197166443
0000271_04401_d_0000394.jpg,6,3,truck,6,9,809.0,393.00000000000006,919.9999999999999,457.0,7103.999999999986,medium,1,partial,0,not_truncated,False,,,
0000271_04401_d_0000394.jpg,7,0,pedestrian,1,11,746.0000000000001,390.99999999999994,763.0,431.0,679.9999999999964,small,1,partial,0,not_truncated,True,29,0.34165653586387634,0.5720561742782593
0000271_04401_d_0000394.jpg,8,0,pedestrian,1,12,735.0,406.0,749.9999999999999,443.00000000000006,554.9999999999966,small,0,none,0,not_truncated,False,,,
0000271_04401_d_0000394.jpg,9,0,pedestrian,1,15,778.0,340.0,785.9999999999999,371.0,247.99999999999648,small,0,none,0,not_truncated,False,,,
0000271_04401_d_0000394.jpg,10,0,pedestrian,1,16,767.0,330.0,778.0,362.0,352.0,small,0,none,0,not_truncated,True,24,0.3807280361652374,0.5819237232208252
0000271_04401_d_0000394.jpg,11,0,pedestrian,1,18,813.0,314.0,829.9999999999999,341.0,458.99999999999693,small,1,partial,0,not_truncated,False,,,
0000271_04401_d_0000394.jpg,12,0,pedestrian,1,19,742.0000000000001,301.00000000000006,752.0,334.0,329.9999999999957,small,0,none,0,not_truncated,True,32,0.3193574547767639,0.7833244204521179
0000271_04401_d_0000394.jpg,13,1,car,4,24,667.0,326.0,706.9999999999999,371.0,1799.999999999995,medium,0,none,0,not_truncated,True,2,0.889449954032898,0.9375923275947571
0000271_04401_d_0000394.jpg,14,3,truck,6,25,769.0,239.0,818.0000000000001,311.0,3528.000000000008,medium,0,none,0,not_truncated,True,35,0.2818833887577057,0.938284158706665
0000271_04401_d_0000394.jpg,15,2,van,5,27,808.0,158.0,831.9999999999999,199.00000000000003,983.999999999996,small,1,partial,0,not_truncated,False,,,
0000271_04401_d_0000394.jpg,16,1,car,4,28,772.0000000000001,194.00000000000003,805.0,228.0,1121.9999999999952,medium,0,none,0,not_truncated,True,6,0.8042186498641968,0.9364021420478821
0000271_04401_d_0000394.jpg,17,1,car,4,31,742.0000000000001,148.99999999999997,779.0,179.0,1109.9999999999977,medium,0,none,0,not_truncated,True,18,0.5168333053588867,0.8002834916114807
0000271_04401_d_0000394.jpg,18,3,truck,6,33,795.0,102.0,822.0,141.0,1053.0,medium,1,partial,0,not_truncated,False,,,
0000271_04401_d_0000394.jpg,19,1,car,4,34,788.0000000000001,91.99999999999999,809.0,114.0,461.9999999999978,small,1,partial,0,not_truncated,False,,,
0000271_04401_d_0000394.jpg,20,3,truck,6,35,787.0000000000001,64.0,811.0,96.0,767.9999999999964,small,1,partial,0,not_truncated,False,,,
0000271_04401_d_0000394.jpg,21,2,van,5,36,783.0000000000001,48.99999999999999,803.0,76.0,539.999999999997,small,1,partial,0,not_truncated,False,,,
0000271_04401_d_0000394.jpg,22,1,car,4,37,788.0000000000001,30.0,821.0,48.99999999999999,626.9999999999976,small,1,partial,0,not_truncated,False,,,
0000271_04401_d_0000394.jpg,23,3,truck,6,38,781.0000000000001,3.0,794.0,20.0,220.99999999999807,small,1,partial,0,not_truncated,False,,,
0000271_04401_d_0000394.jpg,24,2,van,5,40,725.0,1.9999999999999996,738.9999999999999,19.999999999999996,251.9999999999979,small,0,none,0,not_truncated,False,,,
0000271_04401_d_0000394.jpg,25,1,car,4,41,728.0,21.0,744.9999999999999,36.99999999999999,271.99999999999807,small,0,none,0,not_truncated,True,9,0.7407886385917664,0.8039891719818115
0000271_04401_d_0000394.jpg,26,1,car,4,42,712.0,76.0,735.0,97.99999999999999,505.99999999999966,small,0,none,0,not_truncated,True,7,0.7954868674278259,0.9064793586730957
0000271_04401_d_0000394.jpg,27,1,car,4,43,680.0,54.99999999999999,698.9999999999999,77.0,417.9999999999976,small,0,none,0,not_truncated,True,17,0.5309515595436096,0.8850056529045105
0000271_04401_d_0000394.jpg,28,1,car,4,44,637.0,33.0,656.9999999999999,54.0,419.9999999999976,small,0,none,0,not_truncated,True,12,0.7005990147590637,0.873132050037384
0000271_04401_d_0000394.jpg,29,1,car,4,45,664.0,87.00000000000001,688.0,112.0,599.9999999999997,small,0,none,0,not_truncated,True,21,0.4763002097606659,0.8772468566894531
0000271_04401_d_0000394.jpg,30,1,car,4,46,705.0000000000001,123.00000000000001,733.0,148.0,699.9999999999968,small,0,none,0,not_truncated,True,10,0.7332255840301514,0.864604115486145
0000271_04401_d_0000394.jpg,31,2,van,5,50,611.0,104.00000000000001,636.0,132.0,699.9999999999997,small,0,none,0,not_truncated,False,,,
0000271_04401_d_0000394.jpg,32,0,pedestrian,1,58,428.0,111.99999999999999,435.99999999999994,133.0,167.99999999999892,small,0,none,0,not_truncated,False,,,
0000271_04401_d_0000394.jpg,33,0,pedestrian,1,62,393.00000000000006,139.0,401.0,164.0,199.99999999999858,small,1,partial,0,not_truncated,False,,,
0000271_04401_d_0000394.jpg,34,2,van,5,65,319.0,221.99999999999997,396.0,264.0,3234.0000000000023,medium,1,partial,0,not_truncated,True,0,0.9024338126182556,0.9428610801696777
0000271_04401_d_0000394.jpg,35,1,car,4,66,345.0,272.0,391.99999999999994,315.0,2020.9999999999975,medium,0,none,0,not_truncated,True,5,0.8338956236839294,0.8894793391227722
0000271_04401_d_0000394.jpg,36,1,car,4,67,430.0,268.0,472.0,309.0,1722.0,medium,0,none,0,not_truncated,True,4,0.8535367846488953,0.9166839718818665
0000271_04401_d_0000394.jpg,37,0,pedestrian,1,68,425.0,334.0,436.99999999999994,372.00000000000006,455.9999999999985,small,0,none,0,not_truncated,True,33,0.2930736541748047,0.647881269454956
0000271_04401_d_0000394.jpg,38,0,pedestrian,1,70,508.0,382.0,525.0,423.0,697.0,small,1,partial,0,not_truncated,True,36,0.2735934853553772,0.7106956839561462
0000271_04401_d_0000394.jpg,39,0,pedestrian,1,71,503.0,394.99999999999994,518.0,438.99999999999994,660.0,small,0,none,0,not_truncated,False,,,
0000271_04401_d_0000394.jpg,40,0,pedestrian,1,72,484.0,404.0,498.99999999999994,444.00000000000006,599.9999999999985,small,0,none,0,not_truncated,True,34,0.29119792580604553,0.8686973452568054
0000271_04401_d_0000394.jpg,41,3,truck,6,75,396.0,395.99999999999994,488.0,487.99999999999994,8464.0,medium,1,partial,0,not_truncated,True,15,0.5689796209335327,0.8109070658683777
0000271_04401_d_0000394.jpg,42,0,pedestrian,1,78,156.0,321.0,171.0,353.0,480.0,small,0,none,0,not_truncated,True,8,0.7629347443580627,0.9164936542510986
0000271_04401_d_0000394.jpg,43,0,pedestrian,1,79,14.0,339.0,27.0,370.0,403.0,small,2,heavy,0,not_truncated,False,,,
0000271_04401_d_0000394.jpg,44,2,van,5,80,244.0,537.0,344.0,609.0,7200.0,medium,2,heavy,0,not_truncated,False,,,
0000271_04401_d_0000394.jpg,45,0,pedestrian,1,82,294.0,666.0,317.0,719.0,1219.0,medium,0,none,0,not_truncated,True,20,0.485434889793396,0.8219910860061646
0000271_04401_d_0000394.jpg,46,0,pedestrian,1,83,279.0,651.0,303.0,702.0,1224.0,medium,1,partial,0,not_truncated,False,,,
0000271_04401_d_0000394.jpg,47,0,pedestrian,1,84,279.0,709.0,299.0,765.0,1120.0,medium,0,none,1,truncated,True,30,0.3366812467575073,0.6187434196472168
0000271_04401_d_0000394.jpg,48,2,van,5,85,316.0,674.0,415.99999999999994,765.0,9099.999999999995,medium,0,none,1,truncated,True,22,0.4730651080608368,0.864427387714386
0000271_04401_d_0000394.jpg,49,0,pedestrian,1,86,256.0,701.0,284.99999999999994,741.0,1159.9999999999977,medium,0,none,0,not_truncated,False,,,
0000271_05601_d_0000400.jpg,0,1,car,4,1,325.0,668.0,471.0,765.0,14162.0,large,0,none,1,truncated,True,4,0.9035662412643433,0.955453634262085
0000271_05601_d_0000400.jpg,1,1,car,4,2,426.0,460.0,493.00000000000006,550.0,6030.0000000000055,medium,0,none,0,not_truncated,True,0,0.9411526322364807,0.9837675094604492
0000271_05601_d_0000400.jpg,2,1,car,4,3,463.0,388.00000000000006,519.0,457.0,3863.999999999997,medium,0,none,0,not_truncated,True,5,0.8994643688201904,0.9552755355834961
0000271_05601_d_0000400.jpg,3,1,car,4,4,561.0,438.99999999999994,614.0,522.0,4399.000000000003,medium,0,none,0,not_truncated,True,1,0.9252320528030396,0.9681696891784668
0000271_05601_d_0000400.jpg,4,1,car,4,5,765.0,497.0,824.0000000000001,580.0000000000001,4897.000000000016,medium,0,none,0,not_truncated,True,3,0.9074976444244385,0.9225955009460449
0000271_05601_d_0000400.jpg,5,1,car,4,6,947.0,355.0,1008.0,409.0,3294.0,medium,0,none,0,not_truncated,True,7,0.8826945424079895,0.9605622291564941
0000271_05601_d_0000400.jpg,6,1,car,4,7,914.9999999999999,295.0,960.0000000000001,346.0,2295.000000000012,medium,0,none,0,not_truncated,True,6,0.8889551758766174,0.9580543637275696
0000271_05601_d_0000400.jpg,7,1,car,4,8,937.0,211.00000000000003,970.9999999999999,240.0,985.9999999999958,small,0,none,0,not_truncated,False,,,
0000271_05601_d_0000400.jpg,8,1,car,4,9,590.9999999999999,144.00000000000003,619.0,173.0,812.0000000000025,small,0,none,0,not_truncated,True,28,0.4986076354980469,0.9187984466552734
0000271_05601_d_0000400.jpg,9,1,car,4,10,677.0,85.0,697.9999999999999,107.0,461.9999999999975,small,0,none,0,not_truncated,True,9,0.8599223494529724,0.9462050199508667
0000271_05601_d_0000400.jpg,10,1,car,4,11,681.0,56.0,699.9999999999999,75.0,360.99999999999784,small,0,none,0,not_truncated,True,10,0.8404915928840637,0.8659908771514893
0000271_05601_d_0000400.jpg,11,1,car,4,12,715.0,79.0,736.0,99.00000000000001,420.0000000000003,small,0,none,0,not_truncated,True,11,0.7992866635322571,0.8805142641067505
0000271_05601_d_0000400.jpg,12,1,car,4,13,599.0,107.0,622.0,136.99999999999997,689.9999999999993,small,0,none,0,not_truncated,True,12,0.7926112413406372,0.8874271512031555
0000271_05601_d_0000400.jpg,13,1,car,4,14,706.0000000000001,16.999999999999996,723.0,34.0,288.9999999999981,small,0,none,0,not_truncated,True,24,0.5144208073616028,0.7778556942939758
0000271_05601_d_0000400.jpg,14,1,car,4,15,601.0,78.0,630.0,102.0,696.0,small,0,none,0,not_truncated,True,20,0.5804488062858582,0.7160579562187195
0000271_05601_d_0000400.jpg,15,1,car,4,16,633.0,28.999999999999996,651.0,46.0,306.00000000000006,small,0,none,0,not_truncated,False,,,
0000271_05601_d_0000400.jpg,16,2,van,5,17,875.9999999999999,48.99999999999999,920.0,72.0,1012.000000000003,small,0,none,0,not_truncated,False,,,
0000271_05601_d_0000400.jpg,17,3,truck,6,18,926.0,94.0,962.9999999999999,141.0,1738.9999999999945,medium,1,partial,0,not_truncated,False,,,
0000271_05601_d_0000400.jpg,18,1,car,4,19,914.0000000000001,96.0,938.0,120.0,575.9999999999973,small,2,heavy,0,not_truncated,False,,,
0000271_05601_d_0000400.jpg,19,1,car,4,20,860.0,180.0,918.0000000000001,208.99999999999997,1682.0000000000016,medium,1,partial,0,not_truncated,True,13,0.7712534070014954,0.9410086870193481
0000271_05601_d_0000400.jpg,20,1,car,4,21,844.0,132.0,870.9999999999999,165.0,890.9999999999962,small,1,partial,0,not_truncated,False,,,
0000271_05601_d_0000400.jpg,21,1,car,4,22,750.0,254.00000000000003,782.9999999999999,289.0,1154.999999999995,medium,1,partial,0,not_truncated,True,49,0.2751210629940033,0.9358394742012024
0000271_05601_d_0000400.jpg,22,1,car,4,23,751.0,147.0,779.0,174.0,756.0,small,1,partial,0,not_truncated,True,25,0.51299649477005,0.87823885679245
0000271_05601_d_0000400.jpg,23,2,van,5,24,738.0000000000001,107.0,761.0,140.0,758.9999999999962,small,1,partial,0,not_truncated,False,,,
0000271_05601_d_0000400.jpg,24,3,truck,6,25,820.0000000000001,75.0,845.0,105.00000000000001,749.9999999999969,small,2,heavy,0,not_truncated,False,,,
0000271_05601_d_0000400.jpg,25,1,car,4,26,1150.0,578.0,1253.0,681.0,10609.0,large,0,none,0,not_truncated,True,2,0.9225385785102844,0.9580748081207275
0000271_05601_d_0000400.jpg,26,1,car,4,27,1042.0,432.0,1168.0,494.99999999999994,7937.999999999993,medium,0,none,0,not_truncated,True,8,0.8712162971496582,0.8759541511535645
0000271_05601_d_0000400.jpg,27,0,pedestrian,1,33,987.0,209.00000000000003,994.9999999999999,236.0,215.9999999999967,small,0,none,0,not_truncated,True,22,0.5431596040725708,0.6088860630989075
0000271_05601_d_0000400.jpg,28,0,pedestrian,1,34,966.0,190.0,976.0,211.00000000000003,210.00000000000028,small,0,none,0,not_truncated,True,54,0.25436654686927795,0.8029676079750061
0000271_05601_d_0000400.jpg,29,0,pedestrian,1,35,997.0000000000001,211.00000000000003,1006.0,235.00000000000003,215.99999999999727,small,0,none,0,not_truncated,False,,,
0000271_05601_d_0000400.jpg,30,0,pedestrian,1,36,1006.0,212.0,1014.0,237.0,200.0,small,0,none,0,not_truncated,True,44,0.3018966317176819,0.5795674920082092
0000271_05601_d_0000400.jpg,31,0,pedestrian,1,37,1018.0,208.99999999999997,1026.0,225.0,128.00000000000023,small,0,none,0,not_truncated,False,,,
0000271_05601_d_0000400.jpg,32,1,car,4,38,885.0,213.0,916.9999999999999,243.99999999999997,991.9999999999956,small,1,partial,0,not_truncated,True,16,0.7253787517547607,0.8149074912071228
0000271_05601_d_0000400.jpg,33,0,pedestrian,1,46,730.0,115.99999999999999,736.0,135.0,114.00000000000009,small,0,none,0,not_truncated,False,,,
0000271_05601_d_0000400.jpg,34,1,car,4,49,751.0,97.99999999999999,777.0,118.0,520.0000000000003,small,1,partial,0,not_truncated,True,48,0.275456041097641,0.7153548002243042
0000271_05601_d_0000400.jpg,35,1,car,4,50,749.0,86.0,771.0,104.00000000000001,396.00000000000034,small,1,partial,0,not_truncated,False,,,
0000271_05601_d_0000400.jpg,36,1,car,4,51,746.0000000000001,68.0,767.0,87.0,398.99999999999784,small,1,partial,0,not_truncated,True,18,0.6184837818145752,0.6712597608566284
0000271_05601_d_0000400.jpg,37,1,car,4,52,743.0000000000001,51.99999999999999,762.0,70.0,341.99999999999807,small,1,partial,0,not_truncated,True,42,0.30969226360321045,0.6516743302345276
0000271_05601_d_0000400.jpg,38,1,car,4,53,741.0000000000001,42.0,758.0,59.0,288.99999999999807,small,1,partial,0,not_truncated,True,35,0.3723016083240509,0.5347630381584167
0000271_05601_d_0000400.jpg,39,1,car,4,54,739.0000000000001,22.999999999999996,757.0,41.0,323.999999999998,small,1,partial,0,not_truncated,True,37,0.36629417538642883,0.6289913058280945
0000271_05601_d_0000400.jpg,40,1,car,4,55,731.0,16.0,753.9999999999999,28.999999999999996,298.99999999999847,small,1,partial,0,not_truncated,False,,,
0000271_05601_d_0000400.jpg,41,1,car,4,56,735.0,3.0,748.9999999999999,15.0,167.99999999999864,small,1,partial,0,not_truncated,True,53,0.26133430004119873,0.6314669251441956
0000271_05601_d_0000400.jpg,42,1,car,4,57,490.0,218.00000000000003,541.0,252.0,1733.9999999999986,medium,1,partial,0,not_truncated,True,17,0.7212698459625244,0.9142165184020996
0000271_05601_d_0000400.jpg,43,1,car,4,58,540.0,204.00000000000003,569.0,240.0,1043.999999999999,medium,1,partial,0,not_truncated,True,15,0.7290723919868469,0.8523922562599182
0000271_05601_d_0000400.jpg,44,1,car,4,59,552.0,178.0,595.0,207.0,1247.0,medium,1,partial,0,not_truncated,True,21,0.5739439129829407,0.6184774041175842
0000271_05601_d_0000400.jpg,45,1,car,4,60,557.0,155.0,589.0,182.0,864.0,small,1,partial,0,not_truncated,False,,,
0000271_05601_d_0000400.jpg,46,1,car,4,61,565.0,125.0,596.0,153.0,868.0,small,2,heavy,0,not_truncated,False,,,
0000271_05601_d_0000400.jpg,47,1,car,4,62,437.00000000000006,78.0,482.0,97.0,854.9999999999989,small,1,partial,0,not_truncated,True,33,0.39441442489624023,0.8083162903785706
0000271_05601_d_0000400.jpg,48,1,car,4,63,611.0,62.0,630.0,81.0,361.0,small,1,partial,0,not_truncated,False,,,
0000271_05601_d_0000400.jpg,49,1,car,4,64,599.0000000000001,49.00000000000001,618.0,69.0,379.9999999999976,small,1,partial,0,not_truncated,False,,,
0000271_05601_d_0000400.jpg,50,1,car,4,65,623.0,51.99999999999999,642.0,70.0,342.0000000000001,small,1,partial,0,not_truncated,True,45,0.2950390875339508,0.6926785111427307
0000271_05601_d_0000400.jpg,51,1,car,4,66,614.9999999999999,44.0,636.0,57.99999999999999,294.0000000000014,small,1,partial,0,not_truncated,True,41,0.3307410478591919,0.5297463536262512
0000271_05601_d_0000400.jpg,52,1,car,4,67,612.0,34.0,628.0,48.99999999999999,239.9999999999999,small,1,partial,0,not_truncated,False,,,
0000271_05601_d_0000400.jpg,53,1,car,4,68,631.0,13.999999999999998,644.0,30.0,208.0,small,1,partial,0,not_truncated,False,,,
0000271_05601_d_0000400.jpg,54,1,car,4,69,620.0,19.999999999999996,632.9999999999999,38.0,233.999999999998,small,1,partial,0,not_truncated,False,,,
0000271_05601_d_0000400.jpg,55,1,car,4,70,574.0,14.0,611.0,29.000000000000004,555.0000000000001,small,1,partial,0,not_truncated,False,,,
0000271_05601_d_0000400.jpg,56,1,car,4,71,631.0,0.0,647.0,10.0,160.0,small,0,none,1,truncated,True,43,0.30904874205589294,0.8598666191101074
0000271_05601_d_0000400.jpg,57,1,car,4,76,807.0,33.0,823.0,51.0,288.0,small,1,partial,0,not_truncated,True,50,0.27482306957244873,0.735872745513916
0000271_05601_d_0000400.jpg,58,1,car,4,77,800.0,25.0,818.0,41.0,288.0,small,1,partial,0,not_truncated,False,,,
0000271_05601_d_0000400.jpg,59,1,car,4,78,800.0,15.999999999999998,819.0,30.999999999999996,284.99999999999994,small,1,partial,0,not_truncated,False,,,
0000271_05601_d_0000400.jpg,60,1,car,4,79,828.0000000000001,16.0,846.0,31.999999999999996,287.9999999999981,small,1,partial,0,not_truncated,True,47,0.28230974078178406,0.5767276287078857
0000271_05601_d_0000400.jpg,61,1,car,4,80,847.0,16.0,867.9999999999999,28.999999999999996,272.99999999999847,small,1,partial,0,not_truncated,False,,,
0000271_05601_d_0000400.jpg,62,1,car,4,81,846.0,26.000000000000004,875.9999999999999,39.0,389.9999999999984,small,1,partial,0,not_truncated,False,,,
0000271_05601_d_0000400.jpg,63,1,car,4,82,799.0,4.999999999999999,830.9999999999999,16.999999999999996,383.9999999999985,small,0,none,0,not_truncated,False,,,
0000271_05601_d_0000400.jpg,64,1,car,4,83,860.0000000000001,483.0,981.0,534.0,6170.9999999999945,medium,1,partial,0,not_truncated,True,14,0.7402074933052063,0.8796707391738892
0000271_05601_d_0000400.jpg,65,1,car,4,84,438.00000000000006,260.0,497.99999999999994,291.0,1859.9999999999964,medium,2,heavy,0,not_truncated,True,26,0.5100962519645691,0.6919034719467163
0000271_05601_d_0000400.jpg,66,1,car,4,85,313.0,421.00000000000006,412.99999999999994,473.0,5199.999999999992,medium,2,heavy,0,not_truncated,True,32,0.4525303840637207,0.878259003162384
0000271_06401_d_0000404.jpg,0,1,car,4,1,404.0,590.9999999999999,484.0,712.0,9680.00000000001,large,0,none,0,not_truncated,True,2,0.9188766479492188,0.9428093433380127
0000271_06401_d_0000404.jpg,1,1,car,4,2,508.0,309.0,557.0,367.99999999999994,2890.9999999999973,medium,1,partial,0,not_truncated,True,18,0.7666016817092896,0.9557091593742371
0000271_06401_d_0000404.jpg,2,1,car,4,3,521.0,275.0,565.0,317.0,1848.0,medium,1,partial,0,not_truncated,True,8,0.856865406036377,0.7953062653541565
0000271_06401_d_0000404.jpg,3,1,car,4,4,419.0,256.0,502.0,286.0,2490.0,medium,1,partial,0,not_truncated,True,32,0.5880727767944336,0.8368992805480957
0000271_06401_d_0000404.jpg,4,1,car,4,5,433.99999999999994,222.00000000000003,507.0,257.0,2555.0,medium,1,partial,0,not_truncated,True,64,0.3309786021709442,0.7587443590164185
0000271_06401_d_0000404.jpg,5,1,car,4,6,363.0,192.0,435.00000000000006,225.99999999999997,2448.0,medium,0,none,0,not_truncated,True,23,0.6795648336410522,0.9074193239212036
0000271_06401_d_0000404.jpg,6,1,car,4,7,390.0,167.0,458.00000000000006,195.99999999999997,1971.9999999999998,medium,1,partial,0,not_truncated,True,13,0.7951816320419312,0.9048846364021301
0000271_06401_d_0000404.jpg,7,1,car,4,8,393.99999999999994,151.00000000000003,459.00000000000006,180.0,1885.0000000000014,medium,1,partial,0,not_truncated,False,,,
0000271_06401_d_0000404.jpg,8,1,car,4,9,410.00000000000006,141.0,473.0,167.0,1637.9999999999986,medium,1,partial,0,not_truncated,True,65,0.3284117877483368,0.6421128511428833
0000271_06401_d_0000404.jpg,9,1,car,4,10,410.00000000000006,128.0,470.0,154.0,1559.9999999999986,medium,1,partial,0,not_truncated,True,58,0.3703535795211792,0.8772621154785156
0000271_06401_d_0000404.jpg,10,2,van,5,12,455.99999999999994,85.0,486.0,117.00000000000001,960.0000000000023,small,1,partial,0,not_truncated,False,,,
0000271_06401_d_0000404.jpg,11,2,van,5,13,467.0,67.0,493.00000000000006,94.0,702.0000000000016,small,1,partial,0,not_truncated,False,,,
0000271_06401_d_0000404.jpg,12,0,pedestrian,1,14,508.0,83.0,516.0,103.0,160.0,small,0,none,0,not_truncated,False,,,
0000271_06401_d_0000404.jpg,13,0,pedestrian,1,15,516.0,85.0,524.0,102.0,136.0,small,0,none,0,not_truncated,False,,,
0000271_06401_d_0000404.jpg,14,0,pedestrian,1,16,628.0,49.00000000000001,636.0,68.0,151.99999999999994,small,0,none,0,not_truncated,True,85,0.269766628742218,0.6142630577087402
0000271_06401_d_0000404.jpg,15,0,pedestrian,1,17,785.0000000000001,204.0,795.0,231.0,269.99999999999693,small,0,none,0,not_truncated,True,39,0.48564645648002625,0.8920140862464905
0000271_06401_d_0000404.jpg,16,0,pedestrian,1,18,894.0,168.0,904.0,192.0,240.0,small,0,none,0,not_truncated,False,,,
0000271_06401_d_0000404.jpg,17,0,pedestrian,1,19,908.9999999999999,165.0,916.9999999999999,188.0,184.0,small,0,none,0,not_truncated,True,41,0.4680323302745819,0.5179174542427063
0000271_06401_d_0000404.jpg,18,0,pedestrian,1,20,1069.0,286.0,1083.0,314.0,392.0,small,0,none,0,not_truncated,False,,,
0000271_06401_d_0000404.jpg,19,1,car,4,21,752.0,123.00000000000001,778.0,148.0,649.9999999999997,small,0,none,0,not_truncated,True,17,0.7747778296470642,0.8612939119338989
0000271_06401_d_0000404.jpg,20,1,car,4,22,738.0000000000001,70.99999999999999,760.0,93.0,483.9999999999978,small,0,none,0,not_truncated,True,19,0.7492039203643799,0.8159471154212952
0000271_06401_d_0000404.jpg,21,1,car,4,23,708.0,65.0,731.0,84.0,437.0,small,0,none,0,not_truncated,True,27,0.6118454337120056,0.778508186340332
0000271_06401_d_0000404.jpg,22,1,car,4,24,665.0,28.0,684.0,46.0,342.0,small,0,none,0,not_truncated,True,52,0.4068867266178131,0.7018930912017822
0000271_06401_d_0000404.jpg,23,1,car,4,25,711.0,17.000000000000004,743.9999999999999,36.0,626.9999999999977,small,0,none,0,not_truncated,True,29,0.6079487800598145,0.8440072536468506
0000271_06401_d_0000404.jpg,24,1,car,4,26,608.0,67.99999999999999,627.0,90.0,418.0000000000003,small,0,none,0,not_truncated,True,25,0.6501719355583191,0.8431734442710876
0000271_06401_d_0000404.jpg,25,1,car,4,27,803.0,244.99999999999997,838.9999999999999,284.0,1403.9999999999966,medium,0,none,0,not_truncated,True,7,0.8582170009613037,0.91201251745224
0000271_06401_d_0000404.jpg,26,1,car,4,30,584.0,118.0,609.0,145.0,675.0,small,1,partial,0,not_truncated,True,20,0.7290361523628235,0.9576286673545837
0000271_06401_d_0000404.jpg,27,1,car,4,31,518.0,105.00000000000001,543.0,134.0,724.9999999999997,small,1,partial,0,not_truncated,True,83,0.2731626033782959,0.8541861176490784
0000271_06401_d_0000404.jpg,28,1,car,4,32,521.0,53.0,545.0,71.0,432.0,small,0,none,0,not_truncated,True,24,0.6531922221183777,0.7890879511833191
0000271_06401_d_0000404.jpg,29,1,car,4,33,496.99999999999994,51.99999999999999,519.0,70.0,396.0000000000012,small,0,none,0,not_truncated,True,75,0.2960189878940582,0.6252542734146118
0000271_06401_d_0000404.jpg,30,1,car,4,34,529.0,36.0,567.0,54.0,684.0,small,0,none,0,not_truncated,True,38,0.49642443656921387,0.8714897036552429
0000271_06401_d_0000404.jpg,31,2,van,5,35,65.0,479.0,155.00000000000003,578.0,8910.000000000004,medium,0,none,0,not_truncated,True,16,0.776065468788147,0.9576408863067627
0000271_06401_d_0000404.jpg,32,1,car,4,36,0.0,578.0,104.00000000000001,673.0,9880.000000000002,large,0,none,1,truncated,True,0,0.9324296712875366,0.8300672173500061
0000271_06401_d_0000404.jpg,33,1,car,4,37,263.0,462.99999999999994,347.0,549.0,7224.000000000005,medium,1,partial,0,not_truncated,True,9,0.84629225730896,0.8662475943565369
0000271_06401_d_0000404.jpg,34,2,van,5,38,387.0,417.00000000000006,481.99999999999994,478.0,5794.999999999991,medium,1,partial,0,not_truncated,True,15,0.7810350060462952,0.9564226865768433
0000271_06401_d_0000404.jpg,35,1,car,4,39,411.00000000000006,363.0,512.0,417.99999999999994,5554.999999999991,medium,2,heavy,0,not_truncated,True,69,0.31447383761405945,0.5349387526512146
0000271_06401_d_0000404.jpg,36,1,car,4,40,474.0,235.99999999999997,552.0,274.0,2964.0000000000023,medium,1,partial,0,not_truncated,True,30,0.601803719997406,0.8110911846160889
0000271_06401_d_0000404.jpg,37,1,car,4,41,497.99999999999994,209.99999999999997,573.0,247.00000000000003,2775.0000000000064,medium,1,partial,0,not_truncated,True,28,0.6089174747467041,0.8266683220863342
0000271_06401_d_0000404.jpg,38,1,car,4,42,556.0,193.0,598.0,221.99999999999997,1217.9999999999989,medium,1,partial,0,not_truncated,True,26,0.6137194633483887,0.6290589570999146
0000271_06401_d_0000404.jpg,39,1,car,4,43,569.0,171.0,600.0000000000001,198.00000000000003,837.000000000004,small,1,partial,0,not_truncated,True,90,0.25430193543434143,0.8576706051826477
0000271_06401_d_0000404.jpg,40,1,car,4,44,589.9999999999999,90.00000000000001,617.0,122.00000000000001,864.0000000000036,small,1,partial,0,not_truncated,True,35,0.5427759289741516,0.6288055777549744
0000271_06401_d_0000404.jpg,41,1,car,4,45,434.99999999999994,32.0,461.0,48.0,416.0000000000009,small,1,partial,0,not_truncated,False,,,
0000271_06401_d_0000404.jpg,42,1,car,4,46,475.0,33.0,518.0,48.0,645.0,small,1,partial,0,not_truncated,False,,,
0000271_06401_d_0000404.jpg,43,1,car,4,47,554.0,60.0,596.0,79.99999999999999,839.9999999999994,small,1,partial,0,not_truncated,False,,,
0000271_06401_d_0000404.jpg,44,1,car,4,48,578.0,51.99999999999999,614.0,68.0,576.0000000000002,small,1,partial,0,not_truncated,False,,,
0000271_06401_d_0000404.jpg,45,2,van,5,49,570.0,42.00000000000001,599.0000000000001,57.00000000000001,435.0000000000017,small,1,partial,0,not_truncated,False,,,
0000271_06401_d_0000404.jpg,46,1,car,4,50,435.99999999999994,9.0,471.0,24.0,525.0000000000009,small,1,partial,0,not_truncated,False,,,
0000271_06401_d_0000404.jpg,47,1,car,4,51,572.0,18.999999999999996,616.0,36.0,748.0000000000001,small,1,partial,0,not_truncated,False,,,
0000271_06401_d_0000404.jpg,48,1,car,4,52,529.0,12.0,568.0,30.0,702.0,small,2,heavy,0,not_truncated,False,,,
0000271_06401_d_0000404.jpg,49,1,car,4,53,638.0,18.0,677.0,33.0,585.0,small,1,partial,0,not_truncated,True,45,0.4597339332103729,0.6157088875770569
0000271_06401_d_0000404.jpg,50,3,truck,6,54,707.9999999999999,663.0,766.0,765.0,5916.000000000012,medium,0,none,1,truncated,True,31,0.5909929275512695,0.8674185276031494
0000271_06401_d_0000404.jpg,51,1,car,4,55,888.0,668.0,951.0000000000001,765.0,6111.000000000011,medium,0,none,1,truncated,False,,,
0000271_06401_d_0000404.jpg,52,1,car,4,56,868.9999999999999,562.0,941.0,663.0,7272.000000000012,medium,0,none,0,not_truncated,True,21,0.719200611114502,0.950161337852478
0000271_06401_d_0000404.jpg,53,1,car,4,57,1061.0,508.0,1149.0,610.0,8976.0,medium,1,partial,0,not_truncated,True,1,0.9246898889541626,0.9489459991455078
0000271_06401_d_0000404.jpg,54,1,car,4,58,1184.0,612.0,1304.0,744.0,15840.0,large,0,none,0,not_truncated,True,5,0.9086917638778687,0.9664881825447083
0000271_06401_d_0000404.jpg,55,1,car,4,59,1094.0,426.0,1218.0,476.0,6200.0,medium,0,none,0,not_truncated,True,4,0.9089898467063904,0.9477853775024414
0000271_06401_d_0000404.jpg,56,1,car,4,60,1117.0,320.0,1158.0,363.0,1763.0,medium,0,none,0,not_truncated,True,6,0.8970721960067749,0.8685455918312073
0000271_06401_d_0000404.jpg,57,1,car,4,61,983.0,336.0,1043.0,390.0,3240.0,medium,0,none,0,not_truncated,True,3,0.9103971719741821,0.9626256823539734
0000271_06401_d_0000404.jpg,58,1,car,4,62,1047.0,255.0,1093.0,294.0,1794.0,medium,1,partial,0,not_truncated,True,11,0.8232312798500061,0.8529984951019287
0000271_06401_d_0000404.jpg,59,1,car,4,63,960.9999999999999,220.99999999999997,1007.0,260.0,1794.0000000000057,medium,1,partial,0,not_truncated,True,22,0.6848796606063843,0.9545378684997559
0000271_06401_d_0000404.jpg,60,1,car,4,64,816.0000000000001,304.0,858.0,351.0,1973.9999999999945,medium,0,none,0,not_truncated,True,10,0.8343174457550049,0.9322834014892578
0000271_06401_d_0000404.jpg,61,1,car,4,65,931.0,165.0,991.0000000000001,188.0,1380.0000000000027,medium,0,none,0,not_truncated,True,12,0.818899393081665,0.8496443629264832
0000271_06401_d_0000404.jpg,62,1,car,4,66,901.0,128.0,958.0000000000001,155.0,1539.0000000000032,medium,0,none,0,not_truncated,True,37,0.5016489624977112,0.7928081154823303
0000271_06401_d_0000404.jpg,63,1,car,4,67,814.0,150.0,877.0,172.0,1386.0,medium,0,none,0,not_truncated,True,81,0.2760820984840393,0.6132500767707825
0000271_06401_d_0000404.jpg,64,1,car,4,68,826.9999999999999,171.0,894.0,200.0,1943.0000000000032,medium,1,partial,0,not_truncated,False,,,
0000271_06401_d_0000404.jpg,65,1,car,4,69,839.0,193.0,910.0000000000001,220.99999999999997,1988.0000000000011,medium,1,partial,0,not_truncated,False,,,
0000271_06401_d_0000404.jpg,66,1,car,4,70,837.0,211.00000000000003,909.0000000000001,239.0,2016.0000000000011,medium,1,partial,0,not_truncated,True,87,0.2664961516857147,0.5049015879631042
0000271_06401_d_0000404.jpg,67,1,car,4,71,852.0,227.0,922.0,258.0,2170.0,medium,1,partial,0,not_truncated,True,84,0.27131178975105286,0.678657591342926
0000271_06401_d_0000404.jpg,68,1,car,4,72,987.0000000000001,730.0,1112.0,765.0,4374.999999999996,medium,2,heavy,0,not_truncated,False,,,
0000271_06401_d_0000404.jpg,69,1,car,4,73,874.0000000000001,377.0,980.0,425.0,5087.9999999999945,medium,2,heavy,0,not_truncated,False,,,
0000271_06401_d_0000404.jpg,70,1,car,4,74,811.0,139.00000000000003,870.0000000000001,157.0,1062.0000000000005,medium,1,partial,0,not_truncated,True,40,0.4740125238895416,0.5006378889083862
0000271_06401_d_0000404.jpg,71,1,car,4,75,790.0000000000001,124.0,815.0,151.0,674.9999999999969,small,1,partial,0,not_truncated,True,36,0.531146764755249,0.8207907676696777
0000271_06401_d_0000404.jpg,72,1,car,4,76,790.0000000000001,94.0,814.0,120.0,623.999999999997,small,1,partial,0,not_truncated,True,51,0.4077809453010559,0.8605930805206299
0000271_06401_d_0000404.jpg,73,1,car,4,77,769.0,82.0,797.9999999999999,104.99999999999999,666.9999999999969,small,1,partial,0,not_truncated,False,,,
0000271_06401_d_0000404.jpg,74,1,car,4,78,774.0,72.0,794.9999999999999,88.0,335.9999999999982,small,1,partial,0,not_truncated,True,43,0.4623377323150635,0.5561391115188599
0000271_06401_d_0000404.jpg,75,1,car,4,79,867.9999999999999,120.0,918.0000000000001,141.0,1050.0000000000048,medium,1,partial,0,not_truncated,True,33,0.5778690576553345,0.922402024269104
0000271_06401_d_0000404.jpg,76,1,car,4,80,901.0,110.99999999999999,958.0000000000001,134.0,1311.0000000000034,medium,1,partial,0,not_truncated,True,61,0.35939934849739075,0.8146446347236633
0000271_06401_d_0000404.jpg,77,1,car,4,81,896.0,103.00000000000001,951.0000000000001,120.0,935.0000000000011,small,1,partial,0,not_truncated,True,71,0.31197595596313477,0.6132307648658752
0000271_06401_d_0000404.jpg,78,1,car,4,82,875.9999999999999,95.0,931.0,117.00000000000001,1210.0000000000032,medium,1,partial,0,not_truncated,True,70,0.3124481439590454,0.5552831888198853
0000271_06401_d_0000404.jpg,79,1,car,4,83,865.0,88.99999999999999,913.0000000000001,105.99999999999999,816.0000000000019,small,1,partial,0,not_truncated,True,50,0.4189727008342743,0.6553995013237
0000271_06401_d_0000404.jpg,80,1,car,4,84,860.0,81.0,908.0000000000001,100.0,912.0000000000022,small,1,partial,0,not_truncated,True,77,0.286772757768631,0.8520488739013672
0000271_06401_d_0000404.jpg,81,1,car,4,85,852.0,71.0,902.0000000000001,90.0,950.0000000000022,small,1,partial,0,not_truncated,True,66,0.3249025344848633,0.6982982158660889
0000271_06401_d_0000404.jpg,82,1,car,4,86,875.9999999999999,63.0,931.0,88.0,1375.0000000000027,medium,1,partial,0,not_truncated,False,,,
0000271_06401_d_0000404.jpg,83,1,car,4,87,846.9999999999999,54.0,891.0,72.0,792.000000000002,small,1,partial,0,not_truncated,True,73,0.3068537712097168,0.6988813877105713
0000271_06401_d_0000404.jpg,84,1,car,4,88,940.0,65.0,982.0000000000001,83.0,756.000000000002,small,1,partial,0,not_truncated,True,89,0.25457048416137695,0.8110313415527344
0000271_06401_d_0000404.jpg,85,1,car,4,89,899.0000000000001,54.0,940.0,70.0,655.9999999999982,small,1,partial,0,not_truncated,False,,,
0000271_06401_d_0000404.jpg,86,1,car,4,90,863.0,44.0,905.0000000000001,57.99999999999999,588.0000000000013,small,1,partial,0,not_truncated,False,,,
0000271_06401_d_0000404.jpg,87,1,car,4,91,918.9999999999999,43.0,965.0,59.0,736.0000000000018,small,1,partial,0,not_truncated,False,,,
0000271_06401_d_0000404.jpg,88,1,car,4,92,782.9999999999999,55.99999999999999,825.0000000000001,72.0,672.000000000004,small,1,partial,0,not_truncated,True,42,0.46352091431617737,0.7525079846382141
0000271_06401_d_0000404.jpg,89,1,car,4,93,764.0,13.000000000000002,798.9999999999999,27.0,489.99999999999835,small,1,partial,0,not_truncated,True,68,0.3199760317802429,0.6063238978385925
0000271_06401_d_0000404.jpg,90,1,car,4,94,776.0000000000001,36.0,812.0,51.0,539.9999999999983,small,1,partial,0,not_truncated,True,60,0.36123260855674744,0.7335039973258972
0000271_06401_d_0000404.jpg,91,2,van,5,95,798.9999999999999,33.0,854.0,59.0,1430.000000000003,medium,1,partial,0,not_truncated,False,,,
0000271_06401_d_0000404.jpg,92,0,pedestrian,1,104,973.0,140.0,981.0,160.0,160.0,small,1,partial,0,not_truncated,False,,,
0000271_06401_d_0000404.jpg,93,3,truck,6,105,641.0,2.000000000000001,685.0,26.000000000000004,1056.0000000000002,medium,1,partial,0,not_truncated,False,,,
0000271_06401_d_0000404.jpg,94,0,pedestrian,1,110,307.0,237.0,316.99999999999994,258.0,209.9999999999988,small,0,none,0,not_truncated,False,,,
0000271_06401_d_0000404.jpg,95,0,pedestrian,1,112,367.00000000000006,276.0,380.0,304.0,363.9999999999984,small,1,partial,0,not_truncated,False,,,
0000271_06401_d_0000404.jpg,96,0,pedestrian,1,113,542.0,449.0,555.0,488.00000000000006,507.00000000000074,small,0,none,0,not_truncated,True,62,0.35655567049980164,0.8464342951774597
0000271_06401_d_0000404.jpg,97,0,pedestrian,1,114,517.0,456.0,530.0,492.00000000000006,468.00000000000074,small,0,none,0,not_truncated,True,14,0.7928947806358337,0.7199285626411438
0000271_06401_d_0000404.jpg,98,0,pedestrian,1,115,708.0,36.0,713.0,51.0,75.0,small,0,none,0,not_truncated,False,,,
0000271_06401_d_0000404.jpg,99,0,pedestrian,1,116,712.0,41.0,717.0,54.0,65.0,small,0,none,0,not_truncated,False,,,
0000271_06401_d_0000404.jpg,100,0,pedestrian,1,117,479.00000000000006,25.999999999999996,484.0,40.0,69.99999999999922,small,0,none,0,not_truncated,False,,,
0000271_06401_d_0000404.jpg,101,0,pedestrian,1,118,474.0,28.0,481.99999999999994,44.0,127.99999999999909,small,1,partial,0,not_truncated,False,,,
0000271_06401_d_0000404.jpg,102,1,car,4,124,535.0,137.0,587.0,162.0,1300.0,medium,2,heavy,0,not_truncated,True,80,0.2833839952945709,0.6297241449356079
0000271_06401_d_0000404.jpg,103,0,pedestrian,1,125,461.0,58.00000000000001,469.0,77.0,151.99999999999994,small,0,none,0,not_truncated,False,,,
0000271_06401_d_0000404.jpg,104,1,car,4,127,902.0,346.0,985.0,379.99999999999994,2821.9999999999955,medium,2,heavy,0,not_truncated,False,,,
0000271_06401_d_0000404.jpg,105,1,car,4,128,558.0,80.0,603.0,100.0,900.0,small,2,heavy,0,not_truncated,False,,,
0000271_07201_d_0000408.jpg,0,1,car,4,1,253.0,644.0,389.0,737.0,12648.0,large,0,none,0,not_truncated,True,0,0.9322242736816406,0.9674495458602905
0000271_07201_d_0000408.jpg,1,0,pedestrian,1,2,335.0,464.99999999999994,354.99999999999994,501.0,719.9999999999991,small,0,none,0,not_truncated,False,,,
0000271_07201_d_0000408.jpg,2,0,pedestrian,1,3,349.00000000000006,492.99999999999994,366.0,534.0,696.9999999999986,small,0,none,0,not_truncated,False,,,
0000271_07201_d_0000408.jpg,3,1,car,4,4,518.0,305.0,563.0,363.0,2610.0,medium,0,none,0,not_truncated,True,4,0.3972952663898468,0.9754769206047058
0000271_07201_d_0000408.jpg,4,1,car,4,11,645.0,16.999999999999996,661.0,34.0,272.00000000000006,small,0,none,0,not_truncated,True,2,0.4534250497817993,0.7865877747535706
0000271_07201_d_0000408.jpg,5,0,pedestrian,1,12,734.0,82.0,740.9999999999999,101.0,132.99999999999784,small,0,none,0,not_truncated,False,,,
0000271_07201_d_0000408.jpg,6,0,pedestrian,1,13,933.0,115.99999999999999,944.0,137.0,231.00000000000017,small,0,none,0,not_truncated,False,,,
0000271_07201_d_0000408.jpg,7,0,pedestrian,1,14,1042.0,88.0,1052.0,106.0,180.0,small,0,none,0,not_truncated,True,3,0.4031435549259186,0.7845698595046997
0000271_07201_d_0000408.jpg,8,0,pedestrian,1,15,1064.0,88.99999999999999,1071.0,108.0,133.0000000000001,small,0,none,0,not_truncated,False,,,
0000271_07201_d_0000408.jpg,9,0,pedestrian,1,19,602.0,65.0,609.0,83.0,126.0,small,0,none,0,not_truncated,False,,,
0000271_07201_d_0000408.jpg,10,0,pedestrian,1,20,595.0,68.0,602.0,87.0,133.0,small,0,none,0,not_truncated,False,,,
0000271_07201_d_0000408.jpg,11,0,pedestrian,1,21,559.0,110.99999999999999,568.0,129.0,162.0000000000001,small,1,partial,0,not_truncated,False,,,
0000271_07201_d_0000408.jpg,12,0,pedestrian,1,22,563.0,103.99999999999999,570.0,125.0,147.0000000000001,small,1,partial,0,not_truncated,False,,,
0000276_00601_d_0000510.jpg,0,3,truck,6,2,795.0,19.999999999999996,803.0,31.999999999999996,96.0,small,0,none,0,not_truncated,False,,,
0000276_00601_d_0000510.jpg,1,3,truck,6,3,823.0,19.999999999999996,832.9999999999999,34.0,139.99999999999844,small,1,partial,0,not_truncated,False,,,
0000276_00601_d_0000510.jpg,2,3,truck,6,4,796.0,33.0,806.0,50.0,170.0,small,0,none,0,not_truncated,False,,,
0000276_00601_d_0000510.jpg,3,3,truck,6,5,761.0,48.0,774.0,67.0,247.0,small,0,none,0,not_truncated,False,,,
0000276_00601_d_0000510.jpg,4,3,truck,6,6,796.0,63.0,812.0,88.0,400.0,small,0,none,0,not_truncated,False,,,
0000276_00601_d_0000510.jpg,5,3,truck,6,7,796.0,53.0,809.0,71.0,234.0,small,1,partial,0,not_truncated,False,,,
0000276_00601_d_0000510.jpg,6,0,pedestrian,1,8,787.0000000000001,64.99999999999999,793.0,75.0,59.99999999999895,small,0,none,0,not_truncated,False,,,
0000276_00601_d_0000510.jpg,7,1,car,4,9,446.0,141.0,472.00000000000006,156.0,390.00000000000085,small,2,heavy,0,not_truncated,False,,,
0000276_00601_d_0000510.jpg,8,1,car,4,10,777.0,99.00000000000001,790.9999999999999,111.00000000000001,167.99999999999864,small,1,partial,0,not_truncated,True,7,0.5841565132141113,0.6492849588394165
0000276_00601_d_0000510.jpg,9,0,pedestrian,1,11,788.0000000000001,98.99999999999999,793.0,109.99999999999999,54.99999999999875,small,1,partial,0,not_truncated,False,,,
0000276_00601_d_0000510.jpg,10,1,car,4,12,797.0,101.0,808.0,112.0,121.0,small,1,partial,0,not_truncated,False,,,
0000276_00601_d_0000510.jpg,11,1,car,4,13,789.0000000000001,108.0,803.0,122.99999999999999,209.9999999999981,small,0,none,0,not_truncated,False,,,
0000276_00601_d_0000510.jpg,12,1,car,4,15,701.0000000000001,147.0,718.0,165.0,305.99999999999795,small,0,none,0,not_truncated,True,6,0.591602087020874,0.7293018698692322
0000276_00601_d_0000510.jpg,13,3,truck,6,16,705.0000000000001,151.0,744.9999999999999,223.99999999999997,2919.9999999999823,medium,0,none,0,not_truncated,True,3,0.8107311725616455,0.9622000455856323
0000276_00601_d_0000510.jpg,14,0,pedestrian,1,19,783.0000000000001,173.0,790.0000000000001,189.99999999999997,118.9999999999998,small,0,none,0,not_truncated,False,,,
0000276_00601_d_0000510.jpg,15,0,pedestrian,1,20,791.0000000000001,176.0,798.0,191.0,104.9999999999983,small,1,partial,0,not_truncated,False,,,
0000276_00601_d_0000510.jpg,16,0,pedestrian,1,21,791.0000000000001,184.99999999999997,797.0,203.0,107.99999999999812,small,0,none,0,not_truncated,False,,,
0000276_00601_d_0000510.jpg,17,0,pedestrian,1,22,820.0,176.0,823.9999999999999,191.0,59.999999999998295,small,0,none,0,not_truncated,False,,,
0000276_00601_d_0000510.jpg,18,0,pedestrian,1,23,815.0,171.0,819.0,189.0,72.0,small,1,partial,0,not_truncated,False,,,
0000276_00601_d_0000510.jpg,19,1,car,4,24,798.0,170.0,815.0,188.0,306.0,small,1,partial,0,not_truncated,False,,,
0000276_00601_d_0000510.jpg,20,0,pedestrian,1,25,822.0,189.0,829.9999999999999,209.00000000000003,159.99999999999795,small,0,none,0,not_truncated,False,,,
0000276_00601_d_0000510.jpg,21,1,car,4,26,800.0,185.99999999999997,820.0,207.99999999999997,440.0,small,0,none,0,not_truncated,False,,,
0000276_00601_d_0000510.jpg,22,3,truck,6,27,972.0,218.00000000000003,1068.0,344.0,12095.999999999996,large,0,none,0,not_truncated,False,,,
0000276_00601_d_0000510.jpg,23,1,car,4,28,810.0,252.0,833.9999999999999,276.0,575.9999999999973,small,1,partial,0,not_truncated,True,14,0.28786537051200867,0.7742032408714294
0000276_00601_d_0000510.jpg,24,1,car,4,29,809.0,273.0,830.9999999999999,300.0,593.9999999999969,small,0,none,0,not_truncated,True,8,0.5482047200202942,0.8510798811912537
0000276_00601_d_0000510.jpg,25,1,car,4,30,797.0,328.0,830.9999999999999,364.0,1223.999999999996,medium,0,none,0,not_truncated,True,2,0.871015727519989,0.8744602799415588
0000276_00601_d_0000510.jpg,26,1,car,4,31,965.9999999999999,360.0,1009.0,409.0,2107.0000000000055,medium,1,partial,0,not_truncated,True,9,0.4529455602169037,0.8891701102256775
0000276_00601_d_0000510.jpg,27,3,truck,6,32,624.0,296.0,683.0,387.0,5369.0,medium,0,none,0,not_truncated,True,5,0.6131662726402283,0.962414562702179
0000276_00601_d_0000510.jpg,28,1,car,4,33,533.0,596.0,590.9999999999999,676.0000000000001,4639.999999999997,medium,0,none,0,not_truncated,True,0,0.9305119514465332,0.9336583614349365
0000276_00601_d_0000510.jpg,29,0,pedestrian,1,34,868.0000000000001,531.0,883.0,569.0,569.9999999999957,small,1,partial,0,not_truncated,True,12,0.36563578248023987,0.8510369062423706
0000276_00601_d_0000510.jpg,30,1,car,4,35,872.9999999999999,652.0,946.0,753.0,7373.000000000012,medium,0,none,0,not_truncated,True,4,0.7106742858886719,0.9271162748336792
0000276_00601_d_0000510.jpg,31,1,car,4,36,956.9999999999999,656.0,1036.0,757.0,7979.000000000012,medium,0,none,0,not_truncated,True,1,0.9087373614311218,0.9007177948951721
0000276_00601_d_0000510.jpg,32,0,pedestrian,1,37,917.0000000000001,621.0,932.0,659.0,569.9999999999957,small,1,partial,0,not_truncated,False,,,
0000276_00601_d_0000510.jpg,33,0,pedestrian,1,38,929.0,632.0,945.0,680.0,768.0,small,1,partial,0,not_truncated,False,,,
0000276_01801_d_0000516.jpg,0,0,pedestrian,1,1,744.0000000000001,453.0,754.0,471.99999999999994,189.99999999999727,small,1,partial,0,not_truncated,False,,,
0000276_01801_d_0000516.jpg,1,3,truck,6,2,749.9999999999999,427.0,812.0,544.9999999999999,7316.000000000006,medium,1,partial,0,not_truncated,True,0,0.7828670144081116,0.9174858331680298
0000276_01801_d_0000516.jpg,2,3,truck,6,3,669.0,250.0,687.0,280.0,540.0,small,0,none,0,not_truncated,True,6,0.26235318183898926,0.8383073210716248
0000276_01801_d_0000516.jpg,3,3,truck,6,4,557.0,252.00000000000003,581.0,287.0,839.9999999999993,small,0,none,0,not_truncated,True,1,0.7481169104576111,0.7999982237815857
0000276_01801_d_0000516.jpg,4,2,van,5,5,589.0,270.0,604.0,285.0,225.0,small,0,none,0,not_truncated,False,,,
0000276_01801_d_0000516.jpg,5,1,car,4,6,622.0,263.0,634.0,273.99999999999994,131.99999999999932,small,0,none,0,not_truncated,True,5,0.27153003215789795,0.5987488627433777
0000276_01801_d_0000516.jpg,6,2,van,5,7,526.0,249.99999999999997,550.0,262.0,288.0000000000007,small,0,none,0,not_truncated,False,,,
0000276_01801_d_0000516.jpg,7,2,van,5,8,469.0,259.99999999999994,486.99999999999994,276.0,288.0000000000001,small,1,partial,0,not_truncated,False,,,
0000276_01801_d_0000516.jpg,8,2,van,5,9,432.00000000000006,262.0,450.0,278.00000000000006,288.0000000000001,small,1,partial,0,not_truncated,False,,,
0000276_01801_d_0000516.jpg,9,2,van,5,10,444.0,255.99999999999997,458.99999999999994,270.0,209.99999999999963,small,1,partial,0,not_truncated,False,,,
0000276_01801_d_0000516.jpg,10,0,pedestrian,1,11,420.0,261.99999999999994,424.0,275.0,52.00000000000023,small,1,partial,0,not_truncated,False,,,
0000276_01801_d_0000516.jpg,11,3,truck,6,12,895.0,444.99999999999994,1005.9999999999999,575.0,14429.99999999999,large,1,partial,0,not_truncated,True,4,0.35454609990119934,0.7659998536109924
0000276_01801_d_0000516.jpg,12,3,truck,6,13,665.0,218.00000000000003,674.0,229.0,98.99999999999974,small,0,none,0,not_truncated,False,,,
0000276_01801_d_0000516.jpg,13,4,bus,9,14,653.0,170.0,662.0,181.0,99.0,small,0,none,0,not_truncated,False,,,
0000276_01801_d_0000516.jpg,14,2,van,5,15,665.0,178.0,671.0,183.99999999999997,35.99999999999983,small,0,none,0,not_truncated,False,,,
0000276_01801_d_0000516.jpg,15,2,van,5,16,658.0,161.0,662.0,165.0,16.0,small,0,none,0,not_truncated,False,,,
0000276_01801_d_0000516.jpg,16,2,van,5,17,671.0,160.0,676.0,164.0,20.0,small,0,none,0,not_truncated,False,,,
0000276_01801_d_0000516.jpg,17,3,truck,6,18,688.0,155.0,695.0,164.0,63.0,small,0,none,0,not_truncated,False,,,
0000276_01801_d_0000516.jpg,18,3,truck,6,19,690.0,147.99999999999997,695.0,155.0,35.00000000000014,small,0,none,0,not_truncated,False,,,
0000276_01801_d_0000516.jpg,19,1,car,4,20,695.0,154.0,698.9999999999999,156.0,7.999999999999773,small,0,none,0,not_truncated,False,,,
0000276_01801_d_0000516.jpg,20,1,car,4,21,685.0,147.0,687.0,151.0,8.0,small,0,none,0,not_truncated,False,,,
0000276_02601_d_0000520.jpg,0,3,truck,6,1,1140.0,262.0,1239.0,295.99999999999994,3365.9999999999945,medium,2,heavy,0,not_truncated,False,,,
0000276_02601_d_0000520.jpg,1,1,car,4,2,1032.0,292.0,1062.0,311.0,570.0,small,0,none,0,not_truncated,False,,,
0000276_02601_d_0000520.jpg,2,1,car,4,3,425.0,489.00000000000006,473.0,555.0,3167.9999999999973,medium,0,none,0,not_truncated,True,0,0.89610356092453,0.9641242623329163
0000276_02601_d_0000520.jpg,3,4,bus,9,4,642.0,301.0,690.0,372.0,3408.0,medium,0,none,0,not_truncated,True,4,0.6008912920951843,0.922210156917572
0000276_02601_d_0000520.jpg,4,1,car,4,5,508.99999999999994,316.0,532.0,342.0,598.0000000000015,small,0,none,0,not_truncated,True,1,0.8275866508483887,0.8766111731529236
0000276_02601_d_0000520.jpg,5,0,pedestrian,1,6,440.0,324.0,450.0,346.0,220.0,small,0,none,0,not_truncated,False,,,
0000276_02601_d_0000520.jpg,6,0,pedestrian,1,7,425.0,331.0,433.0,352.0,168.0,small,0,none,0,not_truncated,False,,,
0000276_02601_d_0000520.jpg,7,3,truck,6,8,359.99999999999994,312.0,425.0,407.0,6175.0000000000055,medium,0,none,0,not_truncated,True,6,0.5325329899787903,0.8170558214187622
0000276_02601_d_0000520.jpg,8,3,truck,6,9,400.0,270.0,448.0,348.0,3744.0,medium,1,partial,0,not_truncated,False,,,
0000276_02601_d_0000520.jpg,9,3,truck,6,10,418.0,240.0,461.0,294.0,2322.0,medium,1,partial,0,not_truncated,False,,,
0000276_02601_d_0000520.jpg,10,2,van,5,12,656.0,235.99999999999997,675.9999999999999,254.0,359.9999999999985,small,0,none,0,not_truncated,False,,,
0000276_02601_d_0000520.jpg,11,1,car,4,13,666.0,221.99999999999997,682.0,236.0,224.00000000000045,small,0,none,0,not_truncated,True,7,0.4784296751022339,0.6185523271560669
0000276_02601_d_0000520.jpg,12,1,car,4,14,618.0,212.99999999999997,632.0,227.0,196.0000000000004,small,0,none,0,not_truncated,True,2,0.7445043325424194,0.7988930344581604
0000276_02601_d_0000520.jpg,13,1,car,4,15,585.0,184.0,597.0,197.00000000000003,156.00000000000034,small,0,none,0,not_truncated,True,5,0.5474444627761841,0.806865930557251
0000276_02601_d_0000520.jpg,14,1,car,4,16,555.0,174.0,568.9999999999999,187.0,181.99999999999852,small,0,none,0,not_truncated,True,13,0.28781595826148987,0.8167296051979065
0000276_02601_d_0000520.jpg,15,1,car,4,17,518.0,199.99999999999997,534.0,213.0,208.00000000000045,small,0,none,0,not_truncated,True,10,0.3907029926776886,0.8188770413398743
0000276_02601_d_0000520.jpg,16,1,car,4,18,481.0,195.0,496.99999999999994,210.00000000000003,239.9999999999996,small,0,none,0,not_truncated,True,8,0.42661789059638977,0.8551750183105469
0000276_02601_d_0000520.jpg,17,3,truck,6,19,430.00000000000006,125.0,449.0,152.0,512.9999999999984,small,0,none,0,not_truncated,False,,,
0000276_02601_d_0000520.jpg,18,1,car,4,20,484.0,183.0,497.99999999999994,195.0,167.99999999999932,small,0,none,0,not_truncated,True,9,0.41256240010261536,0.5233138203620911
0000276_02601_d_0000520.jpg,19,1,car,4,21,494.00000000000006,158.0,506.0,168.0,119.99999999999943,small,0,none,0,not_truncated,True,16,0.2568708062171936,0.6428101062774658
0000276_02601_d_0000520.jpg,20,2,van,5,22,579.0,145.0,589.0,156.0,110.0,small,0,none,0,not_truncated,False,,,
0000276_02601_d_0000520.jpg,21,1,car,4,23,507.0,132.0,517.0,141.0,90.0,small,0,none,0,not_truncated,False,,,
0000276_02601_d_0000520.jpg,22,1,car,4,24,498.00000000000006,142.0,508.0,151.00000000000003,89.99999999999977,small,0,none,0,not_truncated,False,,,
0000276_02601_d_0000520.jpg,23,3,truck,6,25,608.0,114.0,621.0,130.99999999999997,220.99999999999963,small,0,none,0,not_truncated,False,,,
0000276_02601_d_0000520.jpg,24,3,truck,6,26,534.0,119.0,547.0,135.0,208.0,small,0,none,0,not_truncated,False,,,
0000276_02601_d_0000520.jpg,25,3,truck,6,27,532.0,110.00000000000001,547.0,127.0,254.99999999999977,small,1,partial,0,not_truncated,False,,,
0000276_02601_d_0000520.jpg,26,1,car,4,28,619.0,126.0,627.0,134.0,64.0,small,0,none,0,not_truncated,False,,,
0000276_02601_d_0000520.jpg,27,1,car,4,29,558.0,125.0,566.0,134.0,72.0,small,0,none,0,not_truncated,True,14,0.26566144824028015,0.8690916895866394
0000276_02601_d_0000520.jpg,28,1,car,4,30,556.0,116.99999999999999,564.0,124.0,56.000000000000114,small,0,none,0,not_truncated,False,,,
0000276_02601_d_0000520.jpg,29,1,car,4,31,517.0,115.0,525.0,123.00000000000001,64.00000000000011,small,0,none,0,not_truncated,False,,,
0000276_02601_d_0000520.jpg,30,1,car,4,32,504.0,115.99999999999999,512.0,123.00000000000001,56.00000000000023,small,0,none,0,not_truncated,False,,,
0000276_02601_d_0000520.jpg,31,1,car,4,33,503.0,121.99999999999999,513.0,130.0,80.00000000000014,small,0,none,0,not_truncated,False,,,
0000276_03601_d_0000525.jpg,0,2,van,5,1,561.0,683.0,652.0,765.0,7462.0,medium,0,none,1,truncated,False,,,
0000276_03601_d_0000525.jpg,1,1,car,4,2,464.0,553.0,523.0,628.0000000000001,4425.000000000006,medium,0,none,0,not_truncated,True,0,0.9146201610565186,0.9515348672866821
0000276_03601_d_0000525.jpg,2,0,pedestrian,1,4,432.00000000000006,509.0,447.0,540.0,464.99999999999824,small,0,none,0,not_truncated,True,17,0.3201185166835785,0.7591964602470398
0000276_03601_d_0000525.jpg,3,0,pedestrian,1,5,422.0,499.0,435.99999999999994,531.0000000000001,447.9999999999998,small,1,partial,0,not_truncated,True,23,0.2615271508693695,0.6049848794937134
0000276_03601_d_0000525.jpg,4,0,pedestrian,1,6,407.0,506.0,419.99999999999994,538.0,415.9999999999982,small,1,partial,0,not_truncated,False,,,
0000276_03601_d_0000525.jpg,5,1,car,4,7,365.0,495.0,417.99999999999994,545.0,2649.9999999999973,medium,1,partial,0,not_truncated,True,3,0.8416300415992737,0.8872672319412231
0000276_03601_d_0000525.jpg,6,1,car,4,8,312.0,488.00000000000006,366.0,541.0,2861.999999999997,medium,1,partial,0,not_truncated,True,1,0.8660208582878113,0.9078465700149536
0000276_03601_d_0000525.jpg,7,1,car,4,9,368.0,451.0,407.0,492.00000000000006,1599.0000000000023,medium,0,none,0,not_truncated,True,5,0.7908604145050049,0.8938966989517212
0000276_03601_d_0000525.jpg,8,0,pedestrian,1,10,409.0,445.99999999999994,417.99999999999994,474.0,251.99999999999892,small,0,none,0,not_truncated,False,,,
0000276_03601_d_0000525.jpg,9,0,pedestrian,1,11,361.0,430.0,369.99999999999994,457.00000000000006,242.99999999999898,small,0,none,0,not_truncated,False,,,
0000276_03601_d_0000525.jpg,10,0,pedestrian,1,12,372.00000000000006,431.0,383.0,458.00000000000006,296.9999999999991,small,1,partial,0,not_truncated,False,,,
0000276_03601_d_0000525.jpg,11,0,pedestrian,1,13,187.00000000000003,388.0,195.99999999999997,415.00000000000006,242.99999999999898,small,0,none,0,not_truncated,False,,,
0000276_03601_d_0000525.jpg,12,0,pedestrian,1,14,197.00000000000003,393.99999999999994,206.99999999999997,419.00000000000006,249.99999999999972,small,1,partial,0,not_truncated,False,,,
0000276_03601_d_0000525.jpg,13,1,car,4,15,198.99999999999997,395.99999999999994,255.0,429.0,1848.000000000004,medium,0,none,0,not_truncated,True,2,0.8574528694152832,0.9430696368217468
0000276_03601_d_0000525.jpg,14,1,car,4,16,309.0,353.0,369.99999999999994,378.0,1524.9999999999986,medium,0,none,0,not_truncated,True,13,0.6025639772415161,0.6737167835235596
0000276_03601_d_0000525.jpg,15,0,pedestrian,1,17,427.0,361.0,436.99999999999994,386.0,249.99999999999858,small,0,none,0,not_truncated,False,,,
0000276_03601_d_0000525.jpg,16,0,pedestrian,1,18,412.00000000000006,333.0,420.0,355.0,175.99999999999875,small,0,none,0,not_truncated,False,,,
0000276_03601_d_0000525.jpg,17,1,car,4,19,338.0,312.0,386.0,331.0,912.0,small,0,none,0,not_truncated,False,,,
0000276_03601_d_0000525.jpg,18,0,pedestrian,1,21,396.0,314.0,403.0,332.0,126.0,small,0,none,0,not_truncated,False,,,
0000276_03601_d_0000525.jpg,19,0,pedestrian,1,22,402.0,315.0,408.0,334.0,114.0,small,0,none,0,not_truncated,False,,,
0000276_03601_d_0000525.jpg,20,0,pedestrian,1,23,402.0,312.0,409.0,330.0,126.0,small,2,heavy,0,not_truncated,False,,,
0000276_03601_d_0000525.jpg,21,2,van,5,24,363.0,302.0,402.0,324.0,858.0,small,1,partial,0,not_truncated,False,,,
0000276_03601_d_0000525.jpg,22,1,car,4,25,389.0,297.0,433.99999999999994,315.0,809.999999999999,small,1,partial,0,not_truncated,True,20,0.28655001521110535,0.7507664561271667
0000276_03601_d_0000525.jpg,23,1,car,4,26,363.0,289.0,408.0,308.0,855.0,small,1,partial,0,not_truncated,False,,,
0000276_03601_d_0000525.jpg,24,0,pedestrian,1,27,484.0,395.99999999999994,492.0,421.00000000000006,200.0000000000009,small,0,none,0,not_truncated,False,,,
0000276_03601_d_0000525.jpg,25,1,car,4,28,514.0,364.0,541.0,399.0,945.0,small,0,none,0,not_truncated,True,7,0.6719759106636047,0.8552222847938538
0000276_03601_d_0000525.jpg,26,0,pedestrian,1,29,541.0,363.0,550.0,384.0,189.0,small,0,none,0,not_truncated,False,,,
0000276_03601_d_0000525.jpg,27,1,car,4,30,462.99999999999994,370.0,493.0,399.0,870.0000000000016,small,0,none,0,not_truncated,False,,,
0000276_03601_d_0000525.jpg,28,0,pedestrian,1,31,465.0,306.99999999999994,472.0,325.0,126.0000000000004,small,0,none,0,not_truncated,False,,,
0000276_03601_d_0000525.jpg,29,0,pedestrian,1,32,473.0,302.0,480.99999999999994,321.0,151.99999999999892,small,0,none,0,not_truncated,False,,,
0000276_03601_d_0000525.jpg,30,1,car,4,33,510.0,328.0,541.0,353.0,775.0,small,1,partial,0,not_truncated,True,6,0.7846459746360779,0.9172104597091675
0000276_03601_d_0000525.jpg,31,0,pedestrian,1,34,531.0,330.0,537.0,350.0,120.0,small,2,heavy,0,not_truncated,False,,,
0000276_03601_d_0000525.jpg,32,0,pedestrian,1,35,534.0,327.0,542.0,348.0,168.0,small,2,heavy,0,not_truncated,False,,,
0000276_03601_d_0000525.jpg,33,1,car,4,36,422.99999999999994,278.0,446.0,295.0,391.00000000000097,small,0,none,0,not_truncated,True,12,0.623154878616333,0.9004196524620056
0000276_03601_d_0000525.jpg,34,3,truck,6,37,543.0,254.0,586.0,306.0,2236.0,medium,0,none,0,not_truncated,True,21,0.27712705731391907,0.9227322936058044
0000276_03601_d_0000525.jpg,35,1,car,4,38,759.0,385.0,788.9999999999999,410.00000000000006,749.9999999999989,small,0,none,0,not_truncated,True,4,0.7948024868965149,0.8432310223579407
0000276_03601_d_0000525.jpg,36,1,car,4,39,982.0,288.0,998.9999999999999,304.0,271.9999999999982,small,0,none,0,not_truncated,True,10,0.6340665817260742,0.8226290941238403
0000276_03601_d_0000525.jpg,37,4,bus,9,40,879.0,247.99999999999997,905.0,288.0,1040.0000000000007,medium,0,none,0,not_truncated,False,,,
0000276_03601_d_0000525.jpg,38,3,truck,6,41,906.0000000000001,236.0,932.0,279.0,1117.999999999995,medium,0,none,0,not_truncated,True,14,0.5592293739318848,0.8970016837120056
0000276_03601_d_0000525.jpg,39,1,car,4,42,859.0,220.99999999999997,872.9999999999999,233.00000000000003,167.99999999999943,small,0,none,0,not_truncated,False,,,
0000276_03601_d_0000525.jpg,40,0,pedestrian,1,43,802.0,233.99999999999997,808.0,248.0,84.00000000000017,small,0,none,0,not_truncated,False,,,
0000276_03601_d_0000525.jpg,41,2,van,5,44,787.0000000000001,218.0,800.0,233.00000000000003,194.99999999999866,small,0,none,0,not_truncated,False,,,
0000276_03601_d_0000525.jpg,42,2,van,5,45,647.0,225.0,660.0,242.00000000000003,221.00000000000037,small,0,none,0,not_truncated,False,,,
0000276_03601_d_0000525.jpg,43,1,car,4,46,610.0,226.99999999999997,623.0,239.0,156.00000000000037,small,0,none,0,not_truncated,False,,,
0000276_04401_d_0000529.jpg,0,3,truck,6,1,0.0,425.0,327.0,765.0,111180.0,large,0,none,1,truncated,False,,,
0000276_04401_d_0000529.jpg,1,3,truck,6,2,122.99999999999997,625.0,309.0,765.0,26040.000000000004,large,0,none,1,truncated,True,30,0.41794276237487793,0.8520148992538452
0000276_04401_d_0000529.jpg,2,3,truck,6,3,315.0,489.99999999999994,516.0,765.0,55275.000000000015,large,0,none,1,truncated,False,,,
0000276_04401_d_0000529.jpg,3,3,truck,6,4,342.0,243.00000000000003,490.00000000000006,395.00000000000006,22496.000000000015,large,0,none,0,not_truncated,True,5,0.8708305358886719,0.9139644503593445
0000276_04401_d_0000529.jpg,4,3,truck,6,5,487.0,176.0,604.0,282.0,12402.0,large,0,none,0,not_truncated,False,,,
0000276_04401_d_0000529.jpg,5,3,truck,6,6,476.00000000000006,446.99999999999994,534.0,523.0,4407.999999999999,medium,1,partial,0,not_truncated,False,,,
0000276_04401_d_0000529.jpg,6,1,car,4,7,546.0,692.9999999999999,618.0,765.0,5184.000000000008,medium,0,none,1,truncated,True,3,0.8894293308258057,0.9237217307090759
0000276_04401_d_0000529.jpg,7,1,car,4,8,679.0,670.0,748.0000000000001,765.0,6555.000000000011,medium,0,none,1,truncated,True,8,0.8275652527809143,0.9331116080284119
0000276_04401_d_0000529.jpg,8,2,van,5,9,743.9999999999999,436.0,802.0,526.0,5220.00000000001,medium,0,none,0,not_truncated,True,17,0.6019132137298584,0.8191469311714172
0000276_04401_d_0000529.jpg,9,2,van,5,10,677.9999999999999,405.99999999999994,719.9999999999999,477.0,2982.0000000000023,medium,1,partial,0,not_truncated,True,24,0.5115589499473572,0.8458961844444275
0000276_04401_d_0000529.jpg,10,2,van,5,11,674.9999999999999,350.0,716.9999999999999,417.99999999999994,2855.9999999999977,medium,1,partial,0,not_truncated,False,,,
0000276_04401_d_0000529.jpg,11,2,van,5,12,736.0000000000001,337.0,775.0,396.00000000000006,2300.9999999999955,medium,1,partial,0,not_truncated,False,,,
0000276_04401_d_0000529.jpg,12,2,van,5,13,730.0000000000001,226.0,762.0,266.00000000000006,1279.9999999999973,medium,1,partial,0,not_truncated,False,,,
0000276_04401_d_0000529.jpg,13,2,van,5,14,500.00000000000006,374.99999999999994,559.0,459.0,4955.999999999998,medium,1,partial,0,not_truncated,True,12,0.8133163452148438,0.9148017168045044
0000276_04401_d_0000529.jpg,14,1,car,4,15,303.0,547.0,390.99999999999994,651.0,9151.999999999995,medium,0,none,0,not_truncated,True,0,0.9338402152061462,0.9514904022216797
0000276_04401_d_0000529.jpg,15,1,car,4,16,567.0,536.0,636.0,659.0,8487.0,medium,0,none,0,not_truncated,True,11,0.8133682012557983,0.9652401804924011
0000276_04401_d_0000529.jpg,16,1,car,4,17,603.0,457.00000000000006,655.0,530.0,3795.9999999999973,medium,0,none,0,not_truncated,True,1,0.9034262299537659,0.9524511098861694
0000276_04401_d_0000529.jpg,17,1,car,4,18,610.0,392.00000000000006,654.0,451.0,2595.9999999999973,medium,0,none,0,not_truncated,True,7,0.839214026927948,0.9052062630653381
0000276_04401_d_0000529.jpg,18,1,car,4,19,619.0,317.0,657.0,365.0,1824.0,medium,0,none,0,not_truncated,True,15,0.6823524832725525,0.8993819952011108
0000276_04401_d_0000529.jpg,19,1,car,4,20,555.0,294.99999999999994,595.0,336.0,1640.0000000000023,medium,0,none,0,not_truncated,True,10,0.8211514353752136,0.9389761686325073
0000276_04401_d_0000529.jpg,20,1,car,4,21,659.0,187.0,691.0,219.0,1024.0,medium,0,none,0,not_truncated,True,35,0.35945767164230347,0.8999934792518616
0000276_04401_d_0000529.jpg,21,1,car,4,22,735.0000000000001,135.0,760.0,156.0,524.9999999999976,small,0,none,0,not_truncated,True,41,0.26104938983917236,0.7735376358032227
0000276_04401_d_0000529.jpg,22,1,car,4,23,769.0,42.0,781.9999999999999,53.0,142.99999999999875,small,0,none,0,not_truncated,True,31,0.4029262065887451,0.7009761929512024
0000276_04401_d_0000529.jpg,23,3,truck,6,24,725.0,195.00000000000003,752.9999999999999,226.0,867.9999999999957,small,0,none,0,not_truncated,False,,,
0000276_04401_d_0000529.jpg,24,1,car,4,25,673.0,472.99999999999994,727.0,551.0,4212.000000000003,medium,0,none,0,not_truncated,True,4,0.883834183216095,0.9466863870620728
0000276_04401_d_0000529.jpg,25,1,car,4,26,758.0,526.0,817.0000000000001,622.0,5664.000000000011,medium,0,none,0,not_truncated,True,28,0.4539322853088379,0.9160817861557007
0000276_04401_d_0000529.jpg,26,1,car,4,27,672.0,558.0,735.0000000000001,663.0,6615.000000000012,medium,0,none,0,not_truncated,False,,,
0000276_04401_d_0000529.jpg,27,1,car,4,28,788.9999999999999,622.0,865.0,745.0000000000001,9348.000000000022,large,0,none,0,not_truncated,True,2,0.9021294713020325,0.9537507891654968
0000276_04401_d_0000529.jpg,28,1,car,4,29,833.9999999999999,353.0,882.0,407.0,2592.0000000000064,medium,0,none,0,not_truncated,True,6,0.869899332523346,0.8927350044250488
0000276_04401_d_0000529.jpg,29,1,car,4,30,945.0000000000001,237.0,983.0,270.99999999999994,1291.999999999994,medium,0,none,0,not_truncated,True,25,0.504795253276825,0.8725569248199463
0000276_04401_d_0000529.jpg,30,1,car,4,31,576.0,259.99999999999994,613.0,298.0,1406.000000000002,medium,1,partial,0,not_truncated,True,9,0.8264989256858826,0.8718111515045166
0000276_04401_d_0000529.jpg,31,1,car,4,32,534.0,336.0,580.0,387.0,2346.0,medium,1,partial,0,not_truncated,True,13,0.68853360414505,0.6820390820503235
0000276_04401_d_0000529.jpg,32,1,car,4,33,625.0,280.0,658.0,318.0,1254.0,medium,1,partial,0,not_truncated,True,14,0.6846453547477722,0.6374536752700806
0000276_04401_d_0000529.jpg,33,1,car,4,34,683.0,246.00000000000003,711.9999999999999,281.0,1014.9999999999952,small,1,partial,0,not_truncated,True,16,0.6563084721565247,0.7907940149307251
0000276_04401_d_0000529.jpg,34,1,car,4,35,676.9999999999999,276.0,708.9999999999999,313.00000000000006,1184.0000000000018,medium,1,partial,0,not_truncated,True,29,0.4265231490135193,0.5970501899719238
0000276_04401_d_0000529.jpg,35,1,car,4,36,674.9999999999999,308.0,711.9999999999999,352.0,1628.0,medium,1,partial,0,not_truncated,True,26,0.47288429737091064,0.6367192268371582
0000276_04401_d_0000529.jpg,36,1,car,4,37,747.0000000000001,390.99999999999994,789.9999999999999,444.99999999999994,2321.9999999999877,medium,1,partial,0,not_truncated,True,20,0.5721427798271179,0.5027015209197998
0000276_04401_d_0000529.jpg,37,1,car,4,38,729.0000000000001,303.0,767.0,349.0,1747.9999999999948,medium,1,partial,0,not_truncated,True,21,0.5655949711799622,0.8235740065574646
0000276_04401_d_0000529.jpg,38,1,car,4,39,736.0000000000001,268.0,773.0,313.0,1664.999999999995,medium,1,partial,0,not_truncated,False,,,
0000276_04401_d_0000529.jpg,39,1,car,4,40,726.0,174.0,750.9999999999999,200.0,649.999999999997,small,1,partial,0,not_truncated,True,22,0.5581637024879456,0.5906530618667603
0000276_05201_d_0000533.jpg,0,1,car,4,1,611.0,65.0,619.0,72.0,56.0,small,0,none,0,not_truncated,False,,,
0000276_05201_d_0000533.jpg,1,1,car,4,2,667.0,124.99999999999999,684.0,143.0,306.0000000000002,small,0,none,0,not_truncated,True,2,0.4501461088657379,0.797685444355011
0000276_05201_d_0000533.jpg,2,1,car,4,3,645.0,144.0,663.0,159.99999999999997,287.9999999999995,small,0,none,0,not_truncated,True,3,0.40327826142311096,0.6492070555686951
0000276_05201_d_0000533.jpg,3,1,car,4,4,761.0,544.0,839.0,660.0,9048.0,medium,0,none,0,not_truncated,True,0,0.8849963545799255,0.9422986507415771
0000276_05201_d_0000533.jpg,4,1,car,4,5,634.0,637.0,727.0,765.0,11904.0,large,0,none,1,truncated,True,1,0.8765423893928528,0.9560515284538269
0000276_05201_d_0000533.jpg,5,1,car,4,6,645.0,312.0,691.0,372.00000000000006,2760.0000000000027,medium,0,none,0,not_truncated,True,4,0.3478427529335022,0.9420483708381653
0000277_00201_d_0000540.jpg,0,1,car,4,1,853.0,319.99999999999994,919.0,383.0,4158.000000000004,medium,0,none,0,not_truncated,True,1,0.903407633304596,0.8837727308273315
0000277_00201_d_0000540.jpg,1,1,car,4,2,731.0,243.0,783.0000000000001,283.0,2080.0000000000045,medium,0,none,0,not_truncated,True,2,0.8842262029647827,0.9254249930381775
0000277_00201_d_0000540.jpg,2,1,car,4,3,273.0,260.0,363.0,308.0,4320.0,medium,0,none,0,not_truncated,True,0,0.9089773297309875,0.8744159936904907
0000277_00201_d_0000540.jpg,3,1,car,4,4,819.0000000000001,217.0,855.0,245.99999999999997,1043.9999999999957,medium,0,none,0,not_truncated,True,4,0.842016875743866,0.8714215159416199
0000277_00201_d_0000540.jpg,4,1,car,4,5,764.0,211.00000000000003,799.9999999999999,243.99999999999997,1187.9999999999943,medium,0,none,0,not_truncated,True,14,0.6008315086364746,0.8835901618003845
0000277_00201_d_0000540.jpg,5,1,car,4,6,427.0,288.00000000000006,513.0,346.0,4987.999999999995,medium,1,partial,0,not_truncated,True,24,0.4482504725456238,0.893037736415863
0000277_00201_d_0000540.jpg,6,1,car,4,7,498.99999999999994,258.0,568.0,308.0,3450.0000000000027,medium,1,partial,0,not_truncated,True,7,0.784394383430481,0.6368758082389832
0000277_00201_d_0000540.jpg,7,1,car,4,8,563.0,229.00000000000003,612.0,264.0,1714.9999999999986,medium,1,partial,0,not_truncated,True,5,0.8057745099067688,0.7730331420898438
0000277_00201_d_0000540.jpg,8,1,car,4,9,603.0,212.0,654.0,245.99999999999997,1733.9999999999986,medium,1,partial,0,not_truncated,False,,,
0000277_00201_d_0000540.jpg,9,1,car,4,10,632.0,197.00000000000003,673.0,231.99999999999997,1434.9999999999977,medium,1,partial,0,not_truncated,True,23,0.4490921199321747,0.6947959661483765
0000277_00201_d_0000540.jpg,10,1,car,4,11,674.9999999999999,179.0,711.9999999999999,208.99999999999997,1109.9999999999989,medium,1,partial,0,not_truncated,True,36,0.3615773022174835,0.5945876240730286
0000277_00201_d_0000540.jpg,11,1,car,4,12,817.0000000000001,174.0,847.0,200.0,779.999999999997,small,1,partial,0,not_truncated,True,48,0.2838914394378662,0.8061275482177734
0000277_00201_d_0000540.jpg,12,1,car,4,13,772.0000000000001,190.0,805.0,219.0,956.9999999999967,small,1,partial,0,not_truncated,True,16,0.5760467648506165,0.8700929284095764
0000277_00201_d_0000540.jpg,13,1,car,4,14,836.0,157.0,860.0,179.0,528.0,small,1,partial,0,not_truncated,True,51,0.26142528653144836,0.667162299156189
0000277_00201_d_0000540.jpg,14,1,car,4,15,862.0000000000001,130.0,881.0,146.0,303.9999999999982,small,1,partial,0,not_truncated,True,19,0.5386795997619629,0.6668863892555237
0000277_00201_d_0000540.jpg,15,1,car,4,16,917.0000000000001,223.00000000000003,959.9999999999999,253.0,1289.999999999992,medium,1,partial,0,not_truncated,True,18,0.5612068772315979,0.7945128083229065
0000277_00201_d_0000540.jpg,16,1,car,4,17,1192.0,252.0,1298.0,283.99999999999994,3391.999999999994,medium,1,partial,0,not_truncated,False,,,
0000277_00201_d_0000540.jpg,17,1,car,4,18,1053.0,333.0,1206.0,377.0,6732.0,medium,1,partial,0,not_truncated,True,17,0.5664440989494324,0.6902117133140564
0000277_00201_d_0000540.jpg,18,1,car,4,19,1051.0,309.0,1194.0,353.0,6292.0,medium,1,partial,0,not_truncated,True,20,0.5241308212280273,0.6882765293121338
0000277_00201_d_0000540.jpg,19,1,car,4,20,1116.0,206.0,1189.0,234.99999999999997,2116.9999999999977,medium,1,partial,0,not_truncated,True,42,0.30955153703689575,0.8303815126419067
0000277_00201_d_0000540.jpg,20,1,car,4,21,1100.0,218.0,1193.0,263.0,4185.0,medium,1,partial,0,not_truncated,True,15,0.5886600613594055,0.6685919165611267
0000277_00201_d_0000540.jpg,21,1,car,4,22,1073.0,154.0,1129.0,175.00000000000003,1176.0000000000016,medium,1,partial,0,not_truncated,True,30,0.4027933180332184,0.9039067625999451
0000277_00201_d_0000540.jpg,22,1,car,4,23,1033.0,149.0,1096.0,177.99999999999997,1826.9999999999982,medium,0,none,0,not_truncated,False,,,
0000277_00201_d_0000540.jpg,23,1,car,4,24,890.0,274.0,948.0000000000001,320.0,2668.0000000000055,medium,0,none,0,not_truncated,True,9,0.7355538606643677,0.7869942784309387
0000277_00201_d_0000540.jpg,24,1,car,4,25,881.9999999999999,235.99999999999997,937.0,275.0,2145.000000000006,medium,0,none,0,not_truncated,True,8,0.7797759771347046,0.8901016116142273
0000277_00201_d_0000540.jpg,25,1,car,4,26,409.00000000000006,167.0,474.0,192.0,1624.9999999999986,medium,0,none,0,not_truncated,True,3,0.8536813259124756,0.8944751024246216
0000277_00201_d_0000540.jpg,26,1,car,4,27,515.0,141.99999999999997,547.0,162.0,640.0000000000009,small,1,partial,0,not_truncated,True,39,0.33048689365386963,0.730956494808197
0000277_00201_d_0000540.jpg,27,1,car,4,28,761.0,115.0,795.9999999999999,135.0,699.9999999999977,small,0,none,0,not_truncated,True,40,0.32984668016433716,0.5745431780815125
0000277_00201_d_0000540.jpg,28,1,car,4,29,879.0,115.00000000000001,898.0,132.0,322.9999999999997,small,0,none,0,not_truncated,True,27,0.4173847436904907,0.6844529509544373
0000277_00201_d_0000540.jpg,29,1,car,4,30,907.0,102.0,916.9999999999999,115.99999999999999,139.99999999999827,small,0,none,0,not_truncated,False,,,
0000277_00201_d_0000540.jpg,30,1,car,4,31,937.0,123.00000000000001,951.0,135.0,167.9999999999998,small,0,none,0,not_truncated,True,38,0.34202834963798523,0.5908434391021729
0000277_00201_d_0000540.jpg,31,1,car,4,32,1277.0,209.00000000000003,1358.0,241.0,2591.9999999999977,medium,1,partial,0,not_truncated,True,12,0.6485337018966675,0.9063853025436401
0000277_00201_d_0000540.jpg,32,1,car,4,33,1305.0,236.0,1360.0,283.0,2585.0,medium,1,partial,1,truncated,True,29,0.40372875332832336,0.6916753649711609
0000277_00201_d_0000540.jpg,33,0,pedestrian,1,34,1299.0,240.0,1316.0,279.0,663.0,small,0,none,0,not_truncated,False,,,
0000277_00201_d_0000540.jpg,34,1,car,4,35,986.0,149.0,1007.9999999999999,168.00000000000003,417.99999999999847,small,1,partial,0,not_truncated,True,34,0.38161465525627136,0.7887941598892212
0000277_00201_d_0000540.jpg,35,1,car,4,36,1031.0,292.0,1154.0,338.0,5658.0,medium,1,partial,0,not_truncated,True,37,0.3561548590660095,0.8149242401123047
0000277_00201_d_0000540.jpg,36,1,car,4,37,1092.0,371.0,1248.0,440.99999999999994,10919.99999999999,large,2,heavy,0,not_truncated,False,,,
0000277_00201_d_0000540.jpg,37,2,van,5,38,1198.0,184.0,1243.0,218.0,1530.0,medium,0,none,0,not_truncated,True,13,0.6029644012451172,0.8295812010765076
0000277_00201_d_0000540.jpg,38,2,van,5,39,1248.0,189.0,1300.0,222.99999999999997,1767.9999999999986,medium,1,partial,0,not_truncated,True,26,0.4323657751083374,0.7891865372657776
0000277_00201_d_0000540.jpg,39,4,bus,9,40,0.0,193.0,135.0,270.0,10395.0,large,1,partial,0,not_truncated,True,32,0.3868507444858551,0.8516842126846313
0000277_00201_d_0000540.jpg,40,1,car,4,41,101.0,170.0,174.0,205.0,2555.0,medium,2,heavy,0,not_truncated,False,,,
0000277_00201_d_0000540.jpg,41,2,van,5,42,140.0,164.0,212.0,201.0,2664.0,medium,1,partial,0,not_truncated,False,,,
0000277_00201_d_0000540.jpg,42,1,car,4,43,34.0,183.0,110.0,217.0,2584.0,medium,2,heavy,0,not_truncated,False,,,
0000277_00201_d_0000540.jpg,43,0,pedestrian,1,49,506.0,140.0,513.0,158.0,126.0,small,0,none,0,not_truncated,False,,,
0000277_00201_d_0000540.jpg,44,0,pedestrian,1,50,78.0,284.0,101.0,319.99999999999994,827.9999999999986,small,1,partial,0,not_truncated,False,,,
0000277_00201_d_0000540.jpg,45,1,car,4,52,553.0,126.0,576.0000000000001,141.99999999999997,368.00000000000114,small,1,partial,0,not_truncated,False,,,
0000277_00201_d_0000540.jpg,46,1,car,4,53,535.0,123.00000000000001,560.0,138.0,374.99999999999966,small,1,partial,0,not_truncated,False,,,
0000277_00201_d_0000540.jpg,47,1,car,4,54,596.0,106.0,620.0000000000001,120.0,336.0000000000016,small,1,partial,0,not_truncated,False,,,
0000277_00201_d_0000540.jpg,48,1,car,4,55,696.0000000000001,119.0,724.0,135.0,447.9999999999982,small,0,none,0,not_truncated,False,,,
0000277_00201_d_0000540.jpg,49,1,car,4,56,688.0,111.00000000000001,710.9999999999999,127.0,367.99999999999784,small,1,partial,0,not_truncated,False,,,
0000277_00201_d_0000540.jpg,50,2,van,5,57,720.0,103.0,745.9999999999999,115.0,311.99999999999864,small,1,partial,0,not_truncated,False,,,
0000277_00201_d_0000540.jpg,51,1,car,4,58,752.0,94.0,776.0,105.00000000000001,264.00000000000034,small,1,partial,0,not_truncated,False,,,
0000277_00201_d_0000540.jpg,52,1,car,4,59,811.0,106.0,823.0,118.0,144.0,small,0,none,0,not_truncated,False,,,
0000277_00201_d_0000540.jpg,53,2,van,5,60,823.0000000000001,107.0,837.0,124.99999999999999,251.99999999999775,small,0,none,0,not_truncated,False,,,
0000277_00201_d_0000540.jpg,54,1,car,4,61,831.0000000000001,91.0,841.0,101.0,99.99999999999886,small,0,none,0,not_truncated,False,,,
0000277_00201_d_0000540.jpg,55,1,car,4,62,874.0000000000001,108.0,886.0,120.0,143.99999999999864,small,1,partial,0,not_truncated,True,31,0.40211597084999084,0.6873289346694946
0000277_00201_d_0000540.jpg,56,2,van,5,63,946.0,107.0,957.9999999999999,119.0,143.99999999999864,small,0,none,0,not_truncated,False,,,
0000277_00201_d_0000540.jpg,57,2,van,5,64,899.0,96.0,908.9999999999999,104.00000000000001,79.99999999999923,small,1,partial,0,not_truncated,False,,,
0000277_00201_d_0000540.jpg,58,1,car,4,65,900.0,86.0,908.0,93.0,56.0,small,0,none,0,not_truncated,False,,,
0000277_00201_d_0000540.jpg,59,2,van,5,66,908.0,91.99999999999999,914.9999999999999,101.0,62.999999999999076,small,0,none,0,not_truncated,False,,,
0000277_00201_d_0000540.jpg,60,1,car,4,69,984.0000000000001,126.0,1014.0,139.0,389.9999999999985,small,2,heavy,0,not_truncated,False,,,
0000277_00201_d_0000540.jpg,61,0,pedestrian,1,71,872.0000000000001,193.0,882.0,211.00000000000003,179.99999999999824,small,1,partial,0,not_truncated,False,,,
0000277_00201_d_0000540.jpg,62,0,pedestrian,1,72,669.0,230.0,683.0,254.0,336.0,small,2,heavy,0,not_truncated,False,,,
0000277_00201_d_0000540.jpg,63,0,pedestrian,1,73,670.0,231.0,680.0,252.0,210.0,small,1,partial,0,not_truncated,False,,,
0000277_00201_d_0000540.jpg,64,0,pedestrian,1,74,740.9999999999999,122.99999999999999,745.9999999999999,133.0,50.00000000000007,small,1,partial,0,not_truncated,False,,,
0000277_00201_d_0000540.jpg,65,0,pedestrian,1,75,652.0,144.00000000000003,658.0,161.0,101.99999999999983,small,1,partial,0,not_truncated,False,,,
0000277_00201_d_0000540.jpg,66,0,pedestrian,1,81,780.0,102.0,785.9999999999999,115.0,77.99999999999852,small,0,none,0,not_truncated,False,,,
0000277_00201_d_0000540.jpg,67,1,car,4,82,778.0000000000001,82.0,796.0,88.0,107.99999999999932,small,1,partial,0,not_truncated,False,,,
0000277_00201_d_0000540.jpg,68,0,pedestrian,1,83,776.0,89.0,781.0,97.0,40.0,small,0,none,0,not_truncated,False,,,
0000277_00201_d_0000540.jpg,69,0,pedestrian,1,85,843.0,90.0,847.0,97.0,28.0,small,0,none,0,not_truncated,False,,,
0000277_00201_d_0000540.jpg,70,0,pedestrian,1,86,930.0,102.0,933.0,113.0,33.0,small,0,none,0,not_truncated,False,,,
0000277_00201_d_0000540.jpg,71,1,car,4,87,861.0000000000001,142.0,883.0,159.0,373.99999999999807,small,0,none,0,not_truncated,True,11,0.6884433627128601,0.8095778822898865
0000277_01801_d_0000548.jpg,0,1,car,4,1,602.0,409.0,723.0,519.9999999999999,13430.999999999985,large,0,none,0,not_truncated,True,3,0.8723562955856323,0.9346916079521179
0000277_01801_d_0000548.jpg,1,2,van,5,2,420.0,356.0,520.0,462.99999999999994,10699.999999999995,large,0,none,0,not_truncated,False,,,
0000277_01801_d_0000548.jpg,2,2,van,5,3,624.0,267.0,721.0,359.0,8924.0,medium,0,none,0,not_truncated,True,24,0.4401296079158783,0.9630836844444275
0000277_01801_d_0000548.jpg,3,2,van,5,4,371.99999999999994,273.0,444.0,348.0,5400.000000000005,medium,0,none,0,not_truncated,False,,,
0000277_01801_d_0000548.jpg,4,1,car,4,5,467.0,236.0,535.0000000000001,295.99999999999994,4080.0000000000027,medium,0,none,0,not_truncated,True,2,0.8805376291275024,0.9169398546218872
0000277_01801_d_0000548.jpg,5,1,car,4,6,581.0,243.00000000000003,648.0,299.0,3751.999999999998,medium,1,partial,0,not_truncated,True,10,0.76528400182724,0.8507011532783508
0000277_01801_d_0000548.jpg,6,2,van,5,8,433.00000000000006,184.99999999999997,491.0,253.0,3943.9999999999977,medium,1,partial,0,not_truncated,True,9,0.7734348177909851,0.8849545121192932
0000277_01801_d_0000548.jpg,7,2,van,5,9,411.0,176.0,455.99999999999994,220.00000000000003,1979.9999999999989,medium,1,partial,0,not_truncated,False,,,
0000277_01801_d_0000548.jpg,8,2,van,5,10,399.0,154.0,436.00000000000006,199.00000000000003,1665.0000000000036,medium,1,partial,0,not_truncated,False,,,
0000277_01801_d_0000548.jpg,9,3,truck,6,11,336.00000000000006,201.0,408.00000000000006,269.0,4896.0,medium,0,none,0,not_truncated,False,,,
0000277_01801_d_0000548.jpg,10,1,car,4,12,326.0,165.0,365.0,202.0,1443.0,medium,0,none,0,not_truncated,True,13,0.7249663472175598,0.8894830346107483
0000277_01801_d_0000548.jpg,11,1,car,4,13,322.0,144.0,359.0,176.0,1184.0,medium,1,partial,0,not_truncated,True,30,0.3824847340583801,0.8525897264480591
0000277_01801_d_0000548.jpg,12,1,car,4,19,107.0,156.0,193.0,186.00000000000003,2580.0000000000023,medium,1,partial,0,not_truncated,True,35,0.32812371850013733,0.6435773372650146
0000277_01801_d_0000548.jpg,13,1,car,4,21,115.0,113.0,171.0,138.0,1400.0,medium,1,partial,0,not_truncated,True,36,0.3187425136566162,0.5015807747840881
0000277_01801_d_0000548.jpg,14,1,car,4,22,111.0,94.99999999999999,131.0,112.99999999999999,360.0,small,1,partial,0,not_truncated,False,,,
0000277_01801_d_0000548.jpg,15,1,car,4,23,69.0,89.0,102.99999999999999,110.00000000000001,714.0000000000002,small,1,partial,0,not_truncated,True,18,0.5684020519256592,0.7598862051963806
0000277_01801_d_0000548.jpg,16,0,pedestrian,1,24,71.0,86.99999999999999,78.0,109.0,154.0000000000001,small,1,partial,0,not_truncated,False,,,
0000277_01801_d_0000548.jpg,17,3,truck,6,27,77.0,60.99999999999999,114.00000000000001,76.0,555.0000000000005,small,1,partial,0,not_truncated,False,,,
0000277_01801_d_0000548.jpg,18,2,van,5,28,317.0,84.0,340.0,107.0,529.0,small,1,partial,0,not_truncated,False,,,
0000277_01801_d_0000548.jpg,19,1,car,4,29,385.0,135.0,417.0,162.0,864.0,small,1,partial,0,not_truncated,True,17,0.574312150478363,0.8476575613021851
0000277_01801_d_0000548.jpg,20,0,pedestrian,1,36,1103.0,305.0,1128.0,354.0,1225.0,medium,1,partial,0,not_truncated,True,33,0.3739481270313263,0.71559077501297
0000277_01801_d_0000548.jpg,21,0,pedestrian,1,37,1168.0,305.0,1187.0,354.0,931.0,small,0,none,0,not_truncated,True,12,0.7295144200325012,0.7431612610816956
0000277_01801_d_0000548.jpg,22,0,pedestrian,1,38,1275.0,280.0,1297.0,334.0,1188.0,medium,1,partial,0,not_truncated,False,,,
0000277_01801_d_0000548.jpg,23,0,pedestrian,1,39,1304.0,291.0,1322.0,334.0,774.0,small,1,partial,0,not_truncated,False,,,
0000277_01801_d_0000548.jpg,24,0,pedestrian,1,40,1334.0,292.0,1356.0,342.0,1100.0,medium,1,partial,0,not_truncated,False,,,
0000277_01801_d_0000548.jpg,25,1,car,4,41,1209.0,264.0,1353.0,314.0,7200.0,medium,1,partial,0,not_truncated,True,6,0.7926761507987976,0.8225138783454895
0000277_01801_d_0000548.jpg,26,2,van,5,42,1266.0,177.0,1355.0,213.0,3204.0,medium,1,partial,0,not_truncated,False,,,
0000277_01801_d_0000548.jpg,27,2,van,5,43,1119.0,231.0,1234.0,281.0,5750.0,medium,1,partial,0,not_truncated,False,,,
0000277_01801_d_0000548.jpg,28,2,van,5,44,1072.0,216.0,1175.0,265.0,5047.0,medium,1,partial,0,not_truncated,False,,,
0000277_01801_d_0000548.jpg,29,1,car,4,45,983.0,253.00000000000003,1084.0,309.0,5655.999999999997,medium,0,none,0,not_truncated,True,1,0.8971062302589417,0.9005171656608582
0000277_01801_d_0000548.jpg,30,1,car,4,46,1016.0,210.99999999999997,1110.0,249.0,3572.0000000000027,medium,1,partial,0,not_truncated,True,11,0.7522576451301575,0.8232651948928833
0000277_01801_d_0000548.jpg,31,1,car,4,47,1040.0,181.00000000000003,1124.0,215.0,2855.9999999999977,medium,1,partial,0,not_truncated,True,21,0.48263269662857056,0.7699105143547058
0000277_01801_d_0000548.jpg,32,1,car,4,48,1009.0,166.0,1084.0,193.0,2025.0,medium,1,partial,0,not_truncated,False,,,
0000277_01801_d_0000548.jpg,33,0,pedestrian,1,49,1324.0,155.0,1333.0,184.99999999999997,269.9999999999998,small,1,partial,0,not_truncated,False,,,
0000277_01801_d_0000548.jpg,34,0,pedestrian,1,50,1294.0,195.00000000000003,1314.0,228.0,659.9999999999994,small,1,partial,0,not_truncated,False,,,
0000277_01801_d_0000548.jpg,35,0,pedestrian,1,51,1309.0,189.99999999999997,1325.0,224.99999999999997,560.0,small,1,partial,0,not_truncated,True,42,0.25645357370376587,0.5563150644302368
0000277_01801_d_0000548.jpg,36,0,pedestrian,1,52,1263.0,187.0,1278.0,224.0,555.0,small,1,partial,0,not_truncated,False,,,
0000277_01801_d_0000548.jpg,37,0,pedestrian,1,53,1235.0,187.0,1249.0,221.99999999999997,489.9999999999996,small,0,none,0,not_truncated,True,29,0.3888225555419922,0.8465984463691711
0000277_01801_d_0000548.jpg,38,0,pedestrian,1,55,1018.0,153.0,1031.0,170.0,221.0,small,1,partial,0,not_truncated,False,,,
0000277_01801_d_0000548.jpg,39,0,pedestrian,1,56,1038.0,137.0,1049.0,160.0,253.0,small,1,partial,0,not_truncated,False,,,
0000277_01801_d_0000548.jpg,40,0,pedestrian,1,57,1051.0,137.0,1058.0,157.00000000000003,140.0000000000002,small,1,partial,0,not_truncated,False,,,
0000277_01801_d_0000548.jpg,41,2,van,5,58,1036.0,149.0,1106.0,181.00000000000003,2240.000000000002,medium,1,partial,0,not_truncated,False,,,
0000277_01801_d_0000548.jpg,42,2,van,5,60,892.0,147.0,966.0,179.0,2368.0,medium,1,partial,0,not_truncated,False,,,
0000277_01801_d_0000548.jpg,43,1,car,4,61,870.9999999999999,145.00000000000003,935.0,172.0,1728.0000000000011,medium,2,heavy,0,not_truncated,False,,,
0000277_01801_d_0000548.jpg,44,1,car,4,62,849.0,134.0,917.0000000000001,158.0,1632.0000000000027,medium,1,partial,0,not_truncated,False,,,
0000277_01801_d_0000548.jpg,45,1,car,4,63,967.9999999999999,127.99999999999999,1020.0,152.0,1248.0000000000034,medium,1,partial,0,not_truncated,False,,,
0000277_01801_d_0000548.jpg,46,2,van,5,64,865.0,110.00000000000001,910.0000000000001,137.0,1215.0000000000025,medium,1,partial,0,not_truncated,False,,,
0000277_01801_d_0000548.jpg,47,0,pedestrian,1,65,848.0,108.0,857.0,129.0,189.0,small,0,none,0,not_truncated,False,,,
0000277_01801_d_0000548.jpg,48,1,car,4,66,830.0000000000001,109.0,871.9999999999999,127.00000000000001,755.9999999999965,small,1,partial,0,not_truncated,True,34,0.35138818621635437,0.8292454481124878
0000277_01801_d_0000548.jpg,49,0,pedestrian,1,67,799.0,91.0,805.0,107.0,96.0,small,0,none,0,not_truncated,False,,,
0000277_01801_d_0000548.jpg,50,1,car,4,68,696.0,141.0,743.0000000000001,170.0,1363.0000000000032,medium,0,none,0,not_truncated,True,25,0.4194256067276001,0.8909108638763428
0000277_01801_d_0000548.jpg,51,2,van,5,69,664.0,90.0,718.0,112.0,1188.0,medium,1,partial,0,not_truncated,False,,,
0000277_01801_d_0000548.jpg,52,1,car,4,70,709.9999999999999,112.0,760.0,134.0,1100.0000000000025,medium,2,heavy,0,not_truncated,False,,,
0000277_01801_d_0000548.jpg,53,3,truck,6,71,698.9999999999999,105.00000000000001,746.0000000000001,129.0,1128.0000000000048,medium,2,heavy,0,not_truncated,False,,,
0000277_01801_d_0000548.jpg,54,0,pedestrian,1,72,696.0,130.0,703.9999999999999,155.0,199.99999999999716,small,1,partial,0,not_truncated,False,,,
0000277_01801_d_0000548.jpg,55,0,pedestrian,1,73,676.0,131.0,687.0,156.0,275.0,small,1,partial,0,not_truncated,False,,,
0000277_01801_d_0000548.jpg,56,1,car,4,74,656.0,125.0,692.0,152.0,972.0,small,1,partial,0,not_truncated,False,,,
0000277_01801_d_0000548.jpg,57,1,car,4,75,694.0,90.00000000000001,736.0000000000001,109.00000000000001,798.0000000000022,small,1,partial,0,not_truncated,False,,,
0000277_01801_d_0000548.jpg,58,1,car,4,76,603.0,92.00000000000001,632.0,107.0,434.9999999999996,small,1,partial,0,not_truncated,True,40,0.2712479829788208,0.6691703796386719
0000277_01801_d_0000548.jpg,59,1,car,4,77,480.99999999999994,109.0,512.0,131.0,682.0000000000013,small,1,partial,0,not_truncated,True,7,0.7857759594917297,0.8518298268318176
0000277_01801_d_0000548.jpg,60,1,car,4,78,529.0,67.0,563.0,80.0,442.0,small,1,partial,0,not_truncated,False,,,
0000277_01801_d_0000548.jpg,61,2,van,5,79,521.0,63.0,547.0,73.0,260.0,small,1,partial,0,not_truncated,False,,,
0000277_01801_d_0000548.jpg,62,2,van,5,80,506.0,60.0,540.0,73.0,442.0,small,1,partial,0,not_truncated,False,,,
0000277_01801_d_0000548.jpg,63,2,van,5,81,441.0,49.00000000000001,454.0,62.0,168.99999999999991,small,1,partial,0,not_truncated,False,,,
0000277_01801_d_0000548.jpg,64,2,van,5,82,475.99999999999994,49.99999999999999,500.00000000000006,60.0,240.0000000000013,small,1,partial,0,not_truncated,False,,,
0000277_01801_d_0000548.jpg,65,1,car,4,83,482.99999999999994,57.0,511.0,69.0,336.0000000000007,small,1,partial,0,not_truncated,False,,,
0000277_01801_d_0000548.jpg,66,1,car,4,84,471.00000000000006,65.0,489.0,76.0,197.99999999999937,small,1,partial,0,not_truncated,False,,,
0000277_01801_d_0000548.jpg,67,0,pedestrian,1,85,469.0,64.0,474.0,77.0,65.0,small,1,partial,0,not_truncated,False,,,
0000277_01801_d_0000548.jpg,68,0,pedestrian,1,86,489.0,63.99999999999999,494.0,76.0,60.000000000000036,small,1,partial,0,not_truncated,False,,,
0000277_01801_d_0000548.jpg,69,2,van,5,87,399.0,56.0,415.99999999999994,69.0,220.99999999999926,small,0,none,0,not_truncated,False,,,
0000277_01801_d_0000548.jpg,70,2,van,5,88,456.99999999999994,44.0,479.00000000000006,53.0,198.00000000000102,small,2,heavy,0,not_truncated,False,,,
0000277_01801_d_0000548.jpg,71,2,van,5,89,436.99999999999994,41.0,458.00000000000006,51.0,210.00000000000114,small,2,heavy,0,not_truncated,False,,,
0000277_01801_d_0000548.jpg,72,1,car,4,90,441.99999999999994,42.99999999999999,466.0,51.0,192.00000000000063,small,2,heavy,0,not_truncated,False,,,
0000277_01801_d_0000548.jpg,73,3,truck,6,91,403.0,35.0,416.99999999999994,48.99999999999999,195.99999999999912,small,0,none,0,not_truncated,False,,,
0000277_01801_d_0000548.jpg,74,3,truck,6,92,419.99999999999994,34.0,442.0,46.0,264.0000000000007,small,2,heavy,0,not_truncated,False,,,
0000277_01801_d_0000548.jpg,75,1,car,4,94,241.0,76.0,269.0,91.0,420.0,small,0,none,0,not_truncated,True,22,0.4533781409263611,0.6109210252761841
0000277_01801_d_0000548.jpg,76,1,car,4,96,295.0,57.99999999999999,311.0,70.0,192.0000000000001,small,0,none,0,not_truncated,False,,,
0000277_01801_d_0000548.jpg,77,3,truck,6,97,306.0,41.99999999999999,321.00000000000006,61.99999999999999,300.00000000000114,small,1,partial,0,not_truncated,False,,,
0000277_01801_d_0000548.jpg,78,3,truck,6,98,315.0,39.0,329.0,51.99999999999999,181.9999999999999,small,1,partial,0,not_truncated,False,,,
0000277_01801_d_0000548.jpg,79,2,van,5,99,306.99999999999994,37.0,318.0,47.0,110.00000000000057,small,1,partial,0,not_truncated,False,,,
0000277_01801_d_0000548.jpg,80,2,van,5,100,314.0,35.0,324.0,44.0,90.0,small,1,partial,0,not_truncated,False,,,
0000277_01801_d_0000548.jpg,81,1,car,4,101,293.0,32.0,305.0,39.0,84.0,small,0,none,0,not_truncated,False,,,
0000277_01801_d_0000548.jpg,82,1,car,4,102,291.0,30.0,299.0,36.99999999999999,55.99999999999994,small,1,partial,0,not_truncated,False,,,
0000277_02601_d_0000552.jpg,0,0,pedestrian,1,1,20.000000000000004,459.00000000000006,51.0,531.0,2231.999999999998,medium,0,none,0,not_truncated,True,11,0.6306702494621277,0.8710416555404663
0000277_02601_d_0000552.jpg,1,2,van,5,4,738.9999999999999,384.0,893.0,484.0,15400.000000000011,large,1,partial,0,not_truncated,False,,,
0000277_02601_d_0000552.jpg,2,1,car,4,6,633.0,364.0,739.9999999999999,430.0,7061.999999999993,medium,1,partial,0,not_truncated,True,28,0.3353719115257263,0.9095017910003662
0000277_02601_d_0000552.jpg,3,2,van,5,7,766.0,313.0,880.9999999999999,385.0,8279.999999999993,medium,0,none,0,not_truncated,True,0,0.9114238023757935,0.9572807550430298
0000277_02601_d_0000552.jpg,4,1,car,4,8,942.0,332.0,1080.0,380.0,6624.0,medium,0,none,0,not_truncated,True,2,0.7778303623199463,0.917995035648346
0000277_02601_d_0000552.jpg,5,0,pedestrian,1,9,1069.0,300.0,1085.0,342.0,672.0,small,0,none,0,not_truncated,False,,,
0000277_02601_d_0000552.jpg,6,0,pedestrian,1,13,1156.0,280.0,1169.0,313.0,429.0,small,0,none,0,not_truncated,False,,,
0000277_02601_d_0000552.jpg,7,0,pedestrian,1,14,1144.0,275.0,1153.0,306.99999999999994,287.9999999999995,small,1,partial,0,not_truncated,False,,,
0000277_02601_d_0000552.jpg,8,1,car,4,15,1133.0,265.00000000000006,1210.0,298.0,2540.9999999999955,medium,1,partial,0,not_truncated,True,5,0.7420444488525391,0.8105419278144836
0000277_02601_d_0000552.jpg,9,1,car,4,19,1094.0,250.0,1159.0,283.99999999999994,2209.9999999999964,medium,1,partial,0,not_truncated,True,20,0.4625331163406372,0.8206957578659058
0000277_02601_d_0000552.jpg,10,1,car,4,20,956.0000000000001,277.00000000000006,1047.0,313.0,3275.999999999991,medium,1,partial,0,not_truncated,True,10,0.7015624046325684,0.9459457993507385
0000277_02601_d_0000552.jpg,11,0,pedestrian,1,21,1049.0,291.0,1060.0,328.0,407.0,small,1,partial,0,not_truncated,False,,,
0000277_02601_d_0000552.jpg,12,0,pedestrian,1,22,1048.0,230.0,1060.0,258.0,336.0,small,0,none,0,not_truncated,False,,,
0000277_02601_d_0000552.jpg,13,0,pedestrian,1,23,1027.0,225.0,1037.0,252.0,270.0,small,0,none,0,not_truncated,False,,,
0000277_02601_d_0000552.jpg,14,0,pedestrian,1,24,1013.0,224.0,1024.0,251.0,297.0,small,0,none,0,not_truncated,False,,,
0000277_02601_d_0000552.jpg,15,1,car,4,25,1021.0,219.99999999999997,1085.0,245.99999999999997,1664.0,medium,1,partial,0,not_truncated,False,,,
0000277_02601_d_0000552.jpg,16,1,car,4,26,1069.0,208.99999999999997,1094.0,230.0,525.0000000000007,small,2,heavy,0,not_truncated,False,,,
0000277_02601_d_0000552.jpg,17,1,car,4,27,893.0,257.0,977.0,298.0,3444.0,medium,1,partial,0,not_truncated,True,12,0.6019930243492126,0.8110527396202087
0000277_02601_d_0000552.jpg,18,1,car,4,28,858.0,246.99999999999997,937.0,285.0,3002.0000000000023,medium,1,partial,0,not_truncated,True,24,0.3937506079673767,0.8521519303321838
0000277_02601_d_0000552.jpg,19,1,car,4,29,817.0,246.00000000000003,886.0,275.0,2000.999999999998,medium,1,partial,0,not_truncated,False,,,
0000277_02601_d_0000552.jpg,20,1,car,4,30,785.9999999999999,275.0,858.0,314.00000000000006,2808.0000000000086,medium,0,none,0,not_truncated,True,6,0.7296419143676758,0.8965482115745544
0000277_02601_d_0000552.jpg,21,1,car,4,31,846.0,225.0,910.0000000000001,250.0,1600.0000000000027,medium,1,partial,0,not_truncated,False,,,
0000277_02601_d_0000552.jpg,22,1,car,4,32,820.0,215.0,875.0000000000001,237.0,1210.0000000000025,medium,1,partial,0,not_truncated,False,,,
0000277_02601_d_0000552.jpg,23,1,car,4,33,848.0,201.0,901.0000000000001,227.0,1378.000000000003,medium,1,partial,0,not_truncated,True,27,0.33703479170799255,0.7615725994110107
0000277_02601_d_0000552.jpg,24,1,car,4,36,792.9999999999999,186.99999999999997,835.0,207.0,840.0000000000035,small,1,partial,0,not_truncated,False,,,
0000277_02601_d_0000552.jpg,25,1,car,4,37,730.0,203.0,787.0000000000001,230.0,1539.0000000000032,medium,1,partial,0,not_truncated,True,40,0.2528301775455475,0.651542067527771
0000277_02601_d_0000552.jpg,26,1,car,4,38,708.9999999999999,201.0,754.0,220.00000000000003,855.0000000000034,small,2,heavy,0,not_truncated,False,,,
0000277_02601_d_0000552.jpg,27,1,car,4,39,691.0,194.0,746.0000000000001,213.0,1045.0000000000023,medium,2,heavy,0,not_truncated,False,,,
0000277_02601_d_0000552.jpg,28,2,van,5,40,754.0,175.0,775.0,200.0,525.0,small,2,heavy,0,not_truncated,False,,,
0000277_02601_d_0000552.jpg,29,2,van,5,41,703.0000000000001,176.0,743.9999999999999,195.99999999999997,819.9999999999943,small,2,heavy,0,not_truncated,False,,,
0000277_02601_d_0000552.jpg,30,1,car,4,42,676.9999999999999,174.0,709.9999999999999,189.0,495.0,small,2,heavy,0,not_truncated,False,,,
0000277_02601_d_0000552.jpg,31,0,pedestrian,1,43,654.0,162.0,660.0,177.0,90.0,small,0,none,0,not_truncated,False,,,
0000277_02601_d_0000552.jpg,32,3,truck,6,46,453.0,256.0,534.0,316.0,4860.0,medium,0,none,0,not_truncated,True,13,0.5850151777267456,0.6525776386260986
0000277_02601_d_0000552.jpg,33,1,car,4,47,574.0,243.00000000000003,625.0,274.0,1580.9999999999986,medium,0,none,0,not_truncated,True,1,0.8174843192100525,0.7341787815093994
0000277_02601_d_0000552.jpg,34,1,car,4,51,561.0,201.0,600.0,224.0,897.0,small,0,none,0,not_truncated,True,3,0.7495474219322205,0.8163875937461853
0000277_02601_d_0000552.jpg,35,0,pedestrian,1,52,563.0,194.0,571.0,212.0,144.0,small,1,partial,0,not_truncated,False,,,
0000277_02601_d_0000552.jpg,36,0,pedestrian,1,53,547.0,191.0,558.0,213.0,242.0,small,1,partial,0,not_truncated,False,,,
0000277_02601_d_0000552.jpg,37,1,car,4,54,526.0,190.0,556.0,210.00000000000003,600.0000000000009,small,1,partial,0,not_truncated,True,29,0.33191680908203125,0.6699888706207275
0000277_02601_d_0000552.jpg,38,1,car,4,55,433.00000000000006,204.0,481.0,232.99999999999997,1391.999999999997,medium,0,none,0,not_truncated,True,23,0.4273465573787689,0.9475115537643433
0000277_02601_d_0000552.jpg,39,1,car,4,56,428.0,192.0,468.0,213.0,840.0,small,1,partial,0,not_truncated,True,37,0.2614203691482544,0.6619268655776978
0000277_02601_d_0000552.jpg,40,3,truck,6,57,388.0,231.00000000000003,434.99999999999994,263.0,1503.9999999999968,medium,1,partial,0,not_truncated,False,,,
0000277_02601_d_0000552.jpg,41,1,car,4,58,363.0,212.0,402.0,239.0,1053.0,medium,1,partial,0,not_truncated,True,30,0.3162905275821686,0.8206296563148499
0000277_02601_d_0000552.jpg,42,1,car,4,59,573.0,178.0,618.0,195.99999999999997,809.9999999999987,small,1,partial,0,not_truncated,False,,,
0000277_02601_d_0000552.jpg,43,3,truck,6,60,563.0,171.0,600.0,192.0,777.0,small,1,partial,0,not_truncated,False,,,
0000277_02601_d_0000552.jpg,44,1,car,4,61,529.0,158.0,580.0,178.0,1020.0,small,1,partial,0,not_truncated,True,17,0.5464305877685547,0.847950279712677
0000277_02601_d_0000552.jpg,45,1,car,4,62,554.0,156.0,596.0,177.0,882.0,small,1,partial,0,not_truncated,False,,,
0000277_02601_d_0000552.jpg,46,1,car,4,63,473.0,160.0,500.00000000000006,176.0,432.0000000000009,small,1,partial,0,not_truncated,True,35,0.2676112651824951,0.8046469688415527
0000277_02601_d_0000552.jpg,47,1,car,4,64,310.00000000000006,184.99999999999997,342.0,208.99999999999997,767.9999999999986,small,0,none,0,not_truncated,True,16,0.5496833920478821,0.9097469449043274
0000277_02601_d_0000552.jpg,48,1,car,4,65,256.0,183.99999999999997,289.00000000000006,207.0,759.0000000000023,small,0,none,0,not_truncated,True,4,0.7479461431503296,0.8537129759788513
0000277_02601_d_0000552.jpg,49,1,car,4,68,31.000000000000004,216.0,112.0,243.0,2187.0,medium,1,partial,0,not_truncated,True,7,0.7286238074302673,0.8102802634239197
0000277_02601_d_0000552.jpg,50,1,car,4,70,19.000000000000004,183.0,74.0,203.0,1100.0,medium,1,partial,0,not_truncated,True,32,0.3056275546550751,0.7530279159545898
0000277_02601_d_0000552.jpg,51,1,car,4,71,6.0,166.0,27.0,183.99999999999997,377.99999999999943,small,0,none,0,not_truncated,False,,,
0000277_02601_d_0000552.jpg,52,1,car,4,74,210.0,156.0,232.0,171.99999999999997,351.9999999999994,small,1,partial,0,not_truncated,True,21,0.4425959289073944,0.8806052207946777
0000277_02601_d_0000552.jpg,53,1,car,4,75,196.99999999999997,143.0,214.0,162.00000000000003,323.000000000001,small,1,partial,0,not_truncated,False,,,
0000277_02601_d_0000552.jpg,54,0,pedestrian,1,76,190.0,142.0,195.0,157.0,75.0,small,0,none,0,not_truncated,False,,,
0000277_02601_d_0000552.jpg,55,0,pedestrian,1,77,150.0,142.0,158.0,151.00000000000003,72.00000000000023,small,1,partial,0,not_truncated,False,,,
0000277_02601_d_0000552.jpg,56,1,car,4,79,123.00000000000001,147.0,149.0,162.0,389.9999999999998,small,1,partial,0,not_truncated,False,,,
0000277_02601_d_0000552.jpg,57,0,pedestrian,1,80,68.0,146.0,76.0,162.0,128.0,small,0,none,0,not_truncated,False,,,
0000277_02601_d_0000552.jpg,58,0,pedestrian,1,81,59.00000000000001,148.0,66.0,163.0,104.99999999999989,small,0,none,0,not_truncated,False,,,
0000277_02601_d_0000552.jpg,59,0,pedestrian,1,82,15.000000000000002,141.0,19.0,156.0,59.99999999999997,small,0,none,0,not_truncated,False,,,
0000277_02601_d_0000552.jpg,60,3,truck,6,84,43.99999999999999,133.00000000000003,57.00000000000001,148.0,194.99999999999983,small,1,partial,0,not_truncated,False,,,
0000277_02601_d_0000552.jpg,61,1,car,4,90,402.0,141.0,435.00000000000006,152.0,363.0000000000006,small,1,partial,0,not_truncated,False,,,
0000277_02601_d_0000552.jpg,62,1,car,4,91,389.0,135.0,413.00000000000006,147.0,288.0000000000007,small,1,partial,0,not_truncated,False,,,
0000277_02601_d_0000552.jpg,63,3,truck,6,92,375.99999999999994,133.0,405.0,145.0,348.0000000000007,small,1,partial,0,not_truncated,False,,,
0000277_02601_d_0000552.jpg,64,1,car,4,93,356.99999999999994,129.0,383.0,142.0,338.00000000000074,small,1,partial,0,not_truncated,False,,,
0000277_02601_d_0000552.jpg,65,1,car,4,94,348.00000000000006,125.0,367.0,136.0,208.99999999999937,small,1,partial,0,not_truncated,False,,,
0000277_02601_d_0000552.jpg,66,1,car,4,95,327.0,115.99999999999999,348.0,127.0,231.00000000000028,small,1,partial,0,not_truncated,False,,,
0000277_02601_d_0000552.jpg,67,1,car,4,96,314.0,115.99999999999999,335.0,125.0,189.00000000000028,small,1,partial,0,not_truncated,False,,,
0000277_02601_d_0000552.jpg,68,1,car,4,97,307.0,115.99999999999999,327.0,125.0,180.00000000000028,small,1,partial,0,not_truncated,False,,,
0000277_02601_d_0000552.jpg,69,0,pedestrian,1,98,303.0,118.0,308.0,128.0,50.0,small,0,none,0,not_truncated,False,,,
0000277_02601_d_0000552.jpg,70,0,pedestrian,1,99,290.0,114.0,295.0,127.0,65.0,small,0,none,0,not_truncated,False,,,
0000277_02601_d_0000552.jpg,71,2,van,5,100,311.0,123.00000000000001,325.0,135.0,167.9999999999998,small,0,none,0,not_truncated,False,,,
0000277_02601_d_0000552.jpg,72,1,car,4,101,324.0,152.0,343.0,168.0,304.0,small,1,partial,0,not_truncated,True,39,0.25489476323127747,0.5795109868049622
0000277_02601_d_0000552.jpg,73,1,car,4,102,306.0,142.0,328.0,157.0,330.0,small,1,partial,0,not_truncated,True,22,0.43451276421546936,0.7098219394683838
0000277_02601_d_0000552.jpg,74,1,car,4,103,278.0,143.0,302.0,159.0,384.0,small,1,partial,0,not_truncated,True,26,0.3420118987560272,0.5035051107406616
0000277_02601_d_0000552.jpg,75,1,car,4,104,279.0,134.0,297.0,147.0,234.0,small,1,partial,0,not_truncated,False,,,
0000277_02601_d_0000552.jpg,76,1,car,4,105,267.0,129.0,282.0,141.0,180.0,small,2,heavy,0,not_truncated,False,,,
0000277_02601_d_0000552.jpg,77,1,car,4,106,264.0,125.0,278.00000000000006,137.0,168.00000000000068,small,1,partial,0,not_truncated,False,,,
0000277_02601_d_0000552.jpg,78,2,van,5,108,173.0,132.0,215.0,151.00000000000003,798.0000000000011,small,1,partial,0,not_truncated,False,,,
0000277_02601_d_0000552.jpg,79,1,car,4,109,179.0,120.0,193.00000000000003,131.0,154.0000000000003,small,0,none,0,not_truncated,False,,,
0000277_02601_d_0000552.jpg,80,3,truck,6,110,154.0,120.0,167.0,132.0,156.0,small,2,heavy,0,not_truncated,False,,,
0000277_02601_d_0000552.jpg,81,1,car,4,111,162.0,109.0,174.00000000000003,117.00000000000001,96.0000000000004,small,0,none,0,not_truncated,False,,,
0000277_02601_d_0000552.jpg,82,1,car,4,112,222.0,113.0,229.99999999999997,122.00000000000001,71.99999999999986,small,0,none,0,not_truncated,False,,,
0000277_02601_d_0000552.jpg,83,1,car,4,113,213.00000000000003,106.0,223.0,116.00000000000001,99.99999999999986,small,0,none,0,not_truncated,False,,,
0000277_02601_d_0000552.jpg,84,1,car,4,114,201.0,102.0,209.99999999999997,109.00000000000001,62.99999999999993,small,0,none,0,not_truncated,False,,,
0000277_02601_d_0000552.jpg,85,1,car,4,115,187.00000000000003,97.00000000000001,193.0,102.0,29.999999999999773,small,0,none,0,not_truncated,False,,,
0000277_02601_d_0000552.jpg,86,1,car,4,116,177.99999999999997,93.0,189.0,101.0,88.00000000000023,small,0,none,0,not_truncated,False,,,
0000277_02601_d_0000552.jpg,87,1,car,4,117,229.00000000000003,109.0,236.0,117.00000000000001,55.99999999999987,small,1,partial,0,not_truncated,False,,,
0000277_02601_d_0000552.jpg,88,1,car,4,118,234.0,107.0,241.99999999999997,115.00000000000001,63.999999999999886,small,1,partial,0,not_truncated,False,,,
0000277_02601_d_0000552.jpg,89,1,car,4,119,233.0,97.0,242.99999999999997,104.00000000000001,69.99999999999994,small,1,partial,0,not_truncated,False,,,
0000277_02601_d_0000552.jpg,90,1,car,4,120,241.0,103.00000000000001,247.0,108.0,29.999999999999915,small,1,partial,0,not_truncated,False,,,
0000277_02601_d_0000552.jpg,91,1,car,4,121,257.0,109.0,271.0,116.00000000000001,98.0000000000002,small,1,partial,0,not_truncated,False,,,
0000277_02601_d_0000552.jpg,92,2,van,5,122,273.0,107.0,285.0,122.99999999999999,191.99999999999983,small,1,partial,0,not_truncated,False,,,
0000277_04001_d_0000558.jpg,0,1,car,4,1,1224.9999999999998,462.00000000000006,1360.0,580.0,15930.00000000002,large,0,none,1,truncated,True,10,0.6043068170547485,0.9479427933692932
0000277_04001_d_0000558.jpg,1,1,car,4,2,1229.9999999999998,324.0,1358.0,391.99999999999994,8704.000000000007,medium,0,none,1,truncated,True,2,0.8807757496833801,0.8403957486152649
0000277_04001_d_0000558.jpg,2,1,car,4,3,1076.0,323.00000000000006,1236.0,407.0,13439.99999999999,large,0,none,0,not_truncated,True,5,0.8133442401885986,0.8930901288986206
0000277_04001_d_0000558.jpg,3,1,car,4,4,1035.0,296.99999999999994,1171.0,356.0,8024.000000000007,medium,1,partial,0,not_truncated,True,0,0.8911372423171997,0.9507137537002563
0000277_04001_d_0000558.jpg,4,1,car,4,5,823.9999999999999,356.0,995.9999999999999,441.00000000000006,14620.00000000001,large,0,none,0,not_truncated,True,3,0.8767550587654114,0.9087029099464417
0000277_04001_d_0000558.jpg,5,1,car,4,6,824.9999999999999,318.99999999999994,984.0,383.0,10176.000000000016,large,1,partial,0,not_truncated,True,25,0.398123174905777,0.9391242861747742
0000277_04001_d_0000558.jpg,6,1,car,4,9,655.9999999999999,526.0,905.0,637.0,27639.00000000001,large,0,none,0,not_truncated,True,1,0.8901655077934265,0.957999050617218
0000277_04001_d_0000558.jpg,7,1,car,4,10,489.0,328.0,654.0,394.99999999999994,11054.99999999999,large,0,none,0,not_truncated,True,4,0.8533056378364563,0.8981150388717651
0000277_04001_d_0000558.jpg,8,2,van,5,11,517.0,223.00000000000003,625.0,280.0,6155.999999999997,medium,0,none,0,not_truncated,True,11,0.5941093564033508,0.8348953127861023
0000277_04001_d_0000558.jpg,9,2,van,5,12,503.0,182.0,630.0,252.0,8890.0,medium,1,partial,0,not_truncated,True,18,0.45811060070991516,0.734912633895874
0000277_04001_d_0000558.jpg,10,1,car,4,13,423.0,205.0,524.0,253.0,4848.0,medium,1,partial,0,not_truncated,True,8,0.6612189412117004,0.8138063549995422
0000277_04001_d_0000558.jpg,11,1,car,4,14,336.0,166.0,440.99999999999994,206.0,4199.999999999998,medium,0,none,0,not_truncated,False,,,
0000277_04001_d_0000558.jpg,12,1,car,4,15,332.0,149.0,426.0,184.0,3290.0,medium,1,partial,0,not_truncated,False,,,
0000277_04001_d_0000558.jpg,13,1,car,4,16,223.0,226.0,278.00000000000006,271.0,2475.0000000000027,medium,0,none,0,not_truncated,True,7,0.7287311553955078,0.8135786056518555
0000277_04001_d_0000558.jpg,14,1,car,4,17,218.00000000000003,196.99999999999997,268.0,233.00000000000003,1800.0000000000018,medium,1,partial,0,not_truncated,False,,,
0000277_04001_d_0000558.jpg,15,1,car,4,18,215.0,159.0,258.0,209.00000000000003,2150.0000000000014,medium,2,heavy,0,not_truncated,False,,,
0000277_04001_d_0000558.jpg,16,0,pedestrian,1,19,1244.0,243.99999999999997,1273.0,286.0,1218.000000000001,medium,0,none,0,not_truncated,False,,,
0000277_04001_d_0000558.jpg,17,0,pedestrian,1,20,1272.0,245.00000000000003,1284.0,276.0,371.99999999999966,small,0,none,0,not_truncated,True,40,0.31419917941093445,0.5444009900093079
0000277_04001_d_0000558.jpg,18,0,pedestrian,1,21,1282.0,241.0,1296.0,280.0,546.0,small,0,none,0,not_truncated,False,,,
0000277_04001_d_0000558.jpg,19,0,pedestrian,1,22,1342.0,237.0,1353.0,277.00000000000006,440.0000000000006,small,1,partial,0,not_truncated,False,,,
0000277_04001_d_0000558.jpg,20,0,pedestrian,1,24,754.0,277.0,762.0,306.99999999999994,239.99999999999955,small,0,none,0,not_truncated,False,,,
0000277_04001_d_0000558.jpg,21,0,pedestrian,1,25,741.0000000000001,265.0,756.0,310.0,674.9999999999949,small,0,none,0,not_truncated,False,,,
0000277_04001_d_0000558.jpg,22,0,pedestrian,1,26,727.0,266.0,740.9999999999999,294.99999999999994,405.9999999999959,small,0,none,0,not_truncated,True,50,0.2637096345424652,0.5801544785499573
0000277_04001_d_0000558.jpg,23,0,pedestrian,1,27,702.0000000000001,261.0,713.0,308.0,516.9999999999947,small,0,none,0,not_truncated,False,,,
0000277_04001_d_0000558.jpg,24,0,pedestrian,1,28,688.0,266.0,701.9999999999999,314.0,671.9999999999945,small,0,none,0,not_truncated,True,21,0.41736188530921936,0.5082948803901672
0000277_04001_d_0000558.jpg,25,0,pedestrian,1,29,675.0,258.0,692.0,306.0,816.0,small,0,none,0,not_truncated,True,44,0.288674533367157,0.8977968692779541
0000277_04001_d_0000558.jpg,26,0,pedestrian,1,30,656.9999999999999,255.99999999999997,680.0,304.0,1104.0000000000061,medium,0,none,0,not_truncated,False,,,
0000277_04001_d_0000558.jpg,27,0,pedestrian,1,31,643.0,248.0,662.0,302.0,1026.0,medium,0,none,0,not_truncated,True,39,0.3148755431175232,0.8624822497367859
0000277_04001_d_0000558.jpg,28,0,pedestrian,1,32,696.0000000000001,247.99999999999997,713.0,285.0,628.9999999999962,small,1,partial,0,not_truncated,True,23,0.40127813816070557,0.7855793237686157
0000277_04001_d_0000558.jpg,29,0,pedestrian,1,33,605.0,248.0,620.0,291.0,645.0,small,0,none,0,not_truncated,False,,,
0000277_04001_d_0000558.jpg,30,0,pedestrian,1,34,591.0,253.0,603.0,293.0,480.0,small,0,none,0,not_truncated,False,,,
0000277_04001_d_0000558.jpg,31,0,pedestrian,1,35,610.0,284.0,628.0,333.0,882.0,small,0,none,0,not_truncated,False,,,
0000277_04001_d_0000558.jpg,32,0,pedestrian,1,36,595.0,283.0,611.9999999999999,330.0,798.9999999999947,small,0,none,0,not_truncated,True,20,0.43734419345855713,0.8217658400535583
0000277_04001_d_0000558.jpg,33,0,pedestrian,1,37,533.0,293.0,556.0000000000001,342.0,1127.0000000000055,medium,1,partial,0,not_truncated,True,33,0.3280785381793976,0.8442277312278748
0000277_04001_d_0000558.jpg,34,0,pedestrian,1,38,563.0,292.0,579.0,324.0,512.0,small,1,partial,0,not_truncated,False,,,
0000277_04001_d_0000558.jpg,35,0,pedestrian,1,39,576.0,298.0,591.9999999999999,330.0,511.99999999999636,small,1,partial,0,not_truncated,False,,,
0000277_04001_d_0000558.jpg,36,0,pedestrian,1,40,580.0,284.99999999999994,595.0,324.0,585.0000000000009,small,1,partial,0,not_truncated,True,32,0.33209699392318726,0.6414156556129456
0000277_04001_d_0000558.jpg,37,0,pedestrian,1,41,405.00000000000006,206.0,425.0,250.0,879.9999999999975,small,0,none,0,not_truncated,True,29,0.35333284735679626,0.6180615425109863
0000277_04001_d_0000558.jpg,38,0,pedestrian,1,42,374.00000000000006,209.99999999999997,389.0,249.0,584.9999999999982,small,0,none,0,not_truncated,False,,,
0000277_04001_d_0000558.jpg,39,0,pedestrian,1,43,364.0,195.0,376.99999999999994,238.0,558.9999999999975,small,0,none,0,not_truncated,False,,,
0000277_04001_d_0000558.jpg,40,0,pedestrian,1,44,314.0,181.00000000000003,328.0,218.00000000000003,518.0,small,0,none,0,not_truncated,True,9,0.6313030123710632,0.7940678000450134
0000277_04001_d_0000558.jpg,41,0,pedestrian,1,45,292.0,159.0,306.0,193.0,476.0,small,0,none,0,not_truncated,True,53,0.2504819631576538,0.5978518128395081
0000277_04001_d_0000558.jpg,42,1,car,4,46,315.0,131.0,396.0,162.00000000000003,2511.0000000000023,medium,1,partial,0,not_truncated,True,26,0.3809660077095032,0.6661920547485352
0000277_04001_d_0000558.jpg,43,1,car,4,47,236.0,97.99999999999999,288.00000000000006,120.0,1144.000000000002,medium,1,partial,0,not_truncated,True,28,0.36266568303108215,0.8015731573104858
0000277_04001_d_0000558.jpg,44,1,car,4,48,255.0,81.0,278.0,98.99999999999999,413.99999999999966,small,1,partial,0,not_truncated,False,,,
0000277_04001_d_0000558.jpg,45,1,car,4,49,247.0,69.0,266.0,88.99999999999999,379.9999999999997,small,1,partial,0,not_truncated,True,52,0.26136714220046997,0.5411261916160583
0000277_04001_d_0000558.jpg,46,1,car,4,50,329.0,49.99999999999999,349.99999999999994,66.0,335.99999999999926,small,0,none,0,not_truncated,False,,,
0000277_04001_d_0000558.jpg,47,1,car,4,51,289.00000000000006,48.99999999999999,317.0,67.0,503.99999999999915,small,1,partial,0,not_truncated,False,,,
0000277_04001_d_0000558.jpg,48,1,car,4,52,297.0,37.0,324.0,53.0,432.0,small,1,partial,0,not_truncated,False,,,
0000277_04001_d_0000558.jpg,49,1,car,4,53,295.0,28.999999999999996,311.0,38.0,144.00000000000006,small,1,partial,0,not_truncated,False,,,
0000277_04001_d_0000558.jpg,50,1,car,4,58,242.0,54.99999999999999,259.0,71.0,272.0000000000001,small,1,partial,0,not_truncated,False,,,
0000277_04001_d_0000558.jpg,51,1,car,4,59,234.0,45.0,250.00000000000003,57.0,192.00000000000034,small,1,partial,0,not_truncated,False,,,
0000277_04001_d_0000558.jpg,52,1,car,4,60,225.0,35.0,239.00000000000003,48.99999999999999,196.00000000000028,small,1,partial,0,not_truncated,False,,,
0000277_04001_d_0000558.jpg,53,1,car,4,61,223.0,22.999999999999996,240.00000000000003,38.0,255.00000000000048,small,1,partial,0,not_truncated,False,,,
0000277_04001_d_0000558.jpg,54,1,car,4,62,201.0,33.0,220.0,45.99999999999999,246.99999999999986,small,1,partial,0,not_truncated,False,,,
0000277_04001_d_0000558.jpg,55,1,car,4,63,138.0,35.0,153.99999999999997,48.99999999999999,223.9999999999995,small,0,none,0,not_truncated,False,,,
0000277_04001_d_0000558.jpg,56,1,car,4,64,143.0,28.0,156.0,40.0,156.0,small,1,partial,0,not_truncated,False,,,
0000277_04001_d_0000558.jpg,57,1,car,4,67,72.0,71.0,100.0,94.0,644.0,small,1,partial,0,not_truncated,True,24,0.40025195479393005,0.817797064781189
0000277_04001_d_0000558.jpg,58,1,car,4,68,83.0,54.0,106.0,72.0,414.0,small,1,partial,0,not_truncated,False,,,
0000277_04001_d_0000558.jpg,59,1,car,4,69,102.99999999999999,36.0,123.0,54.0,360.0000000000002,small,0,none,0,not_truncated,True,19,0.4545232355594635,0.7882822751998901
0000277_04001_d_0000558.jpg,60,1,car,4,70,113.0,27.999999999999996,130.0,42.0,238.00000000000006,small,0,none,0,not_truncated,True,38,0.3161115348339081,0.7657856345176697
0000277_04001_d_0000558.jpg,61,1,car,4,71,54.0,29.000000000000004,74.0,48.0,379.99999999999994,small,0,none,0,not_truncated,True,35,0.3214939534664154,0.7459292411804199
0000277_04001_d_0000558.jpg,62,1,car,4,72,28.0,53.0,52.00000000000001,72.0,456.0000000000001,small,1,partial,0,not_truncated,True,15,0.548697292804718,0.6237813234329224
0000277_04001_d_0000558.jpg,63,1,car,4,73,13.000000000000002,63.99999999999999,31.000000000000004,82.0,324.0000000000001,small,1,partial,0,not_truncated,False,,,
0000277_04001_d_0000558.jpg,64,1,car,4,74,4.0,35.0,30.000000000000004,51.99999999999999,441.9999999999999,small,0,none,0,not_truncated,True,36,0.31951186060905457,0.6798741221427917
0000277_04001_d_0000558.jpg,65,1,car,4,75,21.0,31.0,38.0,50.0,323.0,small,1,partial,0,not_truncated,False,,,
0000277_04001_d_0000558.jpg,66,1,car,4,76,27.0,29.000000000000004,46.0,45.0,303.99999999999994,small,1,partial,0,not_truncated,False,,,
0000277_04001_d_0000558.jpg,67,1,car,4,77,34.0,21.0,51.0,39.0,306.0,small,1,partial,0,not_truncated,True,48,0.2707725167274475,0.6470202207565308
0000277_04001_d_0000558.jpg,68,1,car,4,78,84.0,21.999999999999996,103.00000000000001,36.0,266.0000000000003,small,0,none,0,not_truncated,True,13,0.5708890557289124,0.8182657957077026
0000280_00001_d_0000612.jpg,0,1,car,4,1,793.0,543.0,915.9999999999999,646.0,12668.999999999989,large,0,none,0,not_truncated,True,0,0.943886399269104,0.9117379188537598
0000280_00001_d_0000612.jpg,1,1,car,4,2,918.0000000000001,504.0,1003.0000000000001,600.0,8160.0,medium,0,none,0,not_truncated,True,3,0.8807463645935059,0.942329466342926
0000280_00001_d_0000612.jpg,2,1,car,4,3,910.9999999999999,368.0,979.0,432.0,4352.000000000007,medium,0,none,0,not_truncated,True,1,0.9300259351730347,0.9398842453956604
0000280_00001_d_0000612.jpg,3,1,car,4,4,1010.0,315.0,1115.0,360.0,4725.0,medium,0,none,0,not_truncated,True,10,0.6259621977806091,0.8546890616416931
0000280_00001_d_0000612.jpg,4,1,car,4,5,1158.0,433.0,1293.0,486.99999999999994,7289.999999999993,medium,1,partial,0,not_truncated,True,2,0.9028971791267395,0.897268533706665
0000280_00001_d_0000612.jpg,5,1,car,4,6,89.0,620.0,287.00000000000006,765.0,28710.000000000007,large,0,none,1,truncated,True,5,0.8095733523368835,0.9678465127944946
0000280_00001_d_0000612.jpg,6,1,car,4,7,0.0,339.0,76.0,405.0,5016.0,medium,1,partial,1,truncated,True,8,0.6915972828865051,0.919386088848114
0000280_00001_d_0000612.jpg,7,1,car,4,8,599.0,124.0,623.0,157.00000000000003,792.0000000000007,small,0,none,0,not_truncated,True,11,0.6223182082176208,0.8403804302215576
0000280_00001_d_0000612.jpg,8,1,car,4,9,737.0000000000001,132.0,769.0,159.99999999999997,895.9999999999959,small,0,none,0,not_truncated,True,9,0.6783649325370789,0.8858269453048706
0000280_00001_d_0000612.jpg,9,1,car,4,10,585.0,45.99999999999999,608.0,70.0,552.0000000000001,small,0,none,0,not_truncated,True,18,0.4957940876483917,0.7883415818214417
0000280_00001_d_0000612.jpg,10,1,car,4,11,1058.9999999999998,357.0,1104.0,409.0,2340.000000000012,medium,1,partial,0,not_truncated,False,,,
0000280_00001_d_0000612.jpg,11,1,car,4,12,997.0000000000001,279.0,1097.0,327.0,4799.9999999999945,medium,1,partial,0,not_truncated,True,44,0.2743711769580841,0.9180452823638916
0000280_00001_d_0000612.jpg,12,1,car,4,13,981.0,263.0,1072.0,302.00000000000006,3549.000000000005,medium,1,partial,0,not_truncated,False,,,
0000280_00001_d_0000612.jpg,13,1,car,4,14,948.0,222.99999999999997,1029.0,262.0,3159.0000000000023,medium,1,partial,0,not_truncated,True,36,0.3250044286251068,0.8745096921920776
0000280_00001_d_0000612.jpg,14,1,car,4,15,834.9999999999999,127.99999999999999,882.0,159.0,1457.000000000004,medium,2,heavy,0,not_truncated,False,,,
0000280_00001_d_0000612.jpg,15,1,car,4,16,827.0000000000001,87.00000000000001,850.0,114.0,620.9999999999966,small,1,partial,0,not_truncated,True,14,0.5599833130836487,0.7531028389930725
0000280_00001_d_0000612.jpg,16,1,car,4,17,469.0,1.9999999999999996,496.00000000000006,16.999999999999996,405.00000000000074,small,1,partial,0,not_truncated,False,,,
0000280_00001_d_0000612.jpg,17,1,car,4,18,496.00000000000006,13.000000000000002,513.0,28.999999999999996,271.999999999999,small,2,heavy,0,not_truncated,False,,,
0000280_00001_d_0000612.jpg,18,1,car,4,19,447.0,21.999999999999996,486.0,39.0,663.0000000000001,small,2,heavy,0,not_truncated,False,,,
0000280_00001_d_0000612.jpg,19,1,car,4,20,469.0,44.0,491.00000000000006,63.99999999999999,440.00000000000097,small,1,partial,0,not_truncated,True,37,0.32363125681877136,0.9082365036010742
0000280_00001_d_0000612.jpg,20,3,truck,6,21,401.0,113.0,438.00000000000006,153.0,1480.0000000000023,medium,1,partial,0,not_truncated,False,,,
0000280_00001_d_0000612.jpg,21,1,car,4,22,388.0,147.99999999999997,417.0,178.0,870.0000000000008,small,1,partial,0,not_truncated,False,,,
0000280_00001_d_0000612.jpg,22,2,van,5,23,363.0,161.0,399.0,207.99999999999997,1691.999999999999,medium,1,partial,0,not_truncated,False,,,
0000280_00001_d_0000612.jpg,23,1,car,4,24,214.0,228.0,283.0,268.0,2760.0,medium,2,heavy,0,not_truncated,True,20,0.4868660271167755,0.554781973361969
0000280_00001_d_0000612.jpg,24,2,van,5,25,540.0,54.99999999999999,565.0,90.0,875.0000000000002,small,1,partial,0,not_truncated,False,,,
0000280_00001_d_0000612.jpg,25,1,car,4,26,554.0,41.0,575.0000000000001,63.0,462.0000000000025,small,1,partial,0,not_truncated,True,24,0.3998095989227295,0.57166588306427
0000280_00001_d_0000612.jpg,26,2,van,5,27,581.0,0.0,615.0,17.0,578.0,small,1,partial,0,not_truncated,False,,,
0000280_00001_d_0000612.jpg,27,0,pedestrian,1,29,696.9999999999999,25.999999999999996,702.9999999999999,37.0,66.00000000000003,small,1,partial,0,not_truncated,False,,,
0000280_00001_d_0000612.jpg,28,0,pedestrian,1,30,704.0000000000001,39.0,712.0,53.0,111.99999999999841,small,1,partial,0,not_truncated,False,,,
0000280_00001_d_0000612.jpg,29,0,pedestrian,1,31,661.0,39.99999999999999,668.0,57.99999999999999,126.0,small,1,partial,0,not_truncated,False,,,
0000280_00001_d_0000612.jpg,30,0,pedestrian,1,32,657.0,41.0,664.0,59.0,126.0,small,1,partial,0,not_truncated,False,,,
0000280_00001_d_0000612.jpg,31,0,pedestrian,1,33,652.0,39.0,658.0,57.99999999999999,113.99999999999996,small,0,none,0,not_truncated,False,,,
0000280_00001_d_0000612.jpg,32,0,pedestrian,1,34,718.0,39.99999999999999,726.0,57.99999999999999,144.0,small,0,none,0,not_truncated,False,,,
0000280_00001_d_0000612.jpg,33,0,pedestrian,1,38,567.0,229.0,578.0,252.0,253.0,small,1,partial,0,not_truncated,False,,,
0000280_00001_d_0000612.jpg,34,0,pedestrian,1,39,257.0,249.0,272.0,289.00000000000006,600.0000000000009,small,1,partial,0,not_truncated,False,,,
0000280_00001_d_0000612.jpg,35,0,pedestrian,1,40,91.00000000000001,239.0,117.0,275.00000000000006,936.0000000000009,small,0,none,0,not_truncated,False,,,
0000280_00001_d_0000612.jpg,36,0,pedestrian,1,41,53.0,366.0,78.0,407.0,1025.0,medium,0,none,0,not_truncated,True,17,0.5174310207366943,0.6855672597885132
0000280_00001_d_0000612.jpg,37,0,pedestrian,1,44,307.0,456.0,328.0,498.0,882.0,small,1,partial,0,not_truncated,False,,,
0000280_00001_d_0000612.jpg,38,0,pedestrian,1,51,617.0,456.0,632.9999999999999,499.0,687.9999999999951,small,1,partial,0,not_truncated,True,38,0.3099921941757202,0.8228886127471924
0000280_00001_d_0000612.jpg,39,0,pedestrian,1,52,880.0,394.99999999999994,898.0,426.0,558.000000000001,small,1,partial,0,not_truncated,False,,,
0000280_00001_d_0000612.jpg,40,0,pedestrian,1,53,976.0,591.0,994.9999999999999,639.0,911.9999999999945,small,2,heavy,0,not_truncated,False,,,
0000280_00001_d_0000612.jpg,41,0,pedestrian,1,54,973.0,599.0,993.0,652.0,1060.0,medium,0,none,0,not_truncated,True,19,0.49432674050331116,0.714484453201294
0000280_00001_d_0000612.jpg,42,0,pedestrian,1,55,1273.0,545.0,1298.0,588.0,1075.0,medium,0,none,0,not_truncated,True,6,0.7090593576431274,0.8735486268997192
0000280_00001_d_0000612.jpg,43,0,pedestrian,1,56,1141.0,417.99999999999994,1158.0,462.0,748.0000000000009,small,0,none,0,not_truncated,False,,,
0000280_00001_d_0000612.jpg,44,0,pedestrian,1,57,1126.0,411.0,1143.0,457.0,782.0,small,0,none,0,not_truncated,True,12,0.598487913608551,0.7870580554008484
0000280_00001_d_0000612.jpg,45,0,pedestrian,1,58,1093.0,385.0,1115.0,426.0,902.0,small,0,none,0,not_truncated,True,40,0.3025388717651367,0.8002805709838867
0000280_00001_d_0000612.jpg,46,0,pedestrian,1,59,1160.0,585.0,1182.0,631.0,1012.0,small,1,partial,0,not_truncated,False,,,
0000280_00001_d_0000612.jpg,47,0,pedestrian,1,62,979.0,311.0,992.0,347.00000000000006,468.00000000000074,small,0,none,0,not_truncated,False,,,
0000280_00001_d_0000612.jpg,48,0,pedestrian,1,63,952.0000000000001,308.0,969.0,342.99999999999994,594.9999999999951,small,0,none,0,not_truncated,True,7,0.6961722373962402,0.8369600176811218
0000280_00001_d_0000612.jpg,49,2,van,5,64,881.9999999999999,279.0,936.0,359.0,4320.000000000009,medium,2,heavy,0,not_truncated,True,22,0.41280966997146606,0.5511232614517212
0000280_00001_d_0000612.jpg,50,1,car,4,70,808.0,69.0,830.9999999999999,92.0,528.9999999999974,small,1,partial,0,not_truncated,True,13,0.5846648812294006,0.9092984795570374
0000280_00001_d_0000612.jpg,51,1,car,4,71,798.0,51.0,819.0,80.0,609.0,small,1,partial,0,not_truncated,True,26,0.39500826597213745,0.5263199806213379
0000280_00001_d_0000612.jpg,52,1,car,4,72,791.0000000000001,41.99999999999999,811.0,61.99999999999999,399.9999999999977,small,1,partial,0,not_truncated,True,31,0.3344922661781311,0.720368504524231
0000280_00001_d_0000612.jpg,53,1,car,4,73,840.0,33.0,866.9999999999999,53.0,539.9999999999977,small,1,partial,0,not_truncated,False,,,
0000280_00001_d_0000612.jpg,54,1,car,4,74,843.0,15.0,866.0,35.0,460.0,small,1,partial,0,not_truncated,True,48,0.2659556567668915,0.6787130832672119
0000280_00001_d_0000612.jpg,55,1,car,4,75,772.0,12.999999999999998,791.9999999999999,30.999999999999996,359.99999999999795,small,1,partial,0,not_truncated,False,,,
0000280_00001_d_0000612.jpg,56,1,car,4,76,788.0000000000001,25.0,821.0,41.0,527.9999999999982,small,2,heavy,0,not_truncated,True,35,0.3299248218536377,0.6392286419868469
0000280_00001_d_0000612.jpg,57,1,car,4,77,843.0,52.00000000000001,877.9999999999999,72.0,699.9999999999975,small,0,none,0,not_truncated,True,27,0.39374446868896484,0.8563699722290039
0000280_00001_d_0000612.jpg,58,1,car,4,78,878.0,36.0,903.0,57.99999999999999,549.9999999999998,small,0,none,0,not_truncated,True,47,0.2667446732521057,0.7959900498390198
0000280_00001_d_0000612.jpg,59,0,pedestrian,1,79,957.0000000000001,102.0,967.0,121.00000000000001,189.99999999999798,small,0,none,0,not_truncated,False,,,
0000280_00001_d_0000612.jpg,60,0,pedestrian,1,83,1010.0,185.00000000000003,1020.0,212.0,269.9999999999997,small,2,heavy,0,not_truncated,False,,,
0000280_00001_d_0000612.jpg,61,0,pedestrian,1,87,885.0,61.99999999999999,895.0,78.0,160.00000000000006,small,2,heavy,0,not_truncated,False,,,
0000280_00001_d_0000612.jpg,62,0,pedestrian,1,88,892.0,57.99999999999999,899.0,76.0,126.00000000000006,small,2,heavy,0,not_truncated,False,,,
0000280_00801_d_0000616.jpg,0,1,car,4,1,785.9999999999999,431.0,866.9999999999999,502.00000000000006,5751.000000000005,medium,0,none,0,not_truncated,True,0,0.936000406742096,0.9081209897994995
0000280_00801_d_0000616.jpg,1,1,car,4,2,599.0,172.0,637.0,200.0,1064.0,medium,0,none,0,not_truncated,True,2,0.7715538144111633,0.725323498249054
0000280_00801_d_0000616.jpg,2,1,car,4,3,643.0,127.0,658.0,141.0,210.0,small,0,none,0,not_truncated,True,8,0.5151955485343933,0.844617486000061
0000280_00801_d_0000616.jpg,3,2,van,5,4,406.0,274.0,456.99999999999994,325.0,2600.9999999999973,medium,0,none,0,not_truncated,True,7,0.5661249160766602,0.7015957832336426
0000280_00801_d_0000616.jpg,4,1,car,4,5,432.0,265.00000000000006,470.0,299.0,1291.9999999999977,medium,2,heavy,0,not_truncated,False,,,
0000280_00801_d_0000616.jpg,5,1,car,4,6,454.99999999999994,241.00000000000003,488.0,274.0,1089.000000000001,medium,1,partial,0,not_truncated,True,20,0.3480217158794403,0.7104187607765198
0000280_00801_d_0000616.jpg,6,1,car,4,7,464.0,190.0,526.0,216.0,1612.0,medium,1,partial,0,not_truncated,True,12,0.4400838017463684,0.6132940649986267
0000280_00801_d_0000616.jpg,7,1,car,4,8,503.99999999999994,174.0,532.0,199.00000000000003,700.0000000000023,small,1,partial,0,not_truncated,True,9,0.4929663836956024,0.670889139175415
0000280_00801_d_0000616.jpg,8,1,car,4,9,475.99999999999994,211.00000000000003,504.0,238.0,756.0000000000007,small,1,partial,0,not_truncated,True,13,0.4345308840274811,0.6219658255577087
0000280_00801_d_0000616.jpg,9,1,car,4,10,463.0,225.0,496.00000000000006,252.0,891.0000000000016,small,1,partial,0,not_truncated,False,,,
0000280_00801_d_0000616.jpg,10,1,car,4,11,927.9999999999999,324.0,982.0,373.0,2646.0000000000055,medium,1,partial,0,not_truncated,True,15,0.4011244475841522,0.8066279888153076
0000280_00801_d_0000616.jpg,11,1,car,4,12,876.9999999999999,289.0,927.0,325.00000000000006,1800.000000000007,medium,1,partial,0,not_truncated,True,1,0.8001937866210938,0.7675517797470093
0000280_00801_d_0000616.jpg,12,1,car,4,13,851.0,255.99999999999997,897.0000000000001,299.0,1978.0000000000061,medium,1,partial,0,not_truncated,True,11,0.44341787695884705,0.6777126789093018
0000280_00801_d_0000616.jpg,13,1,car,4,14,827.0000000000001,237.0,867.9999999999999,270.99999999999994,1393.99999999999,medium,1,partial,0,not_truncated,True,4,0.6511303782463074,0.8458316326141357
0000280_00801_d_0000616.jpg,14,1,car,4,15,927.0,257.0,987.0000000000001,287.0,1800.0000000000034,medium,1,partial,0,not_truncated,True,3,0.7476454973220825,0.873365581035614
0000280_00801_d_0000616.jpg,15,1,car,4,16,967.9999999999999,231.00000000000003,1019.0,263.0,1632.0000000000023,medium,1,partial,0,not_truncated,True,5,0.6316262483596802,0.847164511680603
0000280_00801_d_0000616.jpg,16,1,car,4,17,965.9999999999999,427.0,1115.0,494.99999999999994,10132.0,large,2,heavy,0,not_truncated,True,6,0.5730822086334229,0.893782913684845
0000280_00801_d_0000616.jpg,17,1,car,4,18,900.0,223.00000000000003,952.0000000000001,255.99999999999997,1716.0000000000007,medium,2,heavy,0,not_truncated,True,29,0.2747232913970947,0.6513053178787231
0000280_00801_d_0000616.jpg,18,1,car,4,19,510.0,167.0,535.0000000000001,189.0,550.0000000000025,small,2,heavy,0,not_truncated,False,,,
0000280_00801_d_0000616.jpg,19,1,car,4,20,520.0,163.00000000000003,540.0,180.0,339.99999999999943,small,2,heavy,0,not_truncated,True,19,0.3504098951816559,0.5453046560287476
0000280_00801_d_0000616.jpg,20,1,car,4,21,520.0,155.0,539.0,171.99999999999997,322.99999999999943,small,2,heavy,0,not_truncated,True,14,0.4155683219432831,0.6283900141716003
0000280_00801_d_0000616.jpg,21,1,car,4,22,525.0,147.0,545.0,164.0,340.0,small,2,heavy,0,not_truncated,True,24,0.3277195394039154,0.5817010402679443
0000280_00801_d_0000616.jpg,22,1,car,4,23,533.0,142.0,549.9999999999999,156.0,237.9999999999984,small,2,heavy,0,not_truncated,False,,,
0000280_00801_d_0000616.jpg,23,1,car,4,24,533.0000000000001,131.0,552.0,146.0,284.9999999999983,small,2,heavy,0,not_truncated,False,,,
0000280_00801_d_0000616.jpg,24,1,car,4,25,545.0,125.0,560.0,137.0,180.0,small,1,partial,0,not_truncated,True,32,0.2548987567424774,0.5202181339263916
0000280_00801_d_0000616.jpg,25,1,car,4,26,550.0,116.99999999999999,565.0,127.99999999999999,165.0,small,1,partial,0,not_truncated,True,27,0.28253114223480225,0.5939210057258606
0000280_00801_d_0000616.jpg,26,2,van,5,27,550.0,108.0,565.0,121.0,195.0,small,1,partial,0,not_truncated,False,,,
0000280_00801_d_0000616.jpg,27,1,car,4,30,582.0,93.99999999999999,591.0,103.0,81.00000000000013,small,0,none,0,not_truncated,True,17,0.37497878074645996,0.8744913339614868
0000280_00801_d_0000616.jpg,28,1,car,4,31,599.0,81.00000000000001,609.0,90.0,89.99999999999986,small,0,none,0,not_truncated,True,28,0.2812381684780121,0.6517285108566284
0000280_00801_d_0000616.jpg,29,1,car,4,32,597.0,78.0,604.0,85.0,49.0,small,1,partial,0,not_truncated,False,,,
0000280_00801_d_0000616.jpg,30,1,car,4,34,621.0,83.0,631.0,91.0,80.0,small,0,none,0,not_truncated,False,,,
0000280_00801_d_0000616.jpg,31,1,car,4,35,619.0,78.0,628.0,85.99999999999999,71.99999999999987,small,1,partial,0,not_truncated,False,,,
0000280_00801_d_0000616.jpg,32,4,bus,9,36,629.0,71.0,641.0,85.99999999999999,179.99999999999983,small,0,none,0,not_truncated,False,,,
0000280_00801_d_0000616.jpg,33,4,bus,9,37,631.0,57.0,639.0,70.0,104.0,small,1,partial,0,not_truncated,False,,,
0000280_00801_d_0000616.jpg,34,0,pedestrian,1,40,674.0,141.0,679.0,156.0,75.0,small,0,none,0,not_truncated,False,,,
0000280_00801_d_0000616.jpg,35,0,pedestrian,1,41,612.0,259.0,623.0,291.0,352.0,small,0,none,0,not_truncated,False,,,
0000280_00801_d_0000616.jpg,36,0,pedestrian,1,42,625.0,272.0,637.0,296.0,288.0,small,0,none,0,not_truncated,False,,,
0000280_00801_d_0000616.jpg,37,0,pedestrian,1,49,1015.0,274.0,1028.0,306.99999999999994,428.99999999999926,small,0,none,0,not_truncated,True,26,0.30919358134269714,0.7736534476280212
0000280_00801_d_0000616.jpg,38,0,pedestrian,1,50,983.0,266.00000000000006,995.9999999999999,300.0,441.9999999999954,small,0,none,0,not_truncated,False,,,
0000280_00801_d_0000616.jpg,39,0,pedestrian,1,55,998.0000000000001,327.0,1010.0,351.0,287.99999999999727,small,0,none,0,not_truncated,False,,,
0000280_00801_d_0000616.jpg,40,0,pedestrian,1,56,1042.0,327.0,1054.0,362.0,420.0,small,1,partial,0,not_truncated,False,,,
0000280_00801_d_0000616.jpg,41,0,pedestrian,1,64,1220.0,350.0,1237.0,396.99999999999994,798.9999999999991,small,1,partial,0,not_truncated,False,,,
0000280_00801_d_0000616.jpg,42,0,pedestrian,1,65,1217.0,515.0,1240.0,558.0,989.0,small,1,partial,0,not_truncated,False,,,
0000280_00801_d_0000616.jpg,43,1,car,4,73,191.0,237.0,247.00000000000003,283.0,2576.0000000000014,medium,2,heavy,0,not_truncated,False,,,
0000280_00801_d_0000616.jpg,44,1,car,4,74,312.0,212.99999999999997,367.0,252.0,2145.0000000000014,medium,2,heavy,0,not_truncated,False,,,
0000280_01601_d_0000620.jpg,0,1,car,4,1,698.9999999999999,636.0,785.9999999999999,758.0,10614.0,large,0,none,0,not_truncated,True,2,0.929155170917511,0.9527204036712646
0000280_01601_d_0000620.jpg,1,1,car,4,2,1097.0,610.0,1244.0,728.0,17346.0,large,1,partial,0,not_truncated,True,1,0.9310146570205688,0.9605630040168762
0000280_01601_d_0000620.jpg,2,1,car,4,3,1276.0,616.0,1360.0,721.0,8820.0,medium,1,partial,1,truncated,True,21,0.5814210772514343,0.8255407214164734
0000280_01601_d_0000620.jpg,3,1,car,4,4,584.0,497.99999999999994,647.0,574.0,4788.000000000004,medium,0,none,0,not_truncated,True,3,0.9254818558692932,0.9296402335166931
0000280_01601_d_0000620.jpg,4,1,car,4,5,1051.0,459.0,1181.0,517.0,7540.0,medium,1,partial,0,not_truncated,True,14,0.7422844767570496,0.6742411851882935
0000280_01601_d_0000620.jpg,5,1,car,4,6,1171.0,433.0,1265.0,493.99999999999994,5733.9999999999945,medium,1,partial,0,not_truncated,True,45,0.29694437980651855,0.8794183731079102
0000280_01601_d_0000620.jpg,6,1,car,4,7,1004.0,417.00000000000006,1114.0,468.00000000000006,5610.0,medium,2,heavy,0,not_truncated,True,23,0.5242182612419128,0.7586221694946289
0000280_01601_d_0000620.jpg,7,1,car,4,8,943.0,426.0,1007.0,488.99999999999994,4031.9999999999964,medium,1,partial,0,not_truncated,True,8,0.8230860233306885,0.9578332901000977
0000280_01601_d_0000620.jpg,8,2,van,5,9,908.9999999999999,360.00000000000006,983.0,439.00000000000006,5846.000000000009,medium,1,partial,0,not_truncated,True,11,0.8116370439529419,0.8757956624031067
0000280_01601_d_0000620.jpg,9,1,car,4,10,1165.0,270.0,1220.0,298.0,1540.0,medium,0,none,0,not_truncated,True,16,0.7073148488998413,0.8638727068901062
0000280_01601_d_0000620.jpg,10,1,car,4,11,1107.0,245.00000000000003,1155.0000000000002,270.0,1200.0000000000043,medium,0,none,0,not_truncated,True,13,0.7662205100059509,0.6527715921401978
0000280_01601_d_0000620.jpg,11,1,car,4,12,1018.0,244.00000000000003,1058.9999999999998,270.0,1065.999999999993,medium,1,partial,0,not_truncated,False,,,
0000280_01601_d_0000620.jpg,12,1,car,4,13,992.0000000000001,245.99999999999997,1025.0,267.0,692.9999999999985,small,2,heavy,0,not_truncated,False,,,
0000280_01601_d_0000620.jpg,13,1,car,4,14,1322.0000000000002,289.0,1360.0,315.0,987.9999999999941,small,0,none,1,truncated,True,27,0.46832868456840515,0.9138997793197632
0000280_01601_d_0000620.jpg,14,0,pedestrian,1,15,1306.0,253.0,1319.0,279.0,338.0,small,0,none,0,not_truncated,True,47,0.2752780020236969,0.758484423160553
0000280_01601_d_0000620.jpg,15,0,pedestrian,1,16,1289.0,252.0,1300.0,275.0,253.0,small,0,none,0,not_truncated,True,36,0.33864015340805054,0.8433611989021301
0000280_01601_d_0000620.jpg,16,0,pedestrian,1,17,1303.0,226.0,1312.0,247.00000000000003,189.00000000000026,small,0,none,0,not_truncated,False,,,
0000280_01601_d_0000620.jpg,17,0,pedestrian,1,18,1294.0,225.0,1305.0,245.00000000000003,220.0000000000003,small,0,none,0,not_truncated,False,,,
0000280_01601_d_0000620.jpg,18,1,car,4,19,1243.0,209.99999999999997,1293.0,230.0,1000.0000000000014,small,0,none,0,not_truncated,False,,,
0000280_01601_d_0000620.jpg,19,2,van,5,20,1329.0,210.99999999999997,1360.0,229.0,558.0000000000009,small,1,partial,1,truncated,False,,,
0000280_01601_d_0000620.jpg,20,3,truck,6,21,1304.0,202.0,1358.0,226.0,1296.0,medium,1,partial,0,not_truncated,False,,,
0000280_01601_d_0000620.jpg,21,1,car,4,22,1148.0000000000002,246.00000000000003,1191.0,270.0,1031.9999999999934,medium,1,partial,0,not_truncated,True,46,0.2880840599536896,0.5206552743911743
0000280_01601_d_0000620.jpg,22,1,car,4,25,61.00000000000001,547.0,179.0,634.0,10266.0,large,0,none,0,not_truncated,True,18,0.6329019665718079,0.6843774914741516
0000280_01601_d_0000620.jpg,23,0,pedestrian,1,26,168.0,544.0,195.0,602.0,1566.0,medium,0,none,0,not_truncated,False,,,
0000280_01601_d_0000620.jpg,24,1,car,4,27,33.99999999999999,500.0,133.0,569.9999999999999,6929.999999999989,medium,1,partial,0,not_truncated,True,5,0.8784329891204834,0.9175177216529846
0000280_01601_d_0000620.jpg,25,1,car,4,28,94.0,445.00000000000006,184.99999999999997,505.0,5459.999999999993,medium,1,partial,0,not_truncated,True,0,0.9545421600341797,0.9070895314216614
0000280_01601_d_0000620.jpg,26,0,pedestrian,1,29,191.0,416.99999999999994,208.00000000000003,461.0,748.0000000000023,small,0,none,0,not_truncated,False,,,
0000280_01601_d_0000620.jpg,27,0,pedestrian,1,31,136.0,407.0,152.0,450.0,688.0,small,1,partial,0,not_truncated,False,,,
0000280_01601_d_0000620.jpg,28,0,pedestrian,1,32,117.0,391.99999999999994,138.0,436.0,924.0000000000011,small,1,partial,0,not_truncated,False,,,
0000280_01601_d_0000620.jpg,29,1,car,4,34,202.0,379.0,269.0,422.00000000000006,2881.0000000000036,medium,1,partial,0,not_truncated,True,19,0.6041817665100098,0.9161505699157715
0000280_01601_d_0000620.jpg,30,1,car,4,35,304.0,307.99999999999994,353.00000000000006,349.0,2009.0000000000052,medium,2,heavy,0,not_truncated,False,,,
0000280_01601_d_0000620.jpg,31,1,car,4,36,289.00000000000006,474.99999999999994,387.0,551.0,7448.000000000001,medium,0,none,0,not_truncated,True,34,0.3613276183605194,0.9752932190895081
0000280_01601_d_0000620.jpg,32,1,car,4,37,355.99999999999994,422.00000000000006,424.0,479.0,3875.9999999999995,medium,1,partial,0,not_truncated,True,4,0.8791831135749817,0.9753773808479309
0000280_01601_d_0000620.jpg,33,1,car,4,38,392.99999999999994,386.0,457.00000000000006,434.0,3072.0000000000055,medium,1,partial,0,not_truncated,True,24,0.5216121673583984,0.9053524732589722
0000280_01601_d_0000620.jpg,34,1,car,4,39,421.0,350.0,469.0,391.99999999999994,2015.9999999999973,medium,1,partial,0,not_truncated,True,7,0.8438156843185425,0.9262804985046387
0000280_01601_d_0000620.jpg,35,1,car,4,40,439.0,314.0,488.0,363.0,2401.0,medium,1,partial,0,not_truncated,True,17,0.6402518153190613,0.7449880242347717
0000280_01601_d_0000620.jpg,36,1,car,4,41,469.0,298.0,509.0,331.99999999999994,1359.9999999999977,medium,1,partial,0,not_truncated,True,25,0.49281221628189087,0.851750373840332
0000280_01601_d_0000620.jpg,37,1,car,4,42,484.0,280.0,515.0000000000001,310.0,930.0000000000034,small,1,partial,0,not_truncated,False,,,
0000280_01601_d_0000620.jpg,38,1,car,4,43,494.0,263.0,527.0,292.0,957.0,small,1,partial,0,not_truncated,True,15,0.7371596097946167,0.8999509811401367
0000280_01601_d_0000620.jpg,39,1,car,4,44,523.0,242.0,549.0,264.0,572.0,small,0,none,0,not_truncated,True,9,0.8187278509140015,0.8664748072624207
0000280_01601_d_0000620.jpg,40,1,car,4,45,646.0,280.0,677.0,305.0,775.0,small,0,none,0,not_truncated,True,12,0.783501923084259,0.8094141483306885
0000280_01601_d_0000620.jpg,41,1,car,4,46,604.0,219.0,627.0,238.0,437.0,small,0,none,0,not_truncated,True,31,0.4000712037086487,0.8019412159919739
0000280_01601_d_0000620.jpg,42,1,car,4,55,542.0,216.0,564.0,236.0,440.0,small,0,none,0,not_truncated,True,30,0.42234301567077637,0.7199872136116028
0000280_01601_d_0000620.jpg,43,2,van,5,56,544.0,203.0,567.0,225.0,506.0,small,1,partial,0,not_truncated,False,,,
0000280_01601_d_0000620.jpg,44,1,car,4,57,553.0,201.0,576.0000000000001,219.00000000000003,414.00000000000273,small,2,heavy,0,not_truncated,False,,,
0000280_01601_d_0000620.jpg,45,1,car,4,58,858.0000000000001,308.0,895.0,341.0,1220.9999999999964,medium,1,partial,0,not_truncated,True,10,0.8170003890991211,0.8056851029396057
0000280_01601_d_0000620.jpg,46,1,car,4,59,830.0000000000001,290.0,867.9999999999999,318.99999999999994,1101.9999999999914,medium,1,partial,0,not_truncated,False,,,
0000280_01601_d_0000620.jpg,47,1,car,4,60,813.0000000000001,267.0,846.0,294.0,890.9999999999969,small,1,partial,0,not_truncated,True,28,0.4525141716003418,0.8494461178779602
0000280_01601_d_0000620.jpg,48,1,car,4,61,808.0,252.0,833.9999999999999,272.0,519.9999999999977,small,1,partial,0,not_truncated,True,40,0.323904424905777,0.7041524648666382
0000280_01601_d_0000620.jpg,49,1,car,4,62,801.0,240.0,826.9999999999999,259.0,493.99999999999784,small,2,heavy,0,not_truncated,False,,,
0000280_01601_d_0000620.jpg,50,1,car,4,63,785.0000000000001,230.0,814.0,250.0,579.9999999999977,small,2,heavy,0,not_truncated,False,,,
0000280_01601_d_0000620.jpg,51,1,car,4,64,786.0000000000001,219.0,807.0,240.0,440.9999999999976,small,2,heavy,0,not_truncated,False,,,
0000280_01601_d_0000620.jpg,52,1,car,4,65,779.0000000000001,214.0,803.0,233.00000000000003,455.9999999999985,small,2,heavy,0,not_truncated,False,,,
0000280_01601_d_0000620.jpg,53,3,truck,6,66,341.0,243.99999999999997,400.99999999999994,269.0,1500.0000000000002,medium,2,heavy,0,not_truncated,False,,,
0000280_01601_d_0000620.jpg,54,2,van,5,67,402.0,244.00000000000003,436.00000000000006,278.0,1156.000000000001,medium,2,heavy,0,not_truncated,False,,,
0000280_01601_d_0000620.jpg,55,1,car,4,68,418.99999999999994,237.0,443.0,261.0,576.0000000000014,small,2,heavy,0,not_truncated,False,,,
0000280_01601_d_0000620.jpg,56,1,car,4,69,437.99999999999994,231.0,461.0,251.0,460.00000000000114,small,2,heavy,0,not_truncated,False,,,
0000280_01601_d_0000620.jpg,57,1,car,4,70,452.00000000000006,218.0,473.0,238.0,419.99999999999886,small,1,partial,0,not_truncated,False,,,
0000280_01601_d_0000620.jpg,58,2,van,5,71,462.0,205.0,481.99999999999994,228.0,459.9999999999987,small,1,partial,0,not_truncated,False,,,
0000280_01601_d_0000620.jpg,59,1,car,4,72,476.00000000000006,199.00000000000003,495.0,221.00000000000003,417.99999999999875,small,1,partial,0,not_truncated,True,50,0.2534005045890808,0.6036663055419922
0000280_01601_d_0000620.jpg,60,1,car,4,73,669.0,172.0,681.0,186.0,168.0,small,0,none,0,not_truncated,True,22,0.5304680466651917,0.6174609065055847
0000280_01601_d_0000620.jpg,61,3,truck,6,74,681.0,161.0,693.0,177.99999999999997,203.99999999999966,small,0,none,0,not_truncated,False,,,
0000280_01601_d_0000620.jpg,62,1,car,4,75,655.0,159.0,667.0,170.0,132.0,small,0,none,0,not_truncated,True,43,0.30719178915023804,0.7030709981918335
0000280_01601_d_0000620.jpg,63,1,car,4,76,630.0,161.0,642.0,173.0,144.0,small,0,none,0,not_truncated,True,26,0.490074098110199,0.7007192969322205
0000280_01601_d_0000620.jpg,64,1,car,4,77,602.0,168.0,616.0,179.0,154.0,small,0,none,0,not_truncated,True,41,0.3209954798221588,0.50770503282547
0000280_01601_d_0000620.jpg,65,2,van,5,78,659.0,150.0,670.0,161.0,121.0,small,1,partial,0,not_truncated,False,,,
0000280_01601_d_0000620.jpg,66,1,car,4,79,633.0,149.0,646.0,160.0,143.0,small,0,none,0,not_truncated,True,39,0.3293974995613098,0.5905709266662598
0000280_01601_d_0000620.jpg,67,1,car,4,80,619.0,145.0,631.0,155.0,120.0,small,0,none,0,not_truncated,False,,,
0000280_01601_d_0000620.jpg,68,2,van,5,81,672.0,141.0,682.0,152.0,110.0,small,0,none,0,not_truncated,False,,,
0000280_01601_d_0000620.jpg,69,2,van,5,82,656.0,139.0,665.0,151.0,108.0,small,0,none,0,not_truncated,False,,,
0000280_01601_d_0000620.jpg,70,4,bus,9,83,667.0,124.0,682.0,141.0,255.0,small,0,none,0,not_truncated,False,,,
0000280_01601_d_0000620.jpg,71,1,car,4,84,639.0,144.0,648.0,154.0,90.0,small,2,heavy,0,not_truncated,False,,,
0000280_01601_d_0000620.jpg,72,1,car,4,85,660.0,135.0,669.0,143.0,72.0,small,2,heavy,0,not_truncated,False,,,
0000280_01601_d_0000620.jpg,73,1,car,4,86,636.0,137.0,644.0,145.00000000000003,64.00000000000023,small,0,none,0,not_truncated,False,,,
0000280_01601_d_0000620.jpg,74,1,car,4,87,632.0,133.0,649.0,141.0,136.0,small,1,partial,0,not_truncated,False,,,
0000280_01601_d_0000620.jpg,75,1,car,4,88,639.0,124.99999999999999,647.0,131.0,48.000000000000114,small,0,none,0,not_truncated,False,,,
0000280_01601_d_0000620.jpg,76,1,car,4,89,655.0,129.99999999999997,663.0,137.0,56.00000000000023,small,1,partial,0,not_truncated,False,,,
0000280_01601_d_0000620.jpg,77,2,van,5,90,655.0,125.0,663.0,134.0,72.0,small,1,partial,0,not_truncated,False,,,
0000280_01601_d_0000620.jpg,78,2,van,5,92,562.0,187.00000000000003,581.0,208.00000000000003,399.0,small,1,partial,0,not_truncated,False,,,
0000280_01601_d_0000620.jpg,79,1,car,4,93,568.0,187.0,585.0,201.0,238.0,small,2,heavy,0,not_truncated,False,,,
0000280_01601_d_0000620.jpg,80,1,car,4,94,568.0,181.00000000000003,592.0,197.00000000000003,384.0,small,2,heavy,0,not_truncated,True,37,0.334545761346817,0.5329387784004211
0000280_01601_d_0000620.jpg,81,2,van,5,95,577.0000000000001,174.0,596.0,189.99999999999997,303.99999999999767,small,2,heavy,0,not_truncated,False,,,
0000280_01601_d_0000620.jpg,82,1,car,4,96,583.0,171.0,598.0,183.0,180.0,small,2,heavy,0,not_truncated,False,,,
0000280_01601_d_0000620.jpg,83,1,car,4,97,585.0,165.0,599.0,179.0,196.0,small,2,heavy,0,not_truncated,True,38,0.32996994256973267,0.6511971354484558
0000280_01601_d_0000620.jpg,84,1,car,4,98,589.0,163.0,603.0,173.0,140.0,small,2,heavy,0,not_truncated,False,,,
0000280_01601_d_0000620.jpg,85,1,car,4,99,594.0,155.0,607.0,165.0,130.0,small,2,heavy,0,not_truncated,False,,,
0000280_01601_d_0000620.jpg,86,1,car,4,100,596.0,150.0,610.0,161.0,154.0,small,2,heavy,0,not_truncated,False,,,
0000280_01601_d_0000620.jpg,87,2,van,5,101,600.0,147.0,611.0,158.0,121.0,small,2,heavy,0,not_truncated,False,,,
0000280_01601_d_0000620.jpg,88,1,car,4,102,603.0,146.0,615.0,156.0,120.0,small,2,heavy,0,not_truncated,False,,,
0000280_01601_d_0000620.jpg,89,1,car,4,103,606.0,140.0,617.0,151.0,121.0,small,2,heavy,0,not_truncated,False,,,
0000280_01601_d_0000620.jpg,90,0,pedestrian,1,104,605.0,156.0,610.0,168.0,60.0,small,1,partial,0,not_truncated,False,,,
0000280_02601_d_0000625.jpg,0,1,car,4,10,700.0000000000001,135.0,708.0,142.0,55.999999999999204,small,0,none,0,not_truncated,False,,,
0000280_02601_d_0000625.jpg,1,1,car,4,11,688.0,135.99999999999997,696.0,143.0,56.00000000000023,small,0,none,0,not_truncated,False,,,
0000280_02601_d_0000625.jpg,2,1,car,4,12,674.0,127.0,681.0,134.0,49.0,small,0,none,0,not_truncated,False,,,
0000280_02601_d_0000625.jpg,3,1,car,4,13,673.0,141.99999999999997,680.0,150.0,56.0000000000002,small,0,none,0,not_truncated,True,28,0.39525657892227173,0.5528669357299805
0000280_02601_d_0000625.jpg,4,2,van,5,14,657.0,139.0,664.0,148.0,63.0,small,0,none,0,not_truncated,False,,,
0000280_02601_d_0000625.jpg,5,1,car,4,15,689.0,160.0,700.9999999999999,172.0,143.99999999999864,small,0,none,0,not_truncated,True,18,0.5089154243469238,0.6418076157569885
0000280_02601_d_0000625.jpg,6,4,bus,9,16,712.0,143.0,728.0,167.0,384.0,small,1,partial,0,not_truncated,False,,,
0000280_02601_d_0000625.jpg,7,1,car,4,17,629.0,157.0,638.0,167.0,90.0,small,0,none,0,not_truncated,False,,,
0000280_02601_d_0000625.jpg,8,1,car,4,18,634.0,154.0,643.0,163.00000000000003,81.00000000000026,small,1,partial,0,not_truncated,False,,,
0000280_02601_d_0000625.jpg,9,0,pedestrian,1,19,648.0,155.0,651.0,163.00000000000003,24.000000000000085,small,0,none,0,not_truncated,False,,,
0000280_02601_d_0000625.jpg,10,1,car,4,20,671.0,136.0,679.0,145.00000000000003,72.00000000000023,small,1,partial,0,not_truncated,False,,,
0000280_02601_d_0000625.jpg,11,1,car,4,21,687.0,189.99999999999997,701.9999999999999,203.0,194.99999999999895,small,1,partial,0,not_truncated,True,33,0.31893807649612427,0.8506553173065186
0000280_02601_d_0000625.jpg,12,1,car,4,22,648.0,191.00000000000003,664.0,206.00000000000003,240.0,small,1,partial,0,not_truncated,False,,,
0000280_02601_d_0000625.jpg,13,1,car,4,23,646.0,201.99999999999997,662.0,216.0,224.00000000000045,small,1,partial,0,not_truncated,False,,,
0000280_02601_d_0000625.jpg,14,1,car,4,24,636.0,208.99999999999997,654.9999999999999,228.0,360.99999999999835,small,0,none,0,not_truncated,True,25,0.4448416233062744,0.7484281063079834
0000280_02601_d_0000625.jpg,15,1,car,4,25,637.0,229.0,657.9999999999999,250.0,440.9999999999976,small,0,none,0,not_truncated,True,14,0.5489051342010498,0.8426105976104736
0000280_02601_d_0000625.jpg,16,1,car,4,26,596.0,242.0,614.9999999999999,264.0,417.9999999999975,small,0,none,0,not_truncated,True,10,0.6984673142433167,0.7944159507751465
0000280_02601_d_0000625.jpg,17,1,car,4,27,589.0,319.99999999999994,625.0,359.0,1404.000000000002,medium,0,none,0,not_truncated,True,4,0.8938267827033997,0.9031375050544739
0000280_02601_d_0000625.jpg,18,1,car,4,28,714.0,268.0,740.9999999999999,292.0,647.9999999999973,small,0,none,0,not_truncated,True,21,0.4803033769130707,0.9046056270599365
0000280_02601_d_0000625.jpg,19,1,car,4,29,522.0,479.0,588.0,556.0000000000001,5082.000000000007,medium,0,none,0,not_truncated,True,3,0.9007476568222046,0.9480388164520264
0000280_02601_d_0000625.jpg,20,1,car,4,30,742.9999999999999,523.0,804.0,591.9999999999999,4209.000000000001,medium,0,none,0,not_truncated,True,7,0.8124812245368958,0.9474157691001892
0000280_02601_d_0000625.jpg,21,1,car,4,31,281.0,534.0,393.00000000000006,624.0,10080.000000000005,large,0,none,0,not_truncated,True,2,0.9113104343414307,0.9404457807540894
0000280_02601_d_0000625.jpg,22,1,car,4,32,177.0,632.0,310.0,765.0,17689.0,large,0,none,1,truncated,True,0,0.937930166721344,0.9718493223190308
0000280_02601_d_0000625.jpg,23,2,van,5,35,625.0,480.0,687.0,565.0,5270.0,medium,0,none,0,not_truncated,True,8,0.7751962542533875,0.9539272785186768
0000280_02601_d_0000625.jpg,24,1,car,4,36,426.0,385.0,482.99999999999994,435.0,2849.9999999999973,medium,1,partial,0,not_truncated,True,1,0.9308879375457764,0.9308538436889648
0000280_02601_d_0000625.jpg,25,1,car,4,37,466.0,338.0,514.0,386.0,2304.0,medium,0,none,0,not_truncated,True,12,0.6922228336334229,0.7222687005996704
0000280_02601_d_0000625.jpg,26,1,car,4,38,487.0,313.0,528.0,356.0,1763.0,medium,1,partial,0,not_truncated,True,19,0.4889402985572815,0.6682723164558411
0000280_02601_d_0000625.jpg,27,1,car,4,39,515.0,299.0,550.0,330.0,1085.0,medium,1,partial,0,not_truncated,True,23,0.4636301100254059,0.9315602779388428
0000280_02601_d_0000625.jpg,28,1,car,4,40,527.0,279.0,560.0,305.0,858.0,small,1,partial,0,not_truncated,True,32,0.33045846223831177,0.7910797595977783
0000280_02601_d_0000625.jpg,29,1,car,4,41,540.0,256.0,573.0,286.0,990.0,small,1,partial,0,not_truncated,True,29,0.3795304298400879,0.7093681693077087
0000280_02601_d_0000625.jpg,30,1,car,4,42,555.0,243.99999999999997,577.0000000000001,269.0,550.0000000000035,small,1,partial,0,not_truncated,True,31,0.346303790807724,0.6851425170898438
0000280_02601_d_0000625.jpg,31,0,pedestrian,1,43,567.0,219.0,573.0,236.0,102.0,small,0,none,0,not_truncated,False,,,
0000280_02601_d_0000625.jpg,32,0,pedestrian,1,44,575.0,248.0,585.0,270.0,220.0,small,0,none,0,not_truncated,False,,,
0000280_02601_d_0000625.jpg,33,0,pedestrian,1,45,597.0,233.99999999999997,604.0,253.0,133.0000000000002,small,1,partial,0,not_truncated,False,,,
0000280_02601_d_0000625.jpg,34,0,pedestrian,1,46,910.0000000000001,339.0,920.0,370.0,309.9999999999965,small,0,none,0,not_truncated,False,,,
0000280_02601_d_0000625.jpg,35,1,car,4,47,1225.9999999999998,702.0,1360.0,764.0,8308.000000000015,medium,0,none,1,truncated,True,13,0.6516172885894775,0.9581942558288574
0000280_02601_d_0000625.jpg,36,1,car,4,48,1142.0,600.0,1231.0,690.0,8010.0,medium,2,heavy,0,not_truncated,False,,,
0000280_02601_d_0000625.jpg,37,1,car,4,49,1052.0,517.0,1137.0,589.9999999999999,6204.99999999999,medium,2,heavy,0,not_truncated,True,22,0.46964865922927856,0.7286351323127747
0000280_02601_d_0000625.jpg,38,1,car,4,50,966.9999999999999,395.99999999999994,1023.0,438.0,2352.000000000008,medium,0,none,0,not_truncated,True,5,0.8581454157829285,0.8945037722587585
0000280_02601_d_0000625.jpg,39,1,car,4,51,928.9999999999999,349.0,980.0,389.0,2040.0000000000045,medium,0,none,0,not_truncated,True,6,0.8560699224472046,0.8954370021820068
0000280_02601_d_0000625.jpg,40,1,car,4,52,900.0000000000001,320.0,942.0,349.0,1217.9999999999968,medium,0,none,0,not_truncated,True,11,0.6927841901779175,0.8157492280006409
0000280_02601_d_0000625.jpg,41,1,car,4,53,883.0,295.0,918.9999999999999,327.0,1151.9999999999964,medium,1,partial,0,not_truncated,True,30,0.36436164379119873,0.7606005668640137
0000280_02601_d_0000625.jpg,42,1,car,4,54,865.0000000000001,282.0,898.0,310.0,923.9999999999968,small,1,partial,0,not_truncated,False,,,
0000280_02601_d_0000625.jpg,43,1,car,4,55,834.0,238.0,860.0,261.0,598.0,small,1,partial,0,not_truncated,False,,,
0000280_02601_d_0000625.jpg,44,1,car,4,75,231.0,385.0,304.0,436.0,3723.0,medium,1,partial,0,not_truncated,True,15,0.5453779697418213,0.8568958640098572
0000280_02601_d_0000625.jpg,45,1,car,4,76,274.0,360.0,335.0,398.00000000000006,2318.0000000000036,medium,1,partial,0,not_truncated,True,9,0.7387824058532715,0.9263693690299988
0000280_02601_d_0000625.jpg,46,1,car,4,77,317.0,331.99999999999994,360.0,371.0,1677.0000000000025,medium,1,partial,0,not_truncated,False,,,
0000280_02601_d_0000625.jpg,47,1,car,4,78,325.0,314.00000000000006,382.0,349.0,1994.9999999999968,medium,1,partial,0,not_truncated,True,16,0.544150710105896,0.6732760667800903
0000280_02601_d_0000625.jpg,48,1,car,4,79,395.00000000000006,270.0,437.00000000000006,291.0,882.0,small,1,partial,0,not_truncated,False,,,
0000280_02601_d_0000625.jpg,49,1,car,4,80,377.0,291.0,416.00000000000006,318.0,1053.0000000000016,medium,1,partial,0,not_truncated,False,,,
0000280_02601_d_0000625.jpg,50,1,car,4,81,270.0,710.0,378.0,765.0,5940.0,medium,0,none,1,truncated,True,20,0.48231780529022217,0.8883814215660095
0000280_02601_d_0000625.jpg,51,0,pedestrian,1,82,171.0,404.0,184.00000000000003,434.00000000000006,390.0000000000016,small,0,none,0,not_truncated,False,,,
0000280_03401_d_0000629.jpg,0,1,car,4,1,1287.0,540.0,1360.0,621.0,5913.0,medium,0,none,1,truncated,True,23,0.4628717005252838,0.9256075620651245
0000280_03401_d_0000629.jpg,1,1,car,4,2,1233.0000000000002,497.0,1360.0,566.9999999999999,8889.999999999969,medium,1,partial,1,truncated,True,9,0.7922919988632202,0.9450960755348206
0000280_03401_d_0000629.jpg,2,1,car,4,3,1209.0,451.0,1359.0,516.0,9750.0,large,1,partial,1,truncated,True,12,0.7110632658004761,0.9764249920845032
0000280_03401_d_0000629.jpg,3,1,car,4,4,1167.0,388.00000000000006,1302.0,453.0,8774.999999999993,medium,1,partial,0,not_truncated,True,2,0.8604002594947815,0.855678141117096
0000280_03401_d_0000629.jpg,4,1,car,4,6,1113.0,358.0,1172.0,402.0,2596.0,medium,1,partial,0,not_truncated,False,,,
0000280_03401_d_0000629.jpg,5,2,van,5,8,1110.0,280.0,1156.0000000000002,322.0,1932.0000000000095,medium,0,none,0,not_truncated,True,11,0.7139027118682861,0.7807291746139526
0000280_03401_d_0000629.jpg,6,1,car,4,9,1053.0,308.0,1122.0,343.99999999999994,2483.999999999996,medium,1,partial,0,not_truncated,False,,,
0000280_03401_d_0000629.jpg,7,1,car,4,10,1027.0,286.0,1092.0,314.0,1820.0,medium,1,partial,0,not_truncated,True,14,0.597929835319519,0.8093252778053284
0000280_03401_d_0000629.jpg,8,1,car,4,11,1006.9999999999999,267.0,1070.0,295.0,1764.0000000000032,medium,1,partial,0,not_truncated,True,25,0.4075605273246765,0.7795209288597107
0000280_03401_d_0000629.jpg,9,1,car,4,15,958.0000000000001,254.00000000000003,994.9999999999999,284.0,1109.999999999992,medium,1,partial,0,not_truncated,True,13,0.6965705156326294,0.8464375138282776
0000280_03401_d_0000629.jpg,10,1,car,4,17,969.9999999999999,229.0,1016.0,249.0,920.0000000000023,small,2,heavy,0,not_truncated,False,,,
0000280_03401_d_0000629.jpg,11,1,car,4,18,951.0000000000001,211.00000000000003,988.0,233.00000000000003,813.9999999999975,small,1,partial,0,not_truncated,False,,,
0000280_03401_d_0000629.jpg,12,1,car,4,19,926.0,214.0,950.0,242.0,672.0,small,1,partial,0,not_truncated,False,,,
0000280_03401_d_0000629.jpg,13,1,car,4,20,938.0000000000001,193.0,977.0,216.0,896.9999999999974,small,2,heavy,0,not_truncated,False,,,
0000280_03401_d_0000629.jpg,14,2,van,5,21,927.0,182.0,961.9999999999999,204.0,769.9999999999975,small,2,heavy,0,not_truncated,False,,,
0000280_03401_d_0000629.jpg,15,0,pedestrian,1,22,879.0,144.0,885.0,163.00000000000003,114.00000000000017,small,1,partial,0,not_truncated,False,,,
0000280_03401_d_0000629.jpg,16,1,car,4,23,891.0,143.0,921.9999999999999,160.99999999999997,557.999999999997,small,2,heavy,0,not_truncated,False,,,
0000280_03401_d_0000629.jpg,17,4,bus,9,25,778.0,66.0,785.9999999999999,78.0,95.99999999999864,small,0,none,0,not_truncated,False,,,
0000280_03401_d_0000629.jpg,18,1,car,4,26,749.0,81.0,756.0,88.0,49.0,small,0,none,0,not_truncated,False,,,
0000280_03401_d_0000629.jpg,19,1,car,4,27,746.0000000000001,79.0,751.0,84.0,24.99999999999943,small,1,partial,0,not_truncated,False,,,
0000280_03401_d_0000629.jpg,20,1,car,4,28,738.0,84.0,743.9999999999999,90.0,35.99999999999932,small,0,none,0,not_truncated,False,,,
0000280_03401_d_0000629.jpg,21,1,car,4,29,729.0,83.0,736.0,90.0,49.0,small,0,none,0,not_truncated,False,,,
0000280_03401_d_0000629.jpg,22,1,car,4,30,743.0000000000001,91.0,751.0,98.00000000000001,55.99999999999932,small,0,none,0,not_truncated,False,,,
0000280_03401_d_0000629.jpg,23,1,car,4,31,746.0000000000001,97.0,764.0,106.0,161.99999999999898,small,0,none,0,not_truncated,False,,,
0000280_03401_d_0000629.jpg,24,1,car,4,32,767.0,96.0,776.0,104.00000000000001,72.00000000000013,small,0,none,0,not_truncated,False,,,
0000280_03401_d_0000629.jpg,25,1,car,4,33,762.0,90.0,768.0,97.0,42.0,small,1,partial,0,not_truncated,False,,,
0000280_03401_d_0000629.jpg,26,0,pedestrian,1,34,791.0000000000001,93.99999999999999,793.0,103.0,17.999999999999005,small,0,none,0,not_truncated,False,,,
0000280_03401_d_0000629.jpg,27,0,pedestrian,1,35,779.0,125.0,782.9999999999999,137.0,47.999999999998636,small,0,none,0,not_truncated,False,,,
0000280_03401_d_0000629.jpg,28,0,pedestrian,1,36,783.9999999999999,129.0,787.9999999999999,136.0,28.0,small,0,none,0,not_truncated,False,,,
0000280_03401_d_0000629.jpg,29,0,pedestrian,1,37,799.0,130.0,802.0,139.00000000000003,27.000000000000085,small,0,none,0,not_truncated,False,,,
0000280_03401_d_0000629.jpg,30,0,pedestrian,1,38,801.0,127.99999999999999,805.0,138.0,40.00000000000006,small,1,partial,0,not_truncated,False,,,
0000280_03401_d_0000629.jpg,31,1,car,4,43,724.0,137.0,738.0,151.0,196.0,small,0,none,0,not_truncated,True,33,0.2809416949748993,0.7587258815765381
0000280_03401_d_0000629.jpg,32,1,car,4,44,795.0,141.0,814.0,154.0,247.0,small,1,partial,0,not_truncated,False,,,
0000280_03401_d_0000629.jpg,33,2,van,5,45,804.0,155.0,821.0,171.99999999999997,288.99999999999955,small,2,heavy,0,not_truncated,False,,,
0000280_03401_d_0000629.jpg,34,4,bus,9,46,796.0,169.00000000000003,835.9999999999999,227.0,2319.9999999999923,medium,1,partial,0,not_truncated,True,0,0.9217236638069153,0.840857207775116
0000280_03401_d_0000629.jpg,35,1,car,4,47,796.0,277.00000000000006,833.9999999999999,309.0,1215.9999999999943,medium,0,none,0,not_truncated,True,10,0.7662744522094727,0.95113205909729
0000280_03401_d_0000629.jpg,36,1,car,4,48,686.0,130.0,699.9999999999999,143.0,181.99999999999852,small,1,partial,0,not_truncated,True,30,0.3409287631511688,0.5542202591896057
0000280_03401_d_0000629.jpg,37,2,van,5,49,680.0,133.00000000000003,696.0,148.0,239.99999999999955,small,1,partial,0,not_truncated,False,,,
0000280_03401_d_0000629.jpg,38,1,car,4,50,682.0,142.0,694.0,155.0,156.0,small,1,partial,0,not_truncated,False,,,
0000280_03401_d_0000629.jpg,39,1,car,4,51,673.0,144.0,687.0,159.0,210.0,small,1,partial,0,not_truncated,True,31,0.3120003640651703,0.64814293384552
0000280_03401_d_0000629.jpg,40,1,car,4,52,667.0,153.0,683.0,167.0,224.0,small,1,partial,0,not_truncated,False,,,
0000280_03401_d_0000629.jpg,41,1,car,4,53,653.0,159.0,673.0,177.0,360.0,small,0,none,0,not_truncated,True,19,0.48783156275749207,0.7749965786933899
0000280_03401_d_0000629.jpg,42,1,car,4,56,635.9999999999999,187.00000000000003,660.0,209.00000000000003,528.0000000000025,small,1,partial,0,not_truncated,True,17,0.5059670209884644,0.7111082077026367
0000280_03401_d_0000629.jpg,43,1,car,4,57,626.0,199.00000000000003,646.0,222.00000000000003,460.0,small,1,partial,0,not_truncated,False,,,
0000280_03401_d_0000629.jpg,44,1,car,4,58,643.0,227.0,675.0,255.99999999999997,927.9999999999991,small,0,none,0,not_truncated,True,8,0.7977401614189148,0.9399595260620117
0000280_03401_d_0000629.jpg,45,3,truck,6,59,605.0,209.00000000000003,646.0,236.0,1106.9999999999989,medium,1,partial,0,not_truncated,False,,,
0000280_03401_d_0000629.jpg,46,1,car,4,60,503.99999999999994,206.0,531.0,231.0,675.0000000000014,small,1,partial,0,not_truncated,False,,,
0000280_03401_d_0000629.jpg,47,1,car,4,61,492.0,218.0,517.0,245.99999999999997,699.9999999999993,small,1,partial,0,not_truncated,False,,,
0000280_03401_d_0000629.jpg,48,1,car,4,62,465.0,228.00000000000003,505.0,263.0,1399.9999999999989,medium,1,partial,0,not_truncated,False,,,
0000280_03401_d_0000629.jpg,49,1,car,4,63,433.99999999999994,254.00000000000003,475.99999999999994,290.0,1511.9999999999989,medium,1,partial,0,not_truncated,True,16,0.5254738926887512,0.6653412580490112
0000280_03401_d_0000629.jpg,50,1,car,4,64,412.99999999999994,223.00000000000003,450.0,247.00000000000003,888.0000000000014,small,1,partial,0,not_truncated,True,32,0.30582037568092346,0.8729336261749268
0000280_03401_d_0000629.jpg,51,1,car,4,65,371.00000000000006,280.0,425.0,308.0,1511.9999999999984,medium,2,heavy,0,not_truncated,True,18,0.4947279989719391,0.6248952746391296
0000280_03401_d_0000629.jpg,52,1,car,4,68,262.0,317.0,322.0,350.0,1980.0,medium,2,heavy,0,not_truncated,False,,,
0000280_03401_d_0000629.jpg,53,2,van,5,69,184.99999999999997,400.0,264.0,463.99999999999994,5055.999999999997,medium,1,partial,0,not_truncated,False,,,
0000280_03401_d_0000629.jpg,54,1,car,4,70,661.0,274.0,696.0,305.0,1085.0,medium,1,partial,0,not_truncated,True,34,0.27577340602874756,0.8993518948554993
0000280_03401_d_0000629.jpg,55,1,car,4,71,649.0,294.99999999999994,688.0,336.0,1599.0000000000023,medium,1,partial,0,not_truncated,True,5,0.8503219485282898,0.8632605671882629
0000280_03401_d_0000629.jpg,56,1,car,4,72,624.0,335.0,671.0,382.0,2209.0,medium,1,partial,0,not_truncated,True,4,0.8532300591468811,0.8933370113372803
0000280_03401_d_0000629.jpg,57,1,car,4,73,597.0,374.0,653.0,450.0,4256.0,medium,0,none,0,not_truncated,True,6,0.8472483158111572,0.844511866569519
0000280_03401_d_0000629.jpg,58,1,car,4,74,547.0,461.0,620.0,565.0,7592.0,medium,0,none,0,not_truncated,True,3,0.8543258309364319,0.8839548826217651
0000280_03401_d_0000629.jpg,59,1,car,4,75,451.0,457.0,531.0,538.0,6480.0,medium,0,none,0,not_truncated,True,7,0.8088568449020386,0.9454435706138611
0000280_03401_d_0000629.jpg,60,1,car,4,76,508.0,378.0,566.0,446.99999999999994,4001.999999999997,medium,0,none,0,not_truncated,True,1,0.9168959856033325,0.8897337913513184
0000283_01001_d_0000679.jpg,0,1,car,4,1,1130.9999999999998,323.0,1241.0,443.0,13200.000000000027,large,0,none,0,not_truncated,True,0,0.8137868642807007,0.927191436290741
0000283_01001_d_0000679.jpg,1,1,car,4,2,1068.0,141.0,1107.0,174.0,1287.0,medium,0,none,0,not_truncated,True,1,0.809424638748169,0.931212842464447
0000283_01001_d_0000679.jpg,2,1,car,4,3,1169.0,130.0,1205.0000000000002,164.0,1224.0000000000077,medium,0,none,0,not_truncated,True,2,0.6008485555648804,0.8078840374946594
0000283_01001_d_0000679.jpg,3,1,car,4,4,1381.0,133.99999999999997,1427.0,164.0,1380.0000000000014,medium,0,none,0,not_truncated,True,3,0.44059333205223083,0.9172272086143494
0000287_00801_d_0000763.jpg,0,1,car,4,1,930.0,633.0,1099.0,765.0,22308.0,large,0,none,1,truncated,False,,,
0000287_00801_d_0000763.jpg,1,2,van,5,2,723.0,668.0,869.0000000000001,765.0,14162.000000000011,large,0,none,1,truncated,True,7,0.8497390151023865,0.9619879126548767
0000287_00801_d_0000763.jpg,2,1,car,4,3,18.00000000000001,583.0,158.0,755.0,24080.0,large,0,none,0,not_truncated,True,0,0.9021511077880859,0.9642407894134521
0000287_00801_d_0000763.jpg,3,1,car,4,4,146.0,253.00000000000003,213.0,309.0,3751.999999999998,medium,0,none,0,not_truncated,True,2,0.88783860206604,0.8809667229652405
0000287_00801_d_0000763.jpg,4,2,van,5,5,729.0,325.0,800.0,394.99999999999994,4969.999999999996,medium,0,none,0,not_truncated,True,1,0.8911167979240417,0.9369029402732849
0000287_00801_d_0000763.jpg,5,1,car,4,6,579.0,315.0,647.0,380.0,4420.0,medium,0,none,0,not_truncated,True,3,0.8863810896873474,0.9775195121765137
0000287_00801_d_0000763.jpg,6,1,car,4,7,965.0,294.0,1061.0,354.0,5760.0,medium,1,partial,0,not_truncated,True,16,0.4615787863731384,0.885567307472229
0000287_00801_d_0000763.jpg,7,3,truck,6,8,845.0,307.0,1020.0,400.0,16275.0,large,0,none,0,not_truncated,True,4,0.8702748417854309,0.8877682089805603
0000287_00801_d_0000763.jpg,8,1,car,4,9,800.0,295.99999999999994,865.0000000000001,361.0,4225.000000000011,medium,1,partial,0,not_truncated,False,,,
0000287_00801_d_0000763.jpg,9,1,car,4,10,629.0,207.99999999999997,681.0,252.0,2288.0000000000014,medium,0,none,0,not_truncated,True,6,0.8657984733581543,0.8456612229347229
0000287_00801_d_0000763.jpg,10,0,pedestrian,1,11,624.0,211.00000000000003,635.0,243.0,351.99999999999966,small,0,none,0,not_truncated,False,,,
0000287_00801_d_0000763.jpg,11,2,van,5,12,597.0,169.00000000000003,634.0,209.00000000000003,1480.0,medium,0,none,0,not_truncated,False,,,
0000287_00801_d_0000763.jpg,12,1,car,4,13,573.0,144.0,612.0,175.00000000000003,1209.0000000000011,medium,1,partial,0,not_truncated,True,14,0.5619547367095947,0.9068425893783569
0000287_00801_d_0000763.jpg,13,1,car,4,14,562.0,124.0,597.0,152.0,980.0,small,1,partial,0,not_truncated,False,,,
0000287_00801_d_0000763.jpg,14,3,truck,6,15,1190.0,251.0,1339.0,347.0,14304.0,large,1,partial,0,not_truncated,False,,,
0000287_00801_d_0000763.jpg,15,1,car,4,16,1111.0,236.0,1189.0,278.00000000000006,3276.0000000000045,medium,1,partial,0,not_truncated,False,,,
0000287_00801_d_0000763.jpg,16,1,car,4,17,1188.0,242.00000000000003,1263.0,277.0,2624.9999999999977,medium,1,partial,0,not_truncated,False,,,
0000287_00801_d_0000763.jpg,17,1,car,4,18,1191.0,228.0,1301.0,269.0,4510.0,medium,1,partial,0,not_truncated,True,29,0.27747297286987305,0.5341687798500061
0000287_00801_d_0000763.jpg,18,1,car,4,19,1252.0,219.0,1339.0,266.0,4089.0,medium,1,partial,0,not_truncated,True,11,0.6583191156387329,0.8735846877098083
0000287_00801_d_0000763.jpg,19,1,car,4,20,1299.0,217.0,1360.0,253.00000000000003,2196.000000000002,medium,1,partial,0,not_truncated,True,18,0.43217840790748596,0.6979519128799438
0000287_00801_d_0000763.jpg,20,1,car,4,26,323.0,143.0,359.0,177.0,1224.0,medium,0,none,0,not_truncated,True,5,0.8678012490272522,0.9383212327957153
0000287_00801_d_0000763.jpg,21,1,car,4,29,224.0,121.0,265.0,158.0,1517.0,medium,0,none,0,not_truncated,True,33,0.25180548429489136,0.897938072681427
0000287_00801_d_0000763.jpg,22,1,car,4,30,242.0,110.99999999999999,273.0,141.0,930.0000000000005,small,1,partial,0,not_truncated,False,,,
0000287_00801_d_0000763.jpg,23,0,pedestrian,1,31,282.0,60.0,292.0,78.0,180.0,small,0,none,0,not_truncated,False,,,
0000287_00801_d_0000763.jpg,24,1,car,4,41,554.0,107.0,584.0,131.0,720.0,small,1,partial,0,not_truncated,False,,,
0000287_00801_d_0000763.jpg,25,1,car,4,42,545.0,93.00000000000001,574.0,117.00000000000001,696.0,small,1,partial,0,not_truncated,True,31,0.2616557478904724,0.6010687351226807
0000287_00801_d_0000763.jpg,26,1,car,4,43,528.9999999999999,65.0,551.0,90.0,550.0000000000028,small,1,partial,0,not_truncated,False,,,
0000287_00801_d_0000763.jpg,27,1,car,4,44,520.0,54.0,543.0,78.0,552.0,small,1,partial,0,not_truncated,False,,,
0000287_00801_d_0000763.jpg,28,1,car,4,45,507.0,38.0,527.9999999999999,55.99999999999999,377.9999999999978,small,1,partial,0,not_truncated,True,24,0.35715749859809875,0.8714631199836731
0000287_00801_d_0000763.jpg,29,1,car,4,46,486.0,12.0,503.99999999999994,25.999999999999996,251.99999999999915,small,0,none,0,not_truncated,True,17,0.45540788769721985,0.7919791340827942
0000287_00801_d_0000763.jpg,30,3,truck,6,47,497.00000000000006,51.0,516.0,75.0,455.99999999999864,small,0,none,0,not_truncated,False,,,
0000287_00801_d_0000763.jpg,31,0,pedestrian,1,49,491.0,55.99999999999999,497.99999999999994,77.0,146.99999999999886,small,0,none,0,not_truncated,False,,,
0000287_00801_d_0000763.jpg,32,1,car,4,50,273.99999999999994,51.99999999999999,307.0,74.0,726.0000000000015,small,1,partial,0,not_truncated,True,22,0.36002033948898315,0.9381244778633118
0000287_00801_d_0000763.jpg,33,1,car,4,51,284.0,42.99999999999999,302.0,60.99999999999999,324.0,small,1,partial,0,not_truncated,False,,,
0000287_00801_d_0000763.jpg,34,1,car,4,52,288.0,34.0,308.0,53.0,380.0,small,1,partial,0,not_truncated,False,,,
0000287_00801_d_0000763.jpg,35,1,car,4,53,298.0,18.999999999999996,319.0,36.0,357.00000000000006,small,0,none,0,not_truncated,True,15,0.46329161524772644,0.8922701478004456
0000287_00801_d_0000763.jpg,36,1,car,4,54,304.0,12.0,324.0,27.0,300.0,small,1,partial,0,not_truncated,False,,,
0000287_00801_d_0000763.jpg,37,1,car,4,55,314.0,0.0,333.0,15.0,285.0,small,1,partial,0,not_truncated,False,,,
0000287_00801_d_0000763.jpg,38,1,car,4,56,357.0,9.0,373.99999999999994,24.0,254.99999999999915,small,0,none,0,not_truncated,True,8,0.7337459921836853,0.9375305771827698
0000287_01601_d_0000767.jpg,0,1,car,4,1,167.0,724.0,252.0,765.0,3485.0,medium,0,none,1,truncated,True,0,0.8368469476699829,0.9268571734428406
0000287_01601_d_0000767.jpg,1,1,car,4,2,241.0,639.9999999999999,330.0,714.0,6586.00000000001,medium,0,none,0,not_truncated,True,18,0.4323364198207855,0.9564605951309204
0000287_01601_d_0000767.jpg,2,1,car,4,3,399.0,526.0,476.00000000000006,577.0,3927.0000000000027,medium,0,none,0,not_truncated,True,24,0.3710997700691223,0.9353273510932922
0000287_01601_d_0000767.jpg,3,1,car,4,4,847.0,625.0,909.0000000000001,684.0,3658.000000000007,medium,0,none,0,not_truncated,True,2,0.8084510564804077,0.9165447950363159
0000287_01601_d_0000767.jpg,4,1,car,4,5,694.0000000000001,390.0,720.0,419.00000000000006,753.9999999999982,small,0,none,0,not_truncated,True,10,0.5884147882461548,0.8765268325805664
0000287_01601_d_0000767.jpg,5,1,car,4,6,735.0000000000001,366.0,764.0,389.0,666.9999999999974,small,0,none,0,not_truncated,True,22,0.38254085183143616,0.6873570680618286
0000287_01601_d_0000767.jpg,6,1,car,4,7,687.0000000000001,303.0,722.0,316.0,454.9999999999985,small,0,none,0,not_truncated,True,19,0.425156831741333,0.5794510841369629
0000287_01601_d_0000767.jpg,7,1,car,4,8,532.0000000000001,326.0,553.0,344.0,377.99999999999795,small,0,none,0,not_truncated,False,,,
0000287_01601_d_0000767.jpg,8,1,car,4,9,559.0,301.0,589.0,314.00000000000006,390.0000000000017,small,0,none,0,not_truncated,False,,,
0000287_01601_d_0000767.jpg,9,1,car,4,10,678.0,280.0,697.9999999999999,292.0,239.99999999999864,small,0,none,0,not_truncated,True,20,0.39346280694007874,0.7440065741539001
0000287_01601_d_0000767.jpg,10,1,car,4,11,846.9999999999999,467.99999999999994,891.0,505.0,1628.0000000000068,medium,1,partial,0,not_truncated,True,4,0.7056242823600769,0.7635913491249084
0000287_01601_d_0000767.jpg,11,1,car,4,12,877.9999999999999,484.0,931.0,518.0,1802.0000000000039,medium,1,partial,0,not_truncated,True,3,0.8055887818336487,0.7643311023712158
0000287_01601_d_0000767.jpg,12,1,car,4,13,759.0,421.99999999999994,792.9999999999999,448.0,883.999999999999,small,1,partial,0,not_truncated,True,25,0.3503780961036682,0.7758646011352539
0000287_01601_d_0000767.jpg,13,1,car,4,14,357.0,501.0,452.0,537.0,3420.0,medium,1,partial,0,not_truncated,True,7,0.6265841126441956,0.8869701623916626
0000287_01601_d_0000767.jpg,14,1,car,4,15,306.00000000000006,483.0,398.0,517.0,3127.999999999998,medium,1,partial,0,not_truncated,True,1,0.8183978796005249,0.8691858649253845
0000287_01601_d_0000767.jpg,15,1,car,4,16,275.0,446.99999999999994,348.0,481.0,2482.000000000004,medium,1,partial,0,not_truncated,True,28,0.29677456617355347,0.8038257360458374
0000287_01601_d_0000767.jpg,16,1,car,4,17,365.0,424.99999999999994,431.00000000000006,450.0,1650.0000000000052,medium,1,partial,0,not_truncated,True,5,0.7004623413085938,0.6889277100563049
0000287_01601_d_0000767.jpg,17,1,car,4,18,462.0,398.99999999999994,498.00000000000006,431.0,1152.0000000000039,medium,1,partial,0,not_truncated,True,17,0.4444110095500946,0.8414669036865234
0000287_01601_d_0000767.jpg,18,1,car,4,19,484.0,377.0,515.0000000000001,402.0,775.0000000000028,small,1,partial,0,not_truncated,True,11,0.566202700138092,0.6751784682273865
0000287_01601_d_0000767.jpg,19,1,car,4,20,714.0,285.0,742.9999999999999,295.99999999999994,318.9999999999971,small,1,partial,0,not_truncated,False,,,
0000287_01601_d_0000767.jpg,20,1,car,4,21,777.0000000000001,284.0,798.0,294.0,209.99999999999886,small,1,partial,0,not_truncated,False,,,
0000287_01601_d_0000767.jpg,21,1,car,4,22,565.0,274.0,584.0,283.99999999999994,189.99999999999892,small,1,partial,0,not_truncated,False,,,
0000287_01601_d_0000767.jpg,22,1,car,4,23,710.0,276.00000000000006,729.0,286.0,189.99999999999892,small,1,partial,0,not_truncated,False,,,
0000287_01601_d_0000767.jpg,23,2,van,5,25,765.0,286.0,789.9999999999999,297.99999999999994,299.9999999999972,small,1,partial,0,not_truncated,False,,,
0000287_01601_d_0000767.jpg,24,2,van,5,26,794.0,309.0,826.9999999999999,326.00000000000006,560.9999999999999,small,1,partial,0,not_truncated,False,,,
0000287_01601_d_0000767.jpg,25,2,van,5,27,436.99999999999994,421.99999999999994,474.0,458.0,1332.000000000004,medium,1,partial,0,not_truncated,False,,,
0000287_01601_d_0000767.jpg,26,2,van,5,28,414.99999999999994,449.0,454.99999999999994,486.00000000000006,1480.0000000000023,medium,1,partial,0,not_truncated,False,,,
0000287_01601_d_0000767.jpg,27,2,van,5,29,766.0,434.0,802.9999999999999,477.0,1590.999999999995,medium,1,partial,0,not_truncated,False,,,
0000287_01601_d_0000767.jpg,28,1,car,4,30,715.0,269.0,722.0,277.0,56.0,small,1,partial,0,not_truncated,False,,,
0000287_01601_d_0000767.jpg,29,1,car,4,31,488.0,274.0,511.00000000000006,282.99999999999994,206.9999999999992,small,1,partial,0,not_truncated,False,,,
0000287_01601_d_0000767.jpg,30,1,car,4,32,499.99999999999994,273.0,524.0,281.0,192.00000000000045,small,1,partial,0,not_truncated,False,,,
0000287_01601_d_0000767.jpg,31,1,car,4,33,515.0,274.0,536.0000000000001,282.99999999999994,188.99999999999983,small,2,heavy,0,not_truncated,False,,,
0000287_01601_d_0000767.jpg,32,1,car,4,34,797.0,290.0,824.9999999999999,302.00000000000006,336.0000000000002,small,2,heavy,0,not_truncated,False,,,
0000287_01601_d_0000767.jpg,33,1,car,4,35,797.0,284.0,813.0,294.99999999999994,175.9999999999991,small,2,heavy,0,not_truncated,False,,,
0000287_01601_d_0000767.jpg,34,0,pedestrian,1,40,759.0,463.99999999999994,767.0,492.00000000000006,224.0000000000009,small,0,none,0,not_truncated,True,23,0.37939170002937317,0.6177420020103455
0000287_01601_d_0000767.jpg,35,0,pedestrian,1,41,818.0,466.99999999999994,823.9999999999999,492.00000000000006,149.99999999999784,small,0,none,0,not_truncated,False,,,
0000287_01601_d_0000767.jpg,36,0,pedestrian,1,42,800.0,467.99999999999994,812.0,495.0,324.0000000000007,small,0,none,0,not_truncated,True,26,0.34988734126091003,0.5249119997024536
0000287_01601_d_0000767.jpg,37,0,pedestrian,1,43,832.0000000000001,459.0,839.0,489.00000000000006,209.999999999997,small,0,none,0,not_truncated,False,,,
0000287_01601_d_0000767.jpg,38,0,pedestrian,1,44,818.0,448.99999999999994,824.9999999999999,474.0,174.99999999999756,small,1,partial,0,not_truncated,False,,,
0000287_01601_d_0000767.jpg,39,0,pedestrian,1,45,891.0,415.00000000000006,898.0,438.99999999999994,167.9999999999992,small,1,partial,0,not_truncated,False,,,
0000287_01601_d_0000767.jpg,40,0,pedestrian,1,46,769.0,384.0,775.0,403.99999999999994,119.99999999999966,small,0,none,0,not_truncated,False,,,
0000287_01601_d_0000767.jpg,41,0,pedestrian,1,47,327.0,522.9999999999999,335.0,552.0,232.0000000000009,small,0,none,0,not_truncated,False,,,
0000287_01601_d_0000767.jpg,42,0,pedestrian,1,48,297.0,534.0,313.0,562.0,448.0,small,0,none,0,not_truncated,False,,,
0000287_01601_d_0000767.jpg,43,0,pedestrian,1,49,545.0,353.0,549.0,372.0,76.0,small,0,none,0,not_truncated,False,,,
0000287_01601_d_0000767.jpg,44,0,pedestrian,1,50,540.0,354.99999999999994,545.0,371.0,80.00000000000028,small,0,none,0,not_truncated,False,,,
0000287_01601_d_0000767.jpg,45,0,pedestrian,1,51,557.0,314.0,561.0,329.0,60.0,small,0,none,0,not_truncated,False,,,
0000287_01601_d_0000767.jpg,46,0,pedestrian,1,63,360.0,607.0,370.99999999999994,652.0,494.99999999999744,small,0,none,0,not_truncated,True,6,0.6687949299812317,0.5972491502761841
0000287_01601_d_0000767.jpg,47,0,pedestrian,1,64,371.00000000000006,609.0,382.0,650.0,450.99999999999767,small,0,none,0,not_truncated,True,29,0.293840229511261,0.5978530645370483
0000287_01601_d_0000767.jpg,48,0,pedestrian,1,65,727.0,359.0,735.0,377.0,144.0,small,0,none,0,not_truncated,False,,,
0000287_01601_d_0000767.jpg,49,0,pedestrian,1,66,735.0,359.0,739.9999999999999,378.0,94.99999999999784,small,1,partial,0,not_truncated,False,,,
0000287_01601_d_0000767.jpg,50,1,car,4,70,520.0,344.0,539.0,363.0,361.0,small,1,partial,0,not_truncated,False,,,
0000287_01601_d_0000767.jpg,51,1,car,4,71,521.0,323.0,548.0,337.00000000000006,378.00000000000153,small,2,heavy,0,not_truncated,True,30,0.2525860369205475,0.6040499806404114
0000287_02401_d_0000771.jpg,0,1,car,4,1,807.0,321.0,886.0,412.0,7189.0,medium,0,none,0,not_truncated,True,2,0.8938459157943726,0.9359795451164246
0000287_02401_d_0000771.jpg,1,2,van,5,2,697.9999999999999,555.0000000000001,785.9999999999999,725.0,14959.999999999989,large,0,none,0,not_truncated,True,4,0.8727253079414368,0.9333831071853638
0000287_02401_d_0000771.jpg,2,1,car,4,5,74.0,630.0,231.0,764.0,21038.0,large,0,none,1,truncated,True,0,0.9138991236686707,0.9613260626792908
0000287_02401_d_0000771.jpg,3,1,car,4,6,0.0,568.0,147.0,702.0,19698.0,large,0,none,0,not_truncated,True,1,0.8995866775512695,0.9634923934936523
0000287_02401_d_0000771.jpg,4,1,car,4,7,0.0,530.0,73.0,634.0,7592.0,medium,0,none,1,truncated,False,,,
0000287_02401_d_0000771.jpg,5,1,car,4,8,0.0,57.99999999999999,37.0,118.0,2220.0000000000005,medium,0,none,1,truncated,True,6,0.8042222261428833,0.914603054523468
0000287_02401_d_0000771.jpg,6,1,car,4,9,0.0,44.0,82.0,96.0,4264.0,medium,1,partial,0,not_truncated,True,3,0.8887187242507935,0.8843546509742737
0000287_02401_d_0000771.jpg,7,1,car,4,10,100.0,8.0,178.0,54.0,3588.0,medium,1,partial,0,not_truncated,True,5,0.8541651964187622,0.9048694372177124
0000287_02401_d_0000771.jpg,8,1,car,4,11,142.0,0.0,225.0,31.999999999999996,2655.9999999999995,medium,1,partial,0,not_truncated,True,7,0.6177467703819275,0.8748645782470703
0000287_02401_d_0000771.jpg,9,0,pedestrian,1,12,114.00000000000001,53.0,126.0,76.0,275.99999999999966,small,0,none,0,not_truncated,False,,,
0000287_02401_d_0000771.jpg,10,0,pedestrian,1,13,118.0,42.0,135.0,76.0,578.0,small,1,partial,0,not_truncated,False,,,
0000287_02401_d_0000771.jpg,11,0,pedestrian,1,14,139.0,68.0,156.0,99.00000000000001,527.0000000000002,small,0,none,0,not_truncated,True,8,0.5684462785720825,0.8697037696838379
0000287_02401_d_0000771.jpg,12,0,pedestrian,1,15,139.0,60.0,155.00000000000003,91.99999999999999,512.0000000000007,small,1,partial,0,not_truncated,False,,,
0000287_02401_d_0000771.jpg,13,1,car,4,16,1263.0,0.0,1317.0,46.0,2484.0,medium,2,heavy,1,truncated,False,,,
0000287_02401_d_0000771.jpg,14,1,car,4,17,1310.9999999999998,0.0,1359.0,54.0,2592.0000000000123,medium,1,partial,1,truncated,False,,,
0000287_03401_d_0000776.jpg,0,1,car,4,1,69.0,254.00000000000003,97.99999999999999,309.0,1594.9999999999984,medium,0,none,0,not_truncated,True,28,0.7554925680160522,0.8479404449462891
0000287_03401_d_0000776.jpg,1,1,car,4,2,168.0,275.0,210.0,328.0,2226.0,medium,0,none,0,not_truncated,False,,,
0000287_03401_d_0000776.jpg,2,1,car,4,3,213.0,284.0,261.0,329.0,2160.0,medium,0,none,0,not_truncated,True,8,0.8749487400054932,0.8330510258674622
0000287_03401_d_0000776.jpg,3,1,car,4,4,250.99999999999997,234.99999999999997,306.0,272.0,2035.0000000000027,medium,0,none,0,not_truncated,True,27,0.7605436444282532,0.758425772190094
0000287_03401_d_0000776.jpg,4,1,car,4,5,272.0,213.0,323.0,256.0,2193.0,medium,0,none,0,not_truncated,True,33,0.6481574773788452,0.7810971140861511
0000287_03401_d_0000776.jpg,5,1,car,4,6,326.00000000000006,171.99999999999997,376.0,218.0,2299.9999999999986,medium,0,none,0,not_truncated,True,6,0.8797310590744019,0.8665059804916382
0000287_03401_d_0000776.jpg,6,1,car,4,7,345.00000000000006,148.0,401.0,195.0,2631.9999999999973,medium,0,none,0,not_truncated,True,37,0.4874522089958191,0.8323519229888916
0000287_03401_d_0000776.jpg,7,1,car,4,8,149.0,438.0,212.0,463.00000000000006,1575.0000000000036,medium,0,none,0,not_truncated,True,18,0.8231481313705444,0.8341070413589478
0000287_03401_d_0000776.jpg,8,1,car,4,9,196.99999999999997,521.0,231.0,573.0,1768.0000000000014,medium,0,none,0,not_truncated,True,41,0.3302333354949951,0.6485003232955933
0000287_03401_d_0000776.jpg,9,1,car,4,10,494.00000000000006,580.0,558.0,622.0,2687.9999999999977,medium,0,none,0,not_truncated,False,,,
0000287_03401_d_0000776.jpg,10,1,car,4,11,313.0,592.0,366.0,645.0,2809.0,medium,0,none,0,not_truncated,True,34,0.6450198292732239,0.8920109868049622
0000287_03401_d_0000776.jpg,11,1,car,4,12,342.0,614.0,395.99999999999994,666.0,2807.9999999999973,medium,0,none,0,not_truncated,True,4,0.8842789530754089,0.9261254668235779
0000287_03401_d_0000776.jpg,12,1,car,4,13,372.00000000000006,653.0,433.0,704.0,3110.9999999999973,medium,0,none,0,not_truncated,True,2,0.8948736190795898,0.8939467668533325
0000287_03401_d_0000776.jpg,13,1,car,4,14,392.00000000000006,696.0,451.0,738.0,2477.9999999999977,medium,0,none,0,not_truncated,True,31,0.6593495011329651,0.8164662718772888
0000287_03401_d_0000776.jpg,14,1,car,4,15,644.0,581.0000000000001,670.0,648.0,1741.999999999997,medium,0,none,0,not_truncated,True,13,0.8586481809616089,0.8512633442878723
0000287_03401_d_0000776.jpg,15,1,car,4,16,924.9999999999999,707.0,985.0,752.0,2700.000000000005,medium,0,none,0,not_truncated,False,,,
0000287_03401_d_0000776.jpg,16,1,car,4,17,950.0,679.0,1005.0,722.0,2365.0,medium,0,none,0,not_truncated,True,5,0.8816823363304138,0.838454008102417
0000287_03401_d_0000776.jpg,17,1,car,4,18,962.9999999999999,638.0,1017.0,683.0,2430.000000000005,medium,0,none,0,not_truncated,True,15,0.8427259922027588,0.7873936891555786
0000287_03401_d_0000776.jpg,18,1,car,4,19,1026.0,570.0,1078.0,614.0,2288.0,medium,0,none,0,not_truncated,True,9,0.8697742223739624,0.7889309525489807
0000287_03401_d_0000776.jpg,19,1,car,4,20,1068.0,525.0,1113.0000000000002,575.0,2250.0000000000114,medium,0,none,0,not_truncated,True,29,0.6902070641517639,0.8143869638442993
0000287_03401_d_0000776.jpg,20,1,car,4,21,1001.9999999999999,478.0,1052.0,517.0,1950.0000000000045,medium,0,none,0,not_truncated,True,3,0.8875210285186768,0.9454843401908875
0000287_03401_d_0000776.jpg,21,1,car,4,22,1181.0,541.0,1203.0,592.0,1122.0,medium,0,none,0,not_truncated,True,19,0.8224644660949707,0.7151403427124023
0000287_03401_d_0000776.jpg,22,1,car,4,23,1211.0,539.0,1255.0,599.0,2640.0,medium,0,none,0,not_truncated,True,25,0.7877321839332581,0.8047960996627808
0000287_03401_d_0000776.jpg,23,1,car,4,24,1265.0,526.0,1290.0,588.0,1550.0,medium,0,none,0,not_truncated,True,16,0.8348578810691833,0.8058124780654907
0000287_03401_d_0000776.jpg,24,1,car,4,25,1310.0,517.0,1339.0,589.0,2088.0,medium,0,none,0,not_truncated,False,,,
0000287_03401_d_0000776.jpg,25,1,car,4,26,1274.0,414.00000000000006,1333.0,437.0,1356.9999999999966,medium,0,none,0,not_truncated,True,14,0.8447854518890381,0.834183931350708
0000287_03401_d_0000776.jpg,26,1,car,4,27,1342.0,517.0,1360.0,579.0,1116.0,medium,0,none,1,truncated,True,40,0.3728240430355072,0.785889208316803
0000287_03401_d_0000776.jpg,27,3,truck,6,28,995.0000000000001,573.0,1104.0,675.0,11117.999999999989,large,0,none,0,not_truncated,False,,,
0000287_03401_d_0000776.jpg,28,1,car,4,29,1310.0,255.99999999999997,1342.0,298.0,1344.000000000001,medium,0,none,0,not_truncated,False,,,
0000287_03401_d_0000776.jpg,29,1,car,4,30,1235.0,282.0,1264.0,336.0,1566.0,medium,0,none,0,not_truncated,False,,,
0000287_03401_d_0000776.jpg,30,1,car,4,31,1160.0,267.0,1192.0,331.0,2048.0,medium,0,none,0,not_truncated,False,,,
0000287_03401_d_0000776.jpg,31,1,car,4,32,1121.0,264.0,1152.0,327.0,1953.0,medium,0,none,0,not_truncated,False,,,
0000287_03401_d_0000776.jpg,32,1,car,4,33,1079.0,257.0,1111.0,316.0,1888.0,medium,0,none,0,not_truncated,True,7,0.8772239089012146,0.8834317326545715
0000287_03401_d_0000776.jpg,33,1,car,4,34,970.9999999999999,281.0,1023.0,328.0,2444.0000000000055,medium,0,none,0,not_truncated,True,0,0.9115023612976074,0.8385412693023682
0000287_03401_d_0000776.jpg,34,1,car,4,35,893.0,226.0,954.0000000000001,279.0,3233.000000000006,medium,0,none,0,not_truncated,True,17,0.8313788771629333,0.8526217341423035
0000287_03401_d_0000776.jpg,35,1,car,4,36,972.9999999999999,206.0,1018.0,253.0,2115.0000000000055,medium,0,none,0,not_truncated,True,20,0.8191925883293152,0.8896883130073547
0000287_03401_d_0000776.jpg,36,1,car,4,37,923.9999999999999,171.99999999999997,980.0,221.99999999999997,2800.0000000000055,medium,0,none,0,not_truncated,True,10,0.8685363531112671,0.9137069582939148
0000287_03401_d_0000776.jpg,37,1,car,4,38,893.0,150.0,947.0000000000001,201.0,2754.000000000006,medium,0,none,0,not_truncated,True,12,0.8618428111076355,0.9061697721481323
0000287_03401_d_0000776.jpg,38,1,car,4,39,875.9999999999999,127.0,923.0,176.0,2303.0000000000055,medium,0,none,0,not_truncated,True,22,0.804128885269165,0.7972123026847839
0000287_03401_d_0000776.jpg,39,1,car,4,40,861.0,93.00000000000001,908.0000000000001,145.0,2444.0000000000055,medium,0,none,0,not_truncated,True,21,0.8164079189300537,0.8313708901405334
0000287_03401_d_0000776.jpg,40,1,car,4,41,841.9999999999999,59.0,889.0,112.0,2491.000000000006,medium,0,none,0,not_truncated,True,23,0.7907595038414001,0.8430028557777405
0000287_03401_d_0000776.jpg,41,1,car,4,42,809.0,12.999999999999996,845.9999999999999,72.0,2182.999999999993,medium,0,none,0,not_truncated,True,36,0.5387869477272034,0.8518998026847839
0000287_03401_d_0000776.jpg,42,1,car,4,43,724.0,23.0,751.9999999999999,70.0,1315.9999999999945,medium,0,none,0,not_truncated,True,11,0.862801194190979,0.8097147345542908
0000287_03401_d_0000776.jpg,43,1,car,4,56,655.0,27.0,700.0000000000001,86.0,2655.000000000007,medium,0,none,0,not_truncated,True,1,0.9039703607559204,0.8772624731063843
0000289_00201_d_0000812.jpg,0,1,car,4,1,390.99999999999994,718.0,473.0,765.0,3854.0000000000027,medium,0,none,1,truncated,True,13,0.5069940686225891,0.9319083094596863
0000289_00201_d_0000812.jpg,1,1,car,4,2,680.0,565.9999999999999,757.0,699.0,10241.00000000001,large,0,none,1,truncated,True,2,0.9016849994659424,0.9671764373779297
0000289_00201_d_0000812.jpg,2,1,car,4,3,866.0000000000001,622.0,963.0,765.0,13870.999999999984,large,0,none,1,truncated,True,1,0.9122454524040222,0.9546138644218445
0000289_00201_d_0000812.jpg,3,1,car,4,4,808.0,441.99999999999994,873.0000000000001,525.0,5395.000000000013,medium,0,none,1,truncated,True,5,0.7888885140419006,0.8893965482711792
0000289_00201_d_0000812.jpg,4,1,car,4,5,741.9999999999999,313.0,814.0,410.0,6984.000000000011,medium,0,none,1,truncated,True,9,0.6309862732887268,0.8503737449645996
0000289_00201_d_0000812.jpg,5,1,car,4,6,822.0,342.0,884.0,425.0,5146.0,medium,0,none,1,truncated,True,8,0.6521995663642883,0.7815239429473877
0000289_00201_d_0000812.jpg,6,1,car,4,7,794.9999999999999,263.0,853.0,331.0,3944.0000000000077,medium,0,none,1,truncated,True,3,0.8992286324501038,0.9125507473945618
0000289_00201_d_0000812.jpg,7,1,car,4,8,796.0,230.0,902.0,281.0,5406.0,medium,1,partial,1,truncated,True,17,0.47754135727882385,0.7006827592849731
0000289_00201_d_0000812.jpg,8,1,car,4,9,457.00000000000006,406.0,522.0,507.0,6564.9999999999945,medium,1,partial,1,truncated,True,12,0.5165547132492065,0.9427936673164368
0000289_00201_d_0000812.jpg,9,1,car,4,10,444.0,330.0,542.0,408.0,7644.0,medium,1,partial,1,truncated,True,6,0.689067542552948,0.8719395399093628
0000289_00201_d_0000812.jpg,10,1,car,4,11,535.0,147.0,579.0,199.00000000000003,2288.0000000000014,medium,0,none,1,truncated,True,4,0.8886405825614929,0.9346407055854797
0000289_00201_d_0000812.jpg,11,1,car,4,12,518.0,207.0,569.0,274.0,3417.0,medium,0,none,1,truncated,True,0,0.9164307117462158,0.9436799883842468
0000289_00201_d_0000812.jpg,12,2,van,5,13,558.0,88.0,589.0,141.0,1643.0,medium,0,none,1,truncated,True,21,0.311779260635376,0.8380158543586731
0000289_00201_d_0000812.jpg,13,2,van,5,14,572.0,42.00000000000001,600.0000000000001,75.00000000000001,924.000000000004,small,1,partial,1,truncated,False,,,
0000289_00201_d_0000812.jpg,14,1,car,4,15,588.0,19.0,625.0,54.0,1295.0,medium,1,partial,1,truncated,True,14,0.49474474787712097,0.9315502643585205
0000289_00201_d_0000812.jpg,15,1,car,4,16,579.0,0.0,622.0,25.999999999999996,1117.9999999999998,medium,1,partial,1,truncated,False,,,
0000289_00201_d_0000812.jpg,16,1,car,4,21,787.0000000000001,138.0,826.9999999999999,189.99999999999997,2079.9999999999873,medium,1,partial,0,not_truncated,False,,,
0000289_00201_d_0000812.jpg,17,1,car,4,22,765.0,46.99999999999999,799.9999999999999,81.0,1189.9999999999964,medium,1,partial,0,not_truncated,False,,,
0000289_00201_d_0000812.jpg,18,1,car,4,23,770.0,97.99999999999999,820.0000000000001,140.0,2100.0000000000055,medium,2,heavy,0,not_truncated,False,,,
0000289_00201_d_0000812.jpg,19,0,pedestrian,1,24,518.0,304.0,538.0,335.0,620.0,small,0,none,0,not_truncated,True,16,0.4779450595378876,0.7167431712150574
0000289_00201_d_0000812.jpg,20,0,pedestrian,1,25,578.0000000000001,302.0,594.0,343.0,655.9999999999953,small,0,none,0,not_truncated,True,7,0.6553337574005127,0.8211174011230469
0000289_00201_d_0000812.jpg,21,0,pedestrian,1,30,366.00000000000006,175.0,378.0,207.0,383.9999999999982,small,1,partial,0,not_truncated,False,,,
0000289_00201_d_0000812.jpg,22,0,pedestrian,1,31,437.00000000000006,114.0,447.0,141.99999999999997,279.9999999999981,small,1,partial,0,not_truncated,True,22,0.2769383490085602,0.594397783279419
0000289_00201_d_0000812.jpg,23,0,pedestrian,1,32,446.0,111.00000000000001,454.99999999999994,138.0,242.99999999999835,small,1,partial,0,not_truncated,False,,,
0000289_00201_d_0000812.jpg,24,0,pedestrian,1,34,608.0,60.99999999999999,618.0,88.0,270.00000000000006,small,0,none,0,not_truncated,False,,,
0000289_00201_d_0000812.jpg,25,0,pedestrian,1,35,597.0,63.0,606.0,88.99999999999999,233.9999999999999,small,0,none,0,not_truncated,False,,,
0000289_00201_d_0000812.jpg,26,0,pedestrian,1,46,441.0,42.99999999999999,454.99999999999994,71.0,391.9999999999985,small,1,partial,0,not_truncated,False,,,
0000289_01001_d_0000816.jpg,0,0,pedestrian,1,1,53.0,725.0,81.0,765.0,1120.0,medium,0,none,1,truncated,False,,,
0000289_01001_d_0000816.jpg,1,0,pedestrian,1,2,104.00000000000001,730.0,131.0,765.0,944.9999999999995,small,1,partial,1,truncated,False,,,
0000289_01001_d_0000816.jpg,2,1,car,4,3,173.0,615.9999999999999,289.00000000000006,744.0,14848.00000000002,large,1,partial,0,not_truncated,True,9,0.6914474964141846,0.9700055718421936
0000289_01001_d_0000816.jpg,3,1,car,4,7,824.9999999999999,545.9999999999999,915.9999999999999,670.0,11284.000000000011,large,0,none,0,not_truncated,True,2,0.9318814873695374,0.955279529094696
0000289_01001_d_0000816.jpg,4,1,car,4,10,452.0,463.00000000000006,533.0,574.0,8990.999999999995,medium,0,none,0,not_truncated,True,1,0.9391781687736511,0.9583019018173218
0000289_01001_d_0000816.jpg,5,1,car,4,11,305.0,466.00000000000006,447.0,519.0,7525.999999999992,medium,1,partial,0,not_truncated,True,6,0.7968553900718689,0.7499186992645264
0000289_01001_d_0000816.jpg,6,1,car,4,13,430.00000000000006,373.00000000000006,527.0,464.00000000000006,8826.999999999995,medium,0,none,0,not_truncated,True,0,0.9493367075920105,0.9707963466644287
0000289_01001_d_0000816.jpg,7,0,pedestrian,1,15,257.0,305.0,276.0,353.0,912.0,small,0,none,0,not_truncated,True,14,0.3484916687011719,0.6034310460090637
0000289_01001_d_0000816.jpg,8,0,pedestrian,1,17,756.0,304.0,769.0,342.0,494.0,small,0,none,0,not_truncated,False,,,
0000289_01001_d_0000816.jpg,9,1,car,4,20,805.0,340.0,928.9999999999999,393.00000000000006,6572.000000000001,medium,0,none,0,not_truncated,True,7,0.7593369483947754,0.9376633167266846
0000289_01001_d_0000816.jpg,10,1,car,4,21,740.9999999999999,264.00000000000006,792.0,322.0,2958.0000000000036,medium,1,partial,0,not_truncated,True,5,0.8073505759239197,0.6643456816673279
0000289_01001_d_0000816.jpg,11,1,car,4,22,715.0,209.00000000000003,791.0000000000001,261.0,3952.0000000000036,medium,1,partial,0,not_truncated,True,4,0.8330196738243103,0.8617128729820251
0000289_01001_d_0000816.jpg,12,1,car,4,23,610.0,190.0,657.0,243.99999999999997,2537.9999999999986,medium,0,none,0,not_truncated,True,3,0.9000426530838013,0.8772120475769043
0000289_01001_d_0000816.jpg,13,1,car,4,24,489.0,152.0,547.9999999999999,199.99999999999997,2831.9999999999927,medium,2,heavy,0,not_truncated,True,11,0.49624934792518616,0.544770359992981
0000289_01001_d_0000816.jpg,14,1,car,4,25,675.9999999999999,161.0,715.9999999999999,210.00000000000003,1960.0000000000011,medium,0,none,0,not_truncated,False,,,
0000289_01001_d_0000816.jpg,15,1,car,4,26,720.0,146.0,781.0000000000001,185.0,2379.0000000000045,medium,2,heavy,0,not_truncated,True,13,0.34932664036750793,0.5513865947723389
0000289_01001_d_0000816.jpg,16,2,van,5,27,693.0,89.0,744.0000000000001,147.0,2958.0000000000064,medium,0,none,0,not_truncated,False,,,
0000289_01001_d_0000816.jpg,17,1,car,4,28,624.0,105.00000000000001,658.0,145.0,1359.9999999999995,medium,0,none,0,not_truncated,False,,,
0000289_01001_d_0000816.jpg,18,1,car,4,29,697.0000000000001,62.0,735.0,91.0,1101.9999999999968,medium,1,partial,0,not_truncated,False,,,
0000289_01001_d_0000816.jpg,19,1,car,4,30,674.0,44.0,739.0000000000001,73.0,1885.0000000000032,medium,1,partial,0,not_truncated,False,,,
0000289_01001_d_0000816.jpg,20,2,van,5,31,631.0,33.0,658.0,70.0,999.0,small,0,none,0,not_truncated,False,,,
0000289_01001_d_0000816.jpg,21,0,pedestrian,1,32,782.0000000000001,0.0,791.0000000000001,22.0,198.0,small,0,none,1,truncated,False,,,
0000289_01001_d_0000816.jpg,22,1,car,4,33,687.0000000000001,7.999999999999998,719.0,39.0,991.9999999999965,small,0,none,0,not_truncated,False,,,
0000289_02001_d_0000821.jpg,0,1,car,4,1,602.0,582.0,661.0,714.0,7788.0,medium,0,none,0,not_truncated,True,1,0.9237784743309021,0.9419772624969482
0000289_02001_d_0000821.jpg,1,1,car,4,2,675.0,598.0,746.0000000000001,725.0000000000001,9017.000000000022,medium,0,none,0,not_truncated,True,2,0.9228017926216125,0.9191895127296448
0000289_02001_d_0000821.jpg,2,1,car,4,3,814.0,549.0,882.0,641.0,6256.0,medium,0,none,0,not_truncated,True,12,0.6437347531318665,0.9220587611198425
0000289_02001_d_0000821.jpg,3,1,car,4,4,758.0,484.00000000000006,881.9999999999999,549.0,8059.999999999985,medium,0,none,0,not_truncated,True,3,0.9156510233879089,0.9337019324302673
0000289_02001_d_0000821.jpg,4,1,car,4,5,773.0,337.0,835.0,426.0,5518.0,medium,0,none,0,not_truncated,True,4,0.9117547869682312,0.8929592967033386
0000289_02001_d_0000821.jpg,5,1,car,4,6,597.0,450.0,653.0,559.0,6104.0,medium,0,none,0,not_truncated,True,11,0.7356815934181213,0.9204394817352295
0000289_02001_d_0000821.jpg,6,1,car,4,7,600.0,336.0,646.0,420.00000000000006,3864.0000000000027,medium,0,none,0,not_truncated,True,0,0.9238904118537903,0.9695829153060913
0000289_02001_d_0000821.jpg,7,1,car,4,8,674.9999999999999,301.0,721.0,368.0,3082.0000000000077,medium,0,none,0,not_truncated,True,14,0.6067706346511841,0.9228044152259827
0000289_02001_d_0000821.jpg,8,1,car,4,9,729.0,249.99999999999997,785.0000000000001,310.0,3360.0000000000086,medium,0,none,0,not_truncated,False,,,
0000289_02001_d_0000821.jpg,9,1,car,4,10,762.9999999999999,205.0,807.0,255.99999999999997,2244.0000000000045,medium,0,none,0,not_truncated,True,9,0.8465662598609924,0.7412344217300415
0000289_02001_d_0000821.jpg,10,1,car,4,11,823.9999999999999,194.0,896.0,243.99999999999997,3600.0000000000036,medium,1,partial,0,not_truncated,True,5,0.8852447867393494,0.8467224836349487
0000289_02001_d_0000821.jpg,11,1,car,4,12,660.0,194.0,700.9999999999999,244.99999999999997,2090.999999999993,medium,0,none,0,not_truncated,True,10,0.7365018725395203,0.794111430644989
0000289_02001_d_0000821.jpg,12,1,car,4,13,592.0,229.0,636.0,299.0,3080.0,medium,0,none,0,not_truncated,True,6,0.8835242986679077,0.81202632188797
0000289_02001_d_0000821.jpg,13,1,car,4,14,444.0,527.0,558.0,631.0,11856.0,large,0,none,0,not_truncated,True,7,0.8777562975883484,0.9464330077171326
0000289_02001_d_0000821.jpg,14,1,car,4,15,425.0,467.00000000000006,536.0000000000001,569.0,11322.000000000005,large,1,partial,0,not_truncated,True,13,0.6369972229003906,0.8664557933807373
0000289_02001_d_0000821.jpg,15,0,pedestrian,1,16,559.0,585.0,580.0,620.0,735.0,small,1,partial,0,not_truncated,False,,,
0000289_02001_d_0000821.jpg,16,0,pedestrian,1,18,517.0,609.0,533.0,649.0,640.0,small,1,partial,0,not_truncated,False,,,
0000289_02001_d_0000821.jpg,17,3,truck,6,19,494.00000000000006,309.0,554.0,438.99999999999994,7799.999999999989,medium,0,none,0,not_truncated,True,15,0.5939995050430298,0.8351663947105408
0000289_02001_d_0000821.jpg,18,1,car,4,20,505.0,269.0,546.0,321.0,2132.0,medium,1,partial,0,not_truncated,True,16,0.5874215960502625,0.7129549980163574
0000289_02001_d_0000821.jpg,19,0,pedestrian,1,21,370.00000000000006,307.99999999999994,389.0,346.0,721.9999999999989,small,0,none,0,not_truncated,True,22,0.4308115839958191,0.6192835569381714
0000289_02001_d_0000821.jpg,20,0,pedestrian,1,22,354.0,286.0,364.0,311.0,250.0,small,0,none,0,not_truncated,False,,,
0000289_02001_d_0000821.jpg,21,0,pedestrian,1,23,186.00000000000003,575.0,212.0,612.0,961.999999999999,small,0,none,0,not_truncated,False,,,
0000289_02001_d_0000821.jpg,22,1,car,4,24,604.0,114.0,635.0,173.0,1829.0,medium,0,none,0,not_truncated,False,,,
0000289_02001_d_0000821.jpg,23,1,car,4,25,699.0000000000001,105.00000000000001,736.0,144.0,1442.999999999995,medium,0,none,0,not_truncated,True,8,0.8618003726005554,0.7819459438323975
0000289_02001_d_0000821.jpg,24,1,car,4,26,746.0000000000001,108.0,781.9999999999999,150.00000000000003,1511.9999999999914,medium,0,none,0,not_truncated,True,24,0.30719947814941406,0.772843062877655
0000289_02001_d_0000821.jpg,25,1,car,4,27,747.9999999999999,69.0,808.0,98.99999999999999,1800.0000000000025,medium,0,none,0,not_truncated,True,18,0.5180695652961731,0.785273015499115
0000289_02001_d_0000821.jpg,26,1,car,4,28,698.0000000000001,60.99999999999999,725.0,95.0,917.9999999999964,small,0,none,0,not_truncated,True,20,0.49213162064552307,0.6294081211090088
0000289_02001_d_0000821.jpg,27,1,car,4,29,693.0000000000001,12.0,716.0,39.0,620.9999999999969,small,0,none,0,not_truncated,False,,,
0000289_02001_d_0000821.jpg,28,1,car,4,30,494.00000000000006,214.0,550.0,270.0,3135.999999999997,medium,2,heavy,0,not_truncated,False,,,
0000289_02001_d_0000821.jpg,29,0,pedestrian,1,33,576.0,67.0,587.0,92.0,275.0,small,0,none,0,not_truncated,False,,,
0000289_02001_d_0000821.jpg,30,0,pedestrian,1,34,572.0,112.0,583.0,138.0,286.0,small,0,none,0,not_truncated,False,,,
0000289_02001_d_0000821.jpg,31,0,pedestrian,1,35,567.0,96.0,576.0,120.0,216.0,small,0,none,0,not_truncated,False,,,
0000289_02001_d_0000821.jpg,32,0,pedestrian,1,36,564.0,75.0,573.0,97.0,198.0,small,0,none,0,not_truncated,False,,,
0000289_02001_d_0000821.jpg,33,0,pedestrian,1,37,952.0000000000001,343.99999999999994,966.0,382.0,531.9999999999965,small,0,none,0,not_truncated,False,,,
0000289_02001_d_0000821.jpg,34,0,pedestrian,1,38,968.0,347.0,980.0,377.0,360.0,small,0,none,0,not_truncated,False,,,
0000289_02001_d_0000821.jpg,35,0,pedestrian,1,39,923.0,256.0,941.0,292.0,648.0,small,0,none,0,not_truncated,False,,,
0000289_03201_d_0000827.jpg,0,1,car,4,3,453.00000000000006,30.0,510.0,54.99999999999999,1424.9999999999982,medium,1,partial,0,not_truncated,False,,,
0000289_03201_d_0000827.jpg,1,1,car,4,4,409.00000000000006,102.00000000000001,466.0,132.0,1709.9999999999975,medium,2,heavy,0,not_truncated,False,,,
0000289_03201_d_0000827.jpg,2,1,car,4,5,435.99999999999994,113.0,499.00000000000006,148.0,2205.000000000004,medium,1,partial,0,not_truncated,False,,,
0000289_03201_d_0000827.jpg,3,0,pedestrian,1,6,573.0,108.0,583.0,134.0,260.0,small,0,none,0,not_truncated,True,23,0.32845020294189453,0.6441252827644348
0000289_03201_d_0000827.jpg,4,1,car,4,12,495.0,259.0,543.0,322.0,3024.0,medium,0,none,0,not_truncated,True,1,0.9217457175254822,0.9315820932388306
0000289_03201_d_0000827.jpg,5,1,car,4,13,494.0,350.0,545.0,421.00000000000006,3621.0000000000027,medium,0,none,0,not_truncated,True,10,0.8149518966674805,0.6633827686309814
0000289_03201_d_0000827.jpg,6,0,pedestrian,1,15,543.0,337.0,563.0,376.0,780.0,small,0,none,0,not_truncated,False,,,
0000289_03201_d_0000827.jpg,7,1,car,4,17,434.99999999999994,416.00000000000006,507.0,521.0,7560.000000000002,medium,0,none,0,not_truncated,True,11,0.7877373099327087,0.9593356847763062
0000289_03201_d_0000827.jpg,8,2,van,5,23,412.99999999999994,525.0,491.0,666.0,10998.000000000007,large,1,partial,0,not_truncated,False,,,
0000289_03201_d_0000827.jpg,9,1,car,4,24,336.0,635.0,462.0,728.0,11718.0,large,2,heavy,0,not_truncated,False,,,
0000289_03201_d_0000827.jpg,10,2,van,5,25,680.0,671.0,763.0,765.0,7802.0,medium,0,none,1,truncated,False,,,
0000289_03201_d_0000827.jpg,11,1,car,4,26,845.0,641.9999999999999,931.0,765.0,10578.00000000001,large,0,none,1,truncated,True,6,0.9070930480957031,0.9185603260993958
0000289_03201_d_0000827.jpg,12,0,pedestrian,1,29,901.0,594.0,921.9999999999999,642.0,1007.9999999999945,small,0,none,0,not_truncated,True,19,0.5199801921844482,0.8025883436203003
0000289_03201_d_0000827.jpg,13,2,van,5,31,701.9999999999999,507.0,763.0,609.0,6222.000000000012,medium,0,none,0,not_truncated,True,20,0.5175642967224121,0.903799295425415
0000289_03201_d_0000827.jpg,14,1,car,4,34,925.0,446.00000000000006,1054.9999999999998,508.0,8059.999999999978,medium,1,partial,0,not_truncated,True,14,0.6910006403923035,0.905336320400238
0000289_03201_d_0000827.jpg,15,1,car,4,35,898.0,381.99999999999994,990.0,445.99999999999994,5888.0,medium,1,partial,0,not_truncated,True,5,0.9114463925361633,0.9473886489868164
0000289_03201_d_0000827.jpg,16,1,car,4,36,669.0,409.0,724.0,487.00000000000006,4290.000000000003,medium,0,none,0,not_truncated,True,0,0.9288623332977295,0.8884847164154053
0000289_03201_d_0000827.jpg,17,1,car,4,37,788.9999999999999,370.0,845.0,436.0,3696.0000000000073,medium,0,none,0,not_truncated,True,17,0.6374512910842896,0.8750095367431641
0000289_03201_d_0000827.jpg,18,1,car,4,38,659.0,317.0,706.0000000000001,379.0,2914.0000000000073,medium,0,none,0,not_truncated,True,3,0.9159657955169678,0.929443895816803
0000289_03201_d_0000827.jpg,19,1,car,4,39,661.0,245.00000000000003,700.9999999999999,295.0,1999.9999999999932,medium,0,none,0,not_truncated,True,7,0.9010230898857117,0.8867056369781494
0000289_03201_d_0000827.jpg,20,1,car,4,40,757.0,243.0,797.9999999999999,289.0,1885.9999999999948,medium,1,partial,0,not_truncated,True,9,0.830951988697052,0.9148987531661987
0000289_03201_d_0000827.jpg,21,1,car,4,41,667.0,201.0,704.9999999999999,243.00000000000003,1595.9999999999964,medium,0,none,0,not_truncated,True,13,0.7020657062530518,0.8658665418624878
0000289_03201_d_0000827.jpg,22,0,pedestrian,1,49,676.0,171.0,688.0,202.0,372.0,small,1,partial,0,not_truncated,False,,,
0000289_03201_d_0000827.jpg,23,0,pedestrian,1,51,654.0,172.0,672.0,205.0,594.0,small,1,partial,0,not_truncated,False,,,
0000289_03201_d_0000827.jpg,24,2,van,5,52,661.0,145.0,695.0,188.0,1462.0,medium,1,partial,0,not_truncated,False,,,
0000289_03201_d_0000827.jpg,25,1,car,4,62,583.0,0.0,608.0,15.0,375.0,small,0,none,1,truncated,False,,,
0000289_03201_d_0000827.jpg,26,2,van,5,63,623.0,0.0,641.0,12.999999999999998,233.99999999999997,small,0,none,1,truncated,False,,,
0000289_03201_d_0000827.jpg,27,1,car,4,68,632.0,69.0,695.0,97.0,1764.0,medium,0,none,0,not_truncated,True,8,0.865991473197937,0.8683019876480103
0000289_03201_d_0000827.jpg,28,1,car,4,69,657.0,19.0,684.0,43.0,648.0,small,0,none,0,not_truncated,True,16,0.640327513217926,0.8865559697151184
0000289_03201_d_0000827.jpg,29,1,car,4,70,748.9999999999999,42.0,811.0,65.0,1426.0000000000027,medium,1,partial,0,not_truncated,True,15,0.6701416969299316,0.7859089970588684
0000289_03201_d_0000827.jpg,30,0,pedestrian,1,71,740.0000000000001,28.0,748.0000000000001,50.0,176.0,small,0,none,0,not_truncated,False,,,
0000289_03201_d_0000827.jpg,31,0,pedestrian,1,72,732.0,7.999999999999999,738.0,30.0,132.0,small,0,none,0,not_truncated,False,,,
0000289_03201_d_0000827.jpg,32,0,pedestrian,1,73,731.0,7.0,737.0,25.999999999999996,113.99999999999997,small,2,heavy,0,not_truncated,False,,,
0000289_04001_d_0000831.jpg,0,1,car,4,1,116.0,585.0,305.0,725.0,26460.0,large,0,none,0,not_truncated,True,3,0.8863837122917175,0.9148534536361694
0000289_04001_d_0000831.jpg,1,1,car,4,2,10.999999999999998,516.0,231.0,655.0,30580.0,large,0,none,0,not_truncated,True,0,0.9282793402671814,0.9552404284477234
0000289_04001_d_0000831.jpg,2,1,car,4,3,728.0,386.0,809.0,489.99999999999994,8423.999999999995,medium,0,none,0,not_truncated,True,5,0.867525577545166,0.939301609992981
0000289_04001_d_0000831.jpg,3,1,car,4,4,328.99999999999994,260.99999999999994,451.0,324.0,7686.000000000011,medium,0,none,0,not_truncated,True,4,0.8788635730743408,0.9358713030815125
0000289_04001_d_0000831.jpg,4,1,car,4,5,994.0000000000001,290.0,1120.0,363.0,9197.99999999999,medium,0,none,0,not_truncated,True,1,0.9188427329063416,0.9443201422691345
0000289_04001_d_0000831.jpg,5,1,car,4,6,505.0,150.0,550.0,195.99999999999997,2069.9999999999986,medium,0,none,0,not_truncated,True,2,0.8894467353820801,0.9059191942214966
0000289_04001_d_0000831.jpg,6,2,van,5,7,660.0,144.0,696.9999999999999,201.0,2108.9999999999936,medium,0,none,0,not_truncated,True,12,0.4865660071372986,0.8758870959281921
0000289_04001_d_0000831.jpg,7,2,van,5,8,995.0000000000001,171.0,1089.0,220.99999999999997,4699.999999999992,medium,0,none,0,not_truncated,True,14,0.4790647625923157,0.9103721976280212
0000289_04001_d_0000831.jpg,8,1,car,4,9,1067.0000000000002,230.0,1187.0,272.0,5039.999999999991,medium,1,partial,0,not_truncated,True,7,0.7687608599662781,0.9323042035102844
0000289_04001_d_0000831.jpg,9,1,car,4,10,1121.0,264.0,1246.0,308.0,5500.0,medium,2,heavy,0,not_truncated,True,8,0.5520463585853577,0.6400256752967834
0000289_04001_d_0000831.jpg,10,1,car,4,11,1263.0,263.0,1360.0,308.0,4365.0,medium,1,partial,1,truncated,True,18,0.38819628953933716,0.7459442615509033
0000289_04001_d_0000831.jpg,11,1,car,4,12,1286.0,155.0,1360.0,199.00000000000003,3256.0000000000023,medium,1,partial,1,truncated,True,6,0.8094050288200378,0.8957197070121765
0000289_04001_d_0000831.jpg,12,0,pedestrian,1,18,1171.0,133.0,1185.0,166.0,462.0,small,0,none,0,not_truncated,True,10,0.505084753036499,0.8612025380134583
0000289_04001_d_0000831.jpg,13,0,pedestrian,1,30,890.0,115.00000000000001,903.0,145.0,389.99999999999983,small,1,partial,0,not_truncated,False,,,
0000289_04001_d_0000831.jpg,14,0,pedestrian,1,31,893.0,143.0,903.0,176.0,330.0,small,1,partial,0,not_truncated,True,22,0.3418641686439514,0.6253212094306946
0000289_04001_d_0000831.jpg,15,0,pedestrian,1,32,884.0,138.0,892.0,174.0,288.0,small,1,partial,0,not_truncated,False,,,
0000289_04001_d_0000831.jpg,16,0,pedestrian,1,33,877.0,136.0,886.0,171.0,315.0,small,1,partial,0,not_truncated,True,25,0.3104417622089386,0.6900056600570679
0000289_04001_d_0000831.jpg,17,0,pedestrian,1,34,829.0000000000001,165.0,844.0,200.0,524.999999999996,small,0,none,0,not_truncated,True,9,0.5370592474937439,0.914735734462738
0000289_04001_d_0000831.jpg,18,0,pedestrian,1,35,810.0,152.0,819.0,190.0,342.0,small,0,none,0,not_truncated,False,,,
0000289_04001_d_0000831.jpg,19,0,pedestrian,1,36,799.0,157.0,808.0,194.0,333.0,small,0,none,0,not_truncated,False,,,
0000289_04001_d_0000831.jpg,20,0,pedestrian,1,37,796.0,149.0,804.0,177.0,224.0,small,1,partial,0,not_truncated,False,,,
0000289_04001_d_0000831.jpg,21,0,pedestrian,1,38,798.0,135.99999999999997,809.0,167.0,341.00000000000034,small,1,partial,0,not_truncated,False,,,
0000289_04001_d_0000831.jpg,22,0,pedestrian,1,39,792.0,131.0,803.0,159.0,308.0,small,1,partial,0,not_truncated,False,,,
0000289_04001_d_0000831.jpg,23,0,pedestrian,1,42,777.0,139.0,787.9999999999999,172.0,362.99999999999625,small,0,none,0,not_truncated,False,,,
0000289_04001_d_0000831.jpg,24,0,pedestrian,1,43,835.0,86.99999999999999,843.0,121.0,272.0000000000001,small,0,none,0,not_truncated,False,,,
0000289_04001_d_0000831.jpg,25,0,pedestrian,1,44,828.0000000000001,86.0,836.0,114.0,223.99999999999682,small,1,partial,0,not_truncated,False,,,
0000289_04001_d_0000831.jpg,26,0,pedestrian,1,45,822.0,87.99999999999999,828.9999999999999,109.0,146.9999999999977,small,1,partial,0,not_truncated,False,,,
0000289_04001_d_0000831.jpg,27,0,pedestrian,1,46,768.0,75.0,777.0,106.0,279.0,small,0,none,0,not_truncated,False,,,
0000289_04001_d_0000831.jpg,28,0,pedestrian,1,49,758.0,60.0,766.0,91.0,248.0,small,0,none,0,not_truncated,False,,,
0000289_04001_d_0000831.jpg,29,0,pedestrian,1,50,725.0,66.0,737.0,97.0,372.0,small,0,none,0,not_truncated,False,,,
0000289_04001_d_0000831.jpg,30,0,pedestrian,1,52,807.0,34.99999999999999,814.0,63.0,196.00000000000006,small,0,none,0,not_truncated,False,,,
0000289_04001_d_0000831.jpg,31,0,pedestrian,1,53,654.0,104.00000000000001,660.0,119.0,89.99999999999991,small,0,none,0,not_truncated,False,,,
0000289_04001_d_0000831.jpg,32,0,pedestrian,1,54,650.0,87.0,658.0,115.0,224.0,small,1,partial,0,not_truncated,False,,,
0000289_04001_d_0000831.jpg,33,0,pedestrian,1,55,643.0,89.0,651.0,114.0,200.0,small,1,partial,0,not_truncated,False,,,
0000289_04001_d_0000831.jpg,34,1,car,4,62,75.0,234.00000000000003,205.0,286.0,6759.999999999996,medium,0,none,0,not_truncated,True,26,0.27122652530670166,0.9244977235794067
0000289_04001_d_0000831.jpg,35,2,van,5,63,0.0,290.00000000000006,68.0,369.0,5371.999999999996,medium,0,none,1,truncated,True,20,0.3553123474121094,0.8453929424285889
0000289_04001_d_0000831.jpg,36,0,pedestrian,1,65,171.0,147.0,184.00000000000003,173.0,338.00000000000074,small,1,partial,0,not_truncated,False,,,
0000289_04001_d_0000831.jpg,37,0,pedestrian,1,68,774.0,9.999999999999998,781.0,30.999999999999996,147.0,small,1,partial,0,not_truncated,False,,,
0000289_04001_d_0000831.jpg,38,0,pedestrian,1,69,781.0,10.0,787.9999999999999,31.999999999999996,153.99999999999747,small,1,partial,0,not_truncated,False,,,
0000289_04001_d_0000831.jpg,39,0,pedestrian,1,70,790.0000000000001,7.0,797.0,30.0,160.99999999999739,small,1,partial,0,not_truncated,False,,,
0000289_04001_d_0000831.jpg,40,1,car,4,76,708.0,27.0,734.0,54.99999999999999,727.9999999999998,small,1,partial,0,not_truncated,True,13,0.48329514265060425,0.7300928831100464
0000289_04001_d_0000831.jpg,41,1,car,4,77,701.0000000000001,11.0,727.0,30.0,493.99999999999784,small,1,partial,0,not_truncated,True,23,0.33325818181037903,0.5215522646903992
0000289_04801_d_0000835.jpg,0,0,pedestrian,1,2,607.0,0.0,615.0,19.0,152.0,small,0,none,1,truncated,False,,,
0000289_04801_d_0000835.jpg,1,0,pedestrian,1,5,490.0,162.00000000000003,504.99999999999994,204.0,629.9999999999972,small,1,partial,0,not_truncated,False,,,
0000289_04801_d_0000835.jpg,2,0,pedestrian,1,6,540.0,310.0,556.0,359.0,784.0,small,0,none,0,not_truncated,True,24,0.3463062047958374,0.8108367323875427
0000289_04801_d_0000835.jpg,3,0,pedestrian,1,7,229.00000000000003,352.0,256.0,408.0,1511.9999999999984,medium,0,none,0,not_truncated,True,29,0.2820024788379669,0.6582670211791992
0000289_04801_d_0000835.jpg,4,0,pedestrian,1,8,248.00000000000003,355.0,273.0,413.0,1449.9999999999984,medium,0,none,0,not_truncated,True,26,0.30793291330337524,0.8323973417282104
0000289_04801_d_0000835.jpg,5,1,car,4,11,433.99999999999994,102.0,514.0,138.0,2880.000000000002,medium,2,heavy,0,not_truncated,False,,,
0000289_04801_d_0000835.jpg,6,1,car,4,13,538.0,0.0,596.0,14.0,812.0,small,0,none,1,truncated,False,,,
0000289_04801_d_0000835.jpg,7,1,car,4,14,551.0,5.000000000000001,579.0,32.0,756.0,small,1,partial,0,not_truncated,True,21,0.3937256336212158,0.7288793921470642
0000289_04801_d_0000835.jpg,8,1,car,4,15,538.0,24.999999999999996,571.0,53.0,924.0000000000001,small,1,partial,0,not_truncated,True,28,0.283161461353302,0.6395990252494812
0000289_04801_d_0000835.jpg,9,1,car,4,16,529.0,50.0,563.0,82.0,1088.0,medium,1,partial,0,not_truncated,True,15,0.6198230981826782,0.7843895554542542
0000289_04801_d_0000835.jpg,10,1,car,4,17,655.0,47.0,686.0,79.99999999999999,1022.9999999999995,small,0,none,0,not_truncated,True,11,0.6590578556060791,0.7950975298881531
0000289_04801_d_0000835.jpg,11,1,car,4,18,528.0,85.0,567.0,121.99999999999999,1442.9999999999995,medium,0,none,0,not_truncated,True,12,0.6343842148780823,0.7418250441551208
0000289_04801_d_0000835.jpg,12,1,car,4,19,507.0,117.00000000000001,545.0,164.0,1785.9999999999995,medium,0,none,0,not_truncated,True,17,0.5861386060714722,0.8160045146942139
0000289_04801_d_0000835.jpg,13,1,car,4,20,727.0,0.0,752.9999999999999,24.0,623.9999999999973,small,0,none,0,not_truncated,True,13,0.6273706555366516,0.8248723149299622
0000289_04801_d_0000835.jpg,14,0,pedestrian,1,21,710.0,25.0,721.0,54.99999999999999,329.99999999999994,small,0,none,0,not_truncated,False,,,
0000289_04801_d_0000835.jpg,15,1,car,4,24,744.9999999999999,35.0,793.0,66.0,1488.0000000000036,medium,0,none,0,not_truncated,True,5,0.8571768403053284,0.9242103099822998
0000289_04801_d_0000835.jpg,16,1,car,4,25,760.0,84.0,795.9999999999999,118.0,1223.9999999999961,medium,0,none,0,not_truncated,True,10,0.6830083727836609,0.8212554454803467
0000289_04801_d_0000835.jpg,17,1,car,4,26,762.0,113.0,826.0000000000001,151.0,2432.0000000000045,medium,0,none,0,not_truncated,True,7,0.8528391122817993,0.9552314281463623
0000289_04801_d_0000835.jpg,18,1,car,4,27,779.0,159.99999999999997,831.0000000000001,202.0,2184.0000000000064,medium,0,none,0,not_truncated,True,3,0.8852311372756958,0.8302505016326904
0000289_04801_d_0000835.jpg,19,1,car,4,28,842.0,97.0,920.0,132.0,2730.0,medium,1,partial,0,not_truncated,True,1,0.9028425216674805,0.9497467279434204
0000289_04801_d_0000835.jpg,20,0,pedestrian,1,29,880.0,150.00000000000003,896.0,192.0,671.9999999999995,small,0,none,0,not_truncated,True,22,0.38850778341293335,0.8577010035514832
0000289_04801_d_0000835.jpg,21,0,pedestrian,1,30,892.0,67.0,902.0,95.0,280.0,small,0,none,0,not_truncated,False,,,
0000289_04801_d_0000835.jpg,22,0,pedestrian,1,31,839.0,33.99999999999999,852.0,62.0,364.0000000000001,small,1,partial,0,not_truncated,False,,,
0000289_04801_d_0000835.jpg,23,0,pedestrian,1,34,756.0,70.0,767.0,89.0,209.0,small,1,partial,0,not_truncated,False,,,
0000289_04801_d_0000835.jpg,24,0,pedestrian,1,35,775.0,71.0,785.9999999999999,94.0,252.99999999999739,small,1,partial,0,not_truncated,False,,,
0000289_04801_d_0000835.jpg,25,2,van,5,41,681.0,139.00000000000003,717.9999999999999,192.0,1960.999999999993,medium,0,none,0,not_truncated,True,23,0.35331565141677856,0.7858805656433105
0000289_04801_d_0000835.jpg,26,1,car,4,42,792.9999999999999,201.0,848.0,250.0,2695.0000000000055,medium,0,none,0,not_truncated,True,6,0.8568786382675171,0.8687953948974609
0000289_04801_d_0000835.jpg,27,1,car,4,43,810.0,255.00000000000003,870.0000000000001,316.0,3660.000000000005,medium,0,none,0,not_truncated,True,0,0.9196460247039795,0.9436358213424683
0000289_04801_d_0000835.jpg,28,0,pedestrian,1,48,1148.0,562.0,1175.0,633.0,1917.0,medium,0,none,0,not_truncated,True,9,0.7514694333076477,0.8005116581916809
0000289_04801_d_0000835.jpg,29,0,pedestrian,1,49,1127.0,551.0,1157.0,615.9999999999999,1949.9999999999966,medium,0,none,0,not_truncated,False,,,
0000289_04801_d_0000835.jpg,30,0,pedestrian,1,50,1269.0,701.0000000000001,1305.0,765.0,2303.999999999996,medium,0,none,1,truncated,False,,,
0000289_04801_d_0000835.jpg,31,0,pedestrian,1,51,1206.0,653.0000000000001,1235.0,718.0,1884.9999999999968,medium,0,none,1,truncated,True,14,0.627342939376831,0.7149642705917358
0000289_04801_d_0000835.jpg,32,0,pedestrian,1,53,1333.0,458.0,1355.0,510.99999999999994,1165.9999999999986,medium,0,none,0,not_truncated,False,,,
0000289_04801_d_0000835.jpg,33,0,pedestrian,1,55,992.0000000000001,230.0,1006.0,272.0,587.9999999999952,small,0,none,0,not_truncated,False,,,
0000289_04801_d_0000835.jpg,34,0,pedestrian,1,56,977.0,229.0,993.0,272.0,688.0,small,0,none,0,not_truncated,True,30,0.2756432890892029,0.7899623513221741
0000289_04801_d_0000835.jpg,35,0,pedestrian,1,66,974.0,461.00000000000006,998.9999999999999,520.0,1474.9999999999918,medium,1,partial,0,not_truncated,False,,,
0000289_04801_d_0000835.jpg,36,0,pedestrian,1,67,773.0,691.9999999999999,797.9999999999999,763.0,1774.9999999999948,medium,0,none,0,not_truncated,True,16,0.607698917388916,0.7723003029823303
0000289_04801_d_0000835.jpg,37,0,pedestrian,1,68,802.0,720.0,830.9999999999999,765.0,1304.999999999995,medium,0,none,1,truncated,True,19,0.49509042501449585,0.803335964679718
0000289_04801_d_0000835.jpg,38,2,van,5,69,704.9999999999999,332.0,772.0,438.99999999999994,7169.000000000008,medium,0,none,0,not_truncated,True,8,0.8398118019104004,0.8976237177848816
0000289_04801_d_0000835.jpg,39,1,car,4,70,582.0,351.0,640.0,449.0,5684.0,medium,0,none,0,not_truncated,True,4,0.8757923245429993,0.7947680950164795
0000289_04801_d_0000835.jpg,40,1,car,4,71,548.0,472.0,629.0,631.0,12879.0,large,0,none,0,not_truncated,True,2,0.9019030332565308,0.8719308972358704
0000289_05801_d_0000840.jpg,0,1,car,4,1,421.0,583.0,520.0,737.0,15246.0,large,0,none,0,not_truncated,True,2,0.9134117364883423,0.9573670625686646
0000289_05801_d_0000840.jpg,1,1,car,4,3,413.00000000000006,491.00000000000006,562.0,600.0,16240.999999999985,large,0,none,0,not_truncated,True,4,0.9071801900863647,0.9655348658561707
0000289_05801_d_0000840.jpg,2,1,car,4,4,488.0,366.0,561.0,453.0,6351.0,medium,0,none,0,not_truncated,True,0,0.9222478866577148,0.9473717212677002
0000289_05801_d_0000840.jpg,3,1,car,4,5,503.0,312.0,557.0,377.0,3510.0,medium,1,partial,0,not_truncated,True,5,0.897712230682373,0.9246596693992615
0000289_05801_d_0000840.jpg,4,1,car,4,6,513.0,259.0,553.0,307.0,1920.0,medium,0,none,0,not_truncated,True,12,0.7696049213409424,0.9030599594116211
0000289_05801_d_0000840.jpg,5,1,car,4,7,693.0,319.0,745.0000000000001,374.0,2860.0000000000064,medium,0,none,0,not_truncated,True,7,0.8749219179153442,0.9520223140716553
0000289_05801_d_0000840.jpg,6,1,car,4,8,619.0,289.00000000000006,663.0,345.0,2463.9999999999973,medium,0,none,0,not_truncated,True,3,0.9113777875900269,0.9402999877929688
0000289_05801_d_0000840.jpg,7,1,car,4,9,782.9999999999999,237.0,826.0000000000001,286.0,2107.000000000011,medium,0,none,0,not_truncated,False,,,
0000289_05801_d_0000840.jpg,8,0,pedestrian,1,13,428.0,461.0,454.00000000000006,513.0,1352.000000000003,medium,0,none,0,not_truncated,False,,,
0000289_05801_d_0000840.jpg,9,0,pedestrian,1,14,318.0,441.00000000000006,341.0,494.00000000000006,1219.0,medium,1,partial,0,not_truncated,True,17,0.5798125863075256,0.7944146394729614
0000289_05801_d_0000840.jpg,10,0,pedestrian,1,15,552.0,728.0,583.0,760.0,992.0,small,0,none,1,truncated,True,39,0.269883394241333,0.725615918636322
0000289_05801_d_0000840.jpg,11,2,van,5,18,348.99999999999994,224.99999999999997,426.0,286.0,4697.0000000000055,medium,0,none,0,not_truncated,True,10,0.7984942197799683,0.7957907319068909
0000289_05801_d_0000840.jpg,12,1,car,4,19,290.0,216.0,388.0,255.00000000000003,3822.0000000000027,medium,1,partial,0,not_truncated,True,8,0.8442332744598389,0.8613339066505432
0000289_05801_d_0000840.jpg,13,1,car,4,20,264.0,183.0,348.0,216.0,2772.0,medium,1,partial,0,not_truncated,True,13,0.7669841647148132,0.9418202638626099
0000289_05801_d_0000840.jpg,14,1,car,4,21,382.0,172.0,433.99999999999994,209.00000000000003,1923.9999999999993,medium,1,partial,0,not_truncated,True,15,0.6252954602241516,0.7732232809066772
0000289_05801_d_0000840.jpg,15,1,car,4,22,664.0,195.99999999999997,696.9999999999999,233.00000000000003,1220.9999999999977,medium,0,none,0,not_truncated,True,18,0.5640313029289246,0.890369713306427
0000289_05801_d_0000840.jpg,16,1,car,4,23,896.0,515.0,1003.9999999999999,631.0,12527.999999999987,large,0,none,0,not_truncated,True,1,0.9141767024993896,0.8783194422721863
0000289_05801_d_0000840.jpg,17,1,car,4,24,854.0,378.99999999999994,968.9999999999999,443.99999999999994,7474.999999999993,medium,0,none,1,truncated,True,16,0.5842136740684509,0.9754316806793213
0000289_05801_d_0000840.jpg,18,0,pedestrian,1,25,806.0,377.0,828.9999999999999,426.0,1126.9999999999945,medium,0,none,0,not_truncated,True,31,0.3407013416290283,0.6370159983634949
0000289_05801_d_0000840.jpg,19,0,pedestrian,1,26,933.0,269.0,949.0,305.0,576.0,small,0,none,0,not_truncated,True,22,0.48224031925201416,0.8759469389915466
0000289_05801_d_0000840.jpg,20,1,car,4,30,825.9999999999999,206.00000000000003,904.0,240.0,2652.000000000002,medium,0,none,0,not_truncated,True,19,0.5464019179344177,0.6938667297363281
0000289_05801_d_0000840.jpg,21,1,car,4,31,780.0,183.0,856.0,228.0,3420.0,medium,1,partial,0,not_truncated,False,,,
0000289_05801_d_0000840.jpg,22,1,car,4,32,759.0,178.0,788.9999999999999,206.0,839.9999999999968,small,1,partial,0,not_truncated,False,,,
0000289_05801_d_0000840.jpg,23,1,car,4,33,746.9999999999999,148.99999999999997,795.0,179.0,1440.0000000000048,medium,0,none,0,not_truncated,False,,,
0000289_05801_d_0000840.jpg,24,1,car,4,34,777.0000000000001,121.00000000000001,815.0,149.0,1063.9999999999964,medium,1,partial,0,not_truncated,False,,,
0000289_05801_d_0000840.jpg,25,1,car,4,35,736.0000000000001,137.0,768.0,165.99999999999997,927.9999999999958,small,1,partial,0,not_truncated,False,,,
0000289_05801_d_0000840.jpg,26,1,car,4,36,743.0000000000001,122.99999999999999,777.0,145.0,747.999999999998,small,1,partial,0,not_truncated,False,,,
0000289_05801_d_0000840.jpg,27,1,car,4,37,720.0,113.0,749.9999999999999,136.0,689.9999999999974,small,0,none,0,not_truncated,True,34,0.29896584153175354,0.7815904021263123
0000289_05801_d_0000840.jpg,28,0,pedestrian,1,38,736.0,207.00000000000003,744.9999999999999,242.0,314.9999999999958,small,0,none,0,not_truncated,True,28,0.3756372034549713,0.7392427921295166
0000289_05801_d_0000840.jpg,29,1,car,4,44,820.0,724.0,980.0,765.0,6560.0,medium,0,none,1,truncated,True,24,0.44786250591278076,0.8847931623458862
0000289_05801_d_0000840.jpg,30,0,pedestrian,1,45,1282.0,677.0,1300.0,723.0,828.0,small,0,none,0,not_truncated,False,,,
0000289_05801_d_0000840.jpg,31,0,pedestrian,1,46,1257.0,659.0,1285.0,723.0,1792.0,medium,0,none,0,not_truncated,False,,,
0000289_05801_d_0000840.jpg,32,1,car,4,47,546.0,131.0,574.0,157.0,728.0,small,0,none,0,not_truncated,False,,,
0000289_05801_d_0000840.jpg,33,1,car,4,48,731.0,86.0,753.9999999999999,106.0,459.9999999999977,small,0,none,0,not_truncated,False,,,
0000289_05801_d_0000840.jpg,34,1,car,4,49,706.0000000000001,71.0,728.0,91.0,439.9999999999977,small,0,none,0,not_truncated,True,29,0.3679477870464325,0.7127374410629272
0000289_05801_d_0000840.jpg,35,1,car,4,50,621.0,80.0,644.0,106.0,598.0,small,0,none,0,not_truncated,True,26,0.4105820655822754,0.810461699962616
0000289_05801_d_0000840.jpg,36,1,car,4,51,556.0,109.0,580.0,133.0,576.0,small,0,none,0,not_truncated,True,14,0.6355496048927307,0.7229902744293213
0000289_05801_d_0000840.jpg,37,1,car,4,52,536.0,100.99999999999999,587.0,119.0,918.0000000000007,small,1,partial,0,not_truncated,False,,,
0000289_05801_d_0000840.jpg,38,1,car,4,53,531.0,83.0,581.0,103.0,1000.0,small,1,partial,0,not_truncated,False,,,
0000289_05801_d_0000840.jpg,39,1,car,4,54,517.0,76.0,576.0,101.0,1475.0,medium,1,partial,0,not_truncated,False,,,
0000289_05801_d_0000840.jpg,40,1,car,4,55,566.0,66.0,589.0,87.00000000000001,483.00000000000034,small,1,partial,0,not_truncated,True,35,0.2900301218032837,0.7067552208900452
0000289_05801_d_0000840.jpg,41,1,car,4,56,651.0,52.00000000000001,671.0,72.0,399.9999999999999,small,1,partial,0,not_truncated,True,38,0.2712986469268799,0.5303874611854553
0000289_05801_d_0000840.jpg,42,1,car,4,57,695.0000000000001,46.0,715.0,62.0,319.9999999999982,small,1,partial,0,not_truncated,True,20,0.5425135493278503,0.534843385219574
0000289_05801_d_0000840.jpg,43,0,pedestrian,1,58,877.0,126.0,885.0,153.99999999999997,223.99999999999977,small,0,none,0,not_truncated,False,,,
0000289_05801_d_0000840.jpg,44,0,pedestrian,1,59,564.0,294.0,577.0,333.0,507.0,small,0,none,0,not_truncated,False,,,
0000289_05801_d_0000840.jpg,45,0,pedestrian,1,60,565.0,289.0,579.0,329.0,560.0,small,1,partial,0,not_truncated,False,,,
0000289_05801_d_0000840.jpg,46,0,pedestrian,1,61,590.0,97.99999999999999,599.0,118.0,180.0000000000001,small,0,none,0,not_truncated,False,,,
0000289_05801_d_0000840.jpg,47,0,pedestrian,1,62,605.0,64.99999999999999,611.0,87.0,132.00000000000009,small,0,none,0,not_truncated,False,,,
0000289_05801_d_0000840.jpg,48,0,pedestrian,1,63,597.0,63.99999999999999,604.0,86.0,154.00000000000006,small,0,none,0,not_truncated,False,,,
0000289_05801_d_0000840.jpg,49,0,pedestrian,1,64,593.0,65.0,597.0,85.0,80.0,small,0,none,0,not_truncated,False,,,
0000289_05801_d_0000840.jpg,50,1,car,4,65,632.0,30.0,651.0,44.0,266.0,small,0,none,0,not_truncated,True,27,0.38606518507003784,0.6571877002716064
0000289_05801_d_0000840.jpg,51,1,car,4,66,645.0,10.0,661.0,22.999999999999996,207.99999999999994,small,0,none,0,not_truncated,False,,,
0000289_05801_d_0000840.jpg,52,1,car,4,67,705.0000000000001,42.00000000000001,743.9999999999999,57.00000000000001,584.9999999999966,small,1,partial,0,not_truncated,False,,,
0000289_05801_d_0000840.jpg,53,1,car,4,68,682.0,17.0,697.9999999999999,29.000000000000004,191.9999999999987,small,1,partial,0,not_truncated,False,,,
0000289_05801_d_0000840.jpg,54,1,car,4,69,702.0000000000001,19.0,733.0,34.0,464.9999999999983,small,1,partial,0,not_truncated,False,,,
0000289_05801_d_0000840.jpg,55,1,car,4,70,557.0,35.0,585.0,51.0,448.0,small,1,partial,0,not_truncated,False,,,
0000289_05801_d_0000840.jpg,56,1,car,4,71,556.0,24.999999999999996,593.0,45.0,740.0000000000001,small,1,partial,0,not_truncated,False,,,
0000289_05801_d_0000840.jpg,57,1,car,4,72,679.9999999999999,3.999999999999999,721.9999999999999,18.0,588.0,small,1,partial,0,not_truncated,False,,,
0000289_05801_d_0000840.jpg,58,0,pedestrian,1,73,684.0,40.0,688.0,54.99999999999999,59.99999999999997,small,0,none,0,not_truncated,False,,,
0000289_06601_d_0000844.jpg,0,1,car,4,1,0.0,530.0000000000001,47.0,596.0,3101.9999999999945,medium,1,partial,1,truncated,True,19,0.5832703113555908,0.6436131596565247
0000289_06601_d_0000844.jpg,1,1,car,4,2,142.99999999999997,458.0,224.0,565.9999999999999,8747.999999999995,medium,1,partial,0,not_truncated,True,28,0.3843618333339691,0.7873918414115906
0000289_06601_d_0000844.jpg,2,1,car,4,3,257.0,456.0,407.0,551.0,14250.0,large,1,partial,0,not_truncated,True,7,0.8761730790138245,0.7437115907669067
0000289_06601_d_0000844.jpg,3,2,van,5,4,311.0,381.00000000000006,448.0,457.00000000000006,10412.0,large,0,none,0,not_truncated,True,17,0.677455484867096,0.8638626337051392
0000289_06601_d_0000844.jpg,4,1,car,4,5,335.0,336.0,444.0,403.0,7303.0,medium,1,partial,0,not_truncated,True,12,0.8182538747787476,0.8599972724914551
0000289_06601_d_0000844.jpg,5,1,car,4,8,360.0,218.0,421.99999999999994,278.00000000000006,3720.0,medium,1,partial,0,not_truncated,True,18,0.6355392932891846,0.8649575710296631
0000289_06601_d_0000844.jpg,6,0,pedestrian,1,9,406.00000000000006,242.0,423.0,288.0,781.9999999999974,small,0,none,0,not_truncated,True,27,0.43689200282096863,0.7740395665168762
0000289_06601_d_0000844.jpg,7,0,pedestrian,1,13,470.0,97.99999999999999,478.99999999999994,132.0,305.9999999999982,small,1,partial,0,not_truncated,False,,,
0000289_06601_d_0000844.jpg,8,1,car,4,14,485.0,91.0,542.0,117.99999999999999,1538.999999999999,medium,2,heavy,0,not_truncated,False,,,
0000289_06601_d_0000844.jpg,9,1,car,4,18,531.0,293.0,586.0,349.0,3080.0,medium,0,none,0,not_truncated,True,1,0.9060933589935303,0.9324404001235962
0000289_06601_d_0000844.jpg,10,1,car,4,19,550.0,228.0,597.0,294.0,3102.0,medium,0,none,0,not_truncated,True,11,0.8343536257743835,0.8695287704467773
0000289_06601_d_0000844.jpg,11,1,car,4,20,522.0,195.99999999999997,614.0,245.99999999999997,4600.0,medium,1,partial,0,not_truncated,True,9,0.8421828746795654,0.9280223846435547
0000289_06601_d_0000844.jpg,12,1,car,4,21,522.0,152.0,610.0,192.0,3520.0,medium,0,none,0,not_truncated,True,8,0.8473271131515503,0.9116436243057251
0000289_06601_d_0000844.jpg,13,1,car,4,22,507.0,134.0,600.0,170.0,3348.0,medium,1,partial,0,not_truncated,False,,,
0000289_06601_d_0000844.jpg,14,1,car,4,23,589.0,112.0,623.0,151.0,1326.0,medium,1,partial,0,not_truncated,True,16,0.7185827493667603,0.7615879774093628
0000289_06601_d_0000844.jpg,15,1,car,4,24,586.0,42.0,625.0,65.0,897.0,small,1,partial,0,not_truncated,False,,,
0000289_06601_d_0000844.jpg,16,2,van,5,25,615.0,24.0,633.9999999999999,53.0,550.9999999999967,small,1,partial,0,not_truncated,False,,,
0000289_06601_d_0000844.jpg,17,1,car,4,26,622.0,15.999999999999998,642.0,44.0,560.0,small,1,partial,0,not_truncated,False,,,
0000289_06601_d_0000844.jpg,18,1,car,4,27,625.0,7.999999999999999,643.0,28.0,360.0,small,2,heavy,0,not_truncated,True,31,0.36906394362449646,0.6968687772750854
0000289_06601_d_0000844.jpg,19,1,car,4,28,649.0,0.0,672.0,15.0,345.0,small,0,none,1,truncated,True,45,0.25634312629699707,0.8163846731185913
0000289_06601_d_0000844.jpg,20,1,car,4,29,678.9999999999999,0.0,703.9999999999999,14.0,350.0,small,0,none,1,truncated,True,41,0.2713625133037567,0.7045784592628479
0000289_06601_d_0000844.jpg,21,1,car,4,30,713.0,0.0,732.0,17.0,323.0,small,0,none,1,truncated,True,30,0.37355220317840576,0.8136239051818848
0000289_06601_d_0000844.jpg,22,2,van,5,35,709.0,57.00000000000001,737.0,90.0,923.9999999999998,small,0,none,0,not_truncated,True,36,0.29277878999710083,0.7763532400131226
0000289_06601_d_0000844.jpg,23,1,car,4,42,762.0,6.000000000000001,780.0,25.0,342.0,small,1,partial,0,not_truncated,True,22,0.5257490277290344,0.5494179725646973
0000289_06601_d_0000844.jpg,24,1,car,4,43,786.9999999999999,11.0,832.0000000000001,32.0,945.0000000000048,small,1,partial,0,not_truncated,False,,,
0000289_06601_d_0000844.jpg,25,0,pedestrian,1,44,774.0,31.0,782.9999999999999,54.99999999999999,215.99999999999721,small,0,none,0,not_truncated,False,,,
0000289_06601_d_0000844.jpg,26,1,car,4,46,782.9999999999999,57.0,850.0,79.0,1474.0000000000025,medium,1,partial,0,not_truncated,False,,,
0000289_06601_d_0000844.jpg,27,1,car,4,47,789.0000000000001,66.0,817.0,95.0,811.9999999999967,small,0,none,0,not_truncated,True,13,0.7968409657478333,0.7367944121360779
0000289_06601_d_0000844.jpg,28,1,car,4,52,805.0,125.0,843.9999999999999,157.00000000000003,1247.9999999999975,medium,0,none,0,not_truncated,True,25,0.5090208649635315,0.8072260022163391
0000289_06601_d_0000844.jpg,29,2,van,5,60,892.0,90.0,939.0000000000001,127.0,1739.000000000004,medium,2,heavy,0,not_truncated,False,,,
0000289_06601_d_0000844.jpg,30,2,van,5,61,851.0,157.0,910.0000000000001,201.0,2596.000000000005,medium,1,partial,0,not_truncated,False,,,
0000289_06601_d_0000844.jpg,31,0,pedestrian,1,62,557.0000000000001,378.0,577.0,430.0,1039.999999999994,medium,0,none,0,not_truncated,False,,,
0000289_06601_d_0000844.jpg,32,0,pedestrian,1,63,571.9999999999999,375.0,593.0,428.0,1113.000000000006,medium,0,none,0,not_truncated,True,29,0.3735639154911041,0.8904510736465454
0000289_06601_d_0000844.jpg,33,0,pedestrian,1,64,599.0000000000001,380.99999999999994,615.0,442.99999999999994,991.999999999993,small,0,none,0,not_truncated,True,39,0.27956244349479675,0.7984943985939026
0000289_06601_d_0000844.jpg,34,1,car,4,65,655.0,325.00000000000006,714.0,407.0,4837.999999999996,medium,0,none,0,not_truncated,True,0,0.9170471429824829,0.9493834376335144
0000289_06601_d_0000844.jpg,35,1,car,4,69,841.9999999999999,231.99999999999997,899.0,279.0,2679.000000000007,medium,0,none,0,not_truncated,True,4,0.893032431602478,0.9102411866188049
0000289_06601_d_0000844.jpg,36,1,car,4,70,893.0,272.0,968.0,322.0,3750.0,medium,1,partial,0,not_truncated,True,10,0.839501142501831,0.790295422077179
0000289_06601_d_0000844.jpg,37,1,car,4,71,957.0000000000001,273.0,1059.0,330.99999999999994,5915.999999999987,medium,0,none,0,not_truncated,True,32,0.35551655292510986,0.9230679273605347
0000289_06601_d_0000844.jpg,38,1,car,4,72,998.9999999999999,313.0,1075.0,375.0,4712.000000000007,medium,1,partial,0,not_truncated,True,35,0.3104647397994995,0.8570336699485779
0000289_06601_d_0000844.jpg,39,0,pedestrian,1,73,1034.0,336.0,1045.0,378.0,462.0,small,2,heavy,0,not_truncated,False,,,
0000289_06601_d_0000844.jpg,40,0,pedestrian,1,74,1034.0,351.0,1065.0,396.99999999999994,1425.9999999999982,medium,2,heavy,0,not_truncated,False,,,
0000289_06601_d_0000844.jpg,41,1,car,4,75,884.0,318.0,952.0000000000001,381.0,4284.000000000007,medium,1,partial,0,not_truncated,True,3,0.9011862277984619,0.9410812854766846
0000289_06601_d_0000844.jpg,42,1,car,4,76,918.0000000000001,366.0,1020.0,438.99999999999994,7445.999999999986,medium,1,partial,0,not_truncated,True,14,0.7884820103645325,0.9248233437538147
0000289_06601_d_0000844.jpg,43,1,car,4,80,952.9999999999999,467.99999999999994,1041.0,558.0,7920.0000000000155,medium,0,none,0,not_truncated,True,5,0.890248715877533,0.9257648587226868
0000289_06601_d_0000844.jpg,44,1,car,4,81,758.0,495.0,835.0,604.0,8393.0,medium,0,none,0,not_truncated,True,2,0.9028966426849365,0.8823161721229553
0000289_06601_d_0000844.jpg,45,0,pedestrian,1,82,1127.0,349.0,1141.0,395.99999999999994,657.9999999999992,small,1,partial,0,not_truncated,False,,,
0000289_06601_d_0000844.jpg,46,0,pedestrian,1,83,1137.0,352.0,1155.0,399.99999999999994,863.999999999999,small,0,none,0,not_truncated,True,24,0.5234705209732056,0.7863395810127258
0000289_06601_d_0000844.jpg,47,1,car,4,86,1147.9999999999998,634.0,1358.0,739.0,22050.000000000025,large,0,none,0,not_truncated,True,6,0.8850070834159851,0.9019625186920166
0000289_06601_d_0000844.jpg,48,2,van,5,87,1315.9999999999998,577.0,1360.0,648.0000000000001,3124.0000000000214,medium,0,none,1,truncated,False,,,
0000290_04001_d_0000867.jpg,0,3,truck,6,1,237.0,145.0,417.0,192.0,8460.0,medium,0,none,0,not_truncated,False,,,
0000290_04001_d_0000867.jpg,1,1,car,4,2,397.0,372.00000000000006,446.0,422.00000000000006,2450.0,medium,1,partial,0,not_truncated,True,12,0.8664109110832214,0.8266783952713013
0000290_04001_d_0000867.jpg,2,0,pedestrian,1,3,635.0,3.0,640.0,20.0,85.0,small,0,none,0,not_truncated,False,,,
0000290_04001_d_0000867.jpg,3,1,car,4,5,667.0,0.0,685.0,14.0,252.0,small,0,none,1,truncated,True,42,0.3052542805671692,0.9109508991241455
0000290_04001_d_0000867.jpg,4,0,pedestrian,1,6,602.0,69.00000000000001,609.0,90.0,146.9999999999999,small,1,partial,0,not_truncated,False,,,
0000290_04001_d_0000867.jpg,5,1,car,4,7,634.0,72.0,653.9999999999999,95.0,459.9999999999974,small,0,none,0,not_truncated,True,15,0.8241346478462219,0.9105662703514099
0000290_04001_d_0000867.jpg,6,1,car,4,8,649.0,105.00000000000001,672.0,132.0,620.9999999999997,small,1,partial,0,not_truncated,True,18,0.7838878631591797,0.8225924968719482
0000290_04001_d_0000867.jpg,7,1,car,4,9,654.9999999999999,127.0,683.0,163.0,1008.0000000000041,small,0,none,0,not_truncated,True,22,0.7383387088775635,0.7317240834236145
0000290_04001_d_0000867.jpg,8,1,car,4,12,640.0,183.0,666.0,216.0,858.0,small,0,none,0,not_truncated,True,23,0.7276048064231873,0.9319137930870056
0000290_04001_d_0000867.jpg,9,1,car,4,15,612.0,454.0,657.0,528.0000000000001,3330.000000000005,medium,0,none,0,not_truncated,True,8,0.8957436680793762,0.9123683571815491
0000290_04001_d_0000867.jpg,10,1,car,4,16,691.0,510.00000000000006,735.0000000000001,582.0,3168.0000000000055,medium,0,none,0,not_truncated,True,20,0.7558099627494812,0.8913933634757996
0000290_04001_d_0000867.jpg,11,1,car,4,17,698.9999999999999,686.9999999999999,756.0,765.0,4446.0000000000155,medium,1,partial,1,truncated,True,13,0.8575918674468994,0.9603554010391235
0000290_04001_d_0000867.jpg,12,1,car,4,20,873.9999999999999,661.0,937.0,754.0,5859.000000000011,medium,1,partial,0,not_truncated,True,4,0.919569194316864,0.9055391550064087
0000290_04001_d_0000867.jpg,13,1,car,4,21,816.0,550.0,879.0,629.0000000000001,4977.000000000007,medium,1,partial,0,not_truncated,True,1,0.9236449599266052,0.8370727896690369
0000290_04001_d_0000867.jpg,14,1,car,4,22,723.0,389.0,759.9999999999999,440.99999999999994,1923.999999999992,medium,0,none,0,not_truncated,True,3,0.9205275177955627,0.9401792883872986
0000290_04001_d_0000867.jpg,15,1,car,4,23,702.0000000000001,317.0,733.0,357.0,1239.9999999999955,medium,0,none,0,not_truncated,True,14,0.8368680477142334,0.914591372013092
0000290_04001_d_0000867.jpg,16,1,car,4,24,758.0,299.0,794.9999999999999,345.0,1701.9999999999948,medium,0,none,0,not_truncated,True,10,0.8850406408309937,0.9033371210098267
0000290_04001_d_0000867.jpg,17,1,car,4,27,754.0,196.00000000000003,781.0,228.0,863.9999999999992,small,0,none,0,not_truncated,True,26,0.6903553605079651,0.9141142964363098
0000290_04001_d_0000867.jpg,18,0,pedestrian,1,28,754.0,143.0,764.0,164.0,210.0,small,0,none,0,not_truncated,False,,,
0000290_04001_d_0000867.jpg,19,1,car,4,29,761.0,143.0,784.9999999999999,170.0,647.9999999999969,small,1,partial,0,not_truncated,True,19,0.7659060955047607,0.7442231178283691
0000290_04001_d_0000867.jpg,20,1,car,4,30,754.0,106.0,776.0,129.0,506.0,small,0,none,0,not_truncated,True,21,0.7544600367546082,0.8753942251205444
0000290_04001_d_0000867.jpg,21,1,car,4,31,735.0000000000001,72.0,755.0,93.00000000000001,419.9999999999979,small,0,none,0,not_truncated,True,25,0.6971266269683838,0.8081250190734863
0000290_04001_d_0000867.jpg,22,0,pedestrian,1,32,753.0,16.0,758.0,31.999999999999996,79.99999999999999,small,0,none,0,not_truncated,False,,,
0000290_04001_d_0000867.jpg,23,2,van,5,33,747.0000000000001,13.000000000000002,782.9999999999999,31.999999999999996,683.9999999999955,small,2,heavy,0,not_truncated,False,,,
0000290_04001_d_0000867.jpg,24,1,car,4,34,762.0,4.999999999999999,799.9999999999999,22.0,645.9999999999981,small,2,heavy,0,not_truncated,True,48,0.26634570956230164,0.5469361543655396
0000290_04001_d_0000867.jpg,25,2,van,5,35,785.0000000000001,23.000000000000004,813.0,45.0,615.9999999999974,small,1,partial,0,not_truncated,False,,,
0000290_04001_d_0000867.jpg,26,0,pedestrian,1,36,835.0,24.0,841.0,42.0,108.0,small,0,none,0,not_truncated,False,,,
0000290_04001_d_0000867.jpg,27,1,car,4,39,842.0,13.999999999999998,874.9999999999999,30.0,527.9999999999982,small,0,none,0,not_truncated,True,33,0.49377191066741943,0.663295567035675
0000290_04001_d_0000867.jpg,28,1,car,4,40,870.0000000000001,36.99999999999999,910.9999999999999,57.0,819.9999999999958,small,0,none,0,not_truncated,True,17,0.8083733320236206,0.7521925568580627
0000290_04001_d_0000867.jpg,29,2,van,5,41,753.9999999999999,54.0,804.0,77.0,1150.0000000000027,medium,1,partial,0,not_truncated,False,,,
0000290_04001_d_0000867.jpg,30,1,car,4,42,780.0,73.0,823.0000000000001,92.0,817.0000000000022,small,1,partial,0,not_truncated,False,,,
0000290_04001_d_0000867.jpg,31,1,car,4,43,785.9999999999999,82.0,830.0000000000001,102.0,880.0000000000045,small,1,partial,0,not_truncated,True,32,0.5105623006820679,0.5783092379570007
0000290_04001_d_0000867.jpg,32,1,car,4,44,799.9999999999999,96.0,848.0,118.0,1056.0000000000025,medium,1,partial,0,not_truncated,False,,,
0000290_04001_d_0000867.jpg,33,2,van,5,45,813.0,103.99999999999999,857.0000000000001,129.0,1100.0000000000034,medium,1,partial,0,not_truncated,False,,,
0000290_04001_d_0000867.jpg,34,2,van,5,46,796.9999999999999,120.0,854.0,147.99999999999997,1596.0000000000016,medium,1,partial,0,not_truncated,False,,,
0000290_04001_d_0000867.jpg,35,1,car,4,47,802.9999999999999,135.0,853.0,159.0,1200.0000000000027,medium,1,partial,0,not_truncated,False,,,
0000290_04001_d_0000867.jpg,36,1,car,4,48,808.0,150.0,862.0000000000001,172.0,1188.0000000000025,medium,0,none,0,not_truncated,True,44,0.2863403260707855,0.9342038035392761
0000290_04001_d_0000867.jpg,37,0,pedestrian,1,49,890.0,103.99999999999999,898.0,123.00000000000001,152.00000000000023,small,0,none,0,not_truncated,False,,,
0000290_04001_d_0000867.jpg,38,2,van,5,50,879.9999999999999,88.0,934.0,115.99999999999999,1512.0000000000025,medium,1,partial,0,not_truncated,True,28,0.6078026294708252,0.6364769339561462
0000290_04001_d_0000867.jpg,39,1,car,4,51,920.9999999999999,150.0,976.0,173.0,1265.0000000000027,medium,0,none,0,not_truncated,True,31,0.5114049911499023,0.9051427245140076
0000290_04001_d_0000867.jpg,40,1,car,4,52,832.9999999999999,190.0,888.0,213.0,1265.0000000000027,medium,1,partial,0,not_truncated,True,38,0.3900682032108307,0.8031657934188843
0000290_04001_d_0000867.jpg,41,1,car,4,53,833.9999999999999,204.0,896.0,230.0,1612.000000000003,medium,1,partial,0,not_truncated,True,24,0.71307373046875,0.8300451040267944
0000290_04001_d_0000867.jpg,42,0,pedestrian,1,54,923.0,190.0,934.0,214.0,264.0,small,0,none,0,not_truncated,True,47,0.2684430480003357,0.6701094508171082
0000290_04001_d_0000867.jpg,43,0,pedestrian,1,55,941.0,219.99999999999997,952.9999999999999,243.0,275.9999999999977,small,0,none,0,not_truncated,False,,,
0000290_04001_d_0000867.jpg,44,0,pedestrian,1,56,936.0,213.0,947.0,236.0,253.0,small,1,partial,0,not_truncated,False,,,
0000290_04001_d_0000867.jpg,45,1,car,4,57,857.0,259.0,921.0,290.0,1984.0,medium,0,none,0,not_truncated,True,11,0.8841962814331055,0.887914776802063
0000290_04001_d_0000867.jpg,46,1,car,4,58,868.9999999999999,301.0,946.0,338.00000000000006,2849.0000000000086,medium,0,none,0,not_truncated,True,9,0.8928483724594116,0.9506024718284607
0000290_04001_d_0000867.jpg,47,1,car,4,59,889.0,359.0,974.0,395.00000000000006,3060.000000000005,medium,0,none,0,not_truncated,True,27,0.6806206703186035,0.9475395083427429
0000290_04001_d_0000867.jpg,48,1,car,4,60,882.0,335.0,952.0000000000001,366.99999999999994,2239.9999999999995,medium,1,partial,0,not_truncated,True,16,0.8238344788551331,0.9131022095680237
0000290_04001_d_0000867.jpg,49,0,pedestrian,1,61,833.0000000000001,400.99999999999994,847.0,427.0,363.99999999999784,small,0,none,0,not_truncated,False,,,
0000290_04001_d_0000867.jpg,50,2,van,5,62,901.0,397.00000000000006,999.9999999999999,442.00000000000006,4454.9999999999945,medium,0,none,0,not_truncated,True,30,0.5442704558372498,0.9205923676490784
0000290_04001_d_0000867.jpg,51,1,car,4,65,1025.0,340.0,1107.0,379.0,3198.0,medium,0,none,0,not_truncated,True,0,0.9410345554351807,0.9045869708061218
0000290_04001_d_0000867.jpg,52,0,pedestrian,1,69,1123.0,424.0,1130.0,442.99999999999994,132.9999999999996,small,1,partial,0,not_truncated,False,,,
0000290_04001_d_0000867.jpg,53,0,pedestrian,1,71,1078.0,435.0,1093.0,470.00000000000006,525.0000000000009,small,0,none,0,not_truncated,True,39,0.3524545729160309,0.9211655855178833
0000290_04001_d_0000867.jpg,54,1,car,4,72,914.0000000000001,442.99999999999994,1011.0,483.0,3880.000000000001,medium,0,none,0,not_truncated,True,5,0.9182468056678772,0.958791196346283
0000290_04001_d_0000867.jpg,55,1,car,4,73,931.0,479.0,1016.0,525.0,3910.0,medium,0,none,0,not_truncated,True,6,0.9134327173233032,0.9188508987426758
0000290_04001_d_0000867.jpg,56,1,car,4,74,983.0,560.0,1074.0,606.0,4186.0,medium,0,none,0,not_truncated,True,7,0.9103235602378845,0.9481734037399292
0000290_04001_d_0000867.jpg,57,1,car,4,75,965.0,608.0,1079.0,660.0,5928.0,medium,1,partial,0,not_truncated,True,2,0.9218782186508179,0.9426982998847961
0000290_04001_d_0000867.jpg,58,3,truck,6,77,1183.0,60.0,1225.9999999999998,85.0,1074.9999999999943,medium,1,partial,0,not_truncated,False,,,
0000290_04001_d_0000867.jpg,59,3,truck,6,78,1166.0,42.0,1233.0,60.0,1206.0,medium,1,partial,0,not_truncated,False,,,
0000290_04001_d_0000867.jpg,60,1,car,4,79,1181.0,39.0,1215.0,51.0,408.0,small,2,heavy,0,not_truncated,False,,,
0000291_01001_d_0000873.jpg,0,0,pedestrian,1,1,446.0,733.9999999999999,469.00000000000006,760.0,598.0000000000041,small,1,partial,0,not_truncated,False,,,
0000291_01001_d_0000873.jpg,1,0,pedestrian,1,14,46.0,678.0,83.0,734.0,2072.0,medium,0,none,0,not_truncated,True,10,0.6468318104743958,0.8324869275093079
0000291_01001_d_0000873.jpg,2,0,pedestrian,1,17,77.99999999999999,578.0,107.0,634.0,1624.000000000001,medium,0,none,0,not_truncated,True,18,0.46551188826560974,0.8880038857460022
0000291_01001_d_0000873.jpg,3,1,car,4,20,0.0,454.0,51.0,513.0,3009.0,medium,0,none,1,truncated,True,11,0.6275621652603149,0.8894057869911194
0000291_01001_d_0000873.jpg,4,1,car,4,21,0.0,308.0,76.0,357.0,3724.0,medium,0,none,1,truncated,True,3,0.8537992835044861,0.9364701509475708
0000291_01001_d_0000873.jpg,5,1,car,4,22,189.0,370.00000000000006,318.0,426.0,7223.999999999993,medium,1,partial,0,not_truncated,True,2,0.8662174940109253,0.9030847549438477
0000291_01001_d_0000873.jpg,6,1,car,4,23,246.0,292.0,356.0,339.0,5170.0,medium,1,partial,0,not_truncated,True,5,0.7824417352676392,0.8806403875350952
0000291_01001_d_0000873.jpg,7,1,car,4,25,0.0,243.99999999999997,69.0,281.0,2553.000000000002,medium,1,partial,0,not_truncated,True,17,0.4674697518348694,0.8231639266014099
0000291_01001_d_0000873.jpg,8,0,pedestrian,1,27,347.00000000000006,230.00000000000003,365.0,262.0,575.9999999999977,small,1,partial,0,not_truncated,False,,,
0000291_01001_d_0000873.jpg,9,1,car,4,29,101.0,108.0,136.99999999999997,146.0,1367.9999999999989,medium,2,heavy,0,not_truncated,True,15,0.5483430027961731,0.5017719268798828
0000291_01001_d_0000873.jpg,10,1,car,4,30,47.0,107.0,106.0,145.0,2242.0,medium,1,partial,0,not_truncated,True,9,0.655930757522583,0.7317341566085815
0000291_01001_d_0000873.jpg,11,1,car,4,31,6.999999999999999,106.0,58.0,140.0,1734.0,medium,1,partial,0,not_truncated,False,,,
0000291_01001_d_0000873.jpg,12,4,bus,9,38,598.0,387.0,778.0,566.0,32220.0,large,1,partial,0,not_truncated,True,1,0.8850408792495728,0.915346086025238
0000291_01001_d_0000873.jpg,13,0,pedestrian,1,39,960.0000000000001,441.99999999999994,978.0,486.99999999999994,809.9999999999949,small,0,none,0,not_truncated,False,,,
0000291_01001_d_0000873.jpg,14,1,car,4,40,1274.0,378.0,1360.0,424.0,3956.0,medium,1,partial,1,truncated,True,20,0.4145496189594269,0.6860454678535461
0000291_01001_d_0000873.jpg,15,1,car,4,41,1334.0,344.0,1360.0,378.0,884.0,small,1,partial,1,truncated,False,,,
0000291_01001_d_0000873.jpg,16,2,van,5,42,1332.0,301.0,1360.0,344.0,1204.0,medium,0,none,1,truncated,False,,,
0000291_01001_d_0000873.jpg,17,1,car,4,43,1174.0,329.0,1296.0,374.0,5490.0,medium,1,partial,0,not_truncated,True,6,0.7515248656272888,0.9207476377487183
0000291_01001_d_0000873.jpg,18,1,car,4,44,1207.0,305.0,1313.0,344.0,4134.0,medium,1,partial,0,not_truncated,True,24,0.38762885332107544,0.6932867765426636
0000291_01001_d_0000873.jpg,19,1,car,4,45,1165.0,274.0,1269.0,315.0,4264.0,medium,1,partial,0,not_truncated,True,13,0.6024655699729919,0.8413594961166382
0000291_01001_d_0000873.jpg,20,0,pedestrian,1,54,1054.0,270.0,1070.0,302.0,512.0,small,0,none,0,not_truncated,False,,,
0000291_01001_d_0000873.jpg,21,0,pedestrian,1,55,1010.0,262.0,1022.0,291.0,348.0,small,0,none,0,not_truncated,False,,,
0000291_01001_d_0000873.jpg,22,0,pedestrian,1,73,881.0,242.00000000000003,891.0,272.0,299.9999999999997,small,0,none,0,not_truncated,False,,,
0000291_01001_d_0000873.jpg,23,0,pedestrian,1,77,851.0,244.00000000000003,861.0,276.0,319.9999999999997,small,0,none,0,not_truncated,False,,,
0000291_01001_d_0000873.jpg,24,2,van,5,80,838.0,192.0,879.9999999999999,241.0,2057.9999999999945,medium,1,partial,0,not_truncated,False,,,
0000291_01001_d_0000873.jpg,25,0,pedestrian,1,81,830.0000000000001,224.0,840.0,254.0,299.9999999999966,small,0,none,0,not_truncated,True,26,0.375186562538147,0.6761593818664551
0000291_01001_d_0000873.jpg,26,0,pedestrian,1,83,795.0,215.0,806.0,242.0,297.0,small,0,none,0,not_truncated,True,36,0.26697102189064026,0.629764199256897
0000291_01001_d_0000873.jpg,27,0,pedestrian,1,84,772.0,199.00000000000003,781.0,228.0,260.9999999999998,small,0,none,0,not_truncated,True,19,0.4477063715457916,0.7720766067504883
0000291_01001_d_0000873.jpg,28,0,pedestrian,1,85,833.0000000000001,183.0,843.0,207.0,239.99999999999727,small,2,heavy,0,not_truncated,False,,,
0000291_01001_d_0000873.jpg,29,0,pedestrian,1,86,849.0,182.0,858.0,207.99999999999997,233.99999999999974,small,2,heavy,0,not_truncated,False,,,
0000291_01001_d_0000873.jpg,30,1,car,4,92,764.0,150.00000000000003,832.0000000000001,180.0,2040.0000000000014,medium,1,partial,0,not_truncated,True,25,0.37776148319244385,0.5293359160423279
0000291_01001_d_0000873.jpg,31,2,van,5,93,750.9999999999999,132.0,809.0,159.0,1566.0000000000032,medium,1,partial,0,not_truncated,False,,,
0000291_01001_d_0000873.jpg,32,2,van,5,95,706.0000000000001,148.0,741.9999999999999,184.0,1295.9999999999918,medium,0,none,0,not_truncated,True,22,0.40545257925987244,0.8978865742683411
0000291_01001_d_0000873.jpg,33,1,car,4,96,706.9999999999999,259.0,752.0,303.0,1980.000000000005,medium,0,none,0,not_truncated,True,8,0.6899604201316833,0.8474624752998352
0000291_01001_d_0000873.jpg,34,1,car,4,97,700.9999999999999,217.0,744.0000000000001,255.00000000000003,1634.0000000000098,medium,0,none,0,not_truncated,True,4,0.8110401630401611,0.9661628007888794
0000291_01001_d_0000873.jpg,35,3,truck,6,98,768.0,86.99999999999999,860.0,133.0,4232.000000000001,medium,1,partial,0,not_truncated,False,,,
0000291_01001_d_0000873.jpg,36,2,van,5,99,745.9999999999999,92.00000000000001,801.0,119.0,1485.0000000000023,medium,1,partial,0,not_truncated,False,,,
0000291_01001_d_0000873.jpg,37,1,car,4,100,755.0,76.99999999999999,793.9999999999999,93.0,623.9999999999987,small,1,partial,0,not_truncated,False,,,
0000291_01001_d_0000873.jpg,38,2,van,5,101,721.9999999999999,65.0,764.0,85.99999999999999,882.0000000000018,small,1,partial,0,not_truncated,False,,,
0000291_01001_d_0000873.jpg,39,2,van,5,102,746.0000000000001,61.00000000000001,783.9999999999999,80.0,721.9999999999955,small,1,partial,0,not_truncated,False,,,
0000291_01001_d_0000873.jpg,40,1,car,4,103,749.0,54.99999999999999,786.9999999999999,73.0,683.9999999999982,small,1,partial,0,not_truncated,True,42,0.25018107891082764,0.6221799850463867
0000291_01001_d_0000873.jpg,41,1,car,4,104,748.9999999999999,52.00000000000001,793.0,67.0,660.0000000000014,small,2,heavy,0,not_truncated,False,,,
0000291_01001_d_0000873.jpg,42,2,van,5,105,728.0,39.00000000000001,777.0000000000001,60.0,1029.000000000002,medium,2,heavy,0,not_truncated,False,,,
0000291_01001_d_0000873.jpg,43,2,van,5,106,719.0,33.0,753.9999999999999,51.0,629.999999999998,small,1,partial,0,not_truncated,False,,,
0000291_01001_d_0000873.jpg,44,2,van,5,107,708.9999999999999,26.000000000000004,759.0,42.0,800.0000000000016,small,2,heavy,0,not_truncated,True,39,0.2590423822402954,0.5702336430549622
0000291_01001_d_0000873.jpg,45,1,car,4,108,730.0000000000001,24.0,770.0,42.0,719.999999999998,small,2,heavy,0,not_truncated,False,,,
0000291_01001_d_0000873.jpg,46,0,pedestrian,1,109,710.0,36.99999999999999,717.0,54.0,119.00000000000006,small,0,none,0,not_truncated,False,,,
0000291_01001_d_0000873.jpg,47,0,pedestrian,1,110,684.0,53.0,694.0,73.0,200.0,small,0,none,0,not_truncated,False,,,
0000291_01001_d_0000873.jpg,48,0,pedestrian,1,111,738.0,98.99999999999999,745.9999999999999,120.0,167.99999999999773,small,2,heavy,0,not_truncated,False,,,
0000291_01001_d_0000873.jpg,49,0,pedestrian,1,112,647.0,95.0,655.0,118.0,184.0,small,0,none,0,not_truncated,False,,,
0000291_01001_d_0000873.jpg,50,0,pedestrian,1,113,676.0,25.0,684.0,43.0,144.0,small,0,none,0,not_truncated,False,,,
0000291_01001_d_0000873.jpg,51,0,pedestrian,1,114,666.0,22.999999999999996,673.0,40.0,119.00000000000003,small,0,none,0,not_truncated,False,,,
0000291_01001_d_0000873.jpg,52,0,pedestrian,1,115,658.0,13.000000000000002,665.0,30.0,119.0,small,0,none,0,not_truncated,False,,,
0000291_01001_d_0000873.jpg,53,0,pedestrian,1,116,662.0,7.0,667.0,24.0,85.0,small,1,partial,0,not_truncated,False,,,
0000291_01001_d_0000873.jpg,54,0,pedestrian,1,117,655.0,7.0,663.0,19.999999999999996,103.99999999999997,small,1,partial,0,not_truncated,False,,,
0000291_01001_d_0000873.jpg,55,0,pedestrian,1,118,666.0,1.0000000000000004,671.0,16.0,75.0,small,1,partial,0,not_truncated,False,,,
0000291_01001_d_0000873.jpg,56,0,pedestrian,1,119,670.0,4.0,674.0,16.999999999999996,51.999999999999986,small,1,partial,0,not_truncated,False,,,
0000291_01001_d_0000873.jpg,57,3,truck,6,121,689.0,0.0,767.0,31.0,2418.0,medium,1,partial,0,not_truncated,False,,,
0000291_01001_d_0000873.jpg,58,0,pedestrian,1,124,633.0,30.0,638.0,45.99999999999999,79.99999999999997,small,1,partial,0,not_truncated,False,,,
0000291_01001_d_0000873.jpg,59,0,pedestrian,1,128,535.0000000000001,237.0,551.0,270.0,527.9999999999962,small,0,none,0,not_truncated,False,,,
0000291_01001_d_0000873.jpg,60,1,car,4,131,416.99999999999994,227.0,488.0,275.0,3408.0000000000027,medium,0,none,0,not_truncated,True,0,0.9130943417549133,0.8982367515563965
0000291_01001_d_0000873.jpg,61,0,pedestrian,1,132,483.0,243.0,493.0,269.0,260.0,small,2,heavy,0,not_truncated,False,,,
0000291_01001_d_0000873.jpg,62,0,pedestrian,1,133,397.0,170.0,407.0,198.00000000000003,280.0000000000003,small,2,heavy,0,not_truncated,False,,,
0000291_01001_d_0000873.jpg,63,0,pedestrian,1,134,409.00000000000006,169.0,423.0,199.00000000000003,419.9999999999987,small,0,none,0,not_truncated,False,,,
0000291_01001_d_0000873.jpg,64,0,pedestrian,1,137,510.0,189.0,521.0,219.0,330.0,small,0,none,0,not_truncated,False,,,
0000291_01001_d_0000873.jpg,65,0,pedestrian,1,138,483.0,193.0,492.0,222.99999999999997,269.9999999999998,small,0,none,0,not_truncated,False,,,
0000291_01001_d_0000873.jpg,66,0,pedestrian,1,139,487.0,182.0,499.99999999999994,209.99999999999997,363.99999999999807,small,1,partial,0,not_truncated,False,,,
0000291_01001_d_0000873.jpg,67,2,van,5,142,449.0,172.99999999999997,484.0,217.0,1540.000000000001,medium,1,partial,0,not_truncated,False,,,
0000291_01001_d_0000873.jpg,68,2,van,5,143,454.0,139.0,485.0,183.0,1364.0,medium,1,partial,0,not_truncated,True,31,0.30972105264663696,0.7762539386749268
0000291_01001_d_0000873.jpg,69,2,van,5,144,464.0,112.0,484.99999999999994,141.0,608.9999999999984,small,1,partial,0,not_truncated,False,,,
0000291_01001_d_0000873.jpg,70,2,van,5,145,482.99999999999994,85.0,507.0,116.00000000000001,744.0000000000022,small,1,partial,0,not_truncated,True,21,0.4097903370857239,0.8120264410972595
0000291_01001_d_0000873.jpg,71,1,car,4,146,488.0,125.0,521.0,162.0,1221.0,medium,1,partial,0,not_truncated,True,23,0.3927602469921112,0.6316676735877991
0000291_01001_d_0000873.jpg,72,1,car,4,147,504.99999999999994,103.99999999999999,528.0,135.0,713.000000000002,small,1,partial,0,not_truncated,False,,,
0000291_01001_d_0000873.jpg,73,1,car,4,148,498.00000000000006,33.0,516.0,54.0,377.9999999999988,small,1,partial,0,not_truncated,False,,,
0000291_01001_d_0000873.jpg,74,1,car,4,149,483.99999999999994,60.0,507.0,78.0,414.000000000001,small,1,partial,0,not_truncated,True,41,0.25367873907089233,0.6395828127861023
0000291_01001_d_0000873.jpg,75,2,van,5,150,518.0,47.0,539.0,72.0,525.0,small,1,partial,0,not_truncated,False,,,
0000291_01001_d_0000873.jpg,76,2,van,5,151,592.0,0.0,611.9999999999999,20.0,399.9999999999977,small,0,none,1,truncated,False,,,
0000291_01001_d_0000873.jpg,77,0,pedestrian,1,152,547.0,83.0,556.0,106.0,207.0,small,0,none,0,not_truncated,False,,,
0000291_01001_d_0000873.jpg,78,0,pedestrian,1,153,544.0,59.0,552.0,78.0,152.0,small,1,partial,0,not_truncated,False,,,
0000291_01001_d_0000873.jpg,79,0,pedestrian,1,154,563.0,28.0,573.0,47.0,190.0,small,1,partial,0,not_truncated,False,,,
0000291_01001_d_0000873.jpg,80,0,pedestrian,1,155,558.0,11.0,565.0,29.000000000000004,126.00000000000003,small,1,partial,0,not_truncated,False,,,
0000291_01001_d_0000873.jpg,81,0,pedestrian,1,156,563.0,11.0,570.0,28.0,119.0,small,1,partial,0,not_truncated,False,,,
0000291_01001_d_0000873.jpg,82,4,bus,9,160,529.0,6.999999999999999,557.0000000000001,41.0,952.0000000000039,small,0,none,0,not_truncated,False,,,
0000291_01001_d_0000873.jpg,83,4,bus,9,161,542.0,0.0,570.0,17.0,476.0,small,2,heavy,1,truncated,False,,,
0000291_01801_d_0000877.jpg,0,1,car,4,1,189.0,596.0,375.0,731.0,25110.0,large,0,none,0,not_truncated,True,40,0.4417937397956848,0.9606159329414368
0000291_01801_d_0000877.jpg,1,1,car,4,2,494.00000000000006,527.0,641.0,645.0000000000001,17346.00000000001,large,0,none,0,not_truncated,True,1,0.9359807968139648,0.95491623878479
0000291_01801_d_0000877.jpg,2,1,car,4,3,473.0,425.0,608.0,527.0,13770.0,large,0,none,0,not_truncated,False,,,
0000291_01801_d_0000877.jpg,3,1,car,4,4,341.0,339.0,466.0,417.00000000000006,9750.000000000007,large,0,none,0,not_truncated,True,2,0.9348059892654419,0.9598155617713928
0000291_01801_d_0000877.jpg,4,1,car,4,5,56.00000000000001,439.00000000000006,217.99999999999997,543.0,16847.99999999999,large,0,none,0,not_truncated,True,4,0.9155141711235046,0.9255951642990112
0000291_01801_d_0000877.jpg,5,1,car,4,6,68.0,368.99999999999994,222.0,462.99999999999994,14476.0,large,0,none,0,not_truncated,True,12,0.8268515467643738,0.9625588655471802
0000291_01801_d_0000877.jpg,6,1,car,4,7,687.0,342.0,779.0,413.00000000000006,6532.0000000000055,medium,1,partial,0,not_truncated,True,10,0.8289704322814941,0.9212610125541687
0000291_01801_d_0000877.jpg,7,1,car,4,8,511.0,319.0,619.0000000000001,390.0,7668.000000000008,medium,1,partial,0,not_truncated,False,,,
0000291_01801_d_0000877.jpg,8,1,car,4,9,335.0,282.0,446.0,353.0,7881.0,medium,0,none,0,not_truncated,True,3,0.9162096977233887,0.9274676442146301
0000291_01801_d_0000877.jpg,9,2,van,5,10,625.0,265.0,706.9999999999999,333.0,5575.999999999993,medium,0,none,0,not_truncated,True,19,0.7191534042358398,0.8533238768577576
0000291_01801_d_0000877.jpg,10,1,car,4,11,709.0,240.0,788.0000000000001,293.0,4187.000000000006,medium,0,none,0,not_truncated,True,6,0.8909046649932861,0.865584135055542
0000291_01801_d_0000877.jpg,11,1,car,4,12,632.0,220.00000000000003,711.0,273.0,4186.999999999998,medium,0,none,0,not_truncated,True,0,0.9421333074569702,0.9290459752082825
0000291_01801_d_0000877.jpg,12,1,car,4,13,754.0,181.0,823.0000000000001,225.0,3036.000000000005,medium,0,none,0,not_truncated,True,8,0.8825569748878479,0.8748528361320496
0000291_01801_d_0000877.jpg,13,2,van,5,14,803.0,192.0,868.0000000000001,243.99999999999997,3380.000000000004,medium,0,none,0,not_truncated,True,7,0.8889812231063843,0.9307536482810974
0000291_01801_d_0000877.jpg,14,1,car,4,15,864.0,172.99999999999997,918.0000000000001,217.0,2376.0000000000064,medium,0,none,0,not_truncated,True,28,0.5759149789810181,0.9060993194580078
0000291_01801_d_0000877.jpg,15,1,car,4,16,831.0000000000001,281.0,917.0000000000001,340.0,5074.0,medium,0,none,0,not_truncated,True,16,0.7636727690696716,0.8900036215782166
0000291_01801_d_0000877.jpg,16,1,car,4,17,890.0,352.0,982.0,415.99999999999994,5887.9999999999945,medium,0,none,0,not_truncated,True,11,0.8282045125961304,0.9223766922950745
0000291_01801_d_0000877.jpg,17,1,car,4,18,1002.0000000000001,372.0,1096.0,435.0,5921.999999999993,medium,0,none,0,not_truncated,True,5,0.8945327401161194,0.91365647315979
0000291_01801_d_0000877.jpg,18,1,car,4,19,997.9999999999999,318.0,1078.0,370.0,4160.0000000000055,medium,0,none,0,not_truncated,True,18,0.7202121615409851,0.9447633028030396
0000291_01801_d_0000877.jpg,19,1,car,4,20,1042.0,296.0,1144.0,341.0,4590.0,medium,1,partial,0,not_truncated,True,17,0.7575368285179138,0.8686381578445435
0000291_01801_d_0000877.jpg,20,1,car,4,21,1066.0,272.99999999999994,1153.0,311.0,3306.000000000005,medium,1,partial,0,not_truncated,False,,,
0000291_01801_d_0000877.jpg,21,1,car,4,22,1080.0,255.0,1173.0,295.0,3720.0,medium,1,partial,0,not_truncated,True,14,0.7946046590805054,0.818996250629425
0000291_01801_d_0000877.jpg,22,1,car,4,23,1074.0,228.0,1151.0,260.99999999999994,2540.9999999999955,medium,1,partial,0,not_truncated,True,31,0.5483620762825012,0.8725451827049255
0000291_01801_d_0000877.jpg,23,1,car,4,24,1148.0,207.0,1236.0,252.0,3960.0,medium,1,partial,0,not_truncated,True,38,0.45689117908477783,0.8556076288223267
0000291_01801_d_0000877.jpg,24,1,car,4,25,1037.0,70.0,1077.0,97.0,1080.0,medium,0,none,0,not_truncated,True,47,0.3654617369174957,0.8223696947097778
0000291_01801_d_0000877.jpg,25,1,car,4,26,975.9999999999999,101.0,1020.0,127.0,1144.000000000003,medium,0,none,0,not_truncated,True,42,0.3963353931903839,0.7659916281700134
0000291_01801_d_0000877.jpg,26,1,car,4,27,959.9999999999999,127.00000000000001,1013.0,167.0,2120.0000000000036,medium,0,none,0,not_truncated,True,27,0.6013157367706299,0.8672782778739929
0000291_01801_d_0000877.jpg,27,1,car,4,28,908.0,113.0,965.0,151.0,2166.0,medium,0,none,0,not_truncated,True,69,0.2804275155067444,0.8780043721199036
0000291_01801_d_0000877.jpg,28,1,car,4,31,1140.0,0.0,1168.0,15.0,420.0,small,0,none,1,truncated,False,,,
0000291_01801_d_0000877.jpg,29,1,car,4,32,1088.0,12.0,1111.0,31.999999999999996,459.99999999999994,small,1,partial,1,truncated,False,,,
0000291_01801_d_0000877.jpg,30,1,car,4,33,1071.0000000000002,18.0,1099.0,38.0,559.9999999999955,small,1,partial,1,truncated,False,,,
0000291_01801_d_0000877.jpg,31,1,car,4,34,1020.0,13.999999999999998,1070.0000000000002,31.0,850.0000000000039,small,1,partial,1,truncated,False,,,
0000291_01801_d_0000877.jpg,32,1,car,4,35,1057.0,5.999999999999998,1079.0,22.999999999999996,374.0,small,1,partial,1,truncated,False,,,
0000291_01801_d_0000877.jpg,33,1,car,4,36,1049.0,21.0,1080.0,45.0,744.0,small,0,none,1,truncated,True,78,0.25710245966911316,0.5357607007026672
0000291_01801_d_0000877.jpg,34,1,car,4,37,1007.0,34.0,1050.0,58.00000000000001,1032.0000000000002,medium,0,none,0,not_truncated,True,23,0.6522573232650757,0.7579566836357117
0000291_01801_d_0000877.jpg,35,1,car,4,38,977.0,53.0,1012.9999999999999,73.0,719.9999999999977,small,1,partial,0,not_truncated,False,,,
0000291_01801_d_0000877.jpg,36,1,car,4,39,925.9999999999999,48.99999999999999,983.0,82.0,1881.000000000004,medium,0,none,0,not_truncated,False,,,
0000291_01801_d_0000877.jpg,37,1,car,4,40,901.0,41.0,960.0000000000001,66.0,1475.0000000000027,medium,0,none,0,not_truncated,True,74,0.2654564082622528,0.7707920074462891
0000291_01801_d_0000877.jpg,38,1,car,4,41,943.0000000000001,38.0,974.0,57.0,588.9999999999978,small,1,partial,0,not_truncated,False,,,
0000291_01801_d_0000877.jpg,39,1,car,4,42,964.9999999999999,24.999999999999996,1020.0,42.0,935.0000000000022,small,0,none,0,not_truncated,True,51,0.3472667336463928,0.589058518409729
0000291_01801_d_0000877.jpg,40,0,pedestrian,1,43,996.0000000000001,37.0,1003.0000000000001,53.0,112.0,small,0,none,0,not_truncated,False,,,
0000291_01801_d_0000877.jpg,41,0,pedestrian,1,44,982.0,35.0,991.0,54.99999999999999,179.99999999999994,small,0,none,0,not_truncated,False,,,
0000291_01801_d_0000877.jpg,42,1,car,4,45,871.9999999999999,83.0,914.0000000000001,109.99999999999999,1134.0000000000055,medium,0,none,0,not_truncated,True,9,0.8304368257522583,0.8266300559043884
0000291_01801_d_0000877.jpg,43,1,car,4,46,825.9999999999999,67.0,873.0000000000001,92.0,1175.0000000000057,medium,1,partial,0,not_truncated,True,39,0.4511978030204773,0.8229190707206726
0000291_01801_d_0000877.jpg,44,1,car,4,47,758.9999999999999,107.0,809.0,142.0,1750.000000000004,medium,1,partial,0,not_truncated,False,,,
0000291_01801_d_0000877.jpg,45,1,car,4,48,783.9999999999999,75.0,834.0,97.99999999999999,1150.0000000000018,medium,1,partial,0,not_truncated,True,48,0.3589255213737488,0.856641411781311
0000291_01801_d_0000877.jpg,46,1,car,4,49,749.9999999999999,76.0,800.0,103.99999999999999,1400.0000000000025,medium,1,partial,0,not_truncated,False,,,
0000291_01801_d_0000877.jpg,47,1,car,4,50,741.9999999999999,92.00000000000001,798.0,118.0,1456.000000000002,medium,1,partial,0,not_truncated,False,,,
0000291_01801_d_0000877.jpg,48,2,van,5,51,693.0,101.0,750.0,136.0,1995.0,medium,1,partial,0,not_truncated,False,,,
0000291_01801_d_0000877.jpg,49,1,car,4,52,651.0,113.0,716.0,146.0,2145.0,medium,0,none,0,not_truncated,True,13,0.8095900416374207,0.8439726233482361
0000291_01801_d_0000877.jpg,50,1,car,4,53,539.0,140.0,609.0,175.0,2450.0,medium,1,partial,0,not_truncated,True,52,0.3435360789299011,0.8725497722625732
0000291_01801_d_0000877.jpg,51,1,car,4,54,1190.0,251.0,1292.0,300.0,4998.0,medium,1,partial,0,not_truncated,False,,,
0000291_01801_d_0000877.jpg,52,1,car,4,55,1194.0,231.99999999999997,1293.0,275.0,4257.000000000003,medium,1,partial,0,not_truncated,False,,,
0000291_01801_d_0000877.jpg,53,1,car,4,56,1263.0,88.0,1321.0,118.0,1740.0,medium,1,partial,0,not_truncated,False,,,
0000291_01801_d_0000877.jpg,54,1,car,4,57,1294.0,25.0,1318.0,43.0,432.0,small,0,none,0,not_truncated,True,20,0.7011691331863403,0.642844557762146
0000291_01801_d_0000877.jpg,55,1,car,4,58,1230.0,52.99999999999999,1260.0,75.0,660.0000000000002,small,0,none,0,not_truncated,True,25,0.642486572265625,0.7351570725440979
0000291_01801_d_0000877.jpg,56,1,car,4,59,1211.0,79.0,1243.0,101.0,704.0,small,0,none,0,not_truncated,True,24,0.6513016819953918,0.7525894045829773
0000291_01801_d_0000877.jpg,57,1,car,4,60,1208.0,122.00000000000001,1277.0,163.0,2828.999999999999,medium,1,partial,0,not_truncated,False,,,
0000291_01801_d_0000877.jpg,58,1,car,4,61,1210.0,206.0,1291.0,244.00000000000003,3078.0000000000023,medium,1,partial,0,not_truncated,False,,,
0000291_01801_d_0000877.jpg,59,1,car,4,62,1211.0,184.0,1297.0,223.00000000000003,3354.0000000000023,medium,1,partial,0,not_truncated,True,68,0.2860644459724426,0.8871761560440063
0000291_01801_d_0000877.jpg,60,1,car,4,63,1217.0,165.0,1302.0,202.0,3145.0,medium,1,partial,0,not_truncated,True,49,0.3552289605140686,0.5518618226051331
0000291_01801_d_0000877.jpg,61,1,car,4,64,1252.0,153.0,1321.0,188.0,2415.0,medium,1,partial,0,not_truncated,True,33,0.540304958820343,0.7475218772888184
0000291_01801_d_0000877.jpg,62,1,car,4,65,1281.0,135.0,1325.0000000000002,166.0,1364.000000000007,medium,1,partial,0,not_truncated,False,,,
0000291_01801_d_0000877.jpg,63,0,pedestrian,1,68,1316.0,70.0,1327.0,91.0,231.0,small,1,partial,0,not_truncated,False,,,
0000291_01801_d_0000877.jpg,64,0,pedestrian,1,70,1110.0,405.0,1127.0,448.0,731.0,small,0,none,0,not_truncated,False,,,
0000291_01801_d_0000877.jpg,65,0,pedestrian,1,71,872.0000000000001,551.0,903.0,602.0,1580.999999999994,medium,0,none,0,not_truncated,True,50,0.3524220883846283,0.6237604022026062
0000291_01801_d_0000877.jpg,66,0,pedestrian,1,72,922.0,529.0,942.0,582.0,1060.0,medium,0,none,0,not_truncated,False,,,
0000291_01801_d_0000877.jpg,67,0,pedestrian,1,73,817.0000000000001,623.0,849.0,679.0,1791.9999999999936,medium,0,none,0,not_truncated,False,,,
0000291_01801_d_0000877.jpg,68,0,pedestrian,1,74,837.0,636.0,862.0,702.0,1650.0,medium,0,none,0,not_truncated,False,,,
0000291_01801_d_0000877.jpg,69,0,pedestrian,1,76,880.0,626.0,911.9999999999999,683.0,1823.9999999999936,medium,0,none,0,not_truncated,True,55,0.33026576042175293,0.5225307941436768
0000291_01801_d_0000877.jpg,70,0,pedestrian,1,81,820.0000000000001,386.0,838.0,420.00000000000006,611.9999999999972,small,1,partial,0,not_truncated,False,,,
0000291_01801_d_0000877.jpg,71,0,pedestrian,1,83,932.0,412.0,957.9999999999999,456.0,1143.999999999995,medium,0,none,0,not_truncated,False,,,
0000291_01801_d_0000877.jpg,72,1,car,4,88,856.0,479.0,1001.0000000000001,572.0,13485.000000000011,large,1,partial,0,not_truncated,False,,,
0000291_01801_d_0000877.jpg,73,0,pedestrian,1,89,839.0,476.0,853.0,526.0,700.0,small,0,none,0,not_truncated,False,,,
0000291_01801_d_0000877.jpg,74,0,pedestrian,1,90,856.0,482.0,869.9999999999999,532.0,699.9999999999943,small,0,none,0,not_truncated,True,59,0.3156026303768158,0.5681564807891846
0000291_01801_d_0000877.jpg,75,0,pedestrian,1,91,891.0,458.0,904.0,488.00000000000006,390.00000000000074,small,1,partial,0,not_truncated,False,,,
0000291_01801_d_0000877.jpg,76,0,pedestrian,1,93,356.0,237.99999999999997,372.99999999999994,275.0,628.9999999999984,small,0,none,0,not_truncated,True,34,0.5315645337104797,0.8059045076370239
0000291_01801_d_0000877.jpg,77,0,pedestrian,1,94,392.00000000000006,236.0,407.0,270.0,509.99999999999807,small,0,none,0,not_truncated,True,76,0.26096221804618835,0.7296950817108154
0000291_01801_d_0000877.jpg,78,0,pedestrian,1,95,410.00000000000006,258.0,425.0,285.0,404.99999999999847,small,1,partial,0,not_truncated,False,,,
0000291_01801_d_0000877.jpg,79,0,pedestrian,1,105,451.0,438.99999999999994,473.00000000000006,480.0,902.0000000000036,small,0,none,0,not_truncated,False,,,
0000291_03201_d_0000884.jpg,0,0,pedestrian,1,10,1320.0,725.0,1353.9999999999998,765.0,1359.999999999991,medium,1,partial,1,truncated,False,,,
0000291_03201_d_0000884.jpg,1,1,car,4,12,301.0,274.0,382.0,303.0,2349.0,medium,1,partial,0,not_truncated,False,,,
0000291_03201_d_0000884.jpg,2,1,car,4,13,377.99999999999994,235.00000000000003,447.0,261.0,1793.9999999999995,medium,1,partial,0,not_truncated,True,78,0.27960678935050964,0.8185778260231018
0000291_03201_d_0000884.jpg,3,2,van,5,14,409.00000000000006,214.0,465.0,244.99999999999997,1735.9999999999966,medium,1,partial,0,not_truncated,False,,,
0000291_03201_d_0000884.jpg,4,1,car,4,16,436.00000000000006,203.0,496.99999999999994,226.0,1402.9999999999973,medium,1,partial,0,not_truncated,False,,,
0000291_03201_d_0000884.jpg,5,1,car,4,17,458.00000000000006,182.0,504.0,203.0,965.9999999999989,small,1,partial,0,not_truncated,True,61,0.33164092898368835,0.5424581170082092
0000291_03201_d_0000884.jpg,6,2,van,5,19,434.00000000000006,185.0,483.0,218.0,1616.9999999999982,medium,1,partial,0,not_truncated,False,,,
0000291_03201_d_0000884.jpg,7,2,van,5,20,481.0,210.99999999999997,523.0,248.0,1554.0000000000011,medium,1,partial,0,not_truncated,True,19,0.6752210855484009,0.7986557483673096
0000291_03201_d_0000884.jpg,8,1,car,4,21,478.00000000000006,169.0,528.0,192.0,1149.9999999999986,medium,1,partial,0,not_truncated,True,65,0.3057482838630676,0.757073163986206
0000291_03201_d_0000884.jpg,9,0,pedestrian,1,22,551.0,161.0,558.0,182.0,147.0,small,1,partial,0,not_truncated,False,,,
0000291_03201_d_0000884.jpg,10,1,car,4,23,543.0,179.0,574.0,202.0,713.0,small,1,partial,0,not_truncated,True,73,0.2868702709674835,0.6357736587524414
0000291_03201_d_0000884.jpg,11,1,car,4,24,563.0,160.0,590.0,186.0,702.0,small,1,partial,0,not_truncated,False,,,
0000291_03201_d_0000884.jpg,12,1,car,4,25,592.0,153.0,599.0,173.0,140.0,small,1,partial,0,not_truncated,False,,,
0000291_03201_d_0000884.jpg,13,2,van,5,28,567.0,140.0,607.0,169.0,1160.0,medium,1,partial,0,not_truncated,True,62,0.325059175491333,0.8040179014205933
0000291_03201_d_0000884.jpg,14,2,van,5,29,518.0,136.0,577.0,162.0,1534.0,medium,1,partial,0,not_truncated,False,,,
0000291_03201_d_0000884.jpg,15,1,car,4,30,535.0,133.00000000000003,573.0,149.0,607.9999999999989,small,2,heavy,0,not_truncated,False,,,
0000291_03201_d_0000884.jpg,16,1,car,4,31,558.0,117.00000000000001,591.0,131.0,461.99999999999955,small,1,partial,0,not_truncated,True,76,0.28359222412109375,0.7037090063095093
0000291_03201_d_0000884.jpg,17,1,car,4,32,599.0,122.99999999999999,629.0,145.0,660.0000000000005,small,1,partial,0,not_truncated,True,20,0.6477400660514832,0.7177392244338989
0000291_03201_d_0000884.jpg,18,1,car,4,35,582.0,105.00000000000001,623.0,119.0,573.9999999999994,small,1,partial,0,not_truncated,False,,,
0000291_03201_d_0000884.jpg,19,2,van,5,36,607.0,94.99999999999999,626.0,111.99999999999999,323.0,small,1,partial,0,not_truncated,False,,,
0000291_03201_d_0000884.jpg,20,2,van,5,37,619.0000000000001,109.0,640.0,130.0,440.9999999999976,small,1,partial,0,not_truncated,False,,,
0000291_03201_d_0000884.jpg,21,2,van,5,38,625.0,104.00000000000001,649.0,121.0,407.99999999999966,small,1,partial,0,not_truncated,False,,,
0000291_03201_d_0000884.jpg,22,2,van,5,39,632.0,97.00000000000001,649.0,113.0,271.9999999999998,small,1,partial,0,not_truncated,False,,,
0000291_03201_d_0000884.jpg,23,1,car,4,40,655.0,78.0,673.0,95.0,306.0,small,0,none,0,not_truncated,True,46,0.4157082438468933,0.5446590781211853
0000291_03201_d_0000884.jpg,24,1,car,4,41,665.0,73.99999999999999,679.0,89.0,210.0000000000002,small,1,partial,0,not_truncated,False,,,
0000291_03201_d_0000884.jpg,25,0,pedestrian,1,42,677.0,75.0,682.0,94.0,95.0,small,0,none,0,not_truncated,False,,,
0000291_03201_d_0000884.jpg,26,1,car,4,43,692.0,73.0,706.9999999999999,86.0,194.99999999999852,small,0,none,0,not_truncated,True,12,0.7221890091896057,0.8328804969787598
0000291_03201_d_0000884.jpg,27,0,pedestrian,1,44,693.0,63.0,696.9999999999999,76.99999999999999,55.99999999999835,small,1,partial,0,not_truncated,False,,,
0000291_03201_d_0000884.jpg,28,1,car,4,45,683.0,54.0,697.9999999999999,67.0,194.99999999999852,small,0,none,0,not_truncated,True,40,0.4553779363632202,0.6628187298774719
0000291_03201_d_0000884.jpg,29,1,car,4,46,713.0,57.0,724.0,67.0,110.0,small,0,none,0,not_truncated,True,22,0.6085324883460999,0.7058185338973999
0000291_03201_d_0000884.jpg,30,1,car,4,47,728.0,69.0,754.9999999999999,81.0,323.99999999999864,small,0,none,0,not_truncated,True,31,0.4991336464881897,0.6504462957382202
0000291_03201_d_0000884.jpg,31,1,car,4,48,755.0,25.0,762.0,34.0,63.0,small,0,none,0,not_truncated,True,52,0.37291327118873596,0.5908510684967041
0000291_03201_d_0000884.jpg,32,1,car,4,51,771.0,10.0,778.0,15.0,35.0,small,0,none,0,not_truncated,False,,,
0000291_03201_d_0000884.jpg,33,1,car,4,52,770.0,30.0,779.0,36.99999999999999,62.999999999999936,small,0,none,0,not_truncated,False,,,
0000291_03201_d_0000884.jpg,34,0,pedestrian,1,53,767.0,66.0,772.0,77.0,55.0,small,1,partial,0,not_truncated,False,,,
0000291_03201_d_0000884.jpg,35,1,car,4,54,779.0000000000001,48.99999999999999,804.0,60.99999999999999,299.99999999999864,small,0,none,0,not_truncated,False,,,
0000291_03201_d_0000884.jpg,36,1,car,4,55,794.0,36.0,803.0,45.0,81.0,small,0,none,0,not_truncated,False,,,
0000291_03201_d_0000884.jpg,37,2,van,5,56,799.0,19.0,806.0,27.999999999999996,62.99999999999997,small,0,none,0,not_truncated,False,,,
0000291_03201_d_0000884.jpg,38,2,van,5,58,783.0000000000001,76.99999999999999,799.0,93.0,255.9999999999984,small,0,none,0,not_truncated,False,,,
0000291_03201_d_0000884.jpg,39,1,car,4,59,958.0000000000001,53.0,968.0,60.99999999999999,79.99999999999902,small,1,partial,0,not_truncated,False,,,
0000291_03201_d_0000884.jpg,40,1,car,4,60,941.0,52.00000000000001,954.9999999999999,60.99999999999999,125.99999999999878,small,1,partial,0,not_truncated,False,,,
0000291_03201_d_0000884.jpg,41,1,car,4,61,972.0,223.00000000000003,1034.0,253.0,1859.9999999999982,medium,1,partial,0,not_truncated,True,41,0.4518548846244812,0.7897204756736755
0000291_03201_d_0000884.jpg,42,1,car,4,63,820.0000000000001,128.0,842.0,143.0,329.9999999999983,small,0,none,0,not_truncated,True,8,0.7613826990127563,0.7607910633087158
0000291_03201_d_0000884.jpg,43,1,car,4,64,841.0,141.0,859.0,158.0,306.0,small,0,none,0,not_truncated,True,49,0.38142868876457214,0.7304987907409668
0000291_03201_d_0000884.jpg,44,3,truck,6,65,839.0,74.0,865.0,94.0,520.0,small,1,partial,0,not_truncated,False,,,
0000291_03201_d_0000884.jpg,45,0,pedestrian,1,66,844.0,94.0,849.0,107.0,65.0,small,0,none,0,not_truncated,False,,,
0000291_03201_d_0000884.jpg,46,1,car,4,67,860.0,85.0,876.9999999999999,98.00000000000001,220.99999999999875,small,1,partial,0,not_truncated,False,,,
0000291_03201_d_0000884.jpg,47,1,car,4,68,853.0,90.0,875.9999999999999,102.0,275.99999999999864,small,1,partial,0,not_truncated,False,,,
0000291_03201_d_0000884.jpg,48,1,car,4,69,861.0000000000001,97.0,884.0,107.0,229.99999999999886,small,1,partial,0,not_truncated,False,,,
0000291_03201_d_0000884.jpg,49,1,car,4,70,848.0,104.99999999999999,883.9999999999999,115.99999999999999,395.99999999999875,small,1,partial,0,not_truncated,False,,,
0000291_03201_d_0000884.jpg,50,2,van,5,71,861.0,106.0,875.9999999999999,122.99999999999999,254.99999999999787,small,1,partial,0,not_truncated,False,,,
0000291_03201_d_0000884.jpg,51,1,car,4,72,856.0000000000001,115.0,893.0,129.99999999999997,554.9999999999973,small,1,partial,0,not_truncated,True,55,0.3604010343551636,0.5745787024497986
0000291_03201_d_0000884.jpg,52,1,car,4,73,859.0000000000001,121.0,894.0,134.0,454.9999999999985,small,1,partial,0,not_truncated,False,,,
0000291_03201_d_0000884.jpg,53,1,car,4,74,860.0000000000001,124.0,898.0,139.0,569.9999999999983,small,1,partial,0,not_truncated,True,69,0.2965238690376282,0.705653190612793
0000291_03201_d_0000884.jpg,54,1,car,4,75,857.0000000000001,129.0,892.0,145.0,559.9999999999982,small,1,partial,0,not_truncated,False,,,
0000291_03201_d_0000884.jpg,55,1,car,4,76,863.0000000000001,138.00000000000003,900.0,155.0,628.999999999997,small,1,partial,0,not_truncated,False,,,
0000291_03201_d_0000884.jpg,56,2,van,5,77,879.0,142.0,915.9999999999999,159.0,628.9999999999981,small,1,partial,0,not_truncated,False,,,
0000291_03201_d_0000884.jpg,57,0,pedestrian,1,78,908.9999999999999,125.0,917.9999999999999,145.00000000000003,180.00000000000026,small,1,partial,0,not_truncated,False,,,
0000291_03201_d_0000884.jpg,58,2,van,5,79,877.9999999999999,152.0,920.0,168.0,672.0000000000018,small,1,partial,0,not_truncated,False,,,
0000291_03201_d_0000884.jpg,59,1,car,4,80,857.0,156.0,902.0000000000001,178.0,990.0000000000025,small,1,partial,0,not_truncated,True,74,0.2852402627468109,0.5318488478660583
0000291_03201_d_0000884.jpg,60,0,pedestrian,1,81,872.0000000000001,163.00000000000003,878.0,180.0,101.9999999999979,small,0,none,0,not_truncated,False,,,
0000291_03201_d_0000884.jpg,61,2,van,5,83,831.0000000000001,175.0,869.9999999999999,209.99999999999997,1364.999999999991,medium,1,partial,0,not_truncated,True,59,0.3447129726409912,0.8212291598320007
0000291_03201_d_0000884.jpg,62,1,car,4,84,869.9999999999999,182.0,922.0,201.0,988.0000000000022,small,1,partial,0,not_truncated,True,53,0.3644857704639435,0.8250154852867126
0000291_03201_d_0000884.jpg,63,1,car,4,86,871.9999999999999,196.00000000000003,922.0,223.00000000000003,1350.0000000000032,medium,0,none,0,not_truncated,True,23,0.5580451488494873,0.6042711734771729
0000291_03201_d_0000884.jpg,64,1,car,4,87,867.9999999999999,224.0,930.0,248.0,1488.0000000000027,medium,1,partial,0,not_truncated,True,21,0.6333698034286499,0.6275025010108948
0000291_03201_d_0000884.jpg,65,0,pedestrian,1,88,830.0000000000001,282.0,841.0,306.0,263.99999999999727,small,0,none,0,not_truncated,False,,,
0000291_03201_d_0000884.jpg,66,0,pedestrian,1,89,847.0,290.00000000000006,856.0,321.0,278.9999999999995,small,0,none,0,not_truncated,False,,,
0000291_03201_d_0000884.jpg,67,1,car,4,90,827.9999999999999,272.0,874.0000000000001,301.0,1334.0000000000066,medium,1,partial,0,not_truncated,True,29,0.5173373818397522,0.7596443295478821
0000291_03201_d_0000884.jpg,68,1,car,4,91,854.0,290.0,921.0,316.0,1742.0,medium,1,partial,0,not_truncated,True,16,0.7125987410545349,0.5807235836982727
0000291_03201_d_0000884.jpg,69,1,car,4,92,857.0,306.0,929.0,331.0,1800.0,medium,1,partial,0,not_truncated,False,,,
0000291_03201_d_0000884.jpg,70,1,car,4,93,859.0,324.0,935.0,355.99999999999994,2431.9999999999955,medium,1,partial,0,not_truncated,True,10,0.7396719455718994,0.8951138854026794
0000291_03201_d_0000884.jpg,71,1,car,4,94,871.0000000000001,349.0,908.0,389.0,1479.9999999999955,medium,0,none,0,not_truncated,True,6,0.7913152575492859,0.8679780960083008
0000291_03201_d_0000884.jpg,72,1,car,4,95,853.0,249.0,921.0,277.0,1904.0,medium,1,partial,0,not_truncated,False,,,
0000291_03201_d_0000884.jpg,73,2,van,5,96,887.0,237.0,949.0000000000001,266.0,1798.0000000000032,medium,1,partial,0,not_truncated,False,,,
0000291_03201_d_0000884.jpg,74,1,car,4,97,899.0,254.00000000000003,969.0,289.0,2449.999999999998,medium,1,partial,0,not_truncated,False,,,
0000291_03201_d_0000884.jpg,75,1,car,4,98,914.9999999999999,271.0,988.0,304.0,2409.0000000000036,medium,0,none,0,not_truncated,False,,,
0000291_03201_d_0000884.jpg,76,1,car,4,99,909.0000000000001,111.00000000000001,945.0,124.0,467.999999999998,small,1,partial,0,not_truncated,False,,,
0000291_03201_d_0000884.jpg,77,1,car,4,100,912.0000000000001,106.0,946.0,120.0,475.9999999999984,small,2,heavy,0,not_truncated,False,,,
0000291_03201_d_0000884.jpg,78,2,van,5,101,944.0,79.0,966.9999999999999,93.0,321.9999999999984,small,1,partial,0,not_truncated,False,,,
0000291_03201_d_0000884.jpg,79,2,van,5,102,933.0,72.0,956.9999999999999,85.99999999999999,335.99999999999807,small,1,partial,0,not_truncated,False,,,
0000291_03201_d_0000884.jpg,80,2,van,5,103,936.0,68.0,959.9999999999999,82.0,335.9999999999984,small,1,partial,0,not_truncated,False,,,
0000291_03201_d_0000884.jpg,81,2,van,5,104,924.0,63.0,951.0,75.0,324.0,small,1,partial,0,not_truncated,False,,,
0000291_03201_d_0000884.jpg,82,2,van,5,105,928.0,57.0,951.9999999999999,70.0,311.9999999999985,small,1,partial,0,not_truncated,False,,,
0000291_03201_d_0000884.jpg,83,2,van,5,106,905.0000000000001,65.0,928.0,77.0,275.99999999999864,small,1,partial,0,not_truncated,False,,,
0000291_03201_d_0000884.jpg,84,1,car,4,107,904.0000000000001,74.0,932.0,82.0,223.9999999999991,small,1,partial,0,not_truncated,False,,,
0000291_03201_d_0000884.jpg,85,1,car,4,108,900.0000000000001,96.0,934.0,108.0,407.99999999999864,small,2,heavy,0,not_truncated,False,,,
0000291_03201_d_0000884.jpg,86,1,car,4,109,896.0,91.0,922.9999999999999,104.99999999999999,377.999999999998,small,1,partial,0,not_truncated,False,,,
0000291_03201_d_0000884.jpg,87,2,van,5,110,887.0,84.0,918.9999999999999,100.0,511.9999999999982,small,1,partial,0,not_truncated,False,,,
0000291_03201_d_0000884.jpg,88,2,van,5,111,884.0,80.0,914.9999999999999,94.0,433.9999999999984,small,1,partial,0,not_truncated,False,,,
0000291_03201_d_0000884.jpg,89,1,car,4,112,879.0,76.0,905.0,88.0,312.0,small,1,partial,0,not_truncated,False,,,
0000291_03201_d_0000884.jpg,90,1,car,4,113,874.0000000000001,76.0,900.0,84.0,207.9999999999991,small,1,partial,0,not_truncated,False,,,
0000291_03201_d_0000884.jpg,91,1,car,4,114,874.0000000000001,72.0,900.0,83.0,285.99999999999875,small,1,partial,0,not_truncated,False,,,
0000291_03201_d_0000884.jpg,92,1,car,4,115,876.0000000000001,66.0,903.0,76.0,269.99999999999886,small,1,partial,0,not_truncated,False,,,
0000291_03201_d_0000884.jpg,93,1,car,4,116,873.0000000000001,60.0,900.0,72.0,323.99999999999864,small,1,partial,0,not_truncated,False,,,
0000291_03201_d_0000884.jpg,94,1,car,4,117,836.0,390.0,878.9999999999999,438.0,2063.9999999999945,medium,1,partial,0,not_truncated,True,2,0.8710585236549377,0.9012402892112732
0000291_03201_d_0000884.jpg,95,1,car,4,118,922.0,384.0,962.9999999999999,432.0,1967.9999999999945,medium,1,partial,0,not_truncated,True,15,0.7127629518508911,0.8464398980140686
0000291_03201_d_0000884.jpg,96,0,pedestrian,1,119,884.0,424.99999999999994,897.0,459.0,442.00000000000074,small,1,partial,0,not_truncated,False,,,
0000291_03201_d_0000884.jpg,97,0,pedestrian,1,121,942.0,412.0,952.9999999999999,441.00000000000006,318.9999999999973,small,1,partial,0,not_truncated,False,,,
0000291_03201_d_0000884.jpg,98,0,pedestrian,1,122,895.0,438.0,906.0,476.0,418.0,small,1,partial,0,not_truncated,False,,,
0000291_03201_d_0000884.jpg,99,0,pedestrian,1,123,897.0,494.00000000000006,912.9999999999999,536.0,671.9999999999943,small,0,none,0,not_truncated,False,,,
0000291_03201_d_0000884.jpg,100,0,pedestrian,1,124,897.0,486.0,913.9999999999999,522.0,611.9999999999959,small,1,partial,0,not_truncated,True,54,0.36364874243736267,0.6831328868865967
0000291_03201_d_0000884.jpg,101,0,pedestrian,1,125,912.0000000000001,495.0,926.0,541.0,643.9999999999948,small,0,none,0,not_truncated,False,,,
0000291_03201_d_0000884.jpg,102,0,pedestrian,1,126,916.0000000000001,466.99999999999994,930.0,502.0,489.9999999999968,small,1,partial,0,not_truncated,False,,,
0000291_03201_d_0000884.jpg,103,0,pedestrian,1,127,940.0,452.0,951.0,489.00000000000006,407.0000000000006,small,1,partial,0,not_truncated,False,,,
0000291_03201_d_0000884.jpg,104,0,pedestrian,1,128,956.0000000000001,449.0,968.0,486.00000000000006,443.9999999999965,small,0,none,0,not_truncated,True,79,0.2793657183647156,0.6645479202270508
0000291_03201_d_0000884.jpg,105,0,pedestrian,1,129,971.0,456.0,986.0,490.00000000000006,510.00000000000085,small,0,none,0,not_truncated,False,,,
0000291_03201_d_0000884.jpg,106,0,pedestrian,1,132,1033.0,501.0,1042.0,531.0000000000001,270.000000000001,small,0,none,0,not_truncated,False,,,
0000291_03201_d_0000884.jpg,107,1,car,4,133,906.0000000000001,488.00000000000006,1031.0,540.0,6499.999999999987,medium,1,partial,0,not_truncated,True,45,0.4218783974647522,0.6800603270530701
0000291_03201_d_0000884.jpg,108,0,pedestrian,1,134,993.0000000000001,515.0,1011.0,554.0,701.9999999999956,small,0,none,0,not_truncated,False,,,
0000291_03201_d_0000884.jpg,109,0,pedestrian,1,135,966.0,522.0,987.0,563.0,861.0,small,0,none,0,not_truncated,False,,,
0000291_03201_d_0000884.jpg,110,0,pedestrian,1,136,975.0,566.0,992.0,610.0,748.0,small,0,none,0,not_truncated,False,,,
0000291_03201_d_0000884.jpg,111,0,pedestrian,1,137,984.0,557.0,1004.9999999999999,601.0,923.999999999995,small,1,partial,0,not_truncated,False,,,
0000291_03201_d_0000884.jpg,112,0,pedestrian,1,138,1006.0,593.0,1031.0,642.0,1225.0,medium,0,none,0,not_truncated,False,,,
0000291_03201_d_0000884.jpg,113,0,pedestrian,1,139,1024.0,622.0,1040.0,671.0,784.0,small,0,none,0,not_truncated,False,,,
0000291_03201_d_0000884.jpg,114,0,pedestrian,1,141,1066.0,462.99999999999994,1078.0,497.0,408.0000000000007,small,1,partial,0,not_truncated,False,,,
0000291_03201_d_0000884.jpg,115,0,pedestrian,1,142,1045.0,458.0,1060.0,496.0,570.0,small,1,partial,0,not_truncated,False,,,
0000291_03201_d_0000884.jpg,116,0,pedestrian,1,143,1051.0,479.0,1064.0,509.00000000000006,390.00000000000074,small,1,partial,0,not_truncated,False,,,
0000291_03201_d_0000884.jpg,117,0,pedestrian,1,144,1043.0,501.0,1056.0,541.0,520.0,small,1,partial,0,not_truncated,False,,,
0000291_03201_d_0000884.jpg,118,0,pedestrian,1,145,1040.0,528.0,1056.0,574.0,736.0,small,1,partial,0,not_truncated,False,,,
0000291_03201_d_0000884.jpg,119,0,pedestrian,1,146,1055.0,520.0,1066.0,563.0,473.0,small,1,partial,0,not_truncated,False,,,
0000291_03201_d_0000884.jpg,120,0,pedestrian,1,147,1089.0,472.99999999999994,1105.0,505.0,512.0000000000009,small,1,partial,1,truncated,False,,,
0000291_03201_d_0000884.jpg,121,0,pedestrian,1,151,1285.0,569.0,1304.0,617.0,912.0,small,0,none,0,not_truncated,False,,,
0000291_03201_d_0000884.jpg,122,0,pedestrian,1,153,1209.0,596.0,1236.0,646.0,1350.0,medium,0,none,0,not_truncated,True,81,0.2772119343280792,0.6045997142791748
0000291_03201_d_0000884.jpg,123,0,pedestrian,1,154,1182.0,594.0,1205.0,637.0,989.0,small,1,partial,0,not_truncated,False,,,
0000291_03201_d_0000884.jpg,124,0,pedestrian,1,155,1191.0,570.0,1213.0,613.0,946.0,small,2,heavy,0,not_truncated,False,,,
0000291_03201_d_0000884.jpg,125,0,pedestrian,1,156,1201.0,585.0,1220.0,634.0,931.0,small,1,partial,0,not_truncated,True,70,0.294359415769577,0.5201460123062134
0000291_03201_d_0000884.jpg,126,0,pedestrian,1,157,1282.0000000000002,699.0,1314.0,747.0,1535.999999999989,medium,0,none,0,not_truncated,True,83,0.2675391137599945,0.6484530568122864
0000291_03201_d_0000884.jpg,127,0,pedestrian,1,161,1213.0,673.0,1239.0,726.0,1378.0,medium,0,none,0,not_truncated,True,85,0.2626209557056427,0.7719907760620117
0000291_03201_d_0000884.jpg,128,0,pedestrian,1,162,1194.0,667.0,1222.9999999999998,711.0,1275.99999999999,medium,1,partial,0,not_truncated,False,,,
0000291_03201_d_0000884.jpg,129,0,pedestrian,1,170,1125.0,594.0,1143.0,641.0,846.0,small,0,none,0,not_truncated,False,,,
0000291_03201_d_0000884.jpg,130,0,pedestrian,1,171,1119.0,574.0,1136.0,620.0,782.0,small,1,partial,0,not_truncated,False,,,
0000291_03201_d_0000884.jpg,131,0,pedestrian,1,172,1159.0,530.0,1174.0,574.0,660.0,small,1,partial,0,not_truncated,False,,,
0000291_03201_d_0000884.jpg,132,0,pedestrian,1,173,1105.0,568.0,1125.0,612.0,880.0,small,1,partial,0,not_truncated,False,,,
0000291_03201_d_0000884.jpg,133,0,pedestrian,1,174,1111.0,553.0,1129.0,603.0,900.0,small,1,partial,0,not_truncated,False,,,
0000291_03201_d_0000884.jpg,134,0,pedestrian,1,175,1065.0,551.0,1080.0,600.0,735.0,small,0,none,0,not_truncated,False,,,
0000291_03201_d_0000884.jpg,135,0,pedestrian,1,176,1074.0,540.0,1087.0,586.0,598.0,small,1,partial,0,not_truncated,False,,,
0000291_03201_d_0000884.jpg,136,0,pedestrian,1,177,1109.0,521.0,1122.0,567.0,598.0,small,1,partial,0,not_truncated,False,,,
0000291_03201_d_0000884.jpg,137,0,pedestrian,1,178,1097.0,520.0,1109.0,569.0,588.0,small,1,partial,0,not_truncated,False,,,
0000291_03201_d_0000884.jpg,138,0,pedestrian,1,179,1091.0,513.0,1105.0,560.0,658.0,small,1,partial,0,not_truncated,False,,,
0000291_03201_d_0000884.jpg,139,0,pedestrian,1,180,1079.0,517.0,1092.0,561.0,572.0,small,1,partial,0,not_truncated,False,,,
0000291_03201_d_0000884.jpg,140,0,pedestrian,1,181,1065.0,511.99999999999994,1087.0,553.0,902.0000000000013,small,1,partial,0,not_truncated,False,,,
0000291_03201_d_0000884.jpg,141,0,pedestrian,1,182,1119.0,522.0,1135.0,566.0,704.0,small,1,partial,0,not_truncated,False,,,
0000291_03201_d_0000884.jpg,142,0,pedestrian,1,183,1132.0,524.0,1149.0,567.0,731.0,small,0,none,0,not_truncated,False,,,
0000291_03201_d_0000884.jpg,143,0,pedestrian,1,184,1139.0,513.0,1156.0,560.0,799.0,small,1,partial,0,not_truncated,False,,,
0000291_03201_d_0000884.jpg,144,0,pedestrian,1,187,710.0,476.0,735.0,518.0,1050.0,medium,0,none,0,not_truncated,True,48,0.4106382727622986,0.563955545425415
0000291_03201_d_0000884.jpg,145,0,pedestrian,1,188,694.0000000000001,566.0,712.0,613.0,845.9999999999947,small,0,none,0,not_truncated,True,72,0.28745216131210327,0.7723633646965027
0000291_03201_d_0000884.jpg,146,0,pedestrian,1,189,783.0000000000001,557.0,814.0,609.0,1611.999999999994,medium,1,partial,0,not_truncated,False,,,
0000291_03201_d_0000884.jpg,147,0,pedestrian,1,190,792.0,581.0,805.0,629.0,624.0,small,0,none,0,not_truncated,False,,,
0000291_03201_d_0000884.jpg,148,0,pedestrian,1,191,720.0,572.0,745.9999999999999,618.0,1195.9999999999948,medium,0,none,0,not_truncated,False,,,
0000291_03201_d_0000884.jpg,149,0,pedestrian,1,192,724.0,559.0,750.9999999999999,610.0,1376.999999999994,medium,1,partial,0,not_truncated,True,36,0.46586865186691284,0.6611596345901489
0000291_03201_d_0000884.jpg,150,1,car,4,195,690.0,117.00000000000001,709.9999999999999,135.0,359.99999999999767,small,1,partial,0,not_truncated,False,,,
0000291_03201_d_0000884.jpg,151,1,car,4,196,681.0,128.0,700.9999999999999,144.0,319.9999999999982,small,2,heavy,0,not_truncated,False,,,
0000291_03201_d_0000884.jpg,152,1,car,4,197,658.0,115.99999999999999,677.9999999999999,138.0,439.9999999999978,small,2,heavy,0,not_truncated,False,,,
0000291_03201_d_0000884.jpg,153,4,bus,9,198,650.0,115.99999999999999,696.0000000000001,175.0,2714.0000000000073,medium,1,partial,0,not_truncated,True,47,0.4109523296356201,0.6975865960121155
0000291_03201_d_0000884.jpg,154,1,car,4,199,647.0,173.0,675.0,198.00000000000003,700.0000000000008,small,1,partial,0,not_truncated,True,32,0.4775232970714569,0.8779301047325134
0000291_03201_d_0000884.jpg,155,1,car,4,200,625.0,187.00000000000003,653.0,217.0,839.9999999999992,small,1,partial,0,not_truncated,True,24,0.5439571738243103,0.6660366654396057
0000291_03201_d_0000884.jpg,156,1,car,4,201,617.0,211.00000000000003,645.0,240.0,811.9999999999992,small,1,partial,0,not_truncated,False,,,
0000291_03201_d_0000884.jpg,157,1,car,4,202,632.0,287.0,668.0,326.00000000000006,1404.000000000002,medium,1,partial,0,not_truncated,True,3,0.8307228088378906,0.8035029172897339
0000291_03201_d_0000884.jpg,158,1,car,4,203,639.0,254.00000000000003,667.0,288.0,951.9999999999992,small,0,none,0,not_truncated,True,5,0.796353816986084,0.8414157629013062
0000291_03201_d_0000884.jpg,159,2,van,5,204,601.0,221.99999999999997,635.0,263.0,1394.000000000001,medium,1,partial,0,not_truncated,False,,,
0000291_03201_d_0000884.jpg,160,1,car,4,205,578.0,251.0,614.0,288.00000000000006,1332.000000000002,medium,1,partial,0,not_truncated,True,58,0.3506920635700226,0.8842718005180359
0000291_03201_d_0000884.jpg,161,1,car,4,206,528.0,254.0,563.0,291.0,1295.0,medium,1,partial,0,not_truncated,False,,,
0000291_03201_d_0000884.jpg,162,2,van,5,207,560.0,274.0,600.0,321.0,1880.0,medium,0,none,0,not_truncated,True,51,0.37568366527557373,0.8188058137893677
0000291_03201_d_0000884.jpg,163,1,car,4,208,538.0,318.0,581.0,362.0,1892.0,medium,1,partial,0,not_truncated,True,17,0.708294689655304,0.7231671214103699
0000291_03201_d_0000884.jpg,164,2,van,5,210,575.0,347.0,628.0,414.0,3551.0,medium,1,partial,0,not_truncated,False,,,
0000291_03201_d_0000884.jpg,165,2,van,5,211,505.0,339.0,551.0,400.0,2806.0,medium,0,none,0,not_truncated,True,68,0.2970511317253113,0.6272063255310059
0000291_03201_d_0000884.jpg,166,1,car,4,212,541.0,400.99999999999994,610.0,477.0,5244.000000000004,medium,0,none,0,not_truncated,True,0,0.8919625282287598,0.9151564240455627
0000291_03201_d_0000884.jpg,167,1,car,4,213,415.00000000000006,351.0,476.99999999999994,416.99999999999994,4091.999999999989,medium,1,partial,0,not_truncated,True,7,0.7902843952178955,0.8605502843856812
0000291_03201_d_0000884.jpg,168,2,van,5,214,351.99999999999994,400.0,432.0,489.00000000000006,7120.00000000001,medium,0,none,0,not_truncated,True,88,0.25697216391563416,0.9243431091308594
0000291_03201_d_0000884.jpg,169,1,car,4,215,442.99999999999994,405.0,511.0,481.00000000000006,5168.000000000008,medium,0,none,0,not_truncated,True,14,0.7183467149734497,0.9150527715682983
0000291_03201_d_0000884.jpg,170,4,bus,9,216,434.99999999999994,246.00000000000003,546.0,368.0,13542.000000000004,large,1,partial,0,not_truncated,True,1,0.872383713722229,0.8777679800987244
0000291_03201_d_0000884.jpg,171,0,pedestrian,1,226,184.99999999999997,458.0,203.0,495.0,666.000000000001,small,1,partial,0,not_truncated,False,,,
0000291_03201_d_0000884.jpg,172,0,pedestrian,1,227,176.99999999999997,379.00000000000006,191.0,411.00000000000006,448.0000000000009,small,2,heavy,0,not_truncated,False,,,
0000291_03201_d_0000884.jpg,173,0,pedestrian,1,228,80.0,413.0,91.0,439.00000000000006,286.0000000000006,small,1,partial,0,not_truncated,False,,,
0000291_04001_d_0000888.jpg,0,0,pedestrian,1,3,0.0,494.00000000000006,22.000000000000004,543.0,1077.9999999999989,medium,0,none,1,truncated,True,38,0.36631324887275696,0.8009545207023621
0000291_04001_d_0000888.jpg,1,2,van,5,6,0.0,405.0,112.0,486.00000000000006,9072.000000000007,medium,1,partial,1,truncated,True,51,0.2979051172733307,0.9283550977706909
0000291_04001_d_0000888.jpg,2,0,pedestrian,1,9,183.0,435.0,205.0,485.0,1100.0,medium,1,partial,0,not_truncated,True,25,0.45681893825531006,0.6190620064735413
0000291_04001_d_0000888.jpg,3,0,pedestrian,1,11,206.00000000000003,441.99999999999994,237.99999999999997,487.99999999999994,1471.9999999999973,medium,0,none,0,not_truncated,True,19,0.5534980893135071,0.7694849967956543
0000291_04001_d_0000888.jpg,4,0,pedestrian,1,13,250.00000000000003,418.00000000000006,274.0,467.00000000000006,1175.9999999999986,medium,0,none,0,not_truncated,True,20,0.5155407786369324,0.8599244952201843
0000291_04001_d_0000888.jpg,5,0,pedestrian,1,28,283.0,293.0,299.0,333.0,640.0,small,1,partial,0,not_truncated,False,,,
0000291_04001_d_0000888.jpg,6,0,pedestrian,1,39,509.0,215.0,525.0,254.00000000000003,624.0000000000005,small,0,none,0,not_truncated,False,,,
0000291_04001_d_0000888.jpg,7,0,pedestrian,1,40,493.00000000000006,204.0,511.0,243.00000000000003,701.9999999999983,small,0,none,0,not_truncated,False,,,
0000291_04001_d_0000888.jpg,8,0,pedestrian,1,41,493.00000000000006,185.0,511.0,223.00000000000003,683.9999999999983,small,1,partial,0,not_truncated,False,,,
0000291_04001_d_0000888.jpg,9,0,pedestrian,1,42,483.0,176.0,496.0,213.0,481.0,small,1,partial,0,not_truncated,False,,,
0000291_04001_d_0000888.jpg,10,0,pedestrian,1,43,495.00000000000006,172.0,511.0,209.00000000000003,591.9999999999983,small,1,partial,0,not_truncated,False,,,
0000291_04001_d_0000888.jpg,11,1,car,4,45,468.0,83.0,551.0,118.0,2905.0,medium,1,partial,0,not_truncated,False,,,
0000291_04001_d_0000888.jpg,12,1,car,4,47,534.0,43.99999999999999,602.0,72.0,1904.0000000000005,medium,1,partial,0,not_truncated,False,,,
0000291_04001_d_0000888.jpg,13,2,van,5,48,555.0000000000001,24.999999999999996,616.0,57.0,1951.9999999999964,medium,1,partial,0,not_truncated,False,,,
0000291_04001_d_0000888.jpg,14,1,car,4,49,580.0,12.999999999999998,646.0,41.0,1848.0,medium,1,partial,0,not_truncated,False,,,
0000291_04001_d_0000888.jpg,15,2,van,5,50,635.0,22.0,674.0,62.0,1560.0,medium,1,partial,0,not_truncated,True,23,0.48114001750946045,0.7799310088157654
0000291_04001_d_0000888.jpg,16,0,pedestrian,1,52,657.0,54.99999999999999,668.0,82.0,297.00000000000006,small,1,partial,0,not_truncated,False,,,
0000291_04001_d_0000888.jpg,17,2,van,5,53,579.0,221.99999999999997,646.0,314.0,6164.000000000002,medium,0,none,0,not_truncated,False,,,
0000291_04001_d_0000888.jpg,18,1,car,4,54,667.0,230.0,723.0,306.0,4256.0,medium,0,none,0,not_truncated,True,6,0.7881188988685608,0.9506863355636597
0000291_04001_d_0000888.jpg,19,1,car,4,55,764.0,228.0,824.0000000000001,307.99999999999994,4800.0000000000055,medium,0,none,0,not_truncated,True,1,0.9009524583816528,0.9116010069847107
0000291_04001_d_0000888.jpg,20,0,pedestrian,1,56,817.0,278.00000000000006,831.9999999999999,312.0,509.9999999999953,small,0,none,0,not_truncated,True,53,0.28578731417655945,0.871059238910675
0000291_04001_d_0000888.jpg,21,2,van,5,57,781.0,170.0,830.0000000000001,240.0,3430.000000000008,medium,1,partial,0,not_truncated,False,,,
0000291_04001_d_0000888.jpg,22,2,van,5,58,705.0000000000001,160.99999999999997,745.9999999999999,226.0,2664.9999999999864,medium,0,none,0,not_truncated,True,36,0.36822643876075745,0.671403706073761
0000291_04001_d_0000888.jpg,23,2,van,5,59,618.0,171.0,673.0,240.0,3795.0,medium,1,partial,0,not_truncated,False,,,
0000291_04001_d_0000888.jpg,24,4,bus,9,60,627.0,59.0,721.0,192.0,12502.0,large,1,partial,0,not_truncated,True,0,0.914716899394989,0.8429625630378723
0000291_04001_d_0000888.jpg,25,1,car,4,61,725.0000000000001,139.0,766.0,185.0,1885.9999999999948,medium,1,partial,0,not_truncated,False,,,
0000291_04001_d_0000888.jpg,26,2,van,5,62,737.0000000000001,91.00000000000001,776.0,143.0,2027.9999999999936,medium,1,partial,0,not_truncated,False,,,
0000291_04001_d_0000888.jpg,27,1,car,4,63,744.0000000000001,64.99999999999999,781.0,104.99999999999999,1479.9999999999955,medium,1,partial,0,not_truncated,False,,,
0000291_04001_d_0000888.jpg,28,3,truck,6,64,795.0,139.00000000000003,833.9999999999999,181.0,1637.999999999994,medium,1,partial,0,not_truncated,False,,,
0000291_04001_d_0000888.jpg,29,1,car,4,65,812.0000000000001,104.99999999999999,848.0,149.0,1583.9999999999955,medium,1,partial,0,not_truncated,True,12,0.6498560309410095,0.815218448638916
0000291_04001_d_0000888.jpg,30,1,car,4,66,806.0,74.0,835.9999999999999,111.00000000000001,1109.9999999999961,medium,1,partial,0,not_truncated,True,34,0.39810022711753845,0.8576738834381104
0000291_04001_d_0000888.jpg,31,1,car,4,67,824.0000000000001,54.99999999999999,857.0,89.0,1121.9999999999964,medium,1,partial,0,not_truncated,True,22,0.4899815022945404,0.8171933889389038
0000291_04001_d_0000888.jpg,32,1,car,4,68,706.0000000000001,26.000000000000004,742.9999999999999,73.0,1738.9999999999893,medium,1,partial,0,not_truncated,True,13,0.6241528391838074,0.6593942642211914
0000291_04001_d_0000888.jpg,33,2,van,5,69,763.0,35.0,794.9999999999999,79.99999999999999,1439.9999999999945,medium,1,partial,0,not_truncated,False,,,
0000291_04001_d_0000888.jpg,34,1,car,4,70,771.0,22.999999999999996,800.9999999999999,53.0,899.9999999999967,small,1,partial,0,not_truncated,False,,,
0000291_04001_d_0000888.jpg,35,1,car,4,71,726.0,13.999999999999998,753.9999999999999,41.0,755.9999999999969,small,1,partial,0,not_truncated,False,,,
0000291_04001_d_0000888.jpg,36,1,car,4,72,773.0000000000001,2.000000000000001,804.0,32.0,929.9999999999966,small,1,partial,0,not_truncated,True,26,0.45105892419815063,0.5187700986862183
0000291_04001_d_0000888.jpg,37,0,pedestrian,1,73,898.0000000000001,394.99999999999994,930.0,438.0,1375.9999999999968,medium,0,none,0,not_truncated,False,,,
0000291_04001_d_0000888.jpg,38,1,car,4,74,1140.0,526.0,1331.0,642.9999999999999,22346.999999999978,large,0,none,0,not_truncated,True,2,0.8760141134262085,0.9419357776641846
0000291_04001_d_0000888.jpg,39,0,pedestrian,1,77,1301.0,471.0,1328.0,518.0,1269.0,medium,0,none,0,not_truncated,True,29,0.40885913372039795,0.9023113250732422
0000291_04001_d_0000888.jpg,40,0,pedestrian,1,78,1278.0,438.99999999999994,1307.0,486.0,1363.0000000000016,medium,1,partial,0,not_truncated,True,57,0.26902085542678833,0.6103917956352234
0000291_04001_d_0000888.jpg,41,0,pedestrian,1,81,1109.0,310.0,1133.0,348.00000000000006,912.0000000000014,small,0,none,0,not_truncated,False,,,
0000291_04001_d_0000888.jpg,42,0,pedestrian,1,82,1140.0,330.99999999999994,1164.0,373.0,1008.0000000000014,small,1,partial,0,not_truncated,True,44,0.34497004747390747,0.5122672915458679
0000291_04001_d_0000888.jpg,43,0,pedestrian,1,83,1158.0,331.0,1180.0,380.0,1078.0,medium,1,partial,0,not_truncated,False,,,
0000291_04001_d_0000888.jpg,44,0,pedestrian,1,84,1131.0,306.99999999999994,1150.0,349.0,798.0000000000011,small,1,partial,0,not_truncated,False,,,
0000291_04001_d_0000888.jpg,45,0,pedestrian,1,85,1113.0,270.0,1138.9999999999998,306.0,935.9999999999918,small,1,partial,0,not_truncated,False,,,
0000291_04001_d_0000888.jpg,46,0,pedestrian,1,86,1123.0,272.99999999999994,1144.0,312.0,819.0000000000011,small,1,partial,0,not_truncated,False,,,
0000291_04001_d_0000888.jpg,47,0,pedestrian,1,88,1175.0,289.0,1193.0,328.0,702.0,small,0,none,0,not_truncated,False,,,
0000291_04001_d_0000888.jpg,48,0,pedestrian,1,89,1191.0,285.0,1209.0,326.00000000000006,738.000000000001,small,1,partial,0,not_truncated,False,,,
0000291_04001_d_0000888.jpg,49,1,car,4,90,1155.0000000000002,326.00000000000006,1285.0,383.0,7409.99999999998,medium,1,partial,0,not_truncated,False,,,
0000291_04001_d_0000888.jpg,50,0,pedestrian,1,91,990.0,3.0,1002.9999999999999,28.999999999999996,337.999999999997,small,0,none,0,not_truncated,False,,,
0000291_04001_d_0000888.jpg,51,2,van,5,92,989.0000000000001,0.0,1031.0,25.999999999999996,1091.9999999999968,medium,1,partial,1,truncated,False,,,
0000291_04001_d_0000888.jpg,52,2,van,5,93,1033.0,12.000000000000002,1089.0,41.0,1624.0,medium,0,none,0,not_truncated,False,,,
0000291_04001_d_0000888.jpg,53,1,car,4,94,1037.0,41.0,1103.0,67.99999999999999,1781.999999999999,medium,1,partial,0,not_truncated,True,30,0.4079742133617401,0.666836142539978
0000291_04001_d_0000888.jpg,54,1,car,4,95,1148.0,45.99999999999999,1219.0,75.0,2059.0000000000005,medium,0,none,0,not_truncated,True,42,0.348908394575119,0.8765719532966614
0000291_04001_d_0000888.jpg,55,0,pedestrian,1,96,1238.0,52.00000000000001,1253.0,79.0,404.9999999999999,small,0,none,0,not_truncated,False,,,
0000291_04001_d_0000888.jpg,56,0,pedestrian,1,97,1253.0,55.00000000000001,1265.0,81.0,311.9999999999999,small,1,partial,0,not_truncated,False,,,
0000291_04001_d_0000888.jpg,57,1,car,4,98,1061.0,55.00000000000001,1118.0,75.0,1139.9999999999995,medium,2,heavy,0,not_truncated,False,,,
0000291_04001_d_0000888.jpg,58,2,van,5,99,1066.0,60.0,1133.0,88.0,1876.0,medium,1,partial,0,not_truncated,True,58,0.2594943344593048,0.7472791075706482
0000291_04001_d_0000888.jpg,59,1,car,4,100,1028.0,69.0,1099.0,101.0,2272.0,medium,1,partial,0,not_truncated,True,10,0.6898922324180603,0.8173538446426392
0000291_04001_d_0000888.jpg,60,1,car,4,101,1011.0,93.99999999999999,1053.9999999999998,127.0,1418.9999999999932,medium,1,partial,0,not_truncated,True,15,0.5856820344924927,0.8485830426216125
0000291_04001_d_0000888.jpg,61,1,car,4,102,1081.0,79.99999999999999,1160.0,113.0,2607.000000000001,medium,1,partial,0,not_truncated,False,,,
0000291_04001_d_0000888.jpg,62,1,car,4,103,1102.0,94.0,1184.0,134.0,3280.0,medium,1,partial,0,not_truncated,False,,,
0000291_04001_d_0000888.jpg,63,1,car,4,104,1034.0,114.00000000000001,1116.0,143.0,2377.9999999999986,medium,1,partial,0,not_truncated,True,16,0.581912636756897,0.862659215927124
0000291_04001_d_0000888.jpg,64,1,car,4,105,1044.0,130.0,1126.0,159.0,2378.0,medium,1,partial,0,not_truncated,False,,,
0000291_04001_d_0000888.jpg,65,1,car,4,106,1055.0,151.0,1141.0,189.0,3268.0,medium,1,partial,0,not_truncated,True,7,0.7475498914718628,0.8909873366355896
0000291_04001_d_0000888.jpg,66,1,car,4,107,1072.0,177.0,1119.0,222.00000000000003,2115.0000000000014,medium,0,none,0,not_truncated,True,5,0.7932000160217285,0.9594206809997559
0000291_04001_d_0000888.jpg,67,1,car,4,108,1050.0,219.99999999999997,1099.0,266.0,2254.0000000000014,medium,1,partial,0,not_truncated,True,4,0.8368497490882874,0.8260207772254944
0000291_04001_d_0000888.jpg,68,1,car,4,109,1134.0,215.0,1184.0,268.0,2650.0,medium,1,partial,0,not_truncated,True,3,0.8549103736877441,0.9004794955253601
0000293_03601_d_0000940.jpg,0,1,car,4,1,1039.0,544.9999999999999,1146.0,618.0,7811.000000000012,medium,0,none,0,not_truncated,True,0,0.9167696237564087,0.9436506628990173
0000293_03601_d_0000940.jpg,1,1,car,4,2,886.0,484.0,966.0,541.9999999999999,4639.999999999991,medium,0,none,0,not_truncated,True,1,0.9114571809768677,0.8821679353713989
0000293_03601_d_0000940.jpg,2,1,car,4,3,934.0,397.99999999999994,996.0000000000001,438.0,2480.000000000008,medium,0,none,0,not_truncated,True,17,0.70574951171875,0.8768259882926941
0000293_03601_d_0000940.jpg,3,1,car,4,4,611.9999999999999,506.0,676.0,599.0,5952.000000000011,medium,0,none,0,not_truncated,False,,,
0000293_03601_d_0000940.jpg,4,1,car,4,5,499.99999999999994,517.0,576.0,618.0,7676.0000000000055,medium,0,none,0,not_truncated,True,18,0.6504075527191162,0.9325448274612427
0000293_03601_d_0000940.jpg,5,1,car,4,6,598.0,405.0,648.0,463.99999999999994,2949.9999999999973,medium,0,none,0,not_truncated,True,11,0.8112481832504272,0.8703740239143372
0000293_03601_d_0000940.jpg,6,1,car,4,7,517.0,386.0,558.0,426.0,1640.0,medium,0,none,0,not_truncated,True,4,0.8586598634719849,0.8887481689453125
0000293_03601_d_0000940.jpg,7,1,car,4,8,604.0,364.0,645.0,403.0,1599.0,medium,0,none,0,not_truncated,True,39,0.33954083919525146,0.9217191934585571
0000293_03601_d_0000940.jpg,8,2,van,5,9,634.0,317.0,669.0,359.0,1470.0,medium,0,none,0,not_truncated,True,24,0.5861639976501465,0.8711373209953308
0000293_03601_d_0000940.jpg,9,2,van,5,10,703.0000000000001,311.0,734.0,343.99999999999994,1022.9999999999945,small,0,none,0,not_truncated,True,36,0.3854089677333832,0.8061557412147522
0000293_03601_d_0000940.jpg,10,1,car,4,11,749.0,327.0,787.9999999999999,355.0,1091.9999999999968,medium,0,none,0,not_truncated,True,9,0.8326831459999084,0.9215804934501648
0000293_03601_d_0000940.jpg,11,1,car,4,12,792.9999999999999,373.99999999999994,843.0,411.0,1850.000000000007,medium,0,none,0,not_truncated,True,3,0.8805789351463318,0.9025797843933105
0000293_03601_d_0000940.jpg,12,1,car,4,13,751.9999999999999,399.0,806.0,444.00000000000006,2430.000000000008,medium,0,none,0,not_truncated,True,6,0.8436585068702698,0.8439295291900635
0000293_03601_d_0000940.jpg,13,1,car,4,14,459.00000000000006,339.0,498.00000000000006,373.0,1326.0,medium,0,none,0,not_truncated,True,5,0.8539115190505981,0.964698076248169
0000293_03601_d_0000940.jpg,14,0,pedestrian,1,17,317.0,340.0,326.99999999999994,369.0,289.99999999999835,small,0,none,0,not_truncated,False,,,
0000293_03601_d_0000940.jpg,15,1,car,4,18,141.0,289.0,159.0,303.0,252.0,small,1,partial,0,not_truncated,False,,,
0000293_03601_d_0000940.jpg,16,0,pedestrian,1,19,221.0,279.0,230.99999999999997,307.0,279.9999999999992,small,1,partial,0,not_truncated,False,,,
0000293_03601_d_0000940.jpg,17,1,car,4,33,508.0,304.0,535.0000000000001,331.0,729.0000000000031,small,0,none,0,not_truncated,True,8,0.8346482515335083,0.9334654808044434
0000293_03601_d_0000940.jpg,18,1,car,4,34,518.0,277.0,545.0,300.0,621.0,small,1,partial,0,not_truncated,True,16,0.7075158953666687,0.8101770281791687
0000293_03601_d_0000940.jpg,19,1,car,4,35,549.9999999999999,263.0,572.0,283.0,440.0000000000023,small,0,none,0,not_truncated,True,40,0.33947649598121643,0.8374250531196594
0000293_03601_d_0000940.jpg,20,1,car,4,36,549.0,251.0,568.9999999999999,267.0,319.9999999999982,small,1,partial,0,not_truncated,False,,,
0000293_03601_d_0000940.jpg,21,1,car,4,37,551.0,239.0,568.0,253.00000000000003,238.00000000000048,small,1,partial,0,not_truncated,False,,,
0000293_03601_d_0000940.jpg,22,1,car,4,38,544.0,347.0,585.0,390.0,1763.0,medium,1,partial,0,not_truncated,True,20,0.639545738697052,0.774660587310791
0000293_03601_d_0000940.jpg,23,1,car,4,39,523.0,330.0,560.0,362.0,1184.0,medium,1,partial,0,not_truncated,True,13,0.767124593257904,0.8167572021484375
0000293_03601_d_0000940.jpg,24,1,car,4,40,543.0,310.0,575.0,340.0,960.0,small,1,partial,0,not_truncated,True,12,0.7672512531280518,0.8754207491874695
0000293_03601_d_0000940.jpg,25,1,car,4,41,593.0,305.0,622.0,332.0,783.0,small,0,none,0,not_truncated,True,2,0.8812241554260254,0.9156670570373535
0000293_03601_d_0000940.jpg,26,1,car,4,46,1284.0,432.0,1360.0,474.0,3192.0,medium,1,partial,0,not_truncated,True,14,0.7279300689697266,0.9514718651771545
0000293_03601_d_0000940.jpg,27,0,pedestrian,1,48,1177.0,378.0,1187.0,408.0,300.0,small,1,partial,0,not_truncated,False,,,
0000293_03601_d_0000940.jpg,28,0,pedestrian,1,49,1192.0,379.99999999999994,1205.0,403.99999999999994,312.0,small,1,partial,0,not_truncated,False,,,
0000293_03601_d_0000940.jpg,29,0,pedestrian,1,50,1210.0,379.99999999999994,1221.0,402.99999999999994,253.0,small,1,partial,0,not_truncated,False,,,
0000293_03601_d_0000940.jpg,30,1,car,4,60,1041.0,343.0,1112.0,371.0,1988.0,medium,1,partial,0,not_truncated,True,33,0.41269782185554504,0.8217417597770691
0000293_03601_d_0000940.jpg,31,0,pedestrian,1,65,1048.0,356.0,1060.0,383.0,324.0,small,2,heavy,0,not_truncated,False,,,
0000293_03601_d_0000940.jpg,32,0,pedestrian,1,66,861.0,301.0,869.9999999999999,324.0,206.99999999999739,small,0,none,0,not_truncated,False,,,
0000293_03601_d_0000940.jpg,33,0,pedestrian,1,72,985.0,328.0,995.9999999999999,353.0,274.99999999999716,small,1,partial,0,not_truncated,False,,,
0000293_03601_d_0000940.jpg,34,0,pedestrian,1,84,925.0,292.0,931.0,308.0,96.0,small,1,partial,0,not_truncated,False,,,
0000293_03601_d_0000940.jpg,35,0,pedestrian,1,85,929.0,289.0,935.0,307.0,108.0,small,2,heavy,0,not_truncated,False,,,
0000293_03601_d_0000940.jpg,36,1,car,4,89,758.0,294.0,789.9999999999999,316.0,703.9999999999975,small,0,none,0,not_truncated,True,15,0.7208694815635681,0.7558475136756897
0000293_03601_d_0000940.jpg,37,1,car,4,90,717.0,289.0,739.9999999999999,309.0,459.9999999999977,small,0,none,0,not_truncated,True,27,0.4356451630592346,0.560367226600647
0000293_03601_d_0000940.jpg,38,1,car,4,91,722.0,265.0,744.9999999999999,282.0,390.99999999999807,small,0,none,0,not_truncated,True,34,0.3961527943611145,0.8289507031440735
0000293_03601_d_0000940.jpg,39,1,car,4,92,688.0,259.0,711.9999999999999,278.0,455.99999999999784,small,0,none,0,not_truncated,True,22,0.6167923808097839,0.6738848686218262
0000293_03601_d_0000940.jpg,40,1,car,4,93,582.0,255.99999999999997,603.0,275.0,399.00000000000057,small,0,none,0,not_truncated,True,42,0.30213773250579834,0.6546764969825745
0000293_03601_d_0000940.jpg,41,1,car,4,94,608.0,251.0,628.0,268.0,340.0,small,0,none,0,not_truncated,True,23,0.5942546725273132,0.9049884676933289
0000293_03601_d_0000940.jpg,42,1,car,4,95,595.0,231.99999999999997,613.9999999999999,246.00000000000003,265.9999999999995,small,0,none,0,not_truncated,True,19,0.644049882888794,0.7295993566513062
0000293_03601_d_0000940.jpg,43,1,car,4,96,566.0,215.0,581.0,226.99999999999997,179.99999999999957,small,0,none,0,not_truncated,True,21,0.6337766647338867,0.7041064500808716
0000293_03601_d_0000940.jpg,44,1,car,4,97,563.0,196.00000000000003,574.0,205.0,98.99999999999969,small,0,none,0,not_truncated,True,47,0.2899515926837921,0.9050697088241577
0000293_03601_d_0000940.jpg,45,1,car,4,98,574.0,190.99999999999997,584.0,199.99999999999997,90.0,small,0,none,0,not_truncated,True,49,0.2791367173194885,0.5632622838020325
0000293_03601_d_0000940.jpg,46,1,car,4,99,544.0,194.00000000000003,555.0,205.0,120.99999999999969,small,2,heavy,0,not_truncated,True,30,0.42757725715637207,0.6495756506919861
0000293_03601_d_0000940.jpg,47,1,car,4,101,651.0,250.0,675.0,266.00000000000006,384.00000000000136,small,0,none,0,not_truncated,True,29,0.43529507517814636,0.6239280104637146
0000293_03601_d_0000940.jpg,48,1,car,4,102,673.0,243.0,696.0,262.0,437.0,small,1,partial,0,not_truncated,True,28,0.4355425536632538,0.6782227158546448
0000293_03601_d_0000940.jpg,49,1,car,4,103,682.0,234.99999999999997,703.9999999999999,252.0,373.9999999999987,small,1,partial,0,not_truncated,False,,,
0000293_03601_d_0000940.jpg,50,1,car,4,104,701.0000000000001,233.99999999999997,723.0,248.0,307.99999999999903,small,1,partial,0,not_truncated,True,41,0.31824222207069397,0.7885486483573914
0000293_03601_d_0000940.jpg,51,1,car,4,105,659.0,234.99999999999997,676.9999999999999,250.0,269.9999999999988,small,1,partial,0,not_truncated,False,,,
0000293_03601_d_0000940.jpg,52,1,car,4,106,644.0,224.99999999999997,660.0,238.0,208.00000000000045,small,0,none,0,not_truncated,True,26,0.4490845799446106,0.7369626760482788
0000293_03601_d_0000940.jpg,53,4,bus,9,107,655.0,200.0,684.0,230.0,870.0,small,0,none,0,not_truncated,False,,,
0000293_03601_d_0000940.jpg,54,1,car,4,108,634.0,219.00000000000003,649.0,230.0,164.99999999999957,small,0,none,0,not_truncated,False,,,
0000293_03601_d_0000940.jpg,55,1,car,4,109,611.0,208.00000000000003,625.0,219.0,153.9999999999996,small,0,none,0,not_truncated,True,25,0.4804966151714325,0.6182222962379456
0000293_03601_d_0000940.jpg,56,1,car,4,110,629.0,206.00000000000003,642.0,217.0,142.99999999999963,small,0,none,0,not_truncated,False,,,
0000293_03601_d_0000940.jpg,57,1,car,4,111,646.0,200.0,657.0,210.99999999999997,120.99999999999969,small,1,partial,0,not_truncated,False,,,
0000293_03601_d_0000940.jpg,58,1,car,4,112,638.0,189.0,649.0,197.99999999999997,98.99999999999969,small,0,none,0,not_truncated,False,,,
0000293_03601_d_0000940.jpg,59,1,car,4,113,624.0,198.00000000000003,635.0,207.99999999999997,109.99999999999937,small,1,partial,0,not_truncated,False,,,
0000293_03601_d_0000940.jpg,60,1,car,4,114,603.0,196.00000000000003,612.0,205.0,80.99999999999974,small,0,none,0,not_truncated,False,,,
0000293_03601_d_0000940.jpg,61,1,car,4,115,618.0,195.00000000000003,628.0,204.0,89.99999999999972,small,1,partial,0,not_truncated,False,,,
0000293_03601_d_0000940.jpg,62,1,car,4,116,620.0,187.0,630.0,195.0,80.0,small,0,none,0,not_truncated,False,,,
0000293_03601_d_0000940.jpg,63,1,car,4,117,609.0,189.99999999999997,620.0,197.99999999999997,88.0,small,1,partial,0,not_truncated,False,,,
0000293_03601_d_0000940.jpg,64,1,car,4,118,594.0,188.0,604.0,195.99999999999997,79.99999999999972,small,0,none,0,not_truncated,False,,,
0000293_03601_d_0000940.jpg,65,1,car,4,119,554.0,184.0,565.0,193.0,99.0,small,1,partial,0,not_truncated,False,,,
0000295_00800_d_0000025.jpg,0,0,pedestrian,1,3,905.0,322.0,909.9999999999999,338.00000000000006,79.99999999999847,small,1,partial,0,not_truncated,False,,,
0000295_00800_d_0000025.jpg,1,0,pedestrian,1,4,860.0,316.0,867.9999999999999,332.0,127.99999999999818,small,0,none,0,not_truncated,False,,,
0000295_00800_d_0000025.jpg,2,0,pedestrian,1,5,797.0,318.99999999999994,805.0,337.0,144.00000000000045,small,1,partial,0,not_truncated,False,,,
0000295_00800_d_0000025.jpg,3,0,pedestrian,1,6,786.0000000000001,319.99999999999994,794.0,336.0,127.99999999999864,small,1,partial,0,not_truncated,False,,,
0000295_00800_d_0000025.jpg,4,0,pedestrian,1,7,777.0,322.0,782.9999999999999,338.00000000000006,95.99999999999852,small,1,partial,0,not_truncated,False,,,
0000295_00800_d_0000025.jpg,5,0,pedestrian,1,8,752.0,319.99999999999994,759.0,336.0,112.0000000000004,small,1,partial,0,not_truncated,False,,,
0000295_00800_d_0000025.jpg,6,0,pedestrian,1,9,738.0,322.0,745.9999999999999,339.0,135.99999999999807,small,1,partial,0,not_truncated,False,,,
0000295_00800_d_0000025.jpg,7,0,pedestrian,1,10,731.0,322.0,738.0,337.00000000000006,105.0000000000004,small,1,partial,0,not_truncated,False,,,
0000295_00800_d_0000025.jpg,8,0,pedestrian,1,11,726.0,318.0,733.0,334.0,112.0,small,1,partial,0,not_truncated,False,,,
0000295_00800_d_0000025.jpg,9,0,pedestrian,1,12,709.0,318.0,716.0,332.0,98.0,small,1,partial,0,not_truncated,False,,,
0000295_00800_d_0000025.jpg,10,0,pedestrian,1,13,696.0,318.0,700.9999999999999,333.0,74.9999999999983,small,1,partial,0,not_truncated,False,,,
0000295_00800_d_0000025.jpg,11,0,pedestrian,1,14,686.0,318.0,691.0,332.0,70.0,small,1,partial,0,not_truncated,False,,,
0000295_00800_d_0000025.jpg,12,0,pedestrian,1,15,679.0,317.0,685.0,333.0,96.0,small,1,partial,0,not_truncated,False,,,
0000295_00800_d_0000025.jpg,13,0,pedestrian,1,16,672.0,318.99999999999994,677.0,334.0,75.00000000000028,small,1,partial,0,not_truncated,False,,,
0000295_00800_d_0000025.jpg,14,0,pedestrian,1,17,668.0,318.0,674.0,335.0,102.0,small,1,partial,0,not_truncated,False,,,
0000295_00800_d_0000025.jpg,15,0,pedestrian,1,18,593.0,316.0,600.0,332.0,112.0,small,1,partial,0,not_truncated,False,,,
0000295_00800_d_0000025.jpg,16,0,pedestrian,1,19,565.0,311.0,572.0,329.0,126.0,small,1,partial,0,not_truncated,False,,,
0000295_00800_d_0000025.jpg,17,0,pedestrian,1,20,504.0,314.0,509.0,330.0,80.0,small,1,partial,0,not_truncated,False,,,
0000295_00800_d_0000025.jpg,18,0,pedestrian,1,21,491.0,317.0,496.99999999999994,331.0,83.9999999999992,small,1,partial,0,not_truncated,False,,,
0000295_00800_d_0000025.jpg,19,0,pedestrian,1,22,593.0,306.0,598.0,318.0,60.0,small,1,partial,0,not_truncated,False,,,
0000295_00800_d_0000025.jpg,20,1,car,4,23,608.0,304.0,620.0,318.0,168.0,small,0,none,0,not_truncated,False,,,
0000295_00800_d_0000025.jpg,21,1,car,4,24,646.0,289.0,660.0,302.00000000000006,182.0000000000008,small,0,none,0,not_truncated,True,29,0.5066031217575073,0.7246330380439758
0000295_00800_d_0000025.jpg,22,1,car,4,26,651.0,250.0,667.0,259.0,144.0,small,0,none,0,not_truncated,False,,,
0000295_00800_d_0000025.jpg,23,1,car,4,27,642.0,244.00000000000003,653.9999999999999,254.0,119.99999999999852,small,0,none,0,not_truncated,False,,,
0000295_00800_d_0000025.jpg,24,0,pedestrian,1,28,414.00000000000006,331.0,424.0,351.0,199.99999999999886,small,0,none,0,not_truncated,False,,,
0000295_00800_d_0000025.jpg,25,0,pedestrian,1,29,410.0,331.0,417.99999999999994,352.0,167.9999999999988,small,0,none,0,not_truncated,False,,,
0000295_00800_d_0000025.jpg,26,0,pedestrian,1,30,390.0,323.0,395.99999999999994,342.0,113.99999999999892,small,0,none,0,not_truncated,False,,,
0000295_00800_d_0000025.jpg,27,4,bus,9,31,479.00000000000006,351.0,538.0,405.0,3185.999999999997,medium,1,partial,0,not_truncated,False,,,
0000295_00800_d_0000025.jpg,28,4,bus,9,32,454.00000000000006,385.0,513.0,447.99999999999994,3716.999999999993,medium,1,partial,0,not_truncated,True,52,0.3218410909175873,0.8249688744544983
0000295_00800_d_0000025.jpg,29,4,bus,9,33,421.0,457.0,522.0,554.0,9797.0,large,0,none,0,not_truncated,True,10,0.8607606291770935,0.9511414766311646
0000295_00800_d_0000025.jpg,30,4,bus,9,34,178.99999999999997,572.0,380.0,765.0,38793.00000000001,large,0,none,1,truncated,True,24,0.6496264338493347,0.9106251001358032
0000295_00800_d_0000025.jpg,31,0,pedestrian,1,35,444.0,388.00000000000006,452.0,407.0,151.99999999999955,small,0,none,0,not_truncated,False,,,
0000295_00800_d_0000025.jpg,32,0,pedestrian,1,36,454.00000000000006,393.00000000000006,463.0,413.0,179.99999999999835,small,1,partial,0,not_truncated,False,,,
0000295_00800_d_0000025.jpg,33,0,pedestrian,1,37,451.0,397.00000000000006,457.99999999999994,416.99999999999994,139.99999999999807,small,0,none,0,not_truncated,False,,,
0000295_00800_d_0000025.jpg,34,0,pedestrian,1,38,446.0,406.0,452.0,432.00000000000006,156.00000000000034,small,0,none,0,not_truncated,False,,,
0000295_00800_d_0000025.jpg,35,0,pedestrian,1,39,436.00000000000006,419.00000000000006,443.0,439.99999999999994,146.999999999998,small,0,none,0,not_truncated,False,,,
0000295_00800_d_0000025.jpg,36,0,pedestrian,1,40,429.0,412.0,435.99999999999994,437.00000000000006,174.99999999999898,small,0,none,0,not_truncated,False,,,
0000295_00800_d_0000025.jpg,37,0,pedestrian,1,41,422.0,418.00000000000006,432.0,438.0,199.99999999999943,small,1,partial,0,not_truncated,False,,,
0000295_00800_d_0000025.jpg,38,0,pedestrian,1,42,423.0,428.0,430.0,447.99999999999994,139.9999999999996,small,0,none,0,not_truncated,False,,,
0000295_00800_d_0000025.jpg,39,0,pedestrian,1,46,383.0,445.99999999999994,392.99999999999994,472.0,259.9999999999991,small,1,partial,0,not_truncated,False,,,
0000295_00800_d_0000025.jpg,40,0,pedestrian,1,47,366.0,462.0,376.99999999999994,489.00000000000006,296.9999999999991,small,1,partial,0,not_truncated,False,,,
0000295_00800_d_0000025.jpg,41,0,pedestrian,1,48,358.0,454.0,369.0,479.00000000000006,275.0000000000006,small,1,partial,0,not_truncated,False,,,
0000295_00800_d_0000025.jpg,42,1,car,4,51,406.0,444.99999999999994,443.0,477.0,1184.000000000002,medium,1,partial,0,not_truncated,True,21,0.7202377319335938,0.9323896765708923
0000295_00800_d_0000025.jpg,43,1,car,4,52,374.00000000000006,467.99999999999994,417.0,504.0,1548.0000000000005,medium,1,partial,0,not_truncated,True,15,0.804762601852417,0.8701015114784241
0000295_00800_d_0000025.jpg,44,1,car,4,53,336.0,498.0,385.0,537.0,1911.0,medium,0,none,0,not_truncated,True,5,0.8978379964828491,0.9424498081207275
0000295_00800_d_0000025.jpg,45,0,pedestrian,1,54,305.0,526.0,315.0,556.0000000000001,300.00000000000114,small,0,none,0,not_truncated,False,,,
0000295_00800_d_0000025.jpg,46,0,pedestrian,1,56,281.0,462.0,292.0,491.00000000000006,319.0000000000006,small,1,partial,0,not_truncated,False,,,
0000295_00800_d_0000025.jpg,47,0,pedestrian,1,57,240.00000000000003,471.0,248.99999999999997,493.99999999999994,206.99999999999818,small,1,partial,0,not_truncated,False,,,
0000295_00800_d_0000025.jpg,48,0,pedestrian,1,58,223.0,479.0,232.99999999999997,499.99999999999994,209.99999999999883,small,1,partial,0,not_truncated,False,,,
0000295_00800_d_0000025.jpg,49,0,pedestrian,1,59,219.99999999999997,469.00000000000006,231.0,491.99999999999994,252.9999999999994,small,1,partial,0,not_truncated,False,,,
0000295_00800_d_0000025.jpg,50,0,pedestrian,1,60,209.99999999999997,468.99999999999994,222.0,495.0,312.0000000000014,small,1,partial,0,not_truncated,False,,,
0000295_00800_d_0000025.jpg,51,0,pedestrian,1,61,204.00000000000003,488.00000000000006,214.0,510.99999999999994,229.9999999999982,small,1,partial,0,not_truncated,False,,,
0000295_00800_d_0000025.jpg,52,0,pedestrian,1,62,204.00000000000003,475.0,211.0,496.99999999999994,153.99999999999898,small,1,partial,0,not_truncated,False,,,
0000295_00800_d_0000025.jpg,53,0,pedestrian,1,63,187.99999999999997,482.0,201.0,509.00000000000006,351.00000000000153,small,1,partial,0,not_truncated,False,,,
0000295_00800_d_0000025.jpg,54,1,car,4,68,607.0,364.0,630.0,385.0,483.0,small,0,none,0,not_truncated,True,18,0.7785907983779907,0.905135452747345
0000295_00800_d_0000025.jpg,55,1,car,4,69,542.0,407.0,572.0,432.00000000000006,750.0000000000017,small,0,none,0,not_truncated,True,19,0.7572762370109558,0.9203452467918396
0000295_00800_d_0000025.jpg,56,1,car,4,70,552.0,438.99999999999994,586.0,473.0,1156.0000000000018,medium,0,none,0,not_truncated,True,11,0.8587030172348022,0.9046900272369385
0000295_00800_d_0000025.jpg,57,1,car,4,71,485.0,437.0,524.0,470.00000000000006,1287.0000000000023,medium,1,partial,0,not_truncated,False,,,
0000295_00800_d_0000025.jpg,58,1,car,4,72,480.00000000000006,556.0,531.0,608.0,2651.9999999999973,medium,0,none,0,not_truncated,True,13,0.8338735699653625,0.9413361549377441
0000295_00800_d_0000025.jpg,59,2,van,5,73,390.0,656.0,456.00000000000006,742.0,5676.000000000005,medium,0,none,0,not_truncated,True,14,0.8234398365020752,0.9551428556442261
0000295_00800_d_0000025.jpg,60,1,car,4,75,663.0000000000001,342.99999999999994,679.0,361.0,287.99999999999886,small,1,partial,0,not_truncated,True,31,0.47951048612594604,0.5821101069450378
0000295_00800_d_0000025.jpg,61,1,car,4,76,688.0,347.0,708.9999999999999,364.0,356.99999999999807,small,1,partial,0,not_truncated,True,39,0.3834644556045532,0.7404240369796753
0000295_00800_d_0000025.jpg,62,1,car,4,77,721.0,354.0,739.9999999999999,373.0,360.99999999999784,small,0,none,0,not_truncated,True,44,0.35536250472068787,0.8905808329582214
0000295_00800_d_0000025.jpg,63,1,car,4,78,754.0,366.0,774.0,385.0,380.0,small,0,none,0,not_truncated,True,53,0.31794148683547974,0.7210308909416199
0000295_00800_d_0000025.jpg,64,1,car,4,79,685.0,370.0,705.9999999999999,390.0,419.9999999999977,small,0,none,0,not_truncated,True,25,0.5926886200904846,0.7360153198242188
0000295_00800_d_0000025.jpg,65,1,car,4,80,723.0,377.0,744.9999999999999,397.99999999999994,461.99999999999636,small,0,none,0,not_truncated,True,17,0.79981929063797,0.8938682675361633
0000295_00800_d_0000025.jpg,66,1,car,4,81,641.0,398.00000000000006,667.0,419.99999999999994,571.999999999997,small,0,none,0,not_truncated,True,16,0.8042011260986328,0.9411776661872864
0000295_00800_d_0000025.jpg,67,1,car,4,82,686.0,389.00000000000006,705.9999999999999,408.0,379.9999999999967,small,0,none,0,not_truncated,True,33,0.4423806667327881,0.7122324109077454
0000295_00800_d_0000025.jpg,68,1,car,4,83,751.0,410.0,774.0,436.00000000000006,598.0000000000014,small,0,none,0,not_truncated,True,22,0.7045610547065735,0.7780983448028564
0000295_00800_d_0000025.jpg,69,2,van,5,84,678.9999999999999,413.0,703.9999999999999,442.00000000000006,725.0000000000014,small,1,partial,0,not_truncated,False,,,
0000295_00800_d_0000025.jpg,70,1,car,4,85,644.0,440.99999999999994,675.0,469.00000000000006,868.0000000000035,small,0,none,0,not_truncated,True,8,0.8891425132751465,0.8439149260520935
0000295_00800_d_0000025.jpg,71,1,car,4,86,592.0,514.0,631.0,551.0,1443.0,medium,0,none,0,not_truncated,True,1,0.9086157083511353,0.9137616157531738
0000295_00800_d_0000025.jpg,72,1,car,4,87,645.0,504.0,682.0,539.0,1295.0,medium,0,none,0,not_truncated,True,32,0.4533058702945709,0.8729342818260193
0000295_00800_d_0000025.jpg,73,1,car,4,88,635.0,538.0,674.0,573.0,1365.0,medium,0,none,0,not_truncated,True,12,0.8366835713386536,0.9161078929901123
0000295_00800_d_0000025.jpg,74,1,car,4,89,611.0,596.0,660.0,648.0,2548.0,medium,0,none,0,not_truncated,True,2,0.9045082926750183,0.9550492763519287
0000295_00800_d_0000025.jpg,75,1,car,4,90,597.0,668.0,652.0,737.9999999999999,3849.9999999999936,medium,0,none,0,not_truncated,True,0,0.9257561564445496,0.9447904825210571
0000295_00800_d_0000025.jpg,76,1,car,4,91,669.0,598.0,710.9999999999999,650.0,2183.999999999994,medium,0,none,0,not_truncated,True,6,0.8972396850585938,0.9599326252937317
0000295_00800_d_0000025.jpg,77,1,car,4,92,795.9999999999999,590.0,842.0,637.0,2162.0000000000055,medium,0,none,0,not_truncated,True,7,0.8935570120811462,0.949672281742096
0000295_00800_d_0000025.jpg,78,1,car,4,93,692.0000000000001,545.0,733.0,589.0,1803.999999999995,medium,1,partial,0,not_truncated,True,9,0.865167498588562,0.8799565434455872
0000295_00800_d_0000025.jpg,79,1,car,4,94,804.0,744.0000000000001,864.0000000000001,765.0,1259.9999999999955,medium,1,partial,1,truncated,True,41,0.3751243054866791,0.9024993181228638
0000295_00800_d_0000025.jpg,80,4,bus,9,95,687.0,431.0,733.0000000000001,520.0,4094.00000000001,medium,0,none,0,not_truncated,True,27,0.5586249232292175,0.9158022999763489
0000295_00800_d_0000025.jpg,81,4,bus,9,96,719.0,563.0,796.0,725.0,12474.0,large,0,none,0,not_truncated,True,3,0.9025245904922485,0.8783695101737976
0000295_00800_d_0000025.jpg,82,0,pedestrian,1,97,838.0,389.0,845.0,413.00000000000006,168.0000000000004,small,0,none,0,not_truncated,False,,,
0000295_00800_d_0000025.jpg,83,0,pedestrian,1,98,863.0,367.0,871.9999999999999,389.0,197.9999999999975,small,0,none,0,not_truncated,False,,,
0000295_00800_d_0000025.jpg,84,0,pedestrian,1,99,872.0000000000001,352.0,879.0,373.0,146.9999999999976,small,0,none,0,not_truncated,False,,,
0000295_00800_d_0000025.jpg,85,0,pedestrian,1,100,908.0,376.0,914.9999999999999,392.99999999999994,118.99999999999767,small,0,none,0,not_truncated,False,,,
0000295_00800_d_0000025.jpg,86,0,pedestrian,1,101,918.0000000000001,384.00000000000006,926.0,406.0,175.99999999999704,small,0,none,0,not_truncated,True,65,0.2518545091152191,0.6939760446548462
0000295_00800_d_0000025.jpg,87,0,pedestrian,1,102,893.0,397.00000000000006,904.0,417.99999999999994,230.99999999999875,small,0,none,0,not_truncated,False,,,
0000295_00800_d_0000025.jpg,88,0,pedestrian,1,103,912.0000000000001,370.0,919.0,389.0,132.99999999999784,small,1,partial,0,not_truncated,False,,,
0000295_00800_d_0000025.jpg,89,0,pedestrian,1,104,919.0,371.0,925.0,388.0,102.0,small,1,partial,0,not_truncated,False,,,
0000295_00800_d_0000025.jpg,90,0,pedestrian,1,105,927.0,372.0,934.0,390.99999999999994,132.9999999999996,small,1,partial,0,not_truncated,False,,,
0000295_00800_d_0000025.jpg,91,0,pedestrian,1,106,932.0,375.0,938.0,392.99999999999994,107.99999999999966,small,0,none,0,not_truncated,False,,,
0000295_00800_d_0000025.jpg,92,0,pedestrian,1,107,942.0,372.0,949.0,390.0,126.0,small,0,none,0,not_truncated,False,,,
0000295_00800_d_0000025.jpg,93,0,pedestrian,1,108,938.0,370.0,945.0,390.99999999999994,146.9999999999996,small,1,partial,0,not_truncated,False,,,
0000295_00800_d_0000025.jpg,94,0,pedestrian,1,109,949.0,374.0,955.9999999999999,393.99999999999994,139.99999999999733,small,1,partial,0,not_truncated,False,,,
0000295_00800_d_0000025.jpg,95,0,pedestrian,1,110,955.0000000000001,374.0,961.0000000000001,394.99999999999994,125.99999999999966,small,1,partial,0,not_truncated,False,,,
0000295_00800_d_0000025.jpg,96,0,pedestrian,1,111,998.0000000000001,415.00000000000006,1005.0,436.0,146.99999999999721,small,0,none,0,not_truncated,False,,,
0000295_00800_d_0000025.jpg,97,0,pedestrian,1,112,996.0000000000001,412.00000000000006,1002.0000000000001,429.0,101.99999999999966,small,1,partial,0,not_truncated,False,,,
0000295_00800_d_0000025.jpg,98,0,pedestrian,1,113,1002.0000000000001,413.00000000000006,1008.0,435.0,131.99999999999716,small,1,partial,0,not_truncated,False,,,
0000295_00800_d_0000025.jpg,99,1,car,4,114,974.0,390.99999999999994,1003.9999999999999,415.00000000000006,720.0000000000007,small,1,partial,0,not_truncated,True,61,0.26665303111076355,0.5147519707679749
0000295_00800_d_0000025.jpg,100,1,car,4,115,941.0,388.0,969.9999999999999,413.00000000000006,724.9999999999987,small,1,partial,0,not_truncated,False,,,
0000295_00800_d_0000025.jpg,101,1,car,4,116,948.0000000000001,408.0,983.0,442.00000000000006,1189.9999999999982,medium,1,partial,0,not_truncated,True,45,0.3538830280303955,0.6211520433425903
0000295_00800_d_0000025.jpg,102,0,pedestrian,1,117,959.0000000000001,428.99999999999994,969.0,454.0,249.99999999999773,small,0,none,0,not_truncated,False,,,
0000295_00800_d_0000025.jpg,103,0,pedestrian,1,118,953.0000000000001,447.99999999999994,967.0,475.0,377.9999999999977,small,0,none,0,not_truncated,True,47,0.34358537197113037,0.6939594149589539
0000295_00800_d_0000025.jpg,104,0,pedestrian,1,119,1020.0,478.0,1032.0,506.00000000000006,336.0000000000007,small,0,none,0,not_truncated,False,,,
0000295_00800_d_0000025.jpg,105,0,pedestrian,1,121,920.0,462.99999999999994,933.0,494.00000000000006,403.0000000000015,small,0,none,0,not_truncated,True,35,0.4226754605770111,0.5326024293899536
0000295_00800_d_0000025.jpg,106,0,pedestrian,1,122,911.0000000000001,465.99999999999994,918.0000000000001,493.00000000000006,189.0000000000008,small,0,none,0,not_truncated,True,66,0.2501969039440155,0.612710177898407
0000295_00800_d_0000025.jpg,107,0,pedestrian,1,123,888.0,436.0,897.0,461.00000000000006,225.0000000000005,small,0,none,0,not_truncated,False,,,
0000295_00800_d_0000025.jpg,108,0,pedestrian,1,124,892.0,493.99999999999994,902.0,522.0,280.00000000000057,small,0,none,0,not_truncated,False,,,
0000295_00800_d_0000025.jpg,109,0,pedestrian,1,125,890.0,477.0,901.0,504.00000000000006,297.0000000000006,small,1,partial,0,not_truncated,False,,,
0000295_00800_d_0000025.jpg,110,0,pedestrian,1,126,898.0,488.99999999999994,906.0,516.0,216.00000000000045,small,1,partial,0,not_truncated,False,,,
0000295_00800_d_0000025.jpg,111,0,pedestrian,1,127,880.0,490.99999999999994,890.0,519.0,280.00000000000057,small,1,partial,0,not_truncated,False,,,
0000295_00800_d_0000025.jpg,112,0,pedestrian,1,129,891.0,538.0,906.0,573.0,525.0,small,0,none,0,not_truncated,False,,,
0000295_00800_d_0000025.jpg,113,0,pedestrian,1,130,935.0,480.0,945.0,506.00000000000006,260.00000000000057,small,0,none,0,not_truncated,True,43,0.3611271381378174,0.5973507761955261
0000295_00800_d_0000025.jpg,114,0,pedestrian,1,131,993.9999999999999,504.0,1001.9999999999999,532.0000000000001,224.0000000000009,small,0,none,0,not_truncated,True,57,0.2809160053730011,0.5881661772727966
0000295_00800_d_0000025.jpg,115,0,pedestrian,1,132,1001.0000000000001,503.0,1010.0,532.0000000000001,260.9999999999977,small,0,none,0,not_truncated,False,,,
0000295_00800_d_0000025.jpg,116,0,pedestrian,1,133,1010.0,501.0,1018.0,531.0000000000001,240.0000000000009,small,0,none,0,not_truncated,True,36,0.41458308696746826,0.6061010956764221
0000295_00800_d_0000025.jpg,117,0,pedestrian,1,134,1014.0,510.99999999999994,1025.0,543.0,352.0000000000006,small,0,none,0,not_truncated,False,,,
0000295_00800_d_0000025.jpg,118,0,pedestrian,1,135,1027.0,506.0,1040.0,540.0,442.0,small,0,none,0,not_truncated,True,42,0.371785968542099,0.6115055680274963
0000295_00800_d_0000025.jpg,119,0,pedestrian,1,144,949.0000000000001,687.0,968.0,730.0,816.9999999999951,small,0,none,0,not_truncated,False,,,
0000295_00800_d_0000025.jpg,120,0,pedestrian,1,145,965.0,685.0,984.0,731.0,874.0,small,0,none,0,not_truncated,True,55,0.3047913908958435,0.5773677825927734
0000295_00800_d_0000025.jpg,121,0,pedestrian,1,146,1126.0,544.9999999999999,1140.0,578.0,462.0000000000016,small,1,partial,0,not_truncated,False,,,
0000295_00800_d_0000025.jpg,122,0,pedestrian,1,147,1117.0,629.0,1141.0,672.0,1032.0,medium,0,none,0,not_truncated,True,34,0.4277791976928711,0.5935318470001221
0000295_00800_d_0000025.jpg,123,0,pedestrian,1,148,1227.0,613.0,1244.0,652.0,663.0,small,0,none,0,not_truncated,True,40,0.3805992901325226,0.8045166730880737
0000295_00800_d_0000025.jpg,124,0,pedestrian,1,149,1230.0,627.0,1249.0,668.0,779.0,small,0,none,0,not_truncated,True,49,0.33323168754577637,0.6334621906280518
0000295_00800_d_0000025.jpg,125,0,pedestrian,1,151,1017.0,731.0,1039.0,764.0,726.0,small,0,none,1,truncated,True,23,0.6609578132629395,0.8132504224777222
0000295_01600_d_0000029.jpg,0,4,bus,9,4,652.0,269.0,679.0,306.0,999.0,small,1,partial,0,not_truncated,False,,,
0000295_01600_d_0000029.jpg,1,4,bus,9,5,631.0,307.0,663.0,357.0,1600.0,medium,1,partial,0,not_truncated,True,102,0.2520756423473358,0.8812634944915771
0000295_01600_d_0000029.jpg,2,1,car,4,6,629.0,359.0,652.0,381.0,506.0,small,0,none,0,not_truncated,True,15,0.755748987197876,0.8768462538719177
0000295_01600_d_0000029.jpg,3,1,car,4,7,672.0,352.0,698.9999999999999,374.0,593.9999999999975,small,0,none,0,not_truncated,True,32,0.5360823273658752,0.543039083480835
0000295_01600_d_0000029.jpg,4,1,car,4,8,674.0,338.0,696.9999999999999,356.0,413.99999999999795,small,1,partial,0,not_truncated,False,,,
0000295_01600_d_0000029.jpg,5,1,car,4,9,680.0,327.0,698.9999999999999,345.0,341.99999999999795,small,1,partial,0,not_truncated,True,35,0.5188230872154236,0.64458167552948
0000295_01600_d_0000029.jpg,6,1,car,4,10,677.0,318.99999999999994,696.9999999999999,336.0,339.9999999999992,small,1,partial,0,not_truncated,True,47,0.4334920048713684,0.5897279381752014
0000295_01600_d_0000029.jpg,7,1,car,4,11,679.0,311.0,697.9999999999999,324.00000000000006,246.9999999999996,small,1,partial,0,not_truncated,False,,,
0000295_01600_d_0000029.jpg,8,1,car,4,12,680.0,299.0,698.9999999999999,316.0,322.99999999999807,small,1,partial,0,not_truncated,False,,,
0000295_01600_d_0000029.jpg,9,1,car,4,13,681.0,293.0,697.9999999999999,306.0,220.99999999999852,small,1,partial,0,not_truncated,False,,,
0000295_01600_d_0000029.jpg,10,1,car,4,14,686.0,283.99999999999994,700.9999999999999,297.0,194.99999999999937,small,1,partial,0,not_truncated,False,,,
0000295_01600_d_0000029.jpg,11,1,car,4,15,684.0,279.0,698.9999999999999,289.0,149.99999999999886,small,1,partial,0,not_truncated,False,,,
0000295_01600_d_0000029.jpg,12,1,car,4,16,683.0,271.99999999999994,697.9999999999999,284.0,179.9999999999995,small,1,partial,0,not_truncated,False,,,
0000295_01600_d_0000029.jpg,13,1,car,4,17,705.0000000000001,354.0,727.0,373.0,417.99999999999784,small,1,partial,0,not_truncated,False,,,
0000295_01600_d_0000029.jpg,14,1,car,4,18,707.0,339.0,726.0,357.0,342.0,small,1,partial,0,not_truncated,False,,,
0000295_01600_d_0000029.jpg,15,1,car,4,19,708.0,326.0,726.0,343.0,306.0,small,1,partial,0,not_truncated,True,36,0.5182948112487793,0.6075353622436523
0000295_01600_d_0000029.jpg,16,1,car,4,20,706.0000000000001,317.0,727.0,331.0,293.9999999999984,small,1,partial,0,not_truncated,True,72,0.3352554142475128,0.5042915344238281
0000295_01600_d_0000029.jpg,17,1,car,4,21,706.0000000000001,306.0,723.0,323.0,288.99999999999807,small,1,partial,0,not_truncated,False,,,
0000295_01600_d_0000029.jpg,18,1,car,4,22,709.0,297.0,723.0,313.00000000000006,224.0000000000008,small,1,partial,0,not_truncated,True,60,0.3775066137313843,0.821122944355011
0000295_01600_d_0000029.jpg,19,1,car,4,23,708.0,283.99999999999994,722.0,298.0,196.0000000000008,small,1,partial,0,not_truncated,False,,,
0000295_01600_d_0000029.jpg,20,1,car,4,24,708.0,279.0,722.0,290.0,154.0,small,1,partial,0,not_truncated,True,49,0.41470766067504883,0.7194995284080505
0000295_01600_d_0000029.jpg,21,1,car,4,25,735.0000000000001,344.0,758.0,365.0,482.9999999999976,small,1,partial,0,not_truncated,False,,,
0000295_01600_d_0000029.jpg,22,1,car,4,26,739.0000000000001,332.0,761.0,350.00000000000006,395.9999999999992,small,1,partial,0,not_truncated,False,,,
0000295_01600_d_0000029.jpg,23,1,car,4,27,740.0000000000001,320.0,761.0,339.0,398.99999999999784,small,1,partial,0,not_truncated,True,74,0.332714319229126,0.5327109098434448
0000295_01600_d_0000029.jpg,24,1,car,4,28,735.0,307.99999999999994,749.9999999999999,325.0,254.99999999999892,small,1,partial,0,not_truncated,True,39,0.47539031505584717,0.727572500705719
0000295_01600_d_0000029.jpg,25,1,car,4,29,733.0,295.99999999999994,746.9999999999999,313.0,237.99999999999886,small,1,partial,0,not_truncated,True,45,0.445147305727005,0.7369763255119324
0000295_01600_d_0000029.jpg,26,1,car,4,30,652.0,296.99999999999994,670.0,310.0,234.00000000000102,small,1,partial,0,not_truncated,False,,,
0000295_01600_d_0000029.jpg,27,1,car,4,31,729.0,289.00000000000006,746.9999999999999,300.0,197.99999999999773,small,1,partial,0,not_truncated,False,,,
0000295_01600_d_0000029.jpg,28,1,car,4,32,729.0,282.0,744.9999999999999,295.0,207.99999999999852,small,1,partial,0,not_truncated,True,85,0.3009074926376343,0.5674763321876526
0000295_01600_d_0000029.jpg,29,1,car,4,33,728.0,272.99999999999994,744.9999999999999,285.0,203.9999999999996,small,1,partial,0,not_truncated,False,,,
0000295_01600_d_0000029.jpg,30,1,car,4,34,765.0,323.0,782.9999999999999,339.0,287.9999999999982,small,0,none,0,not_truncated,True,57,0.3822682797908783,0.7766376733779907
0000295_01600_d_0000029.jpg,31,1,car,4,35,764.0,315.0,781.0,329.0,238.0,small,1,partial,0,not_truncated,True,46,0.43409842252731323,0.5835303068161011
0000295_01600_d_0000029.jpg,32,1,car,4,36,763.0,306.99999999999994,779.0,322.0,240.0000000000009,small,1,partial,0,not_truncated,False,,,
0000295_01600_d_0000029.jpg,33,1,car,4,37,757.0,298.0,774.0,314.00000000000006,272.00000000000097,small,1,partial,0,not_truncated,False,,,
0000295_01600_d_0000029.jpg,34,4,bus,9,38,749.0,272.0,776.0,305.0,891.0,small,1,partial,0,not_truncated,False,,,
0000295_01600_d_0000029.jpg,35,1,car,4,39,740.0000000000001,358.0,763.0,375.0,390.99999999999807,small,1,partial,0,not_truncated,False,,,
0000295_01600_d_0000029.jpg,36,1,car,4,40,740.0000000000001,373.0,767.0,394.99999999999994,593.999999999996,small,1,partial,0,not_truncated,True,33,0.5338287949562073,0.8687679767608643
0000295_01600_d_0000029.jpg,37,1,car,4,41,707.0,369.0,731.0,389.0,480.0,small,1,partial,0,not_truncated,False,,,
0000295_01600_d_0000029.jpg,38,1,car,4,42,672.0,372.0,697.9999999999999,398.00000000000006,675.9999999999985,small,1,partial,0,not_truncated,True,25,0.5716489553451538,0.6986439824104309
0000295_01600_d_0000029.jpg,39,1,car,4,43,664.0,390.99999999999994,689.0,416.00000000000006,625.0000000000028,small,1,partial,0,not_truncated,True,66,0.3487772047519684,0.7994768023490906
0000295_01600_d_0000029.jpg,40,1,car,4,44,706.0000000000001,387.0,735.0,411.00000000000006,695.9999999999989,small,1,partial,0,not_truncated,True,29,0.5491642355918884,0.536361813545227
0000295_01600_d_0000029.jpg,41,1,car,4,45,749.0,393.99999999999994,777.0,424.0,840.0000000000016,small,1,partial,0,not_truncated,True,34,0.5296700596809387,0.6867700219154358
0000295_01600_d_0000029.jpg,42,1,car,4,46,743.0000000000001,414.0,774.0,443.00000000000006,898.9999999999984,small,1,partial,0,not_truncated,True,20,0.6393862962722778,0.672753095626831
0000295_01600_d_0000029.jpg,43,1,car,4,47,710.0,408.0,740.9999999999999,438.00000000000006,929.9999999999983,small,1,partial,0,not_truncated,True,26,0.5708371996879578,0.6626411080360413
0000295_01600_d_0000029.jpg,44,1,car,4,48,668.0,411.0,698.9999999999999,441.00000000000006,929.9999999999983,small,1,partial,0,not_truncated,True,17,0.7323749661445618,0.8263961672782898
0000295_01600_d_0000029.jpg,45,1,car,4,49,659.0,431.0,690.0,461.00000000000006,930.0000000000018,small,0,none,0,not_truncated,True,63,0.3533419072628021,0.8745353817939758
0000295_01600_d_0000029.jpg,46,1,car,4,50,705.0000000000001,427.0,737.0,463.00000000000006,1151.9999999999977,medium,1,partial,0,not_truncated,True,16,0.7366496920585632,0.6570336818695068
0000295_01600_d_0000029.jpg,47,1,car,4,51,745.0000000000001,439.99999999999994,781.9999999999999,468.00000000000006,1035.9999999999977,medium,1,partial,0,not_truncated,True,10,0.8110659122467041,0.9506438374519348
0000295_01600_d_0000029.jpg,48,1,car,4,52,706.0000000000001,456.0,738.0,490.00000000000006,1087.999999999998,medium,0,none,0,not_truncated,True,11,0.8061705231666565,0.7789404988288879
0000295_01600_d_0000029.jpg,49,1,car,4,53,655.0,470.99999999999994,693.0,506.0,1330.0000000000023,medium,0,none,0,not_truncated,True,6,0.865380048751831,0.8862473368644714
0000295_01600_d_0000029.jpg,50,1,car,4,54,789.9999999999999,486.0,833.0000000000001,524.0,1634.0000000000086,medium,0,none,0,not_truncated,True,8,0.8535380959510803,0.841571033000946
0000295_01600_d_0000029.jpg,51,1,car,4,55,776.0,527.0,822.0000000000001,574.0,2162.0000000000055,medium,1,partial,0,not_truncated,True,59,0.37845149636268616,0.8919848203659058
0000295_01600_d_0000029.jpg,52,1,car,4,56,645.0,516.0,685.0,555.0,1560.0,medium,0,none,0,not_truncated,True,22,0.6015194058418274,0.8727896213531494
0000295_01600_d_0000029.jpg,53,4,bus,9,57,700.0000000000001,489.00000000000006,790.0000000000001,638.0,13409.999999999995,large,0,none,0,not_truncated,True,5,0.8696551322937012,0.9427747130393982
0000295_01600_d_0000029.jpg,54,1,car,4,58,798.9999999999999,596.0,853.0,654.0,3132.0000000000064,medium,0,none,0,not_truncated,True,1,0.9228284955024719,0.9368570446968079
0000295_01600_d_0000029.jpg,55,2,van,5,59,637.0,557.0000000000001,686.0,618.0,2988.9999999999945,medium,0,none,0,not_truncated,False,,,
0000295_01600_d_0000029.jpg,56,1,car,4,60,616.0,620.0,671.0,687.9999999999999,3739.9999999999936,medium,0,none,0,not_truncated,True,0,0.9304322600364685,0.9510799646377563
0000295_01600_d_0000029.jpg,57,1,car,4,61,695.0,647.0000000000001,752.0,720.0,4160.999999999994,medium,0,none,0,not_truncated,True,4,0.8722794651985168,0.943928062915802
0000295_01600_d_0000029.jpg,58,1,car,4,62,789.9999999999999,684.0,853.0,765.0,5103.000000000009,medium,0,none,1,truncated,True,2,0.9077578783035278,0.9408283233642578
0000295_01600_d_0000029.jpg,59,1,car,4,63,599.0,706.0,676.0,765.0,4543.0,medium,0,none,1,truncated,True,7,0.8583694100379944,0.9007437229156494
0000295_01600_d_0000029.jpg,60,0,pedestrian,1,64,811.0,375.0,822.0,395.99999999999994,230.99999999999937,small,1,partial,0,not_truncated,False,,,
0000295_01600_d_0000029.jpg,61,1,car,4,65,828.9999999999999,391.00000000000006,890.0,412.0,1280.9999999999989,medium,1,partial,0,not_truncated,False,,,
0000295_01600_d_0000029.jpg,62,1,car,4,66,824.9999999999999,397.99999999999994,886.0,425.0,1647.0000000000066,medium,1,partial,0,not_truncated,True,38,0.4791797995567322,0.7740041613578796
0000295_01600_d_0000029.jpg,63,2,van,5,67,829.0000000000001,407.0,915.0000000000001,438.00000000000006,2666.000000000005,medium,1,partial,0,not_truncated,False,,,
0000295_01600_d_0000029.jpg,64,1,car,4,68,832.9999999999999,426.99999999999994,908.9999999999999,457.0,2280.0000000000045,medium,1,partial,0,not_truncated,True,73,0.3330449163913727,0.6889317035675049
0000295_01600_d_0000029.jpg,65,1,car,4,69,841.0,444.99999999999994,908.0000000000001,476.0,2077.0000000000073,medium,1,partial,0,not_truncated,True,28,0.5585378408432007,0.8256635665893555
0000295_01600_d_0000029.jpg,66,1,car,4,70,851.0,471.99999999999994,924.0,503.0,2263.000000000004,medium,1,partial,0,not_truncated,True,95,0.27109917998313904,0.8987883925437927
0000295_01600_d_0000029.jpg,67,2,van,5,71,861.0000000000001,488.99999999999994,967.0,536.0,4982.000000000001,medium,0,none,0,not_truncated,False,,,
0000295_01600_d_0000029.jpg,68,0,pedestrian,1,72,911.0000000000001,378.0,922.0,404.0,285.99999999999704,small,0,none,0,not_truncated,True,78,0.3115425407886505,0.5987151265144348
0000295_01600_d_0000029.jpg,69,0,pedestrian,1,73,922.0,367.0,931.0,390.99999999999994,215.9999999999995,small,1,partial,0,not_truncated,False,,,
0000295_01600_d_0000029.jpg,70,0,pedestrian,1,74,920.0,384.00000000000006,931.0,407.0,252.99999999999937,small,1,partial,0,not_truncated,False,,,
0000295_01600_d_0000029.jpg,71,0,pedestrian,1,75,920.0,400.99999999999994,932.0,429.0,336.0000000000007,small,1,partial,0,not_truncated,True,79,0.3105127513408661,0.6166512966156006
0000295_01600_d_0000029.jpg,72,0,pedestrian,1,76,956.0000000000001,341.0,964.0,364.0,183.99999999999739,small,1,partial,0,not_truncated,False,,,
0000295_01600_d_0000029.jpg,73,0,pedestrian,1,77,965.0,346.0,972.0,367.0,147.0,small,1,partial,0,not_truncated,False,,,
0000295_01600_d_0000029.jpg,74,0,pedestrian,1,78,969.0,345.0,978.0,365.0,180.0,small,1,partial,0,not_truncated,False,,,
0000295_01600_d_0000029.jpg,75,0,pedestrian,1,79,985.0,358.0,996.9999999999999,382.0,287.99999999999727,small,1,partial,0,not_truncated,False,,,
0000295_01600_d_0000029.jpg,76,0,pedestrian,1,80,954.0000000000001,381.99999999999994,963.0,404.99999999999994,206.99999999999739,small,1,partial,0,not_truncated,False,,,
0000295_01600_d_0000029.jpg,77,0,pedestrian,1,81,961.0000000000001,380.99999999999994,969.0,406.0,199.9999999999976,small,1,partial,0,not_truncated,False,,,
0000295_01600_d_0000029.jpg,78,0,pedestrian,1,88,1056.0,417.99999999999994,1067.0,446.00000000000006,308.00000000000125,small,0,none,0,not_truncated,True,56,0.3832800090312958,0.863818883895874
0000295_01600_d_0000029.jpg,79,0,pedestrian,1,89,1099.0,434.0,1109.0,464.00000000000006,300.00000000000057,small,1,partial,0,not_truncated,True,86,0.29651257395744324,0.6297401785850525
0000295_01600_d_0000029.jpg,80,0,pedestrian,1,93,1115.0,490.99999999999994,1130.0,525.0,510.00000000000085,small,1,partial,0,not_truncated,True,52,0.4060947299003601,0.5492146611213684
0000295_01600_d_0000029.jpg,81,0,pedestrian,1,94,1135.0,494.99999999999994,1147.0,531.0,432.0000000000007,small,1,partial,0,not_truncated,True,31,0.5391240119934082,0.5336162447929382
0000295_01600_d_0000029.jpg,82,0,pedestrian,1,95,1141.0,486.0,1153.0,529.0,516.0,small,1,partial,0,not_truncated,False,,,
0000295_01600_d_0000029.jpg,83,0,pedestrian,1,96,1186.0,509.0,1204.0,550.0,738.0,small,0,none,0,not_truncated,True,51,0.4063580334186554,0.6028618216514587
0000295_01600_d_0000029.jpg,84,0,pedestrian,1,97,1200.0,511.99999999999994,1219.0,549.0,703.0000000000011,small,0,none,0,not_truncated,True,40,0.4614599943161011,0.5968979597091675
0000295_01600_d_0000029.jpg,85,0,pedestrian,1,99,1062.0,498.0,1077.0,530.0000000000001,480.0000000000017,small,1,partial,0,not_truncated,False,,,
0000295_01600_d_0000029.jpg,86,0,pedestrian,1,100,1058.0,510.0,1071.0,548.0,494.0,small,0,none,0,not_truncated,True,24,0.5870634913444519,0.7003118395805359
0000295_01600_d_0000029.jpg,87,0,pedestrian,1,101,997.0000000000001,497.99999999999994,1012.0,529.0,464.9999999999973,small,0,none,0,not_truncated,True,92,0.2734430432319641,0.799720287322998
0000295_01600_d_0000029.jpg,88,0,pedestrian,1,102,976.0,514.0,991.0,547.0,495.0,small,0,none,0,not_truncated,False,,,
0000295_01600_d_0000029.jpg,89,0,pedestrian,1,103,972.0,550.0,988.0,591.0,656.0,small,0,none,0,not_truncated,True,42,0.45761168003082275,0.756380021572113
0000295_01600_d_0000029.jpg,90,0,pedestrian,1,106,1053.0,614.0,1071.0,655.0,738.0,small,0,none,0,not_truncated,True,12,0.8028258085250854,0.9108362197875977
0000295_01600_d_0000029.jpg,91,0,pedestrian,1,109,1252.0,591.0,1274.0,634.0,946.0,small,0,none,0,not_truncated,True,27,0.5604115128517151,0.9132577180862427
0000295_01600_d_0000029.jpg,92,0,pedestrian,1,110,1275.0,598.0,1302.0,648.0,1350.0,medium,0,none,0,not_truncated,True,75,0.3258635103702545,0.8164822459220886
0000295_01600_d_0000029.jpg,93,0,pedestrian,1,111,1299.0,602.0,1317.0,650.0,864.0,small,0,none,0,not_truncated,True,62,0.36435025930404663,0.9103779792785645
0000295_01600_d_0000029.jpg,94,0,pedestrian,1,112,1285.0,576.0,1307.0,616.0,880.0,small,1,partial,0,not_truncated,False,,,
0000295_01600_d_0000029.jpg,95,0,pedestrian,1,113,1170.0,632.0,1193.0,683.0,1173.0,medium,0,none,0,not_truncated,True,23,0.590843141078949,0.9408288598060608
0000295_01600_d_0000029.jpg,96,0,pedestrian,1,117,987.0000000000001,697.0,1014.0,749.0,1403.999999999994,medium,1,partial,0,not_truncated,True,54,0.39429202675819397,0.7095888257026672
0000295_01600_d_0000029.jpg,97,0,pedestrian,1,118,1062.0,711.0,1088.0,765.0,1404.0,medium,1,partial,1,truncated,True,18,0.7182005047798157,0.8593116998672485
0000295_01600_d_0000029.jpg,98,0,pedestrian,1,119,1137.0,726.0,1166.0,765.0,1131.0,medium,1,partial,1,truncated,True,19,0.7049469351768494,0.7567287087440491
0000295_01600_d_0000029.jpg,99,0,pedestrian,1,120,1166.0,735.9999999999999,1193.0,765.0,783.0000000000031,small,1,partial,1,truncated,False,,,
0000295_01600_d_0000029.jpg,100,0,pedestrian,1,121,399.0,259.99999999999994,407.0,275.0,120.00000000000045,small,0,none,0,not_truncated,False,,,
0000295_01600_d_0000029.jpg,101,1,car,4,122,376.0,299.0,424.0,318.0,912.0,small,1,partial,0,not_truncated,True,55,0.38774311542510986,0.7647161483764648
0000295_01600_d_0000029.jpg,102,1,car,4,123,382.0,294.99999999999994,429.0,311.0,752.0000000000027,small,1,partial,0,not_truncated,False,,,
0000295_01600_d_0000029.jpg,103,1,car,4,124,386.0,289.0,431.0,307.0,810.0,small,1,partial,0,not_truncated,False,,,
0000295_01600_d_0000029.jpg,104,1,car,4,125,401.0,287.0,440.0,302.00000000000006,585.0000000000023,small,1,partial,0,not_truncated,True,64,0.3513706922531128,0.6458256840705872
0000295_01600_d_0000029.jpg,105,1,car,4,126,356.0,309.0,399.0,327.0,774.0,small,1,partial,0,not_truncated,False,,,
0000295_01600_d_0000029.jpg,106,1,car,4,127,351.00000000000006,314.0,397.0,332.0,827.999999999999,small,1,partial,0,not_truncated,True,100,0.25669410824775696,0.5940314531326294
0000295_01600_d_0000029.jpg,107,0,pedestrian,1,128,404.0,343.0,412.99999999999994,363.0,179.99999999999886,small,0,none,0,not_truncated,False,,,
0000295_01600_d_0000029.jpg,108,0,pedestrian,1,131,343.0,419.99999999999994,352.99999999999994,449.0,289.9999999999989,small,0,none,0,not_truncated,False,,,
0000295_01600_d_0000029.jpg,109,0,pedestrian,1,132,346.00000000000006,417.99999999999994,356.0,448.0,299.99999999999886,small,1,partial,0,not_truncated,False,,,
0000295_01600_d_0000029.jpg,110,0,pedestrian,1,133,337.99999999999994,412.0,349.99999999999994,440.00000000000006,336.0000000000007,small,1,partial,0,not_truncated,False,,,
0000295_01600_d_0000029.jpg,111,0,pedestrian,1,134,321.00000000000006,423.99999999999994,331.0,453.0,289.9999999999989,small,1,partial,0,not_truncated,False,,,
0000295_01600_d_0000029.jpg,112,1,car,4,135,313.0,452.0,370.99999999999994,491.00000000000006,2262.000000000001,medium,0,none,0,not_truncated,True,3,0.8923031687736511,0.9420955181121826
0000295_01600_d_0000029.jpg,113,0,pedestrian,1,136,10.999999999999998,557.0,32.0,600.0,903.0,small,0,none,0,not_truncated,True,41,0.46032989025115967,0.6862075924873352
0000295_01600_d_0000029.jpg,114,0,pedestrian,1,137,0.0,553.0,13.000000000000002,596.0,559.0000000000001,small,0,none,1,truncated,True,76,0.3197736144065857,0.797882080078125
0000295_02900_d_0000034.jpg,0,0,pedestrian,1,3,1139.0,685.0,1158.0,736.0,969.0,small,0,none,0,not_truncated,True,27,0.7688503861427307,0.808009922504425
0000295_02900_d_0000034.jpg,1,0,pedestrian,1,4,1111.0,678.0,1134.0,736.0,1334.0,medium,0,none,0,not_truncated,True,34,0.6441976428031921,0.8767412304878235
0000295_02900_d_0000034.jpg,2,0,pedestrian,1,5,997.0000000000001,631.0,1022.0,683.0,1299.999999999994,medium,0,none,0,not_truncated,False,,,
0000295_02900_d_0000034.jpg,3,0,pedestrian,1,6,1048.0,593.0,1067.0,643.0,950.0,small,0,none,0,not_truncated,True,32,0.6602011322975159,0.8909431099891663
0000295_02900_d_0000034.jpg,4,0,pedestrian,1,19,1281.0,619.0,1302.0,670.0,1071.0,medium,0,none,0,not_truncated,True,33,0.6554128527641296,0.7752790451049805
0000295_02900_d_0000034.jpg,5,1,car,4,20,1125.0,615.0,1274.0,683.0,10132.0,large,0,none,0,not_truncated,True,12,0.8873911499977112,0.855557918548584
0000295_02900_d_0000034.jpg,6,0,pedestrian,1,27,1321.0,548.0,1335.0,594.0,644.0,small,0,none,0,not_truncated,False,,,
0000295_02900_d_0000034.jpg,7,0,pedestrian,1,29,1299.0,531.0,1320.0,572.0,861.0,small,0,none,0,not_truncated,False,,,
0000295_02900_d_0000034.jpg,8,0,pedestrian,1,30,1272.0,533.0,1288.0,577.0,704.0,small,0,none,0,not_truncated,True,45,0.5284340381622314,0.6102485656738281
0000295_02900_d_0000034.jpg,9,0,pedestrian,1,31,1265.0,528.0,1281.0,571.0,688.0,small,1,partial,0,not_truncated,False,,,
0000295_02900_d_0000034.jpg,10,0,pedestrian,1,32,1245.0,501.0,1260.0,541.0,600.0,small,0,none,0,not_truncated,True,88,0.2974572777748108,0.741007924079895
0000295_02900_d_0000034.jpg,11,0,pedestrian,1,33,1263.0,460.0,1278.0,495.0,525.0,small,0,none,0,not_truncated,False,,,
0000295_02900_d_0000034.jpg,12,0,pedestrian,1,34,1223.0,521.0,1239.0,562.0,656.0,small,0,none,0,not_truncated,True,95,0.27099037170410156,0.6746940612792969
0000295_02900_d_0000034.jpg,13,0,pedestrian,1,35,1026.0,459.0,1039.0,499.0,520.0,small,0,none,0,not_truncated,True,64,0.39553725719451904,0.7713039517402649
0000295_02900_d_0000034.jpg,14,0,pedestrian,1,36,1037.0,457.0,1051.0,494.00000000000006,518.0000000000008,small,0,none,0,not_truncated,True,60,0.42581143975257874,0.6753783226013184
0000295_02900_d_0000034.jpg,15,0,pedestrian,1,37,1104.0,485.0,1115.0,522.0,407.0,small,0,none,0,not_truncated,True,40,0.5770652890205383,0.712162971496582
0000295_02900_d_0000034.jpg,16,0,pedestrian,1,38,1136.0,497.0,1151.0,537.0,600.0,small,0,none,0,not_truncated,True,28,0.7113049030303955,0.7934246063232422
0000295_02900_d_0000034.jpg,17,0,pedestrian,1,39,1172.0,511.99999999999994,1187.0,548.0,540.0000000000009,small,0,none,0,not_truncated,False,,,
0000295_02900_d_0000034.jpg,18,0,pedestrian,1,40,1179.0,510.0,1197.0,549.0,702.0,small,1,partial,0,not_truncated,False,,,
0000295_02900_d_0000034.jpg,19,0,pedestrian,1,41,1198.0,514.0,1207.0,551.0,333.0,small,1,partial,0,not_truncated,False,,,
0000295_02900_d_0000034.jpg,20,0,pedestrian,1,42,1209.0,532.0,1222.0,565.0,429.0,small,1,partial,0,not_truncated,False,,,
0000295_02900_d_0000034.jpg,21,0,pedestrian,1,43,1203.0,524.0,1215.0,563.0,468.0,small,1,partial,0,not_truncated,False,,,
0000295_02900_d_0000034.jpg,22,0,pedestrian,1,44,1211.0,482.0,1226.0,521.0,585.0,small,0,none,0,not_truncated,False,,,
0000295_02900_d_0000034.jpg,23,0,pedestrian,1,45,1195.0,480.0,1209.0,517.0,518.0,small,1,partial,0,not_truncated,True,69,0.3553240895271301,0.7456716895103455
0000295_02900_d_0000034.jpg,24,0,pedestrian,1,46,1177.0,480.0,1192.0,521.0,615.0,small,1,partial,0,not_truncated,False,,,
0000295_02900_d_0000034.jpg,25,0,pedestrian,1,49,1200.0,398.99999999999994,1212.0,430.0,372.0000000000007,small,0,none,0,not_truncated,True,48,0.4880804717540741,0.7187983393669128
0000295_02900_d_0000034.jpg,26,0,pedestrian,1,50,1185.0,394.99999999999994,1200.0,427.0,480.00000000000085,small,0,none,0,not_truncated,True,46,0.49587908387184143,0.845841109752655
0000295_02900_d_0000034.jpg,27,0,pedestrian,1,51,1166.0,376.0,1175.0,404.0,252.0,small,0,none,0,not_truncated,True,80,0.3108404874801636,0.8230035305023193
0000295_02900_d_0000034.jpg,28,0,pedestrian,1,52,1155.0,377.0,1169.0,404.0,378.0,small,0,none,0,not_truncated,True,76,0.33214429020881653,0.8494636416435242
0000295_02900_d_0000034.jpg,29,0,pedestrian,1,53,1143.0,387.0,1155.0,420.00000000000006,396.0000000000007,small,0,none,0,not_truncated,True,62,0.42119309306144714,0.7506914138793945
0000295_02900_d_0000034.jpg,30,0,pedestrian,1,54,1131.0,373.0,1143.0,401.0,336.0,small,0,none,0,not_truncated,False,,,
0000295_02900_d_0000034.jpg,31,0,pedestrian,1,55,1123.0,370.0,1132.0,398.00000000000006,252.0000000000005,small,0,none,0,not_truncated,False,,,
0000295_02900_d_0000034.jpg,32,0,pedestrian,1,56,1112.0,372.0,1123.0,398.00000000000006,286.0000000000006,small,0,none,0,not_truncated,False,,,
0000295_02900_d_0000034.jpg,33,0,pedestrian,1,57,1107.0,364.0,1117.0,391.00000000000006,270.00000000000057,small,1,partial,0,not_truncated,True,51,0.46341419219970703,0.7603534460067749
0000295_02900_d_0000034.jpg,34,0,pedestrian,1,58,1083.0,349.0,1089.0,372.0,138.0,small,1,partial,0,not_truncated,False,,,
0000295_02900_d_0000034.jpg,35,0,pedestrian,1,60,1117.0,324.0,1126.0,345.0,189.0,small,0,none,0,not_truncated,True,87,0.2992273271083832,0.8438268899917603
0000295_02900_d_0000034.jpg,36,0,pedestrian,1,61,1024.0,288.0,1031.0,309.0,147.0,small,0,none,0,not_truncated,True,99,0.254718154668808,0.5975440144538879
0000295_02900_d_0000034.jpg,37,0,pedestrian,1,62,1147.0,341.0,1159.0,365.0,288.0,small,0,none,0,not_truncated,True,73,0.3379680812358856,0.7139244079589844
0000295_02900_d_0000034.jpg,38,0,pedestrian,1,63,1173.0,332.0,1184.0,359.0,297.0,small,0,none,0,not_truncated,True,43,0.5423942804336548,0.7852664589881897
0000295_02900_d_0000034.jpg,39,0,pedestrian,1,64,1206.0,332.0,1215.0,358.0,234.0,small,0,none,0,not_truncated,True,61,0.4247281551361084,0.7312518358230591
0000295_02900_d_0000034.jpg,40,0,pedestrian,1,65,1254.0,352.0,1266.0,381.0,348.0,small,0,none,0,not_truncated,True,75,0.33619287610054016,0.8054389953613281
0000295_02900_d_0000034.jpg,41,0,pedestrian,1,66,1242.0,353.0,1252.0,378.0,250.0,small,0,none,0,not_truncated,False,,,
0000295_02900_d_0000034.jpg,42,0,pedestrian,1,67,1229.0,352.0,1239.0,376.0,240.0,small,0,none,0,not_truncated,True,54,0.4478931128978729,0.5926586389541626
0000295_02900_d_0000034.jpg,43,0,pedestrian,1,68,1237.0,345.0,1247.0,363.0,180.0,small,1,partial,0,not_truncated,False,,,
0000295_02900_d_0000034.jpg,44,0,pedestrian,1,69,1233.0,346.0,1241.0,361.00000000000006,120.00000000000045,small,1,partial,0,not_truncated,False,,,
0000295_02900_d_0000034.jpg,45,0,pedestrian,1,70,1135.0,282.0,1142.0,303.0,147.0,small,0,none,0,not_truncated,False,,,
0000295_02900_d_0000034.jpg,46,0,pedestrian,1,71,1140.0,280.0,1147.0,302.0,154.0,small,1,partial,0,not_truncated,True,90,0.2897888422012329,0.6671908497810364
0000295_02900_d_0000034.jpg,47,0,pedestrian,1,73,1067.0,263.0,1074.0,281.0,126.0,small,0,none,0,not_truncated,False,,,
0000295_02900_d_0000034.jpg,48,0,pedestrian,1,78,927.0,294.99999999999994,933.0,312.0,102.00000000000034,small,1,partial,0,not_truncated,False,,,
0000295_02900_d_0000034.jpg,49,0,pedestrian,1,79,982.0,264.0,988.0,278.00000000000006,84.00000000000034,small,1,partial,0,not_truncated,False,,,
0000295_02900_d_0000034.jpg,50,0,pedestrian,1,80,978.0,272.99999999999994,984.0,286.0,78.00000000000034,small,1,partial,0,not_truncated,False,,,
0000295_02900_d_0000034.jpg,51,0,pedestrian,1,81,970.0,269.0,976.0,286.0,102.0,small,1,partial,0,not_truncated,False,,,
0000295_02900_d_0000034.jpg,52,0,pedestrian,1,82,964.0,259.99999999999994,970.0,276.0,96.00000000000034,small,0,none,0,not_truncated,False,,,
0000295_02900_d_0000034.jpg,53,0,pedestrian,1,83,959.0000000000001,259.0,965.0,274.0,89.9999999999983,small,0,none,0,not_truncated,False,,,
0000295_02900_d_0000034.jpg,54,0,pedestrian,1,84,951.0,270.0,957.9999999999999,290.0,139.99999999999773,small,0,none,0,not_truncated,False,,,
0000295_02900_d_0000034.jpg,55,0,pedestrian,1,85,917.0000000000001,246.99999999999997,922.0,261.0,69.99999999999855,small,0,none,0,not_truncated,False,,,
0000295_02900_d_0000034.jpg,56,0,pedestrian,1,86,901.0,228.0,907.0,241.00000000000003,78.00000000000017,small,0,none,0,not_truncated,False,,,
0000295_02900_d_0000034.jpg,57,0,pedestrian,1,87,876.0000000000001,217.0,881.0,231.00000000000003,69.99999999999855,small,0,none,0,not_truncated,False,,,
0000295_02900_d_0000034.jpg,58,0,pedestrian,1,88,856.0,205.00000000000003,860.0,217.0,47.999999999999886,small,0,none,0,not_truncated,False,,,
0000295_02900_d_0000034.jpg,59,0,pedestrian,1,89,867.9999999999999,205.0,872.9999999999999,218.00000000000003,65.00000000000014,small,0,none,0,not_truncated,False,,,
0000295_02900_d_0000034.jpg,60,0,pedestrian,1,90,828.0000000000001,199.00000000000003,832.0000000000001,208.99999999999997,39.99999999999977,small,0,none,0,not_truncated,False,,,
0000295_02900_d_0000034.jpg,61,0,pedestrian,1,91,835.0,195.00000000000003,841.0,206.0,65.99999999999983,small,1,partial,0,not_truncated,False,,,
0000295_02900_d_0000034.jpg,62,0,pedestrian,1,92,898.0,243.99999999999997,903.0,261.0,85.00000000000014,small,0,none,0,not_truncated,False,,,
0000295_02900_d_0000034.jpg,63,0,pedestrian,1,98,919.0,241.00000000000003,923.0,250.0,35.999999999999886,small,2,heavy,0,not_truncated,False,,,
0000295_02900_d_0000034.jpg,64,0,pedestrian,1,99,920.0,232.99999999999997,925.0,250.0,85.00000000000014,small,2,heavy,0,not_truncated,False,,,
0000295_02900_d_0000034.jpg,65,1,car,4,100,870.0000000000001,621.0,960.0000000000001,710.0,8010.0,medium,0,none,0,not_truncated,True,26,0.7904024720191956,0.9050394892692566
0000295_02900_d_0000034.jpg,66,1,car,4,101,781.0,615.0,859.0,701.0000000000001,6708.000000000009,medium,0,none,0,not_truncated,True,39,0.5831229090690613,0.9239861369132996
0000295_02900_d_0000034.jpg,67,1,car,4,102,678.0,598.0,741.0000000000001,683.0,5355.00000000001,medium,0,none,0,not_truncated,True,2,0.9272979497909546,0.9381369948387146
0000295_02900_d_0000034.jpg,68,1,car,4,103,537.0,561.0,596.0,629.0,4012.0,medium,0,none,0,not_truncated,True,6,0.9163329005241394,0.9279686808586121
0000295_02900_d_0000034.jpg,69,1,car,4,104,617.0,432.0,655.0,478.0,1748.0,medium,0,none,0,not_truncated,True,17,0.849166214466095,0.8459987044334412
0000295_02900_d_0000034.jpg,70,1,car,4,105,706.0000000000001,410.0,740.9999999999999,451.0,1434.9999999999907,medium,0,none,0,not_truncated,True,16,0.8685340881347656,0.9262511730194092
0000295_02900_d_0000034.jpg,71,1,car,4,106,765.0,388.0,803.9999999999999,422.00000000000006,1325.9999999999984,medium,0,none,0,not_truncated,True,18,0.8482468128204346,0.8397191166877747
0000295_02900_d_0000034.jpg,72,2,van,5,107,843.0,545.0,901.0000000000001,613.9999999999999,4002.0000000000014,medium,0,none,0,not_truncated,True,19,0.8459348678588867,0.9286510348320007
0000295_02900_d_0000034.jpg,73,1,car,4,108,635.0,366.0,665.0,396.00000000000006,900.0000000000017,small,0,none,0,not_truncated,True,50,0.46848008036613464,0.8065500259399414
0000295_02900_d_0000034.jpg,74,1,car,4,109,755.0,350.0,784.9999999999999,378.99999999999994,869.999999999995,small,2,heavy,0,not_truncated,False,,,
0000295_02900_d_0000034.jpg,75,1,car,4,110,747.0000000000001,328.0,776.0,351.0,666.9999999999974,small,1,partial,0,not_truncated,True,71,0.3520173728466034,0.7281346917152405
0000295_02900_d_0000034.jpg,76,1,car,4,111,672.0,316.0,696.0,341.0,600.0,small,0,none,0,not_truncated,True,23,0.8176323771476746,0.8880882859230042
0000295_02900_d_0000034.jpg,77,1,car,4,114,714.0,261.0,733.0,278.00000000000006,323.0000000000011,small,1,partial,0,not_truncated,False,,,
0000295_02900_d_0000034.jpg,78,1,car,4,115,605.0,262.0,625.0,280.0,360.0,small,0,none,0,not_truncated,True,24,0.7921971678733826,0.8156189918518066
0000295_02900_d_0000034.jpg,79,1,car,4,116,630.0,240.0,648.0,260.0,360.0,small,0,none,0,not_truncated,True,31,0.6632704138755798,0.7983781695365906
0000295_02900_d_0000034.jpg,80,1,car,4,117,657.0,228.0,669.0,242.00000000000003,168.00000000000034,small,0,none,0,not_truncated,True,42,0.5549638867378235,0.7057523131370544
0000295_02900_d_0000034.jpg,81,1,car,4,118,649.0,189.99999999999997,659.0,200.99999999999997,110.0,small,0,none,0,not_truncated,True,59,0.4293316900730133,0.685483992099762
0000295_02900_d_0000034.jpg,82,1,car,4,119,639.0,176.0,645.0,183.0,42.0,small,0,none,0,not_truncated,False,,,
0000295_02900_d_0000034.jpg,83,1,car,4,120,673.0,210.99999999999997,689.0,225.0,224.00000000000045,small,2,heavy,0,not_truncated,False,,,
0000295_02900_d_0000034.jpg,84,1,car,4,121,692.0,207.99999999999997,707.9999999999999,224.0,255.99999999999864,small,2,heavy,0,not_truncated,False,,,
0000295_02900_d_0000034.jpg,85,1,car,4,122,660.0,170.0,668.0,180.0,80.0,small,0,none,0,not_truncated,False,,,
0000295_02900_d_0000034.jpg,86,1,car,4,123,653.0,171.0,659.0,177.0,36.0,small,0,none,0,not_truncated,False,,,
0000295_02900_d_0000034.jpg,87,1,car,4,124,644.0,171.99999999999997,653.0,180.0,72.00000000000026,small,0,none,0,not_truncated,False,,,
0000295_02900_d_0000034.jpg,88,2,van,5,125,629.0,152.0,635.0,159.0,42.0,small,0,none,0,not_truncated,False,,,
0000295_02900_d_0000034.jpg,89,1,car,4,126,613.0,150.00000000000003,617.0,156.0,23.999999999999886,small,0,none,0,not_truncated,False,,,
0000295_02900_d_0000034.jpg,90,1,car,4,129,580.0,151.00000000000003,585.0,156.0,24.999999999999858,small,0,none,0,not_truncated,False,,,
0000295_02900_d_0000034.jpg,91,1,car,4,130,586.0,149.0,592.0,156.00000000000003,42.00000000000017,small,0,none,0,not_truncated,False,,,
0000295_02900_d_0000034.jpg,92,1,car,4,131,593.0,149.0,600.0,153.99999999999997,34.9999999999998,small,0,none,0,not_truncated,False,,,
0000295_02900_d_0000034.jpg,93,1,car,4,132,595.0,165.0,602.0,172.0,49.0,small,0,none,0,not_truncated,False,,,
0000295_02900_d_0000034.jpg,94,1,car,4,133,604.0,168.0,611.0,175.00000000000003,49.0000000000002,small,0,none,0,not_truncated,False,,,
0000295_02900_d_0000034.jpg,95,1,car,4,134,605.0,157.0,612.0,163.00000000000003,42.0000000000002,small,0,none,0,not_truncated,False,,,
0000295_02900_d_0000034.jpg,96,1,car,4,135,601.0,152.0,607.0,158.0,36.0,small,1,partial,0,not_truncated,False,,,
0000295_02900_d_0000034.jpg,97,1,car,4,136,594.0,155.0,599.0,160.99999999999997,29.999999999999858,small,1,partial,0,not_truncated,False,,,
0000295_02900_d_0000034.jpg,98,1,car,4,137,594.0,159.0,603.0,167.0,72.0,small,1,partial,0,not_truncated,False,,,
0000295_02900_d_0000034.jpg,99,1,car,4,138,570.0,165.0,577.0,173.0,56.0,small,0,none,0,not_truncated,False,,,
0000295_02900_d_0000034.jpg,100,4,bus,9,139,565.0,145.0,575.0,163.00000000000003,180.00000000000028,small,0,none,0,not_truncated,False,,,
0000295_02900_d_0000034.jpg,101,1,car,4,140,579.0,174.0,586.0,182.0,56.0,small,1,partial,0,not_truncated,False,,,
0000295_02900_d_0000034.jpg,102,1,car,4,141,596.0,179.0,607.0,189.0,110.0,small,0,none,0,not_truncated,False,,,
0000295_02900_d_0000034.jpg,103,1,car,4,142,590.0,198.99999999999997,602.0,212.0,156.00000000000034,small,0,none,0,not_truncated,True,53,0.45022711157798767,0.7966985106468201
0000295_02900_d_0000034.jpg,104,1,car,4,143,573.0,216.00000000000003,586.0,227.0,142.99999999999963,small,0,none,0,not_truncated,True,44,0.5325910449028015,0.6857147812843323
0000295_02900_d_0000034.jpg,105,1,car,4,144,545.0,270.0,566.0,290.0,420.0,small,0,none,0,not_truncated,True,30,0.6669629216194153,0.8876810073852539
0000295_02900_d_0000034.jpg,106,1,car,4,145,575.0,181.0,586.0,190.0,99.0,small,0,none,0,not_truncated,True,58,0.4311361014842987,0.5850116014480591
0000295_02900_d_0000034.jpg,107,1,car,4,146,540.0,177.0,549.0,186.0,81.0,small,0,none,0,not_truncated,False,,,
0000295_02900_d_0000034.jpg,108,1,car,4,147,542.0,174.0,551.0,183.0,81.0,small,1,partial,0,not_truncated,False,,,
0000295_02900_d_0000034.jpg,109,1,car,4,148,532.0,185.0,541.0,195.0,90.0,small,1,partial,0,not_truncated,False,,,
0000295_02900_d_0000034.jpg,110,1,car,4,149,527.0,190.99999999999997,536.0,198.99999999999997,72.0,small,1,partial,0,not_truncated,False,,,
0000295_02900_d_0000034.jpg,111,1,car,4,150,542.0,192.0,553.0,200.99999999999997,98.99999999999969,small,1,partial,0,not_truncated,False,,,
0000295_02900_d_0000034.jpg,112,1,car,4,151,561.0,186.0,570.0,193.0,63.0,small,1,partial,0,not_truncated,False,,,
0000295_02900_d_0000034.jpg,113,1,car,4,152,573.0,194.00000000000003,585.0,205.0,131.99999999999966,small,1,partial,0,not_truncated,True,81,0.30658504366874695,0.6755803227424622
0000295_02900_d_0000034.jpg,114,1,car,4,153,561.0,194.00000000000003,574.0,202.0,103.99999999999963,small,1,partial,0,not_truncated,False,,,
0000295_02900_d_0000034.jpg,115,1,car,4,154,556.0,195.00000000000003,565.0,206.0,98.99999999999974,small,1,partial,0,not_truncated,False,,,
0000295_02900_d_0000034.jpg,116,1,car,4,155,561.0,200.0,577.0,209.99999999999997,159.99999999999955,small,1,partial,0,not_truncated,False,,,
0000295_02900_d_0000034.jpg,117,1,car,4,156,551.0,202.0,561.0,208.99999999999997,69.99999999999972,small,1,partial,0,not_truncated,False,,,
0000295_02900_d_0000034.jpg,118,1,car,4,157,549.0,206.00000000000003,561.0,214.0,95.99999999999966,small,1,partial,0,not_truncated,False,,,
0000295_02900_d_0000034.jpg,119,1,car,4,158,546.0,211.00000000000003,557.0,220.99999999999997,109.99999999999937,small,1,partial,0,not_truncated,True,57,0.43486469984054565,0.5081937909126282
0000295_02900_d_0000034.jpg,120,1,car,4,159,541.0,215.0,553.0,226.99999999999997,143.99999999999966,small,1,partial,0,not_truncated,False,,,
0000295_02900_d_0000034.jpg,121,1,car,4,160,535.0000000000001,219.0,549.0,233.00000000000003,195.9999999999988,small,1,partial,0,not_truncated,False,,,
0000295_02900_d_0000034.jpg,122,1,car,4,161,530.0,225.99999999999997,545.0,238.0,180.00000000000043,small,1,partial,0,not_truncated,False,,,
0000295_02900_d_0000034.jpg,123,1,car,4,162,527.0,232.99999999999997,541.0,246.00000000000003,182.0000000000008,small,1,partial,0,not_truncated,True,72,0.3421129882335663,0.5821675062179565
0000295_02900_d_0000034.jpg,124,1,car,4,163,520.0,240.0,536.0,255.00000000000003,240.00000000000045,small,1,partial,0,not_truncated,True,89,0.2945636808872223,0.7337655425071716
0000295_02900_d_0000034.jpg,125,1,car,4,164,513.0000000000001,245.99999999999997,529.0,261.0,239.99999999999875,small,1,partial,0,not_truncated,True,56,0.4348730146884918,0.5409417748451233
0000295_02900_d_0000034.jpg,126,1,car,4,165,503.0,251.0,524.0,270.0,399.0,small,1,partial,0,not_truncated,False,,,
0000295_02900_d_0000034.jpg,127,1,car,4,166,497.00000000000006,265.0,515.0,281.0,287.9999999999991,small,1,partial,0,not_truncated,True,41,0.5692341327667236,0.7025560736656189
0000295_02900_d_0000034.jpg,128,1,car,4,167,481.0,252.0,497.99999999999994,267.0,254.99999999999915,small,1,partial,0,not_truncated,True,91,0.2868201732635498,0.5028648972511292
0000295_02900_d_0000034.jpg,129,1,car,4,168,506.0,227.0,519.0,241.00000000000003,182.00000000000037,small,1,partial,0,not_truncated,True,70,0.3548666834831238,0.6630747318267822
0000295_02900_d_0000034.jpg,130,1,car,4,169,514.0000000000001,219.99999999999997,530.0,233.00000000000003,207.99999999999943,small,1,partial,0,not_truncated,False,,,
0000295_02900_d_0000034.jpg,131,1,car,4,170,514.0000000000001,208.00000000000003,528.0,219.99999999999997,167.99999999999784,small,0,none,0,not_truncated,False,,,
0000295_02900_d_0000034.jpg,132,1,car,4,171,535.0,200.0,546.0,209.99999999999997,109.99999999999969,small,0,none,0,not_truncated,False,,,
0000295_02900_d_0000034.jpg,133,1,car,4,172,519.0,192.0,532.0,201.99999999999997,129.99999999999963,small,0,none,0,not_truncated,True,97,0.26053228974342346,0.7771568298339844
0000295_02900_d_0000034.jpg,134,1,car,4,173,495.00000000000006,237.99999999999997,512.0,252.0,237.9999999999997,small,0,none,0,not_truncated,False,,,
0000295_02900_d_0000034.jpg,135,4,bus,9,174,474.0,209.00000000000003,504.0,241.0,959.9999999999991,small,0,none,0,not_truncated,False,,,
0000295_02900_d_0000034.jpg,136,4,bus,9,175,441.0,245.00000000000003,486.0,300.0,2474.9999999999986,medium,1,partial,0,not_truncated,True,78,0.3169955313205719,0.5822082757949829
0000295_02900_d_0000034.jpg,137,4,bus,9,176,403.0,246.00000000000003,447.0,296.0,2199.9999999999986,medium,1,partial,0,not_truncated,False,,,
0000295_02900_d_0000034.jpg,138,1,car,4,177,479.99999999999994,280.0,503.0,300.0,460.00000000000114,small,0,none,0,not_truncated,True,29,0.7092916965484619,0.8457924723625183
0000295_02900_d_0000034.jpg,139,1,car,4,178,462.99999999999994,301.0,488.0,326.0,625.0000000000014,small,0,none,0,not_truncated,True,36,0.6300588250160217,0.7622900605201721
0000295_02900_d_0000034.jpg,140,1,car,4,179,428.0,298.0,456.00000000000006,321.0,644.0000000000014,small,0,none,0,not_truncated,True,47,0.4950883090496063,0.7898629307746887
0000295_02900_d_0000034.jpg,141,1,car,4,180,407.0,317.0,433.00000000000006,343.0,676.0000000000015,small,0,none,0,not_truncated,True,79,0.31470930576324463,0.8301499485969543
0000295_02900_d_0000034.jpg,142,1,car,4,181,508.0,338.00000000000006,543.0,369.0,1084.999999999998,medium,0,none,0,not_truncated,True,22,0.8390206098556519,0.9054256081581116
0000295_02900_d_0000034.jpg,143,1,car,4,182,493.0,377.0,527.0,411.0,1156.0,medium,0,none,0,not_truncated,True,11,0.8988426327705383,0.8447521328926086
0000295_02900_d_0000034.jpg,144,1,car,4,183,411.0,351.0,449.0,383.0,1216.0,medium,0,none,0,not_truncated,True,21,0.8405044674873352,0.9535661339759827
0000295_02900_d_0000034.jpg,145,1,car,4,184,344.0,326.0,378.0,354.0,952.0,small,0,none,0,not_truncated,True,13,0.8850531578063965,0.846762478351593
0000295_02900_d_0000034.jpg,146,0,pedestrian,1,197,103.00000000000001,415.99999999999994,116.0,450.0,442.0000000000002,small,1,partial,0,not_truncated,False,,,
0000295_02900_d_0000034.jpg,147,0,pedestrian,1,198,122.0,416.99999999999994,136.99999999999997,445.00000000000006,420.0000000000009,small,1,partial,0,not_truncated,False,,,
0000295_02900_d_0000034.jpg,148,0,pedestrian,1,199,108.0,356.0,119.99999999999999,386.0,359.99999999999955,small,0,none,0,not_truncated,False,,,
0000295_02900_d_0000034.jpg,149,0,pedestrian,1,200,129.0,337.0,144.0,366.0,435.0,small,0,none,0,not_truncated,True,55,0.43579238653182983,0.5582222938537598
0000295_02900_d_0000034.jpg,150,1,car,4,201,1.9999999999999976,674.0,65.0,765.0,5733.0,medium,0,none,1,truncated,True,25,0.7913988828659058,0.9198681116104126
0000295_02900_d_0000034.jpg,151,1,car,4,202,292.0,642.9999999999999,399.99999999999994,765.0,13176.000000000005,large,0,none,1,truncated,True,1,0.9290489554405212,0.8980455994606018
0000295_02900_d_0000034.jpg,152,1,car,4,203,183.00000000000003,655.0,302.0,765.0,13089.999999999996,large,0,none,1,truncated,True,0,0.9347392320632935,0.9412627220153809
0000295_02900_d_0000034.jpg,153,1,car,4,204,139.0,606.0,238.00000000000003,697.0,9009.000000000002,medium,0,none,0,not_truncated,True,9,0.9044190645217896,0.9437211751937866
0000295_02900_d_0000034.jpg,154,1,car,4,205,106.0,549.0,202.0,623.0000000000001,7104.000000000011,medium,0,none,0,not_truncated,True,52,0.4575774371623993,0.9337725639343262
0000295_02900_d_0000034.jpg,155,1,car,4,206,290.0,541.9999999999999,363.0,615.0,5329.000000000008,medium,0,none,0,not_truncated,True,7,0.9126089215278625,0.9545973539352417
0000295_02900_d_0000034.jpg,156,1,car,4,207,422.0,479.0,486.99999999999994,545.9999999999999,4354.999999999989,medium,0,none,0,not_truncated,True,10,0.9010366797447205,0.8869622349739075
0000295_02900_d_0000034.jpg,157,1,car,4,208,350.00000000000006,472.0,411.99999999999994,534.0,3843.9999999999927,medium,0,none,0,not_truncated,True,5,0.9186574816703796,0.9676671028137207
0000295_02900_d_0000034.jpg,158,1,car,4,209,395.00000000000006,425.0,448.0,473.0,2543.9999999999973,medium,0,none,0,not_truncated,True,4,0.9235429167747498,0.9130272269248962
0000295_02900_d_0000034.jpg,159,1,car,4,210,324.00000000000006,439.99999999999994,378.0,486.99999999999994,2537.9999999999973,medium,0,none,0,not_truncated,True,14,0.8796826601028442,0.9263789057731628
0000295_02900_d_0000034.jpg,160,1,car,4,211,218.00000000000003,462.0,290.0,513.0,3671.9999999999986,medium,0,none,0,not_truncated,True,8,0.910147488117218,0.8988867402076721
0000295_02900_d_0000034.jpg,161,1,car,4,212,322.0,389.0,369.0,424.0,1645.0,medium,1,partial,0,not_truncated,True,20,0.8410660624504089,0.7858161330223083
0000295_02900_d_0000034.jpg,162,1,car,4,213,264.99999999999994,380.0,318.0,418.00000000000006,2014.0000000000052,medium,1,partial,0,not_truncated,True,15,0.8720096349716187,0.9130099415779114
0000295_02900_d_0000034.jpg,163,4,bus,9,214,2.0000000000000115,436.0,207.00000000000003,611.0,35875.00000000001,large,1,partial,0,not_truncated,True,3,0.9266251921653748,0.9524755477905273
0000301_00001_d_0000156.jpg,0,1,car,4,1,0.0,143.0,23.0,167.0,552.0,small,1,partial,1,truncated,False,,,
0000301_00001_d_0000156.jpg,1,1,car,4,13,159.0,155.0,203.0,181.0,1144.0,medium,1,partial,0,not_truncated,False,,,
0000301_00001_d_0000156.jpg,2,1,car,4,14,197.00000000000003,141.0,268.0,169.0,1987.999999999999,medium,1,partial,0,not_truncated,False,,,
0000301_00001_d_0000156.jpg,3,1,car,4,15,262.0,138.0,320.0,172.0,1972.0,medium,0,none,0,not_truncated,False,,,
0000301_00001_d_0000156.jpg,4,0,pedestrian,1,16,270.0,97.99999999999999,274.0,109.99999999999999,48.0,small,1,partial,0,not_truncated,False,,,
0000301_00001_d_0000156.jpg,5,1,car,4,17,248.00000000000003,106.0,295.0,123.99999999999999,845.9999999999989,small,2,heavy,0,not_truncated,False,,,
0000301_00001_d_0000156.jpg,6,1,car,4,18,264.0,109.99999999999999,322.0,130.0,1160.000000000001,medium,1,partial,0,not_truncated,False,,,
0000301_00001_d_0000156.jpg,7,1,car,4,19,275.0,116.99999999999999,331.00000000000006,136.0,1064.0000000000018,medium,1,partial,0,not_truncated,False,,,
0000301_00001_d_0000156.jpg,8,1,car,4,20,310.0,126.0,357.0,147.0,987.0,small,1,partial,0,not_truncated,False,,,
0000301_00001_d_0000156.jpg,9,1,car,4,21,341.0,129.0,390.0,151.0,1078.0,medium,2,heavy,0,not_truncated,False,,,
0000301_00001_d_0000156.jpg,10,0,pedestrian,1,22,336.0,115.0,342.0,127.99999999999999,77.99999999999991,small,2,heavy,0,not_truncated,False,,,
0000301_00001_d_0000156.jpg,11,0,pedestrian,1,24,395.00000000000006,121.99999999999999,402.0,142.0,139.99999999999895,small,1,partial,0,not_truncated,False,,,
0000301_00001_d_0000156.jpg,12,0,pedestrian,1,28,872.0000000000001,193.0,886.0,220.99999999999997,391.9999999999964,small,0,none,0,not_truncated,False,,,
0000301_00001_d_0000156.jpg,13,0,pedestrian,1,29,882.0,189.0,893.0,219.99999999999997,340.99999999999966,small,1,partial,0,not_truncated,False,,,
0000301_00001_d_0000156.jpg,14,0,pedestrian,1,33,978.0,182.0,989.0,210.99999999999997,318.99999999999966,small,1,partial,0,not_truncated,False,,,
0000301_00001_d_0000156.jpg,15,0,pedestrian,1,34,990.0000000000001,182.0,1009.0,208.99999999999997,512.9999999999964,small,1,partial,0,not_truncated,False,,,
0000301_00001_d_0000156.jpg,16,1,car,4,40,0.0,658.0,337.0,765.0,36059.0,large,0,none,1,truncated,True,3,0.8618102669715881,0.9785794615745544
0000301_00001_d_0000156.jpg,17,1,car,4,41,121.0,526.0,390.0,664.0,37122.0,large,0,none,0,not_truncated,True,2,0.8755937218666077,0.9588171243667603
0000301_00001_d_0000156.jpg,18,3,truck,6,42,358.0,294.0,574.0,418.00000000000006,26784.00000000001,large,0,none,0,not_truncated,False,,,
0000301_00001_d_0000156.jpg,19,1,car,4,43,601.0,536.0,762.0,726.0,30590.0,large,0,none,0,not_truncated,True,0,0.9255188703536987,0.9603182673454285
0000301_00001_d_0000156.jpg,20,1,car,4,46,238.99999999999997,176.0,294.0,209.99999999999997,1869.9999999999993,medium,0,none,0,not_truncated,False,,,
0000301_00001_d_0000156.jpg,21,1,car,4,48,337.99999999999994,196.99999999999997,393.99999999999994,233.00000000000003,2016.0000000000032,medium,0,none,0,not_truncated,True,6,0.80644291639328,0.8898202776908875
0000301_00001_d_0000156.jpg,22,1,car,4,49,543.0,218.0,582.0,243.0,975.0,small,0,none,1,truncated,False,,,
0000301_00001_d_0000156.jpg,23,1,car,4,50,405.0,204.0,457.99999999999994,235.99999999999997,1695.9999999999966,medium,0,none,1,truncated,True,7,0.8031772375106812,0.8620322346687317
0000301_00001_d_0000156.jpg,24,0,pedestrian,1,51,486.0,230.0,499.99999999999994,270.0,559.9999999999977,small,1,partial,0,not_truncated,True,22,0.3228556513786316,0.7271449565887451
0000301_00001_d_0000156.jpg,25,1,car,4,53,467.0,210.00000000000003,524.0,243.99999999999997,1937.9999999999968,medium,1,partial,1,truncated,False,,,
0000301_00001_d_0000156.jpg,26,0,pedestrian,1,54,478.00000000000006,205.00000000000003,492.0,240.0,489.9999999999976,small,1,partial,1,truncated,False,,,
0000301_00001_d_0000156.jpg,27,0,pedestrian,1,55,519.0,210.00000000000003,530.0,244.99999999999997,384.9999999999994,small,1,partial,1,truncated,False,,,
0000301_00001_d_0000156.jpg,28,0,pedestrian,1,56,525.0,208.00000000000003,538.0,243.0,454.99999999999966,small,1,partial,1,truncated,False,,,
0000301_00001_d_0000156.jpg,29,0,pedestrian,1,57,607.0,200.0,616.0,226.0,234.0,small,1,partial,0,not_truncated,False,,,
0000301_00001_d_0000156.jpg,30,0,pedestrian,1,58,628.0,193.0,638.0,224.99999999999997,319.9999999999997,small,1,partial,0,not_truncated,False,,,
0000301_00001_d_0000156.jpg,31,0,pedestrian,1,59,639.0,193.00000000000003,649.0,226.0,329.9999999999997,small,1,partial,0,not_truncated,False,,,
0000301_00001_d_0000156.jpg,32,0,pedestrian,1,60,607.0,178.0,616.0,206.0,252.0,small,1,partial,0,not_truncated,False,,,
0000301_00001_d_0000156.jpg,33,0,pedestrian,1,61,619.0,177.99999999999997,630.0,208.99999999999997,341.0,small,0,none,0,not_truncated,False,,,
0000301_00001_d_0000156.jpg,34,0,pedestrian,1,62,613.0,176.0,623.0,203.0,270.0,small,2,heavy,0,not_truncated,False,,,
0000301_00001_d_0000156.jpg,35,0,pedestrian,1,63,633.0,183.0,640.0,204.0,147.0,small,2,heavy,0,not_truncated,False,,,
0000301_00001_d_0000156.jpg,36,0,pedestrian,1,64,643.0,180.0,652.0,207.0,243.0,small,1,partial,0,not_truncated,False,,,
0000301_00001_d_0000156.jpg,37,0,pedestrian,1,65,647.0,185.00000000000003,656.0,214.0,260.9999999999998,small,2,heavy,1,truncated,False,,,
0000301_00001_d_0000156.jpg,38,0,pedestrian,1,81,1258.0,352.0,1280.0,410.0,1276.0,medium,0,none,0,not_truncated,True,12,0.7257248163223267,0.8145877718925476
0000301_00001_d_0000156.jpg,39,1,car,4,82,858.0000000000001,309.0,980.0,373.00000000000006,7808.0,medium,0,none,0,not_truncated,True,1,0.889313817024231,0.9088090658187866
0000301_00001_d_0000156.jpg,40,1,car,4,83,780.0000000000001,247.99999999999997,891.0,289.0,4550.999999999998,medium,1,partial,0,not_truncated,True,8,0.7981535196304321,0.854589581489563
0000301_00001_d_0000156.jpg,41,1,car,4,84,766.0,219.00000000000003,857.0,250.0,2820.9999999999973,medium,0,none,0,not_truncated,True,10,0.7862573266029358,0.8194756507873535
0000301_00001_d_0000156.jpg,42,1,car,4,86,919.0,205.0,1005.0,242.00000000000003,3182.0000000000023,medium,0,none,1,truncated,True,4,0.8543448448181152,0.9090936779975891
0000301_00001_d_0000156.jpg,43,1,car,4,89,1005.0,198.00000000000003,1080.0,230.0,2399.9999999999977,medium,1,partial,0,not_truncated,True,9,0.7900657653808594,0.8181281089782715
0000301_00001_d_0000156.jpg,44,1,car,4,90,1074.0,186.0,1149.0,217.0,2325.0,medium,1,partial,0,not_truncated,True,14,0.635047972202301,0.8107700943946838
0000301_00001_d_0000156.jpg,45,1,car,4,91,1211.0,176.0,1263.0,198.99999999999997,1195.9999999999986,medium,2,heavy,0,not_truncated,False,,,
0000301_00001_d_0000156.jpg,46,1,car,4,92,1263.0,172.0,1307.0,194.0,968.0,small,2,heavy,0,not_truncated,False,,,
0000301_00001_d_0000156.jpg,47,1,car,4,96,1092.0,252.0,1183.0,302.0,4550.0,medium,1,partial,0,not_truncated,True,5,0.8480609655380249,0.9569759368896484
0000301_00001_d_0000156.jpg,48,1,car,4,102,1271.0,224.99999999999997,1346.0,263.0,2850.0000000000023,medium,1,partial,0,not_truncated,True,17,0.39382973313331604,0.9697782397270203
0000301_00001_d_0000156.jpg,49,1,car,4,103,1222.0,209.99999999999997,1288.0,247.00000000000003,2442.0000000000036,medium,1,partial,0,not_truncated,True,11,0.7681101560592651,0.8888489007949829
0000303_03401_d_0000200.jpg,0,1,car,4,1,20.0,434.0,102.99999999999999,467.00000000000006,2739.000000000004,medium,1,partial,0,not_truncated,True,13,0.7052727341651917,0.9273046851158142
0000303_03401_d_0000200.jpg,1,1,car,4,2,148.0,563.0,239.99999999999997,604.0,3771.9999999999986,medium,1,partial,0,not_truncated,True,15,0.6597163677215576,0.8097071647644043
0000303_03401_d_0000200.jpg,2,1,car,4,3,124.00000000000001,599.0,214.0,651.0,4679.999999999999,medium,1,partial,0,not_truncated,True,1,0.9070665836334229,0.8260642290115356
0000303_03401_d_0000200.jpg,3,1,car,4,4,94.0,657.0,205.99999999999997,704.0,5263.999999999999,medium,1,partial,0,not_truncated,True,3,0.8817039132118225,0.9256613254547119
0000303_03401_d_0000200.jpg,4,1,car,4,5,63.0,701.0,168.0,748.0,4935.0,medium,0,none,0,not_truncated,True,7,0.8329435586929321,0.9152305126190186
0000303_03401_d_0000200.jpg,5,1,car,4,6,29.999999999999996,747.0000000000001,139.0,765.0,1961.9999999999877,medium,0,none,1,truncated,True,18,0.6455579996109009,0.8198105096817017
0000303_03401_d_0000200.jpg,6,1,car,4,7,217.99999999999997,709.0,277.0,765.0,3304.000000000002,medium,0,none,1,truncated,True,2,0.8913840055465698,0.9662245512008667
0000303_03401_d_0000200.jpg,7,1,car,4,10,513.0,698.0000000000001,557.0,765.0,2947.999999999995,medium,0,none,1,truncated,True,5,0.8671442866325378,0.9672638773918152
0000303_03401_d_0000200.jpg,8,1,car,4,11,587.0,734.9999999999999,635.0,765.0,1440.0000000000055,medium,0,none,1,truncated,True,20,0.5964395403862,0.9249368906021118
0000303_03401_d_0000200.jpg,9,1,car,4,12,534.0,542.0,570.0,610.0,2448.0,medium,0,none,0,not_truncated,True,4,0.873335063457489,0.890890896320343
0000303_03401_d_0000200.jpg,10,0,pedestrian,1,13,346.00000000000006,433.0,356.0,458.00000000000006,249.99999999999915,small,1,partial,0,not_truncated,True,30,0.2807041108608246,0.5752226114273071
0000303_03401_d_0000200.jpg,11,0,pedestrian,1,14,354.0,433.0,366.0,458.00000000000006,300.0000000000007,small,1,partial,0,not_truncated,False,,,
0000303_03401_d_0000200.jpg,12,0,pedestrian,1,15,351.00000000000006,374.0,362.0,397.99999999999994,263.999999999998,small,0,none,0,not_truncated,False,,,
0000303_03401_d_0000200.jpg,13,0,pedestrian,1,16,332.0,359.0,340.0,377.0,144.0,small,0,none,0,not_truncated,False,,,
0000303_03401_d_0000200.jpg,14,0,pedestrian,1,17,345.0,354.0,353.99999999999994,371.0,152.99999999999903,small,1,partial,0,not_truncated,False,,,
0000303_03401_d_0000200.jpg,15,0,pedestrian,1,20,289.00000000000006,329.0,299.0,352.0,229.9999999999987,small,1,partial,0,not_truncated,False,,,
0000303_03401_d_0000200.jpg,16,0,pedestrian,1,29,381.0,315.0,390.0,337.0,198.0,small,0,none,0,not_truncated,False,,,
0000303_03401_d_0000200.jpg,17,1,car,4,30,386.0,280.0,417.0,316.0,1116.0,medium,1,partial,0,not_truncated,True,21,0.5301110148429871,0.8578705191612244
0000303_03401_d_0000200.jpg,18,1,car,4,31,402.0,251.0,427.00000000000006,276.0,625.0000000000014,small,0,none,0,not_truncated,False,,,
0000303_03401_d_0000200.jpg,19,1,car,4,32,426.0,183.00000000000003,452.00000000000006,213.0,780.0000000000009,small,0,none,0,not_truncated,True,19,0.6082368493080139,0.7291967272758484
0000303_03401_d_0000200.jpg,20,1,car,4,33,435.99999999999994,153.0,460.0,180.0,648.0000000000016,small,0,none,0,not_truncated,True,12,0.7687200903892517,0.9329259395599365
0000303_03401_d_0000200.jpg,21,0,pedestrian,1,34,388.0,145.0,397.99999999999994,163.00000000000003,179.99999999999926,small,0,none,0,not_truncated,False,,,
0000303_03401_d_0000200.jpg,22,0,pedestrian,1,35,400.0,146.0,408.0,165.0,152.0,small,0,none,0,not_truncated,False,,,
0000303_03401_d_0000200.jpg,23,0,pedestrian,1,36,392.00000000000006,133.00000000000003,400.0,150.0,135.9999999999988,small,1,partial,0,not_truncated,False,,,
0000303_03401_d_0000200.jpg,24,0,pedestrian,1,37,400.0,130.0,407.0,147.0,119.0,small,1,partial,0,not_truncated,False,,,
0000303_03401_d_0000200.jpg,25,0,pedestrian,1,38,469.0,134.0,475.99999999999994,153.0,132.99999999999892,small,0,none,0,not_truncated,False,,,
0000303_03401_d_0000200.jpg,26,0,pedestrian,1,39,509.0,194.0,516.0,213.0,133.0,small,0,none,0,not_truncated,False,,,
0000303_03401_d_0000200.jpg,27,0,pedestrian,1,40,523.0,176.0,530.0,192.0,112.0,small,0,none,0,not_truncated,False,,,
0000303_03401_d_0000200.jpg,28,0,pedestrian,1,41,516.0,176.0,523.0,194.0,126.0,small,0,none,0,not_truncated,False,,,
0000303_03401_d_0000200.jpg,29,0,pedestrian,1,42,508.0,172.0,514.0,193.0,126.0,small,1,partial,0,not_truncated,False,,,
0000303_03401_d_0000200.jpg,30,0,pedestrian,1,43,513.0,174.0,519.0,193.0,114.0,small,2,heavy,0,not_truncated,False,,,
0000303_03401_d_0000200.jpg,31,1,car,4,44,455.99999999999994,109.0,478.00000000000006,134.0,550.0000000000028,small,0,none,0,not_truncated,True,8,0.831645131111145,0.8013019561767578
0000303_03401_d_0000200.jpg,32,1,car,4,45,447.0,74.0,481.0,93.0,646.0,small,1,partial,0,not_truncated,False,,,
0000303_03401_d_0000200.jpg,33,1,car,4,46,436.99999999999994,42.99999999999999,469.0,60.0,544.0000000000013,small,2,heavy,0,not_truncated,True,26,0.31146907806396484,0.5103468894958496
0000303_03401_d_0000200.jpg,34,1,car,4,47,424.0,28.0,436.99999999999994,54.99999999999999,350.99999999999835,small,2,heavy,0,not_truncated,False,,,
0000303_03401_d_0000200.jpg,35,1,car,4,49,482.0,33.0,498.99999999999994,50.0,288.99999999999903,small,0,none,0,not_truncated,True,24,0.3343086540699005,0.7241730093955994
0000303_03401_d_0000200.jpg,36,1,car,4,50,486.0,13.999999999999998,501.99999999999994,35.0,335.9999999999988,small,1,partial,0,not_truncated,False,,,
0000303_03401_d_0000200.jpg,37,1,car,4,51,493.00000000000006,3.999999999999999,508.0,22.0,269.999999999999,small,1,partial,0,not_truncated,True,22,0.41191038489341736,0.8612300157546997
0000303_03401_d_0000200.jpg,38,2,van,5,52,622.0,15.0,637.0,33.0,270.0,small,0,none,0,not_truncated,False,,,
0000303_03401_d_0000200.jpg,39,1,car,4,53,574.0,115.0,592.9999999999999,141.0,493.99999999999704,small,0,none,0,not_truncated,True,16,0.6507814526557922,0.6947611570358276
0000303_03401_d_0000200.jpg,40,1,car,4,54,615.0,115.99999999999999,633.9999999999999,135.0,360.9999999999981,small,0,none,0,not_truncated,True,14,0.6839843988418579,0.8290919661521912
0000303_03401_d_0000200.jpg,41,1,car,4,55,568.0,189.0,591.0,219.0,690.0,small,0,none,0,not_truncated,True,11,0.7754903435707092,0.7931830883026123
0000303_03401_d_0000200.jpg,42,1,car,4,56,553.0,306.99999999999994,581.0,349.0,1176.0000000000016,medium,0,none,0,not_truncated,True,10,0.8209097981452942,0.8963229656219482
0000303_03401_d_0000200.jpg,43,4,bus,9,57,617.0,268.0,657.0,347.0,3160.0,medium,0,none,0,not_truncated,True,0,0.9425860643386841,0.8583481907844543
0000303_03401_d_0000200.jpg,44,0,pedestrian,1,60,686.0,259.0,694.0,272.0,104.0,small,1,partial,0,not_truncated,False,,,
0000303_03401_d_0000200.jpg,45,0,pedestrian,1,62,752.0,177.99999999999997,758.0,196.99999999999997,114.0,small,0,none,0,not_truncated,False,,,
0000303_03401_d_0000200.jpg,46,0,pedestrian,1,63,730.0,266.0,739.9999999999999,287.0,209.9999999999976,small,0,none,0,not_truncated,False,,,
0000303_03401_d_0000200.jpg,47,0,pedestrian,1,68,894.0,390.99999999999994,903.0,415.00000000000006,216.00000000000102,small,2,heavy,0,not_truncated,False,,,
0000303_03401_d_0000200.jpg,48,0,pedestrian,1,71,747.0000000000001,436.0,760.0,460.00000000000006,311.999999999998,small,1,partial,0,not_truncated,False,,,
0000303_03401_d_0000200.jpg,49,0,pedestrian,1,72,758.0,438.00000000000006,769.0,458.0,219.99999999999937,small,0,none,0,not_truncated,False,,,
0000303_03401_d_0000200.jpg,50,1,car,4,73,841.9999999999999,482.0,898.0,534.0,2912.000000000006,medium,2,heavy,0,not_truncated,True,27,0.2985121011734009,0.6892226338386536
0000303_03401_d_0000200.jpg,51,1,car,4,74,616.0,445.00000000000006,648.0,493.00000000000006,1536.0,medium,0,none,0,not_truncated,True,6,0.8479081392288208,0.9376842379570007
0000303_03401_d_0000200.jpg,52,1,car,4,75,1117.0,204.0,1176.0,224.0,1180.0,medium,2,heavy,0,not_truncated,False,,,
0000303_03401_d_0000200.jpg,53,1,car,4,76,1128.0,218.0,1188.0,240.0,1320.0,medium,1,partial,0,not_truncated,False,,,
0000303_03401_d_0000200.jpg,54,1,car,4,77,1299.0,252.0,1342.0,291.0,1677.0,medium,0,none,0,not_truncated,True,9,0.8263666033744812,0.8849153518676758
0000303_03401_d_0000200.jpg,55,2,van,5,80,103.00000000000001,35.0,137.0,51.0,543.9999999999998,small,2,heavy,0,not_truncated,False,,,
0000303_03401_d_0000200.jpg,56,1,car,4,81,113.0,24.999999999999996,154.0,42.0,697.0000000000001,small,1,partial,0,not_truncated,False,,,
0000303_03401_d_0000200.jpg,57,1,car,4,82,135.0,9.0,170.0,27.0,630.0,small,1,partial,0,not_truncated,False,,,
0000312_01001_d_0000419.jpg,0,1,car,4,1,572.0,688.9999999999999,695.0,765.0,9348.000000000015,large,0,none,1,truncated,True,16,0.8847116827964783,0.9076743125915527
0000312_01001_d_0000419.jpg,1,1,car,4,2,473.00000000000006,601.0000000000001,613.0,722.0,16939.999999999978,large,0,none,0,not_truncated,True,0,0.9396864175796509,0.9376897215843201
0000312_01001_d_0000419.jpg,2,1,car,4,3,380.0,573.0,509.0,685.9999999999999,14576.999999999985,large,0,none,0,not_truncated,True,6,0.9283165335655212,0.9702950716018677
0000312_01001_d_0000419.jpg,3,1,car,4,4,309.00000000000006,531.0,445.0,630.0,13463.999999999995,large,0,none,0,not_truncated,True,32,0.4536973536014557,0.9668511748313904
0000312_01001_d_0000419.jpg,4,1,car,4,5,284.99999999999994,484.0,403.0,573.0,10502.000000000005,large,0,none,0,not_truncated,True,5,0.9315975904464722,0.9173249006271362
0000312_01001_d_0000419.jpg,5,1,car,4,6,211.0,410.0,328.99999999999994,499.0,10501.999999999995,large,0,none,0,not_truncated,True,4,0.9338924884796143,0.952326238155365
0000312_01001_d_0000419.jpg,6,1,car,4,7,477.99999999999994,400.99999999999994,588.0,479.0,8580.000000000011,medium,0,none,0,not_truncated,True,24,0.7698768973350525,0.956437349319458
0000312_01001_d_0000419.jpg,7,1,car,4,8,574.0000000000001,442.99999999999994,680.0,535.0,9751.999999999996,large,0,none,0,not_truncated,True,2,0.9368529915809631,0.9454926252365112
0000312_01001_d_0000419.jpg,8,1,car,4,9,766.0,414.99999999999994,858.0,495.0,7360.0000000000055,medium,0,none,0,not_truncated,True,29,0.5836324095726013,0.9530248045921326
0000312_01001_d_0000419.jpg,9,1,car,4,10,1025.0,472.0,1171.0,561.0,12994.0,large,0,none,0,not_truncated,True,1,0.938644528388977,0.9253128170967102
0000312_01001_d_0000419.jpg,10,1,car,4,11,636.0,356.99999999999994,730.0,422.99999999999994,6204.0,medium,0,none,0,not_truncated,True,3,0.9353771209716797,0.9521090388298035
0000312_01001_d_0000419.jpg,11,1,car,4,12,580.0,338.0,674.0,398.00000000000006,5640.0000000000055,medium,0,none,0,not_truncated,True,19,0.8723223209381104,0.9337975978851318
0000312_01001_d_0000419.jpg,12,1,car,4,13,540.0,313.0,633.0,376.0,5859.0,medium,1,partial,0,not_truncated,True,22,0.8172011375427246,0.9072105884552002
0000312_01001_d_0000419.jpg,13,1,car,4,14,496.00000000000006,291.0,595.0,350.00000000000006,5841.000000000002,medium,1,partial,0,not_truncated,True,17,0.8834940195083618,0.9152578711509705
0000312_01001_d_0000419.jpg,14,1,car,4,15,445.0,260.0,531.0,313.0,4558.0,medium,0,none,0,not_truncated,True,10,0.9151520729064941,0.9446389079093933
0000312_01001_d_0000419.jpg,15,1,car,4,16,377.0,238.0,467.0,295.99999999999994,5219.9999999999945,medium,0,none,0,not_truncated,True,21,0.823223352432251,0.914985179901123
0000312_01001_d_0000419.jpg,16,1,car,4,17,1020.0,276.0,1092.0,342.0,4752.0,medium,0,none,0,not_truncated,True,11,0.9078801274299622,0.9314209222793579
0000312_01001_d_0000419.jpg,17,1,car,4,18,933.0,259.0,1001.0000000000001,315.0,3808.0000000000064,medium,0,none,0,not_truncated,True,12,0.9066405892372131,0.8852404356002808
0000312_01001_d_0000419.jpg,18,1,car,4,19,859.0,234.00000000000003,928.0,285.0,3518.999999999998,medium,0,none,0,not_truncated,True,8,0.9238094091415405,0.96958988904953
0000312_01001_d_0000419.jpg,19,1,car,4,20,801.0,214.0,865.0000000000001,265.0,3264.000000000006,medium,0,none,0,not_truncated,True,7,0.9246969819068909,0.9633281826972961
0000312_01001_d_0000419.jpg,20,1,car,4,21,660.0000000000001,217.0,755.0,270.0,5034.999999999994,medium,0,none,0,not_truncated,True,27,0.6697322726249695,0.9223304390907288
0000312_01001_d_0000419.jpg,21,1,car,4,22,658.9999999999999,170.0,726.0,212.0,2814.0000000000045,medium,0,none,0,not_truncated,True,18,0.8763036727905273,0.9233741760253906
0000312_01001_d_0000419.jpg,22,1,car,4,23,582.0,151.0,652.0,195.99999999999997,3149.999999999998,medium,0,none,0,not_truncated,True,9,0.9154929518699646,0.8585163950920105
0000312_01001_d_0000419.jpg,23,1,car,4,24,800.0,63.99999999999999,864.0000000000001,94.0,1920.0000000000039,medium,0,none,0,not_truncated,True,20,0.8452042937278748,0.8970977067947388
0000312_01001_d_0000419.jpg,24,1,car,4,25,819.0,51.0,889.0,82.99999999999999,2239.999999999999,medium,1,partial,0,not_truncated,True,35,0.4028621017932892,0.9115355014801025
0000312_01001_d_0000419.jpg,25,1,car,4,26,851.0,37.99999999999999,915.0000000000001,66.0,1792.0000000000036,medium,1,partial,0,not_truncated,True,34,0.40927132964134216,0.8645134568214417
0000312_01001_d_0000419.jpg,26,1,car,4,27,875.9999999999999,32.0,944.0,63.0,2108.0000000000036,medium,1,partial,0,not_truncated,True,30,0.4996444582939148,0.8737436532974243
0000312_01001_d_0000419.jpg,27,1,car,4,28,783.9999999999999,0.0,835.0,22.0,1122.0000000000025,medium,0,none,1,truncated,True,25,0.7068019509315491,0.9068957567214966
0000312_01001_d_0000419.jpg,28,0,pedestrian,1,32,1163.0,12.0,1176.0,34.0,286.0,small,1,partial,0,not_truncated,False,,,
0000312_01001_d_0000419.jpg,29,0,pedestrian,1,33,1165.0,9.0,1174.0,33.0,216.0,small,1,partial,0,not_truncated,False,,,
0000312_01001_d_0000419.jpg,30,0,pedestrian,1,35,571.0,35.0,578.0,55.99999999999999,146.99999999999994,small,1,partial,0,not_truncated,False,,,
0000312_01001_d_0000419.jpg,31,0,pedestrian,1,36,527.0,100.0,538.0,127.99999999999999,307.99999999999983,small,0,none,0,not_truncated,True,38,0.3045463263988495,0.5986773371696472
0000312_01001_d_0000419.jpg,32,0,pedestrian,1,44,689.0,152.0,696.0,177.0,175.0,small,1,partial,0,not_truncated,False,,,
0000312_01001_d_0000419.jpg,33,0,pedestrian,1,45,684.0,141.99999999999997,692.0,173.0,248.00000000000023,small,1,partial,0,not_truncated,True,31,0.48148849606513977,0.5017442107200623
0000312_01001_d_0000419.jpg,34,0,pedestrian,1,53,452.00000000000006,465.99999999999994,469.0,509.0,730.9999999999985,small,0,none,0,not_truncated,False,,,
0000312_01001_d_0000419.jpg,35,0,pedestrian,1,54,464.0,453.0,482.99999999999994,494.00000000000006,778.9999999999987,small,1,partial,0,not_truncated,False,,,
0000312_01001_d_0000419.jpg,36,0,pedestrian,1,55,423.0,445.99999999999994,439.99999999999994,484.0,645.9999999999987,small,0,none,0,not_truncated,True,26,0.6897664070129395,0.8191146850585938
0000312_01001_d_0000419.jpg,37,1,car,4,56,13.000000000000002,463.99999999999994,127.0,546.0,9348.000000000007,large,0,none,0,not_truncated,True,15,0.8857018351554871,0.9350634217262268
0000312_01001_d_0000419.jpg,38,1,car,4,57,102.0,366.0,228.00000000000003,438.0,9072.000000000002,medium,0,none,0,not_truncated,True,14,0.8980473279953003,0.9760146141052246
0000312_01001_d_0000419.jpg,39,0,pedestrian,1,58,167.0,341.0,189.0,376.0,770.0,small,1,partial,0,not_truncated,True,33,0.41758957505226135,0.6207525730133057
0000312_01001_d_0000419.jpg,40,1,car,4,60,43.00000000000001,241.0,144.00000000000003,290.0,4949.000000000002,medium,1,partial,0,not_truncated,True,37,0.38572749495506287,0.8494123220443726
0000312_01001_d_0000419.jpg,41,1,car,4,62,0.0,237.0,69.0,295.99999999999994,4070.999999999996,medium,1,partial,1,truncated,True,23,0.7860658168792725,0.8584020137786865
0000312_01001_d_0000419.jpg,42,0,pedestrian,1,68,34.0,181.0,50.0,209.99999999999997,463.99999999999955,small,1,partial,0,not_truncated,False,,,
0000312_01001_d_0000419.jpg,43,0,pedestrian,1,70,65.0,162.00000000000003,83.0,192.0,539.9999999999995,small,1,partial,0,not_truncated,False,,,
0000312_01001_d_0000419.jpg,44,0,pedestrian,1,71,61.0,160.0,75.00000000000001,189.0,406.0000000000004,small,2,heavy,0,not_truncated,False,,,
0000312_01001_d_0000419.jpg,45,0,pedestrian,1,72,21.999999999999996,165.99999999999997,39.0,197.99999999999997,544.0000000000001,small,1,partial,0,not_truncated,False,,,
0000312_01001_d_0000419.jpg,46,0,pedestrian,1,73,10.999999999999998,166.0,28.0,202.0,612.0,small,2,heavy,0,not_truncated,False,,,
0000312_01001_d_0000419.jpg,47,0,pedestrian,1,76,542.0,249.99999999999997,559.0,287.0,629.0000000000005,small,0,none,0,not_truncated,True,28,0.6079899668693542,0.6295766830444336
0000312_01001_d_0000419.jpg,48,1,car,4,79,29.999999999999996,572.0,161.0,670.0,12838.0,large,0,none,0,not_truncated,True,13,0.9031583666801453,0.9201822876930237
0000312_01001_d_0000419.jpg,49,0,pedestrian,1,80,58.0,695.0,95.0,754.0,2183.0,medium,0,none,0,not_truncated,False,,,
0000312_04201_d_0000435.jpg,0,0,pedestrian,1,3,61.0,580.0,89.0,608.0,784.0,small,0,none,0,not_truncated,False,,,
0000312_04201_d_0000435.jpg,1,1,car,4,10,583.0,553.0,634.0,654.0,5151.0,medium,0,none,0,not_truncated,True,6,0.9189704060554504,0.948874831199646
0000312_04201_d_0000435.jpg,2,1,car,4,11,650.0,573.0,701.0000000000001,683.0,5610.000000000013,medium,0,none,0,not_truncated,True,30,0.5018710494041443,0.9723048210144043
0000312_04201_d_0000435.jpg,3,1,car,4,12,733.0,580.0,788.0000000000001,686.9999999999999,5885.0000000000055,medium,0,none,0,not_truncated,True,17,0.8950181603431702,0.9448916912078857
0000312_04201_d_0000435.jpg,4,1,car,4,13,814.0,564.0,866.0000000000001,672.0,5616.000000000013,medium,0,none,0,not_truncated,True,8,0.9181555509567261,0.9591682553291321
0000312_04201_d_0000435.jpg,5,1,car,4,14,916.9999999999999,596.0,978.0,703.0,6527.000000000012,medium,0,none,0,not_truncated,True,24,0.780409574508667,0.9393221735954285
0000312_04201_d_0000435.jpg,6,1,car,4,15,1049.0,604.0000000000001,1112.0,719.0,7244.999999999993,medium,0,none,0,not_truncated,True,15,0.8984377384185791,0.9667249917984009
0000312_04201_d_0000435.jpg,7,1,car,4,16,1131.0,601.0,1200.0,704.0,7107.0,medium,1,partial,0,not_truncated,True,32,0.41451576352119446,0.8980512022972107
0000312_04201_d_0000435.jpg,8,1,car,4,19,0.0,431.0,77.0,520.0,6853.0,medium,1,partial,1,truncated,False,,,
0000312_04201_d_0000435.jpg,9,0,pedestrian,1,21,263.0,435.0,281.0,461.00000000000006,468.000000000001,small,0,none,0,not_truncated,False,,,
0000312_04201_d_0000435.jpg,10,1,car,4,22,275.0,524.0,362.0,634.0,9570.0,large,0,none,0,not_truncated,True,1,0.9397691488265991,0.9739771485328674
0000312_04201_d_0000435.jpg,11,1,car,4,23,377.0,502.0,428.0,600.0,4998.0,medium,0,none,0,not_truncated,True,5,0.9191376566886902,0.9339831471443176
0000312_04201_d_0000435.jpg,12,1,car,4,24,443.0,520.0,497.99999999999994,630.0,6049.999999999994,medium,0,none,0,not_truncated,True,33,0.3959212303161621,0.9292833209037781
0000312_04201_d_0000435.jpg,13,1,car,4,25,521.0,534.0,560.0,610.0,2964.0,medium,0,none,0,not_truncated,True,12,0.9076608419418335,0.937524139881134
0000312_04201_d_0000435.jpg,14,0,pedestrian,1,26,1127.0,546.0,1150.0,568.9999999999999,528.9999999999974,small,0,none,0,not_truncated,True,25,0.6655677556991577,0.9103525876998901
0000312_04201_d_0000435.jpg,15,0,pedestrian,1,27,1167.0,493.99999999999994,1189.0,518.0,528.0000000000013,small,0,none,0,not_truncated,False,,,
0000312_04201_d_0000435.jpg,16,0,pedestrian,1,29,1236.0,521.0,1261.0,541.9999999999999,524.9999999999972,small,1,partial,0,not_truncated,False,,,
0000312_04201_d_0000435.jpg,17,0,pedestrian,1,30,1222.0,515.0,1248.0,540.0,650.0,small,1,partial,0,not_truncated,False,,,
0000312_04201_d_0000435.jpg,18,0,pedestrian,1,31,1201.0,521.0,1221.0,541.0,400.0,small,1,partial,0,not_truncated,False,,,
0000312_04201_d_0000435.jpg,19,0,pedestrian,1,32,1187.0,522.0,1204.0,540.0,306.0,small,1,partial,0,not_truncated,False,,,
0000312_04201_d_0000435.jpg,20,1,car,4,34,997.0000000000001,299.0,1095.0,346.0,4605.9999999999945,medium,0,none,0,not_truncated,True,10,0.9127622246742249,0.9490799903869629
0000312_04201_d_0000435.jpg,21,0,pedestrian,1,36,1063.0,281.0,1079.0,303.0,352.0,small,1,partial,0,not_truncated,False,,,
0000312_04201_d_0000435.jpg,22,1,car,4,40,873.0000000000001,112.0,908.9999999999999,175.0,2267.9999999999854,medium,0,none,0,not_truncated,True,16,0.8967025279998779,0.9130316972732544
0000312_04201_d_0000435.jpg,23,1,car,4,41,798.0,120.0,836.9999999999999,173.00000000000003,2066.999999999995,medium,0,none,0,not_truncated,True,14,0.9010840654373169,0.9022979140281677
0000312_04201_d_0000435.jpg,24,1,car,4,42,725.0,111.99999999999999,760.9999999999999,166.0,1943.9999999999943,medium,0,none,0,not_truncated,True,9,0.9130009412765503,0.8343263268470764
0000312_04201_d_0000435.jpg,25,1,car,4,43,664.0,107.0,698.9999999999999,165.0,2029.9999999999934,medium,0,none,0,not_truncated,True,7,0.9184556603431702,0.8534330129623413
0000312_04201_d_0000435.jpg,26,0,pedestrian,1,44,653.0,148.0,666.0,176.0,364.0,small,0,none,0,not_truncated,True,38,0.26888373494148254,0.6932315826416016
0000312_04201_d_0000435.jpg,27,0,pedestrian,1,46,535.0,25.999999999999996,541.0,47.0,126.00000000000003,small,0,none,0,not_truncated,True,27,0.6215102076530457,0.5628433227539062
0000312_04201_d_0000435.jpg,28,1,car,4,47,503.0,100.0,543.0,150.0,2000.0,medium,0,none,0,not_truncated,True,23,0.8387109041213989,0.9023752212524414
0000312_04201_d_0000435.jpg,29,1,car,4,48,549.0,161.0,639.0,207.99999999999997,4229.999999999997,medium,0,none,0,not_truncated,True,21,0.8891363143920898,0.9217087030410767
0000312_04201_d_0000435.jpg,30,1,car,4,49,414.99999999999994,102.0,455.99999999999994,158.0,2296.0,medium,0,none,0,not_truncated,True,20,0.8941870331764221,0.9690258502960205
0000312_04201_d_0000435.jpg,31,0,pedestrian,1,50,459.00000000000006,153.0,473.0,180.0,377.99999999999847,small,1,partial,0,not_truncated,True,29,0.5375322103500366,0.9390488862991333
0000312_04201_d_0000435.jpg,32,0,pedestrian,1,51,407.0,83.99999999999999,418.99999999999994,111.99999999999999,335.9999999999984,small,0,none,0,not_truncated,True,31,0.4242754876613617,0.7023670673370361
0000312_04201_d_0000435.jpg,33,0,pedestrian,1,54,246.0,27.999999999999996,252.99999999999997,45.0,118.99999999999955,small,1,partial,0,not_truncated,False,,,
0000312_04201_d_0000435.jpg,34,0,pedestrian,1,55,251.99999999999997,16.999999999999996,264.0,41.0,288.00000000000074,small,1,partial,0,not_truncated,False,,,
0000312_04201_d_0000435.jpg,35,0,pedestrian,1,56,259.0,25.0,271.0,46.0,252.0,small,2,heavy,0,not_truncated,False,,,
0000312_04201_d_0000435.jpg,36,0,pedestrian,1,60,171.0,193.0,187.00000000000003,219.99999999999997,432.0000000000003,small,0,none,0,not_truncated,True,26,0.6435437202453613,0.8317438960075378
0000312_04201_d_0000435.jpg,37,0,pedestrian,1,61,155.0,224.0,175.99999999999997,255.0,650.9999999999991,small,0,none,0,not_truncated,True,28,0.5491540431976318,0.7570419311523438
0000312_04201_d_0000435.jpg,38,1,car,4,71,352.00000000000006,280.0,407.0,362.0,4509.999999999995,medium,0,none,0,not_truncated,True,22,0.8645583987236023,0.9701740741729736
0000312_04201_d_0000435.jpg,39,1,car,4,72,437.00000000000006,282.0,485.0,348.0,3167.9999999999964,medium,0,none,0,not_truncated,True,4,0.9209384322166443,0.9019643664360046
0000312_04201_d_0000435.jpg,40,1,car,4,73,519.0,290.00000000000006,576.0,369.0,4502.999999999996,medium,0,none,0,not_truncated,True,3,0.9264301061630249,0.9468914866447449
0000312_04201_d_0000435.jpg,41,1,car,4,74,576.0,301.0,626.0,376.0,3750.0,medium,0,none,0,not_truncated,True,19,0.8948373794555664,0.8691055774688721
0000312_04201_d_0000435.jpg,42,1,car,4,75,634.0,310.0,678.0,384.0,3256.0,medium,0,none,0,not_truncated,True,11,0.9121235609054565,0.9345791339874268
0000312_04201_d_0000435.jpg,43,1,car,4,76,636.0,408.0,684.0,496.0,4224.0,medium,0,none,0,not_truncated,True,0,0.9407825469970703,0.9300171732902527
0000312_04201_d_0000435.jpg,44,1,car,4,77,694.0000000000001,308.0,735.0,386.0,3197.999999999991,medium,0,none,0,not_truncated,True,2,0.9267541766166687,0.9372302293777466
0000312_04201_d_0000435.jpg,45,1,car,4,78,829.0000000000001,323.0,869.9999999999999,399.0,3115.9999999999827,medium,0,none,0,not_truncated,True,13,0.9028415679931641,0.9376819729804993
0000312_04201_d_0000435.jpg,46,1,car,4,79,738.9999999999999,411.0,785.0000000000001,500.0,4094.00000000002,medium,0,none,0,not_truncated,True,18,0.8949496150016785,0.9275175929069519
0000312_04201_d_0000435.jpg,47,0,pedestrian,1,80,826.0000000000001,186.00000000000003,843.0,215.0,492.99999999999625,small,0,none,0,not_truncated,False,,,
0000312_04201_d_0000435.jpg,48,0,pedestrian,1,81,828.0000000000001,175.0,845.0,206.0,526.9999999999965,small,1,partial,0,not_truncated,False,,,
0000315_01601_d_0000509.jpg,0,1,car,4,1,624.0,638.0,683.0,742.0,6136.0,medium,0,none,0,not_truncated,True,11,0.5597975254058838,0.9429249167442322
0000315_01601_d_0000509.jpg,1,1,car,4,2,503.0,634.0,562.0,736.0,6018.0,medium,1,partial,0,not_truncated,True,6,0.8202875852584839,0.9439749121665955
0000315_01601_d_0000509.jpg,2,0,pedestrian,1,3,177.0,709.9999999999999,207.99999999999997,744.0,1054.0000000000025,medium,0,none,0,not_truncated,True,18,0.42155715823173523,0.6022780537605286
0000315_01601_d_0000509.jpg,3,0,pedestrian,1,4,203.0,701.0,225.0,744.0,946.0,small,1,partial,0,not_truncated,True,36,0.30070093274116516,0.8736955523490906
0000315_01601_d_0000509.jpg,4,1,car,4,5,243.0,560.0,354.0,614.0,5994.0,medium,1,partial,0,not_truncated,False,,,
0000315_01601_d_0000509.jpg,5,0,pedestrian,1,6,246.0,500.0,260.0,538.0,532.0,small,0,none,0,not_truncated,False,,,
0000315_01601_d_0000509.jpg,6,0,pedestrian,1,9,295.99999999999994,500.0,308.0,534.0,408.00000000000193,small,0,none,0,not_truncated,True,42,0.27079835534095764,0.7596791386604309
0000315_01601_d_0000509.jpg,7,0,pedestrian,1,10,274.0,489.99999999999994,293.0,519.0,551.0000000000011,small,1,partial,0,not_truncated,False,,,
0000315_01601_d_0000509.jpg,8,0,pedestrian,1,11,389.00000000000006,434.0,401.0,465.00000000000006,371.9999999999989,small,1,partial,0,not_truncated,False,,,
0000315_01601_d_0000509.jpg,9,0,pedestrian,1,16,425.0,304.0,433.0,328.0,192.0,small,2,heavy,0,not_truncated,False,,,
0000315_01601_d_0000509.jpg,10,0,pedestrian,1,19,480.00000000000006,309.0,490.0,333.0,239.99999999999864,small,0,none,0,not_truncated,True,39,0.28760460019111633,0.8389227390289307
0000315_01601_d_0000509.jpg,11,2,van,5,22,550.0,352.0,577.0000000000001,397.99999999999994,1242.0000000000036,medium,1,partial,0,not_truncated,True,45,0.25377675890922546,0.8723258972167969
0000315_01601_d_0000509.jpg,12,1,car,4,23,537.0,410.0,571.0,460.0,1700.0,medium,1,partial,0,not_truncated,True,1,0.8657934069633484,0.856477677822113
0000315_01601_d_0000509.jpg,13,1,car,4,24,460.0,259.0,522.0,283.0,1488.0,medium,0,none,0,not_truncated,True,3,0.8480601906776428,0.8727947473526001
0000315_01601_d_0000509.jpg,14,1,car,4,25,526.0,244.00000000000003,550.0,270.0,623.9999999999993,small,0,none,0,not_truncated,True,9,0.667729914188385,0.841377317905426
0000315_01601_d_0000509.jpg,15,1,car,4,26,526.0,219.99999999999997,554.0,242.0,616.0000000000008,small,0,none,0,not_truncated,True,29,0.34900370240211487,0.8807911276817322
0000315_01601_d_0000509.jpg,16,2,van,5,27,468.0,214.0,499.00000000000006,243.0,899.0000000000016,small,0,none,0,not_truncated,True,17,0.42323237657546997,0.9202513098716736
0000315_01601_d_0000509.jpg,17,0,pedestrian,1,28,524.0,180.0,530.0,195.99999999999997,95.99999999999983,small,1,partial,0,not_truncated,False,,,
0000315_01601_d_0000509.jpg,18,0,pedestrian,1,29,519.0,157.0,524.0,171.0,70.0,small,0,none,0,not_truncated,False,,,
0000315_01601_d_0000509.jpg,19,0,pedestrian,1,30,508.0,157.0,512.0,170.0,52.0,small,0,none,0,not_truncated,False,,,
0000315_01601_d_0000509.jpg,20,1,car,4,31,494.00000000000006,151.00000000000003,512.0,168.0,305.9999999999985,small,1,partial,0,not_truncated,True,20,0.40436071157455444,0.8257472515106201
0000315_01601_d_0000509.jpg,21,3,truck,6,32,410.00000000000006,148.0,474.0,172.0,1535.9999999999986,medium,2,heavy,0,not_truncated,False,,,
0000315_01601_d_0000509.jpg,22,1,car,4,33,444.0,137.0,483.0,151.0,546.0,small,1,partial,0,not_truncated,False,,,
0000315_01601_d_0000509.jpg,23,0,pedestrian,1,34,803.0,460.0,815.0,488.00000000000006,336.0000000000007,small,0,none,0,not_truncated,True,15,0.44653308391571045,0.8438732624053955
0000315_01601_d_0000509.jpg,24,0,pedestrian,1,35,853.0,437.0,865.0,467.00000000000006,360.0000000000007,small,1,partial,0,not_truncated,True,12,0.5419914126396179,0.678026556968689
0000315_01601_d_0000509.jpg,25,1,car,4,36,881.9999999999999,348.0,944.0,378.0,1860.0000000000034,medium,1,partial,0,not_truncated,True,32,0.3140910863876343,0.8724330067634583
0000315_01601_d_0000509.jpg,26,1,car,4,38,1200.0,257.0,1259.0,280.0,1357.0,medium,0,none,0,not_truncated,True,5,0.8214436769485474,0.8389838337898254
0000315_01601_d_0000509.jpg,27,1,car,4,39,613.0,384.0,648.0,426.0,1470.0,medium,0,none,0,not_truncated,True,0,0.9059304594993591,0.9564516544342041
0000315_01601_d_0000509.jpg,28,1,car,4,40,670.0,369.0,704.9999999999999,400.0,1084.9999999999964,medium,0,none,0,not_truncated,True,4,0.8262404799461365,0.8419376611709595
0000315_01601_d_0000509.jpg,29,1,car,4,41,641.0,280.0,671.0,308.0,840.0,small,0,none,0,not_truncated,True,2,0.8578481674194336,0.8845782279968262
0000315_01601_d_0000509.jpg,30,1,car,4,42,702.0000000000001,284.0,736.0,314.0,1019.9999999999966,small,1,partial,0,not_truncated,True,7,0.8144854307174683,0.9232558012008667
0000315_01601_d_0000509.jpg,31,1,car,4,49,670.0,249.0,700.9999999999999,271.0,681.9999999999975,small,1,partial,0,not_truncated,True,19,0.4197814166545868,0.7045122981071472
0000315_01601_d_0000509.jpg,32,3,truck,6,50,674.0,227.0,690.0,247.00000000000003,320.00000000000045,small,1,partial,0,not_truncated,False,,,
0000315_01601_d_0000509.jpg,33,1,car,4,53,653.9999999999999,212.0,678.0,235.00000000000003,552.0000000000033,small,1,partial,0,not_truncated,True,33,0.3128563463687897,0.8275508880615234
0000315_01601_d_0000509.jpg,34,1,car,4,54,659.0,191.00000000000003,688.0,206.00000000000003,435.0,small,2,heavy,0,not_truncated,True,43,0.2675711214542389,0.5384146571159363
0000315_01601_d_0000509.jpg,35,0,pedestrian,1,55,671.0,203.0,679.0,219.00000000000003,128.00000000000023,small,1,partial,0,not_truncated,False,,,
0000315_01601_d_0000509.jpg,36,1,car,4,56,640.0,169.00000000000003,674.0,185.0,543.9999999999991,small,2,heavy,0,not_truncated,False,,,
0000315_01601_d_0000509.jpg,37,1,car,4,57,556.0000000000001,141.0,574.0,158.0,305.99999999999807,small,0,none,0,not_truncated,True,8,0.7779961228370667,0.8097297549247742
0000315_01601_d_0000509.jpg,38,1,car,4,58,536.0000000000001,121.0,552.0,133.0,191.99999999999864,small,0,none,0,not_truncated,True,23,0.38265877962112427,0.5979993343353271
0000315_01601_d_0000509.jpg,39,1,car,4,59,505.0,96.0,518.0,107.0,143.0,small,0,none,0,not_truncated,True,22,0.3880605101585388,0.6294745802879333
0000315_01601_d_0000509.jpg,40,3,truck,6,60,479.00000000000006,118.0,495.0,140.0,351.99999999999875,small,1,partial,0,not_truncated,False,,,
0000315_01601_d_0000509.jpg,41,3,truck,6,61,484.0,109.0,496.99999999999994,129.0,259.99999999999886,small,2,heavy,0,not_truncated,False,,,
0000315_01601_d_0000509.jpg,42,2,van,5,62,472.00000000000006,104.00000000000001,486.0,120.0,223.9999999999989,small,1,partial,0,not_truncated,False,,,
0000315_01601_d_0000509.jpg,43,1,car,4,63,506.0,74.0,518.0,82.0,96.0,small,0,none,0,not_truncated,False,,,
0000315_01601_d_0000509.jpg,44,1,car,4,64,511.0,83.0,522.0,91.99999999999999,98.99999999999984,small,1,partial,0,not_truncated,False,,,
0000315_01601_d_0000509.jpg,45,2,van,5,65,449.0,80.0,471.00000000000006,91.0,242.00000000000063,small,1,partial,0,not_truncated,False,,,
0000315_01601_d_0000509.jpg,46,1,car,4,66,464.0,88.0,479.99999999999994,98.99999999999999,175.99999999999915,small,1,partial,0,not_truncated,False,,,
0000315_01601_d_0000509.jpg,47,1,car,4,67,468.0,101.0,485.99999999999994,113.0,215.99999999999932,small,2,heavy,0,not_truncated,False,,,
0000315_01601_d_0000509.jpg,48,1,car,4,68,468.0,94.0,485.99999999999994,105.00000000000001,197.99999999999963,small,2,heavy,0,not_truncated,True,25,0.372481107711792,0.6267282962799072
0000315_01601_d_0000509.jpg,49,0,pedestrian,1,69,486.0,96.0,490.0,107.0,44.0,small,1,partial,0,not_truncated,False,,,
0000315_01601_d_0000509.jpg,50,0,pedestrian,1,70,494.0,100.0,496.99999999999994,111.00000000000001,32.99999999999942,small,1,partial,0,not_truncated,False,,,
0000315_01601_d_0000509.jpg,51,1,car,4,75,585.0,133.00000000000003,603.0,148.0,269.9999999999995,small,0,none,0,not_truncated,True,31,0.3243735134601593,0.6615663766860962
0000315_01601_d_0000509.jpg,52,1,car,4,76,574.0,124.0,589.9999999999999,136.0,191.99999999999864,small,1,partial,0,not_truncated,False,,,
0000315_01601_d_0000509.jpg,53,1,car,4,77,564.0,115.0,581.0,129.99999999999997,254.99999999999952,small,1,partial,0,not_truncated,False,,,
0000315_01601_d_0000509.jpg,54,2,van,5,78,560.0,97.0,570.0,111.99999999999999,149.99999999999986,small,0,none,0,not_truncated,False,,,
0000315_01601_d_0000509.jpg,55,1,car,4,81,608.0,136.0,643.0,153.0,595.0,small,2,heavy,0,not_truncated,False,,,
0000315_01601_d_0000509.jpg,56,1,car,4,82,594.0,124.0,621.0000000000001,136.0,324.00000000000136,small,2,heavy,0,not_truncated,False,,,
0000315_01601_d_0000509.jpg,57,1,car,4,83,181.0,91.99999999999999,206.99999999999997,103.99999999999999,311.99999999999966,small,1,partial,0,not_truncated,False,,,
0000315_01601_d_0000509.jpg,58,0,pedestrian,1,88,823.9999999999999,263.0,829.9999999999999,279.0,96.0,small,2,heavy,0,not_truncated,False,,,
0000315_01601_d_0000509.jpg,59,0,pedestrian,1,89,843.0,267.0,851.0,288.0,168.0,small,1,partial,0,not_truncated,False,,,
0000315_01601_d_0000509.jpg,60,0,pedestrian,1,91,864.0,293.0,872.9999999999999,312.0,170.99999999999784,small,1,partial,1,truncated,False,,,
0000315_01601_d_0000509.jpg,61,0,pedestrian,1,92,873.0000000000001,296.99999999999994,879.0,311.0,83.99999999999875,small,1,partial,0,not_truncated,False,,,
0000315_01601_d_0000509.jpg,62,0,pedestrian,1,93,870.0000000000001,307.0,879.0,330.0,206.99999999999739,small,1,partial,0,not_truncated,False,,,
0000315_01601_d_0000509.jpg,63,0,pedestrian,1,94,891.0,293.0,898.0,313.0,140.0,small,1,partial,0,not_truncated,False,,,
0000315_01601_d_0000509.jpg,64,0,pedestrian,1,95,897.0,299.0,904.0,319.0,140.0,small,1,partial,0,not_truncated,False,,,
0000315_01601_d_0000509.jpg,65,0,pedestrian,1,96,905.0,300.0,911.9999999999999,319.0,132.99999999999784,small,1,partial,0,not_truncated,False,,,
0000315_01601_d_0000509.jpg,66,0,pedestrian,1,97,918.0000000000001,299.0,931.0,324.0,324.99999999999716,small,1,partial,0,not_truncated,False,,,
0000315_01601_d_0000509.jpg,67,0,pedestrian,1,98,933.0,299.0,942.0,322.0,207.0,small,1,partial,0,not_truncated,False,,,
0000315_01601_d_0000509.jpg,68,0,pedestrian,1,99,908.0,295.0,916.9999999999999,315.0,179.99999999999773,small,1,partial,0,not_truncated,False,,,
0000315_01601_d_0000509.jpg,69,0,pedestrian,1,100,912.0000000000001,286.0,920.0,304.0,143.99999999999795,small,1,partial,0,not_truncated,False,,,
0000315_01601_d_0000509.jpg,70,0,pedestrian,1,101,918.0000000000001,293.0,924.0,311.0,107.99999999999795,small,2,heavy,0,not_truncated,False,,,
0000315_01601_d_0000509.jpg,71,0,pedestrian,1,102,931.0,294.0,939.0,312.0,144.0,small,2,heavy,0,not_truncated,False,,,
0000315_01601_d_0000509.jpg,72,1,car,4,104,1324.0000000000002,407.0,1360.0,445.00000000000006,1367.9999999999934,medium,0,none,1,truncated,True,13,0.530367374420166,0.7294104695320129
0000316_00801_d_0000523.jpg,0,0,pedestrian,1,1,588.0,654.0,604.0,692.0,608.0,small,0,none,0,not_truncated,True,5,0.6470474600791931,0.8758525252342224
0000316_00801_d_0000523.jpg,1,1,car,4,2,831.0000000000001,558.0,937.0,612.0,5723.999999999994,medium,2,heavy,0,not_truncated,True,1,0.7830485701560974,0.7661170363426208
0000316_00801_d_0000523.jpg,2,1,car,4,3,901.0,506.0,913.9999999999999,541.0,454.999999999996,small,0,none,0,not_truncated,False,,,
0000316_00801_d_0000523.jpg,3,1,car,4,4,898.0,444.99999999999994,909.9999999999999,473.0,335.9999999999975,small,0,none,0,not_truncated,False,,,
0000316_00801_d_0000523.jpg,4,1,car,4,5,431.0,627.0000000000001,553.0,688.0,7441.999999999986,medium,2,heavy,0,not_truncated,True,0,0.7905230522155762,0.8953306674957275
0000316_00801_d_0000523.jpg,5,3,truck,6,8,623.0,444.99999999999994,656.0,485.0,1320.0000000000018,medium,1,partial,0,not_truncated,False,,,
0000316_00801_d_0000523.jpg,6,1,car,4,9,628.0,415.99999999999994,663.0,455.0,1365.000000000002,medium,1,partial,0,not_truncated,True,3,0.7165378928184509,0.8532443046569824
0000316_00801_d_0000523.jpg,7,2,van,5,10,525.0,384.0,559.0,427.0,1462.0,medium,1,partial,0,not_truncated,True,7,0.47083282470703125,0.8745474219322205
0000316_00801_d_0000523.jpg,8,2,van,5,11,832.0000000000001,335.0,857.0,363.0,699.9999999999968,small,1,partial,0,not_truncated,False,,,
0000316_00801_d_0000523.jpg,9,0,pedestrian,1,17,843.0,262.0,848.0,279.0,85.0,small,0,none,0,not_truncated,False,,,
0000316_00801_d_0000523.jpg,10,1,car,4,20,741.0000000000001,267.0,779.0,285.0,683.999999999998,small,1,partial,0,not_truncated,True,14,0.31957733631134033,0.6440125703811646
0000316_00801_d_0000523.jpg,11,2,van,5,21,745.0000000000001,243.0,777.0,263.0,639.9999999999977,small,2,heavy,0,not_truncated,False,,,
0000316_00801_d_0000523.jpg,12,0,pedestrian,1,23,796.0,217.0,803.0,231.00000000000003,98.0000000000002,small,1,partial,0,not_truncated,False,,,
0000316_00801_d_0000523.jpg,13,1,car,4,25,738.0000000000001,225.0,756.0,243.00000000000003,323.99999999999847,small,0,none,0,not_truncated,True,16,0.29320478439331055,0.5937522053718567
0000316_00801_d_0000523.jpg,14,0,pedestrian,1,28,683.0,219.99999999999997,689.0,233.00000000000003,78.00000000000034,small,0,none,0,not_truncated,False,,,
0000316_00801_d_0000523.jpg,15,3,truck,6,29,687.0000000000001,203.0,725.0,220.00000000000003,645.9999999999991,small,1,partial,0,not_truncated,False,,,
0000316_00801_d_0000523.jpg,16,2,van,5,30,715.0,195.0,731.0,213.0,288.0,small,1,partial,0,not_truncated,False,,,
0000316_00801_d_0000523.jpg,17,1,car,4,31,717.0,179.0,730.0,191.0,156.0,small,0,none,0,not_truncated,True,6,0.5811063051223755,0.7671283483505249
0000316_00801_d_0000523.jpg,18,1,car,4,32,714.0,158.0,725.0,168.0,110.0,small,0,none,0,not_truncated,True,11,0.40353670716285706,0.7279924154281616
0000316_01601_d_0000527.jpg,0,0,pedestrian,1,1,0.0,370.99999999999994,21.0,412.0,861.0000000000011,small,0,none,1,truncated,False,,,
0000316_01601_d_0000527.jpg,1,3,truck,6,2,123.00000000000001,268.0,215.0,360.0,8463.999999999998,medium,1,partial,0,not_truncated,False,,,
0000316_01601_d_0000527.jpg,2,2,van,5,3,282.0,244.99999999999997,325.0,308.0,2709.0000000000014,medium,1,partial,0,not_truncated,False,,,
0000316_01601_d_0000527.jpg,3,0,pedestrian,1,4,331.00000000000006,156.0,340.0,186.00000000000003,269.9999999999985,small,0,none,0,not_truncated,False,,,
0000316_01601_d_0000527.jpg,4,0,pedestrian,1,5,336.0,161.0,342.0,181.00000000000003,120.00000000000017,small,1,partial,0,not_truncated,False,,,
0000316_01601_d_0000527.jpg,5,0,pedestrian,1,6,382.0,73.0,391.99999999999994,100.0,269.99999999999847,small,0,none,0,not_truncated,False,,,
0000316_01601_d_0000527.jpg,6,0,pedestrian,1,7,406.0,67.99999999999999,416.99999999999994,102.0,373.99999999999824,small,2,heavy,0,not_truncated,False,,,
0000316_01601_d_0000527.jpg,7,1,car,4,8,372.00000000000006,19.0,428.0,50.0,1735.9999999999982,medium,0,none,0,not_truncated,True,3,0.8408787250518799,0.8790457844734192
0000316_01601_d_0000527.jpg,8,1,car,4,9,611.0,22.0,648.0,51.0,1073.0,medium,0,none,0,not_truncated,True,6,0.6548808813095093,0.9597427845001221
0000316_01601_d_0000527.jpg,9,0,pedestrian,1,10,583.0,0.0,592.0,12.999999999999998,116.99999999999999,small,1,partial,1,truncated,False,,,
0000316_01601_d_0000527.jpg,10,1,car,4,11,564.0,74.99999999999999,603.0,120.0,1755.0000000000005,medium,1,partial,0,not_truncated,True,5,0.6780608296394348,0.8533278703689575
0000316_01601_d_0000527.jpg,11,0,pedestrian,1,12,678.0,94.99999999999999,688.0,124.99999999999999,300.0,small,0,none,0,not_truncated,True,14,0.3477698266506195,0.8339083194732666
0000316_01601_d_0000527.jpg,12,3,truck,6,13,406.0,220.99999999999997,527.0,305.0,10164.000000000004,large,1,partial,0,not_truncated,False,,,
0000316_01601_d_0000527.jpg,13,0,pedestrian,1,14,495.00000000000006,292.0,508.0,320.0,363.9999999999984,small,1,partial,0,not_truncated,False,,,
0000316_01601_d_0000527.jpg,14,0,pedestrian,1,16,592.0,317.0,604.0,352.0,420.0,small,0,none,0,not_truncated,True,13,0.42456281185150146,0.7214698791503906
0000316_01601_d_0000527.jpg,15,0,pedestrian,1,17,586.0,313.00000000000006,599.0,347.0,441.99999999999926,small,1,partial,0,not_truncated,True,17,0.2613532245159149,0.507786750793457
0000316_01601_d_0000527.jpg,16,1,car,4,20,536.0,394.00000000000006,631.0,451.0,5414.9999999999945,medium,0,none,0,not_truncated,True,0,0.9577312469482422,0.9777530431747437
0000316_01601_d_0000527.jpg,17,0,pedestrian,1,21,771.0,236.0,783.9999999999999,268.0,415.99999999999636,small,1,partial,0,not_truncated,False,,,
0000316_01601_d_0000527.jpg,18,0,pedestrian,1,22,767.0,263.0,781.0,295.99999999999994,461.9999999999992,small,0,none,0,not_truncated,True,11,0.47734591364860535,0.5277436971664429
0000316_01601_d_0000527.jpg,19,0,pedestrian,1,23,790.0000000000001,270.0,803.0,306.0,467.9999999999959,small,0,none,0,not_truncated,True,12,0.4497959315776825,0.8212032914161682
0000316_01601_d_0000527.jpg,20,0,pedestrian,1,24,1008.0,361.0,1026.0,397.00000000000006,648.000000000001,small,1,partial,0,not_truncated,True,15,0.30467087030410767,0.6592466235160828
0000316_01601_d_0000527.jpg,21,1,car,4,25,931.0,389.00000000000006,1043.0,452.0,7055.999999999994,medium,0,none,0,not_truncated,True,4,0.7452568411827087,0.9485589265823364
0000316_01601_d_0000527.jpg,22,1,car,4,26,1004.0,445.00000000000006,1131.0,498.0,6730.999999999993,medium,1,partial,0,not_truncated,True,1,0.9171848893165588,0.8683500289916992
0000316_01601_d_0000527.jpg,23,1,car,4,29,1275.0,414.00000000000006,1360.0,483.0,5864.999999999995,medium,1,partial,1,truncated,True,7,0.6540202498435974,0.9096952080726624
0000323_02601_d_0000645.jpg,0,0,pedestrian,1,3,291.0,556.0,316.0,609.0,1325.0,medium,0,none,0,not_truncated,True,12,0.6258184313774109,0.7932946085929871
0000323_02601_d_0000645.jpg,1,0,pedestrian,1,4,279.0,551.0,304.0,605.0,1350.0,medium,1,partial,0,not_truncated,False,,,
0000323_02601_d_0000645.jpg,2,0,pedestrian,1,5,0.0,583.0,26.000000000000004,637.0,1404.0000000000002,medium,0,none,1,truncated,True,6,0.8046390414237976,0.7289392948150635
0000323_02601_d_0000645.jpg,3,0,pedestrian,1,6,28.0,566.0,52.00000000000001,619.0,1272.0000000000005,medium,0,none,0,not_truncated,True,5,0.8116615414619446,0.8005631566047668
0000323_02601_d_0000645.jpg,4,3,truck,6,9,378.0,358.0,548.0,442.00000000000006,14280.00000000001,large,0,none,0,not_truncated,True,0,0.9037456512451172,0.906719446182251
0000323_02601_d_0000645.jpg,5,1,car,4,10,423.0,236.0,467.0,278.00000000000006,1848.0000000000025,medium,0,none,0,not_truncated,True,2,0.8886663913726807,0.9029202461242676
0000323_02601_d_0000645.jpg,6,0,pedestrian,1,11,284.99999999999994,197.00000000000003,298.0,231.0,442.00000000000153,small,0,none,0,not_truncated,False,,,
0000323_02601_d_0000645.jpg,7,0,pedestrian,1,13,268.00000000000006,179.0,277.0,206.0,242.99999999999847,small,2,heavy,0,not_truncated,False,,,
0000323_02601_d_0000645.jpg,8,0,pedestrian,1,14,276.0,175.00000000000003,285.99999999999994,204.0,289.99999999999807,small,1,partial,0,not_truncated,False,,,
0000323_02601_d_0000645.jpg,9,0,pedestrian,1,15,257.00000000000006,116.99999999999999,266.0,138.0,188.99999999999892,small,1,partial,0,not_truncated,False,,,
0000323_02601_d_0000645.jpg,10,2,van,5,16,263.99999999999994,110.99999999999999,296.0,153.0,1344.000000000003,medium,1,partial,0,not_truncated,True,7,0.7723265886306763,0.7762255072593689
0000323_02601_d_0000645.jpg,11,1,car,4,17,308.0,97.99999999999999,332.0,120.0,528.0000000000003,small,0,none,0,not_truncated,True,13,0.6066703200340271,0.8891922235488892
0000323_02601_d_0000645.jpg,12,1,car,4,18,365.0,107.0,395.00000000000006,136.99999999999997,900.0000000000008,small,0,none,0,not_truncated,True,14,0.5187930464744568,0.9282180666923523
0000323_02601_d_0000645.jpg,13,4,bus,9,19,268.0,39.0,304.0,81.0,1512.0,medium,0,none,0,not_truncated,True,16,0.4996342360973358,0.8030522465705872
0000323_02601_d_0000645.jpg,14,1,car,4,20,316.0,51.99999999999999,336.0,70.0,360.0000000000001,small,0,none,0,not_truncated,True,8,0.704018771648407,0.8633125424385071
0000323_02601_d_0000645.jpg,15,1,car,4,21,320.0,33.0,338.0,45.99999999999999,233.9999999999999,small,0,none,0,not_truncated,True,15,0.5181143879890442,0.7126293778419495
0000323_02601_d_0000645.jpg,16,1,car,4,22,352.99999999999994,35.0,375.0,51.99999999999999,374.0000000000008,small,0,none,0,not_truncated,True,18,0.472135454416275,0.8061164617538452
0000323_02601_d_0000645.jpg,17,1,car,4,23,287.0,30.999999999999996,305.0,45.0,252.00000000000006,small,1,partial,0,not_truncated,True,27,0.3771463930606842,0.6378384232521057
0000323_02601_d_0000645.jpg,18,1,car,4,24,255.0,13.999999999999998,273.0,30.0,288.0,small,1,partial,0,not_truncated,False,,,
0000323_02601_d_0000645.jpg,19,1,car,4,25,293.0,3.999999999999999,311.0,18.0,252.0,small,0,none,0,not_truncated,True,22,0.40638428926467896,0.7811707854270935
0000323_02601_d_0000645.jpg,20,1,car,4,28,363.0,22.999999999999996,379.99999999999994,35.0,203.99999999999937,small,0,none,0,not_truncated,True,42,0.2807179391384125,0.832116961479187
0000323_02601_d_0000645.jpg,21,1,car,4,29,392.00000000000006,46.0,410.0,60.0,251.9999999999992,small,0,none,0,not_truncated,True,4,0.8373278975486755,0.7080774307250977
0000323_02601_d_0000645.jpg,22,1,car,4,30,405.0,96.0,432.00000000000006,115.00000000000001,513.0000000000015,small,0,none,0,not_truncated,True,9,0.7010536193847656,0.8644839525222778
0000323_02601_d_0000645.jpg,23,1,car,4,31,435.99999999999994,83.0,463.0,100.0,459.00000000000097,small,0,none,0,not_truncated,True,10,0.695732057094574,0.8633084297180176
0000323_02601_d_0000645.jpg,24,0,pedestrian,1,32,481.0,60.0,488.0,77.0,119.0,small,0,none,0,not_truncated,False,,,
0000323_02601_d_0000645.jpg,25,0,pedestrian,1,33,490.0,59.0,496.0,73.99999999999999,89.99999999999991,small,0,none,0,not_truncated,False,,,
0000323_02601_d_0000645.jpg,26,3,truck,6,34,581.0,181.0,632.0,226.0,2295.0,medium,0,none,0,not_truncated,True,51,0.2520774006843567,0.8812324404716492
0000323_02601_d_0000645.jpg,27,0,pedestrian,1,35,707.0,331.0,721.0,365.0,476.0,small,0,none,0,not_truncated,False,,,
0000323_02601_d_0000645.jpg,28,3,truck,6,36,776.0,427.0,947.0,569.0,24282.0,large,0,none,0,not_truncated,True,3,0.8820255398750305,0.9627577066421509
0000323_02601_d_0000645.jpg,29,1,car,4,37,827.0000000000001,377.0,916.0000000000001,433.0,4984.0,medium,0,none,0,not_truncated,True,1,0.8990151882171631,0.9020518064498901
0000323_02601_d_0000645.jpg,30,0,pedestrian,1,38,446.0,607.0,480.00000000000006,668.0,2074.0000000000036,medium,0,none,0,not_truncated,True,31,0.34851178526878357,0.7660098075866699
0000323_02601_d_0000645.jpg,31,2,van,5,39,1028.0,516.0,1168.0,619.0,14420.0,large,0,none,0,not_truncated,True,11,0.6717520356178284,0.946831464767456
0000323_02601_d_0000645.jpg,32,1,car,4,40,1257.0,156.0,1312.0,183.0,1485.0,medium,2,heavy,0,not_truncated,False,,,
0000323_02601_d_0000645.jpg,33,1,car,4,41,1226.9999999999998,152.0,1274.0,174.0,1034.000000000005,medium,1,partial,0,not_truncated,False,,,
0000323_02601_d_0000645.jpg,34,1,car,4,42,1200.0,147.0,1243.0,165.0,774.0,small,2,heavy,0,not_truncated,False,,,
0000323_02601_d_0000645.jpg,35,1,car,4,43,1254.0,137.0,1305.0,160.0,1173.0,medium,1,partial,0,not_truncated,False,,,
0000323_02601_d_0000645.jpg,36,2,van,5,44,1266.9999999999998,115.0,1312.0,138.0,1035.0000000000052,medium,1,partial,0,not_truncated,False,,,
0000323_02601_d_0000645.jpg,37,1,car,4,45,1229.0,135.0,1267.9999999999998,151.0,623.9999999999964,small,2,heavy,0,not_truncated,True,20,0.42373666167259216,0.5878472924232483
0000323_02601_d_0000645.jpg,38,1,car,4,46,1211.0,127.99999999999999,1256.0,147.0,855.0000000000007,small,2,heavy,0,not_truncated,False,,,
0000323_02601_d_0000645.jpg,39,1,car,4,49,1164.0,116.99999999999999,1208.0,138.0,924.0000000000007,small,2,heavy,0,not_truncated,False,,,
0000323_02601_d_0000645.jpg,40,2,van,5,50,1133.0,121.99999999999999,1175.0,146.0,1008.0000000000006,small,1,partial,0,not_truncated,False,,,
0000323_02601_d_0000645.jpg,41,2,van,5,51,1115.0000000000002,118.0,1154.0,141.0,896.9999999999948,small,2,heavy,0,not_truncated,False,,,
0000323_02601_d_0000645.jpg,42,1,car,4,52,1094.0,117.00000000000001,1129.0,135.0,629.9999999999995,small,2,heavy,0,not_truncated,False,,,
0000323_02601_d_0000645.jpg,43,2,van,5,53,1138.0,103.0,1176.0,123.00000000000001,760.0000000000006,small,1,partial,0,not_truncated,False,,,
0000323_02601_d_0000645.jpg,44,2,van,5,54,1110.0,97.99999999999999,1155.0000000000002,118.0,900.0000000000052,small,1,partial,0,not_truncated,False,,,
0000323_02601_d_0000645.jpg,45,1,car,4,55,1069.0,106.0,1114.0000000000002,128.0,990.000000000005,small,1,partial,0,not_truncated,True,38,0.3120991885662079,0.7763177752494812
0000323_02601_d_0000645.jpg,46,1,car,4,56,1048.0,104.99999999999999,1085.0,124.0,703.0000000000006,small,2,heavy,0,not_truncated,True,26,0.38469964265823364,0.7072964310646057
0000323_02601_d_0000645.jpg,47,1,car,4,57,1030.0000000000002,99.99999999999999,1070.0,119.0,759.9999999999962,small,1,partial,0,not_truncated,True,34,0.330764502286911,0.8675573468208313
0000323_02601_d_0000645.jpg,48,1,car,4,58,1007.0,94.99999999999999,1048.0,111.99999999999999,697.0,small,2,heavy,0,not_truncated,True,36,0.3195878863334656,0.7126193642616272
0000323_02601_d_0000645.jpg,49,1,car,4,60,1173.0,88.0,1206.0,103.0,495.0,small,2,heavy,0,not_truncated,False,,,
0000323_02601_d_0000645.jpg,50,3,truck,6,61,1157.0000000000002,86.0,1185.0,100.0,391.9999999999968,small,1,partial,0,not_truncated,False,,,
0000323_02601_d_0000645.jpg,51,1,car,4,62,1144.0,80.0,1177.0,94.0,462.0,small,1,partial,0,not_truncated,True,28,0.3727763891220093,0.6232694983482361
0000323_02601_d_0000645.jpg,52,1,car,4,63,1119.0,76.0,1155.0,92.0,576.0,small,1,partial,0,not_truncated,True,48,0.26696354150772095,0.5234394669532776
0000323_02601_d_0000645.jpg,53,2,van,5,64,1107.0,67.0,1137.9999999999998,85.0,557.9999999999959,small,1,partial,0,not_truncated,False,,,
0000323_02601_d_0000645.jpg,54,1,car,4,65,1086.0,66.0,1121.0,82.0,560.0,small,1,partial,0,not_truncated,True,21,0.42055895924568176,0.5485407710075378
0000323_02601_d_0000645.jpg,55,1,car,4,66,1068.0000000000002,61.99999999999999,1105.0,78.0,591.9999999999966,small,1,partial,0,not_truncated,True,39,0.30033016204833984,0.5476072430610657
0000323_02601_d_0000645.jpg,56,2,van,5,67,1055.0,56.0,1087.0,75.0,608.0,small,1,partial,0,not_truncated,False,,,
0000323_02601_d_0000645.jpg,57,1,car,4,68,1089.0,101.0,1121.0,115.0,448.0,small,2,heavy,0,not_truncated,True,29,0.366525799036026,0.6220284700393677
0000323_02601_d_0000645.jpg,58,1,car,4,69,1075.0,96.0,1116.0,111.99999999999999,655.9999999999994,small,2,heavy,0,not_truncated,True,24,0.39548078179359436,0.6085748076438904
0000323_02601_d_0000645.jpg,59,1,car,4,70,1059.0,94.0,1093.0,108.0,476.0,small,2,heavy,0,not_truncated,False,,,
0000323_02601_d_0000645.jpg,60,1,car,4,71,1043.0,88.0,1083.0,103.99999999999999,639.9999999999994,small,1,partial,0,not_truncated,True,46,0.2703498303890228,0.7335678339004517
0000323_02601_d_0000645.jpg,61,1,car,4,72,1023.0000000000001,81.0,1064.0,98.99999999999999,737.9999999999974,small,1,partial,0,not_truncated,False,,,
0000323_02601_d_0000645.jpg,62,2,van,5,73,1006.0,75.00000000000001,1048.0,96.0,881.9999999999994,small,1,partial,0,not_truncated,False,,,
0000323_02601_d_0000645.jpg,63,2,van,5,74,987.0000000000001,71.0,1026.0,91.0,779.9999999999977,small,1,partial,0,not_truncated,False,,,
0000323_02601_d_0000645.jpg,64,2,van,5,75,951.0000000000001,62.0,983.0,79.0,543.9999999999981,small,1,partial,0,not_truncated,False,,,
0000323_02601_d_0000645.jpg,65,2,van,5,76,966.0,40.0,996.9999999999999,56.0,495.9999999999982,small,1,partial,0,not_truncated,False,,,
0000323_02601_d_0000645.jpg,66,1,car,4,77,1021.0,51.0,1054.9999999999998,68.0,577.9999999999961,small,0,none,0,not_truncated,True,41,0.280799925327301,0.5142674446105957
0000323_02601_d_0000645.jpg,67,2,van,5,78,1007.0,46.0,1041.0,66.0,680.0,small,2,heavy,0,not_truncated,False,,,
0000323_02601_d_0000645.jpg,68,1,car,4,79,938.0,38.0,971.9999999999999,51.0,441.9999999999985,small,1,partial,0,not_truncated,False,,,
0000323_02601_d_0000645.jpg,69,1,car,4,80,928.0,31.999999999999996,956.9999999999999,46.0,405.9999999999985,small,1,partial,0,not_truncated,False,,,
0000323_02601_d_0000645.jpg,70,1,car,4,81,919.0,30.0,943.0,44.0,336.0,small,2,heavy,0,not_truncated,False,,,
0000323_02601_d_0000645.jpg,71,1,car,4,82,902.0000000000001,29.000000000000004,929.0,39.0,269.99999999999875,small,1,partial,0,not_truncated,False,,,
0000323_02601_d_0000645.jpg,72,0,pedestrian,1,83,900.0,25.999999999999996,905.0,38.0,60.000000000000014,small,1,partial,0,not_truncated,False,,,
0000323_02601_d_0000645.jpg,73,0,pedestrian,1,84,887.0,33.0,891.0,45.99999999999999,51.99999999999997,small,1,partial,0,not_truncated,False,,,
0000323_02601_d_0000645.jpg,74,1,car,4,85,923.0,57.0,950.0,70.99999999999999,377.9999999999996,small,2,heavy,0,not_truncated,False,,,
0000323_02601_d_0000645.jpg,75,1,car,4,86,896.0,52.00000000000001,925.9999999999999,67.0,449.99999999999807,small,2,heavy,0,not_truncated,True,44,0.27646392583847046,0.8014827370643616
0000323_02601_d_0000645.jpg,76,1,car,4,87,872.0000000000001,45.00000000000001,901.0,60.0,434.99999999999807,small,2,heavy,0,not_truncated,True,49,0.26687854528427124,0.6811051368713379
0000323_02601_d_0000645.jpg,77,2,van,5,88,770.0,15.0,794.9999999999999,30.0,374.9999999999983,small,1,partial,0,not_truncated,False,,,
0000323_02601_d_0000645.jpg,78,1,car,4,89,787.0000000000001,2.000000000000001,811.0,15.0,311.9999999999985,small,1,partial,0,not_truncated,False,,,
0000323_02601_d_0000645.jpg,79,1,car,4,90,805.0,7.0,822.0,16.0,153.0,small,2,heavy,0,not_truncated,False,,,
0000323_02601_d_0000645.jpg,80,1,car,4,91,786.0000000000001,36.0,813.0,48.0,323.99999999999864,small,1,partial,0,not_truncated,False,,,
0000323_02601_d_0000645.jpg,81,1,car,4,93,832.0000000000001,12.0,860.0,25.999999999999996,391.9999999999983,small,2,heavy,0,not_truncated,False,,,
0000327_00601_d_0000714.jpg,0,0,pedestrian,1,1,450.00000000000006,477.0,465.0,522.0,674.9999999999975,small,0,none,0,not_truncated,True,15,0.5653718113899231,0.7891683578491211
0000327_00601_d_0000714.jpg,1,0,pedestrian,1,2,419.0,476.0,433.0,522.0,644.0,small,0,none,0,not_truncated,True,32,0.3119491934776306,0.7948327660560608
0000327_00601_d_0000714.jpg,2,0,pedestrian,1,3,407.0,484.0,418.99999999999994,521.0,443.9999999999979,small,0,none,0,not_truncated,True,23,0.4000333845615387,0.5619192719459534
0000327_00601_d_0000714.jpg,3,1,car,4,6,612.0,453.0,667.0,530.0000000000001,4235.000000000006,medium,0,none,0,not_truncated,True,0,0.9363236427307129,0.9518518447875977
0000327_00601_d_0000714.jpg,4,1,car,4,7,629.0,287.0,669.0,333.0,1840.0,medium,0,none,0,not_truncated,True,3,0.8742501735687256,0.8854528069496155
0000327_00601_d_0000714.jpg,5,1,car,4,8,563.0,250.0,604.0,302.0,2132.0,medium,0,none,0,not_truncated,True,34,0.2729557156562805,0.8733944892883301
0000327_00601_d_0000714.jpg,6,1,car,4,9,569.0,192.0,603.0,232.00000000000003,1360.000000000001,medium,0,none,0,not_truncated,True,9,0.7147172689437866,0.9237050414085388
0000327_00601_d_0000714.jpg,7,1,car,4,10,636.0,193.00000000000003,669.0,228.0,1154.999999999999,medium,0,none,0,not_truncated,True,4,0.8483325839042664,0.9685290455818176
0000327_00601_d_0000714.jpg,8,1,car,4,11,603.0,696.0000000000001,684.0,765.0,5588.999999999991,medium,0,none,1,truncated,True,1,0.8867279887199402,0.9486880302429199
0000327_00601_d_0000714.jpg,9,2,van,5,16,627.0,107.0,648.0,135.99999999999997,608.9999999999994,small,0,none,0,not_truncated,True,31,0.31489259004592896,0.884564995765686
0000327_00601_d_0000714.jpg,10,1,car,4,17,573.0,76.0,619.0,97.0,966.0,small,0,none,0,not_truncated,True,5,0.8466367125511169,0.8764721751213074
0000327_00601_d_0000714.jpg,11,1,car,4,23,518.0,12.0,535.0,30.0,306.0,small,0,none,0,not_truncated,False,,,
0000327_00601_d_0000714.jpg,12,1,car,4,24,518.0,4.999999999999999,533.0,19.0,210.0,small,2,heavy,0,not_truncated,False,,,
0000327_00601_d_0000714.jpg,13,1,car,4,25,539.0,16.0,556.0,34.0,306.0,small,0,none,0,not_truncated,False,,,
0000327_00601_d_0000714.jpg,14,1,car,4,26,541.0,7.0,556.0,21.0,210.0,small,2,heavy,0,not_truncated,True,28,0.32825610041618347,0.6331352591514587
0000327_00601_d_0000714.jpg,15,0,pedestrian,1,29,547.0,67.0,553.0,87.0,120.0,small,0,none,0,not_truncated,False,,,
0000327_00601_d_0000714.jpg,16,1,car,4,32,660.0,0.0,675.9999999999999,15.0,239.9999999999983,small,1,partial,0,not_truncated,False,,,
0000327_00601_d_0000714.jpg,17,2,van,5,33,669.0,6.999999999999999,686.0,24.999999999999996,305.99999999999994,small,1,partial,0,not_truncated,False,,,
0000327_00601_d_0000714.jpg,18,1,car,4,34,689.0000000000001,15.0,718.0,28.0,376.9999999999985,small,2,heavy,0,not_truncated,False,,,
0000327_00601_d_0000714.jpg,19,1,car,4,35,683.0,30.0,700.9999999999999,48.0,323.99999999999795,small,2,heavy,0,not_truncated,False,,,
0000327_00601_d_0000714.jpg,20,1,car,4,36,681.0,42.0,698.9999999999999,59.0,305.99999999999807,small,0,none,0,not_truncated,True,12,0.6441732048988342,0.8015511631965637
0000327_00601_d_0000714.jpg,21,1,car,4,37,709.0,42.99999999999999,741.9999999999999,60.0,560.9999999999983,small,1,partial,0,not_truncated,True,14,0.5656891465187073,0.6998391151428223
0000327_00601_d_0000714.jpg,22,1,car,4,38,807.0,42.99999999999999,841.9999999999999,66.0,804.9999999999976,small,1,partial,0,not_truncated,False,,,
0000327_00601_d_0000714.jpg,23,1,car,4,39,947.0,51.0,963.9999999999999,69.0,305.99999999999795,small,1,partial,0,not_truncated,False,,,
0000327_00601_d_0000714.jpg,24,1,car,4,40,1025.0,144.00000000000003,1074.0,173.0,1420.9999999999986,medium,1,partial,0,not_truncated,True,18,0.5020669102668762,0.8766679763793945
0000327_00601_d_0000714.jpg,25,1,car,4,41,792.9999999999999,73.99999999999999,837.0,90.0,704.0000000000025,small,1,partial,0,not_truncated,True,38,0.2554904818534851,0.606939971446991
0000327_00601_d_0000714.jpg,26,0,pedestrian,1,44,681.0,73.0,689.0,91.0,144.0,small,1,partial,0,not_truncated,False,,,
0000327_00601_d_0000714.jpg,27,0,pedestrian,1,45,687.0,74.0,692.0,92.0,90.0,small,1,partial,0,not_truncated,False,,,
0000327_00601_d_0000714.jpg,28,0,pedestrian,1,46,693.0,78.0,700.9999999999999,99.00000000000001,167.99999999999773,small,0,none,0,not_truncated,False,,,
0000327_00601_d_0000714.jpg,29,0,pedestrian,1,47,689.0,97.99999999999999,696.9999999999999,118.0,159.99999999999784,small,0,none,0,not_truncated,False,,,
0000327_00601_d_0000714.jpg,30,0,pedestrian,1,48,701.0000000000001,99.99999999999999,709.0,120.0,159.99999999999784,small,1,partial,0,not_truncated,False,,,
0000327_00601_d_0000714.jpg,31,0,pedestrian,1,50,708.0,292.0,720.0,324.0,384.0,small,0,none,0,not_truncated,True,19,0.47050049901008606,0.7940701842308044
0000327_00601_d_0000714.jpg,32,1,car,4,51,788.9999999999999,83.0,841.0,102.0,988.0000000000022,small,2,heavy,0,not_truncated,False,,,
0000327_00601_d_0000714.jpg,33,1,car,4,52,796.9999999999999,92.99999999999999,850.0,115.99999999999999,1219.0000000000027,medium,2,heavy,0,not_truncated,False,,,
0000327_00601_d_0000714.jpg,34,1,car,4,53,807.0,103.99999999999999,857.0000000000001,124.0,1000.000000000003,small,2,heavy,0,not_truncated,True,29,0.32591238617897034,0.8088812828063965
0000327_00601_d_0000714.jpg,35,1,car,4,54,810.0,114.0,872.0000000000001,135.0,1302.0000000000023,medium,2,heavy,0,not_truncated,False,,,
0000327_00601_d_0000714.jpg,36,2,van,5,55,818.0,127.99999999999999,889.0,150.0,1562.000000000001,medium,2,heavy,0,not_truncated,False,,,
0000327_00601_d_0000714.jpg,37,2,van,5,56,844.9999999999999,141.0,891.0,168.0,1242.0000000000032,medium,1,partial,0,not_truncated,False,,,
0000327_00601_d_0000714.jpg,38,1,car,4,57,865.0,159.0,923.0,182.0,1334.0,medium,2,heavy,0,not_truncated,True,35,0.27001163363456726,0.546846866607666
0000327_00601_d_0000714.jpg,39,1,car,4,58,878.9999999999999,177.0,944.0,202.0,1625.0000000000027,medium,1,partial,0,not_truncated,False,,,
0000327_00601_d_0000714.jpg,40,1,car,4,59,881.0,189.99999999999997,956.0000000000001,220.99999999999997,2325.0000000000036,medium,1,partial,0,not_truncated,True,33,0.30895182490348816,0.8714859485626221
0000327_00601_d_0000714.jpg,41,1,car,4,60,904.0,207.0,984.0,233.99999999999997,2159.9999999999977,medium,1,partial,0,not_truncated,True,39,0.2527206838130951,0.6742340326309204
0000327_00601_d_0000714.jpg,42,1,car,4,61,916.0000000000001,220.99999999999997,1007.0,258.0,3366.999999999998,medium,1,partial,0,not_truncated,False,,,
0000327_00601_d_0000714.jpg,43,0,pedestrian,1,67,752.0,318.0,761.0,353.0,315.0,small,0,none,0,not_truncated,True,21,0.41463473439216614,0.7082403302192688
0000327_00601_d_0000714.jpg,44,1,car,4,68,768.0,313.0,856.0,354.0,3608.0,medium,1,partial,0,not_truncated,True,2,0.8809195756912231,0.939786970615387
0000327_00601_d_0000714.jpg,45,1,car,4,69,735.0,374.0,803.0,439.99999999999994,4487.999999999996,medium,1,partial,0,not_truncated,True,6,0.8243770003318787,0.7416304349899292
0000327_00601_d_0000714.jpg,46,0,pedestrian,1,70,740.0000000000001,414.99999999999994,757.0,457.0,713.9999999999961,small,1,partial,0,not_truncated,True,25,0.3692341148853302,0.6000103950500488
0000327_00601_d_0000714.jpg,47,0,pedestrian,1,71,784.0000000000001,383.0,798.0,414.00000000000006,433.99999999999727,small,1,partial,0,not_truncated,False,,,
0000327_00601_d_0000714.jpg,48,0,pedestrian,1,72,819.0,395.99999999999994,828.9999999999999,436.0,399.999999999996,small,0,none,0,not_truncated,True,13,0.601558268070221,0.6557896733283997
0000327_00601_d_0000714.jpg,49,0,pedestrian,1,73,922.0,486.0,940.0,538.0,936.0,small,0,none,0,not_truncated,False,,,
0000327_00601_d_0000714.jpg,50,0,pedestrian,1,74,929.0,487.99999999999994,947.0,534.0,828.000000000001,small,1,partial,0,not_truncated,True,10,0.6672914028167725,0.7358556985855103
0000327_00601_d_0000714.jpg,51,0,pedestrian,1,75,891.0,690.0,908.0,731.0,697.0,small,0,none,0,not_truncated,False,,,
0000327_00601_d_0000714.jpg,52,0,pedestrian,1,76,903.0000000000001,672.0,928.0,730.0,1449.9999999999934,medium,1,partial,0,not_truncated,True,7,0.7878699898719788,0.6714351773262024
0000327_00601_d_0000714.jpg,53,1,car,4,79,1189.0,264.00000000000006,1270.0,298.0,2753.9999999999955,medium,1,partial,0,not_truncated,True,16,0.5325497388839722,0.879782497882843
0000327_00601_d_0000714.jpg,54,1,car,4,80,1198.0,287.0,1300.0,329.0,4284.0,medium,1,partial,0,not_truncated,True,11,0.6670019626617432,0.7470327615737915
0000327_00601_d_0000714.jpg,55,1,car,4,81,1238.0,312.0,1330.0,359.0,4324.0,medium,1,partial,0,not_truncated,True,8,0.7515813112258911,0.8394020795822144
0000327_00601_d_0000714.jpg,56,1,car,4,82,1264.0,343.0,1357.0,387.0,4092.0,medium,1,partial,0,not_truncated,True,24,0.39200931787490845,0.7359991669654846
0000327_00601_d_0000714.jpg,57,0,pedestrian,1,85,1089.0,155.0,1099.0,181.0,260.0,small,1,partial,0,not_truncated,False,,,
0000327_01801_d_0000720.jpg,0,3,truck,6,1,823.9999999999999,513.0,881.0,607.0,5358.000000000011,medium,0,none,0,not_truncated,False,,,
0000327_01801_d_0000720.jpg,1,2,van,5,2,666.9999999999999,621.0,732.0,743.0000000000001,7930.000000000021,medium,0,none,0,not_truncated,True,9,0.72451251745224,0.8957417011260986
0000327_01801_d_0000720.jpg,2,0,pedestrian,1,3,402.0,558.0,421.99999999999994,610.0,1039.999999999997,medium,0,none,0,not_truncated,True,12,0.6877511143684387,0.8717111945152283
0000327_01801_d_0000720.jpg,3,0,pedestrian,1,4,422.0,560.0,441.99999999999994,612.0,1039.999999999997,medium,0,none,0,not_truncated,False,,,
0000327_01801_d_0000720.jpg,4,0,pedestrian,1,5,440.0,517.0,459.99999999999994,569.0,1039.999999999997,medium,0,none,0,not_truncated,True,6,0.8421339988708496,0.8643897771835327
0000327_01801_d_0000720.jpg,5,0,pedestrian,1,6,424.0,395.99999999999994,438.99999999999994,436.0,599.9999999999985,small,0,none,0,not_truncated,False,,,
0000327_01801_d_0000720.jpg,6,0,pedestrian,1,7,439.0,395.99999999999994,454.99999999999994,436.0,639.9999999999986,small,0,none,0,not_truncated,True,13,0.5584977865219116,0.7346734404563904
0000327_01801_d_0000720.jpg,7,1,car,4,8,516.0,444.00000000000006,582.0,552.0,7127.999999999996,medium,0,none,0,not_truncated,True,1,0.9102712869644165,0.9090446829795837
0000327_01801_d_0000720.jpg,8,1,car,4,9,652.0,409.00000000000006,710.0,480.0,4117.999999999996,medium,0,none,0,not_truncated,True,0,0.9264968633651733,0.9166020750999451
0000327_01801_d_0000720.jpg,9,1,car,4,10,646.0,331.0,692.0,386.0,2530.0,medium,0,none,0,not_truncated,True,4,0.8943833112716675,0.8570829033851624
0000327_01801_d_0000720.jpg,10,1,car,4,11,644.0,272.0,685.0,319.0,1927.0,medium,0,none,0,not_truncated,True,8,0.7575898766517639,0.8524559736251831
0000327_01801_d_0000720.jpg,11,1,car,4,12,702.0000000000001,240.0,739.9999999999999,283.0,1633.9999999999902,medium,0,none,0,not_truncated,True,5,0.8513988256454468,0.9133568406105042
0000327_01801_d_0000720.jpg,12,2,van,5,13,648.0,221.99999999999997,680.0,267.0,1440.000000000001,medium,1,partial,0,not_truncated,False,,,
0000327_01801_d_0000720.jpg,13,0,pedestrian,1,14,755.0,262.0,766.0,294.0,352.0,small,1,partial,0,not_truncated,False,,,
0000327_01801_d_0000720.jpg,14,0,pedestrian,1,15,764.0,270.0,774.0,302.0,320.0,small,0,none,0,not_truncated,False,,,
0000327_01801_d_0000720.jpg,15,0,pedestrian,1,17,743.0000000000001,332.0,762.0,366.0,645.9999999999961,small,0,none,0,not_truncated,False,,,
0000327_01801_d_0000720.jpg,16,0,pedestrian,1,23,736.0,189.0,747.9999999999999,218.0,347.9999999999967,small,0,none,0,not_truncated,False,,,
0000327_01801_d_0000720.jpg,17,0,pedestrian,1,26,466.0,172.0,473.0,200.0,196.0,small,0,none,0,not_truncated,False,,,
0000327_01801_d_0000720.jpg,18,1,car,4,27,432.0,114.0,480.99999999999994,137.0,1126.9999999999986,medium,1,partial,0,not_truncated,True,14,0.49063244462013245,0.7541387677192688
0000327_01801_d_0000720.jpg,19,0,pedestrian,1,28,97.99999999999999,97.0,108.99999999999999,121.99999999999999,274.99999999999983,small,0,none,0,not_truncated,False,,,
0000327_01801_d_0000720.jpg,20,1,car,4,29,141.0,116.00000000000001,215.0,143.0,1997.9999999999989,medium,1,partial,0,not_truncated,True,3,0.8949421048164368,0.7911694049835205
0000327_01801_d_0000720.jpg,21,1,car,4,31,315.0,95.0,352.99999999999994,120.0,949.9999999999986,small,0,none,0,not_truncated,True,15,0.48140913248062134,0.7610448598861694
0000327_01801_d_0000720.jpg,22,0,pedestrian,1,34,529.0,60.0,537.0,79.99999999999999,159.9999999999999,small,1,partial,0,not_truncated,False,,,
0000327_01801_d_0000720.jpg,23,0,pedestrian,1,35,538.0,58.99999999999999,543.0,81.0,110.00000000000003,small,1,partial,0,not_truncated,False,,,
0000327_01801_d_0000720.jpg,24,1,car,4,36,515.0,17.000000000000004,558.0,33.0,687.9999999999999,small,1,partial,0,not_truncated,False,,,
0000327_01801_d_0000720.jpg,25,0,pedestrian,1,37,551.0,22.999999999999996,557.0,41.0,108.00000000000003,small,1,partial,0,not_truncated,False,,,
0000327_01801_d_0000720.jpg,26,1,car,4,38,564.0,144.0,608.0,189.0,1980.0,medium,0,none,0,not_truncated,True,2,0.8987126350402832,0.7810364961624146
0000327_01801_d_0000720.jpg,27,1,car,4,39,602.0,124.0,669.0,152.0,1876.0,medium,0,none,0,not_truncated,True,10,0.7049132585525513,0.9120444655418396
0000327_01801_d_0000720.jpg,28,1,car,4,40,644.0,112.0,705.0000000000001,140.0,1708.0000000000032,medium,1,partial,0,not_truncated,True,7,0.8057880401611328,0.7807966470718384
0000327_01801_d_0000720.jpg,29,1,car,4,47,601.0,76.0,625.0,101.0,600.0,small,0,none,0,not_truncated,True,23,0.27461862564086914,0.8776021599769592
0000327_01801_d_0000720.jpg,30,1,car,4,48,602.0,66.0,623.0,85.99999999999999,419.9999999999997,small,1,partial,0,not_truncated,False,,,
0000327_01801_d_0000720.jpg,31,1,car,4,49,606.0,48.0,626.0,73.0,500.0,small,1,partial,0,not_truncated,True,19,0.32591840624809265,0.81946861743927
0000327_01801_d_0000720.jpg,32,1,car,4,50,608.0,40.0,625.0,56.0,272.0,small,1,partial,0,not_truncated,False,,,
0000327_01801_d_0000720.jpg,33,1,car,4,51,608.0,28.0,626.0,47.0,342.0,small,1,partial,0,not_truncated,True,17,0.37994858622550964,0.6549530625343323
0000327_01801_d_0000720.jpg,34,0,pedestrian,1,52,714.0,68.0,720.0,88.0,120.0,small,0,none,0,not_truncated,False,,,
0000327_01801_d_0000720.jpg,35,0,pedestrian,1,53,722.0,67.0,729.0,86.0,133.0,small,0,none,0,not_truncated,False,,,
0000327_01801_d_0000720.jpg,36,1,car,4,54,730.0,77.0,775.0000000000001,102.0,1125.0000000000027,medium,1,partial,0,not_truncated,True,21,0.31872496008872986,0.7750203609466553
0000327_01801_d_0000720.jpg,37,2,van,5,55,725.0,61.99999999999999,759.9999999999999,84.0,769.9999999999977,small,1,partial,0,not_truncated,False,,,
0000327_01801_d_0000720.jpg,38,1,car,4,56,728.0000000000001,51.0,765.0,70.99999999999999,739.9999999999972,small,1,partial,0,not_truncated,True,22,0.2873615622520447,0.5197833180427551
0000327_01801_d_0000720.jpg,39,1,car,4,57,725.0,41.0,759.9999999999999,58.00000000000001,594.9999999999983,small,1,partial,0,not_truncated,False,,,
0000327_01801_d_0000720.jpg,40,1,car,4,58,749.0,47.0,782.9999999999999,67.99999999999999,713.9999999999972,small,2,heavy,0,not_truncated,False,,,
0000327_01801_d_0000720.jpg,41,1,car,4,59,713.0,38.0,752.9999999999999,55.99999999999999,719.9999999999977,small,1,partial,0,not_truncated,True,18,0.3367760479450226,0.8102630972862244
0000327_01801_d_0000720.jpg,42,1,car,4,60,709.0,30.0,747.9999999999999,47.0,662.9999999999981,small,1,partial,0,not_truncated,False,,,
0000327_03201_d_0000727.jpg,0,2,van,5,1,950.0,644.0,1092.0,713.9999999999999,9939.999999999984,large,1,partial,0,not_truncated,False,,,
0000327_03201_d_0000727.jpg,1,2,van,5,4,919.0,548.0,1035.0,606.0,6728.0,medium,1,partial,0,not_truncated,False,,,
0000327_03201_d_0000727.jpg,2,1,car,4,6,870.0000000000001,531.0,976.0,578.0,4981.9999999999945,medium,1,partial,0,not_truncated,True,9,0.40089625120162964,0.8484304547309875
0000327_03201_d_0000727.jpg,3,2,van,5,7,805.0,493.00000000000006,909.9999999999999,543.0,5249.999999999988,medium,1,partial,0,not_truncated,False,,,
0000327_03201_d_0000727.jpg,4,1,car,4,8,826.0000000000001,474.0,924.0,514.0,3919.9999999999955,medium,1,partial,0,not_truncated,True,8,0.43743085861206055,0.909871518611908
0000327_03201_d_0000727.jpg,5,1,car,4,14,661.0,371.0,691.0,400.0,870.0,small,0,none,0,not_truncated,True,4,0.6545462012290955,0.8120943903923035
0000327_03201_d_0000727.jpg,6,1,car,4,17,662.0,283.0,697.9999999999999,305.0,791.9999999999975,small,0,none,0,not_truncated,True,18,0.2944011986255646,0.8159831762313843
0000327_03201_d_0000727.jpg,7,1,car,4,18,697.0000000000001,275.0,731.0,298.0,781.9999999999974,small,0,none,0,not_truncated,True,10,0.3945676386356354,0.6282283067703247
0000327_03201_d_0000727.jpg,8,2,van,5,19,698.0000000000001,255.99999999999997,718.0,274.0,359.9999999999985,small,0,none,0,not_truncated,False,,,
0000327_03201_d_0000727.jpg,9,2,van,5,20,731.0,249.0,755.9999999999999,274.0,624.9999999999972,small,0,none,0,not_truncated,False,,,
0000327_03201_d_0000727.jpg,10,1,car,4,21,722.0,243.99999999999997,741.9999999999999,261.0,339.99999999999864,small,1,partial,0,not_truncated,False,,,
0000327_03201_d_0000727.jpg,11,0,pedestrian,1,22,721.0,227.0,726.0,242.00000000000003,75.00000000000014,small,0,none,0,not_truncated,False,,,
0000327_03201_d_0000727.jpg,12,3,truck,6,23,687.0000000000001,212.0,718.0,256.0,1363.999999999995,medium,1,partial,0,not_truncated,False,,,
0000327_03201_d_0000727.jpg,13,2,van,5,24,615.0,267.0,633.9999999999999,295.0,531.9999999999968,small,0,none,0,not_truncated,False,,,
0000327_03201_d_0000727.jpg,14,0,pedestrian,1,25,584.0,276.0,590.0,294.0,108.0,small,0,none,0,not_truncated,True,14,0.3146806061267853,0.5781368613243103
0000327_03201_d_0000727.jpg,15,1,car,4,26,609.0,243.99999999999997,628.0,264.0,380.00000000000057,small,0,none,0,not_truncated,True,3,0.6584690809249878,0.8411261439323425
0000327_03201_d_0000727.jpg,16,2,van,5,31,488.0,288.0,543.0,312.0,1320.0,medium,1,partial,0,not_truncated,False,,,
0000327_03201_d_0000727.jpg,17,1,car,4,32,491.0,270.0,546.0,290.0,1100.0,medium,2,heavy,0,not_truncated,False,,,
0000327_03201_d_0000727.jpg,18,0,pedestrian,1,33,460.0,310.0,468.0,330.0,160.0,small,0,none,0,not_truncated,False,,,
0000327_03201_d_0000727.jpg,19,0,pedestrian,1,34,322.0,336.0,332.0,361.0,250.0,small,1,partial,0,not_truncated,False,,,
0000327_03201_d_0000727.jpg,20,0,pedestrian,1,35,333.0,340.0,343.0,361.0,210.0,small,1,partial,0,not_truncated,False,,,
0000327_03201_d_0000727.jpg,21,1,car,4,38,239.99999999999997,297.0,298.0,320.0,1334.0000000000007,medium,2,heavy,0,not_truncated,False,,,
0000327_03201_d_0000727.jpg,22,2,van,5,39,238.00000000000003,278.0,289.0,300.0,1121.9999999999993,medium,2,heavy,0,not_truncated,False,,,
0000327_03201_d_0000727.jpg,23,2,van,5,40,606.0,322.0,634.0,354.99999999999994,923.9999999999984,small,0,none,0,not_truncated,False,,,
0000327_03201_d_0000727.jpg,24,1,car,4,45,700.0000000000001,194.0,726.0,206.00000000000003,311.9999999999994,small,1,partial,0,not_truncated,False,,,
0000327_03201_d_0000727.jpg,25,1,car,4,46,687.0,179.0,714.9999999999999,191.0,335.99999999999864,small,2,heavy,0,not_truncated,False,,,
0000327_03201_d_0000727.jpg,26,1,car,4,47,691.0000000000001,174.0,720.0,186.0,347.99999999999864,small,2,heavy,0,not_truncated,False,,,
0000327_03201_d_0000727.jpg,27,1,car,4,48,721.0,190.00000000000003,750.9999999999999,207.00000000000003,509.99999999999807,small,2,heavy,0,not_truncated,False,,,
0000327_03201_d_0000727.jpg,28,0,pedestrian,1,49,645.0,195.99999999999997,649.0,209.00000000000003,52.00000000000023,small,0,none,0,not_truncated,False,,,
0000327_03201_d_0000727.jpg,29,1,car,4,50,530.0,209.99999999999997,568.0,228.0,684.0000000000011,small,2,heavy,0,not_truncated,False,,,
0000327_03201_d_0000727.jpg,30,0,pedestrian,1,51,512.0,196.00000000000003,516.0,207.0,43.999999999999886,small,0,none,0,not_truncated,False,,,
0000327_03201_d_0000727.jpg,31,0,pedestrian,1,52,519.0,195.99999999999997,523.0,208.00000000000003,48.00000000000023,small,0,none,0,not_truncated,False,,,
0000327_03201_d_0000727.jpg,32,3,truck,6,53,559.0,186.00000000000003,576.0,210.00000000000003,408.0,small,1,partial,0,not_truncated,False,,,
0000327_03201_d_0000727.jpg,33,2,van,5,54,538.0,173.0,559.0,186.0,273.0,small,2,heavy,0,not_truncated,False,,,
0000327_03201_d_0000727.jpg,34,0,pedestrian,1,55,539.0,159.0,542.0,168.0,27.0,small,0,none,0,not_truncated,False,,,
0000327_03201_d_0000727.jpg,35,0,pedestrian,1,56,542.0,158.0,545.0,166.0,24.0,small,0,none,0,not_truncated,False,,,
0000327_03201_d_0000727.jpg,36,0,pedestrian,1,57,501.00000000000006,144.0,504.0,150.00000000000003,17.999999999999744,small,0,none,0,not_truncated,False,,,
0000327_03201_d_0000727.jpg,37,0,pedestrian,1,58,506.0,144.0,509.0,152.0,24.0,small,0,none,0,not_truncated,False,,,
0000327_03201_d_0000727.jpg,38,0,pedestrian,1,59,512.0,145.0,515.0,152.0,21.0,small,0,none,0,not_truncated,False,,,
0000327_03201_d_0000727.jpg,39,0,pedestrian,1,60,527.0,145.0,530.0,153.0,24.0,small,0,none,0,not_truncated,False,,,
0000327_03201_d_0000727.jpg,40,0,pedestrian,1,61,496.99999999999994,155.0,499.99999999999994,162.00000000000003,21.000000000000085,small,0,none,0,not_truncated,False,,,
0000327_03201_d_0000727.jpg,41,0,pedestrian,1,62,522.0,145.0,525.0,153.0,24.0,small,0,none,0,not_truncated,False,,,
0000327_03201_d_0000727.jpg,42,0,pedestrian,1,63,516.0,143.0,520.0,153.0,40.0,small,0,none,0,not_truncated,False,,,
0000327_03201_d_0000727.jpg,43,0,pedestrian,1,64,516.0,149.0,520.0,159.0,40.0,small,0,none,0,not_truncated,False,,,
0000327_03201_d_0000727.jpg,44,2,van,5,65,496.00000000000006,138.0,515.0,147.0,170.9999999999995,small,1,partial,0,not_truncated,False,,,
0000327_03201_d_0000727.jpg,45,3,truck,6,66,519.0,136.0,543.0,148.0,288.0,small,1,partial,0,not_truncated,False,,,
0000327_03201_d_0000727.jpg,46,1,car,4,67,580.0,168.0,592.0,179.0,132.0,small,0,none,0,not_truncated,True,17,0.2961985766887665,0.7302206158638
0000327_03201_d_0000727.jpg,47,1,car,4,70,636.0,181.0,648.0,193.0,144.0,small,0,none,0,not_truncated,True,12,0.3488604724407196,0.5684723258018494
0000327_03201_d_0000727.jpg,48,1,car,4,73,602.0,166.0,613.0,176.0,110.0,small,0,none,0,not_truncated,False,,,
0000327_03201_d_0000727.jpg,49,1,car,4,74,600.0,157.0,609.0,167.0,90.0,small,1,partial,0,not_truncated,False,,,
0000327_03201_d_0000727.jpg,50,1,car,4,75,597.0,150.0,606.0,159.0,81.0,small,1,partial,0,not_truncated,False,,,
0000327_03201_d_0000727.jpg,51,2,van,5,76,623.0,161.0,633.0,171.0,100.0,small,0,none,0,not_truncated,False,,,
0000327_03201_d_0000727.jpg,52,1,car,4,77,643.0,165.0,654.0,174.0,99.0,small,0,none,0,not_truncated,False,,,
0000327_03201_d_0000727.jpg,53,1,car,4,78,645.0,158.0,653.0,167.0,72.0,small,1,partial,0,not_truncated,False,,,
0000327_03201_d_0000727.jpg,54,0,pedestrian,1,79,643.0,158.0,645.0,166.0,16.0,small,1,partial,0,not_truncated,False,,,
0000327_03201_d_0000727.jpg,55,1,car,4,80,628.0,158.0,640.0,167.0,108.0,small,1,partial,0,not_truncated,False,,,
0000327_03201_d_0000727.jpg,56,0,pedestrian,1,81,639.0,157.0,642.0,166.0,27.0,small,1,partial,0,not_truncated,False,,,
0000327_03201_d_0000727.jpg,57,2,van,5,82,617.0,155.0,629.0,165.0,120.0,small,1,partial,0,not_truncated,False,,,
0000327_03201_d_0000727.jpg,58,1,car,4,83,619.0,151.0,629.0,160.0,90.0,small,0,none,0,not_truncated,False,,,
0000327_03201_d_0000727.jpg,59,1,car,4,84,616.0,146.0,626.0,155.0,90.0,small,0,none,0,not_truncated,False,,,
0000327_03201_d_0000727.jpg,60,1,car,4,86,639.0,129.0,653.0,136.0,98.0,small,1,partial,0,not_truncated,False,,,
0000327_03201_d_0000727.jpg,61,1,car,4,87,663.0000000000001,135.0,680.0,142.0,118.9999999999992,small,1,partial,0,not_truncated,False,,,
0000327_03201_d_0000727.jpg,62,1,car,4,88,617.0,126.0,631.0,133.00000000000003,98.0000000000004,small,1,partial,0,not_truncated,False,,,
0000327_03201_d_0000727.jpg,63,1,car,4,89,605.0,133.0,615.0,140.0,70.0,small,1,partial,0,not_truncated,False,,,
0000327_03201_d_0000727.jpg,64,0,pedestrian,1,90,587.0,141.0,590.0,150.0,27.0,small,0,none,0,not_truncated,False,,,
0000327_03201_d_0000727.jpg,65,0,pedestrian,1,91,595.0,142.0,598.0,151.00000000000003,27.000000000000085,small,1,partial,0,not_truncated,False,,,
0000327_03201_d_0000727.jpg,66,0,pedestrian,1,92,610.0,142.0,613.0,147.0,15.0,small,1,partial,0,not_truncated,False,,,
0000327_03201_d_0000727.jpg,67,2,van,5,93,586.0,135.0,602.0,144.0,144.0,small,1,partial,0,not_truncated,False,,,
0000327_03201_d_0000727.jpg,68,1,car,4,96,508.0,125.0,526.0,132.00000000000003,126.00000000000051,small,2,heavy,0,not_truncated,False,,,
0000327_03201_d_0000727.jpg,69,2,van,5,97,526.0,121.99999999999999,542.0,129.0,112.00000000000023,small,1,partial,0,not_truncated,False,,,
0000327_03201_d_0000727.jpg,70,2,van,5,98,513.0000000000001,117.99999999999999,531.0,127.0,161.99999999999923,small,1,partial,0,not_truncated,False,,,
0000327_03201_d_0000727.jpg,71,1,car,4,99,511.0,116.99999999999999,526.0,124.0,105.00000000000021,small,2,heavy,0,not_truncated,False,,,
0000327_03201_d_0000727.jpg,72,1,car,4,100,505.0,110.99999999999999,520.0,117.00000000000001,90.00000000000043,small,1,partial,0,not_truncated,False,,,
0000327_03201_d_0000727.jpg,73,1,car,4,101,499.00000000000006,107.0,514.0,112.99999999999999,89.99999999999945,small,2,heavy,0,not_truncated,False,,,
0000327_03201_d_0000727.jpg,74,1,car,4,102,824.0000000000001,277.0,864.0,295.0,719.999999999998,small,1,partial,0,not_truncated,False,,,
0000327_03201_d_0000727.jpg,75,1,car,4,103,866.9999999999999,275.0,910.0000000000001,297.0,946.000000000005,small,2,heavy,0,not_truncated,False,,,
0000327_03201_d_0000727.jpg,76,1,car,4,104,896.0,288.0,941.0000000000001,311.0,1035.0000000000027,medium,2,heavy,0,not_truncated,False,,,
0000327_03201_d_0000727.jpg,77,2,van,5,105,784.9999999999999,299.00000000000006,848.0,335.0,2268.0000000000005,medium,2,heavy,0,not_truncated,False,,,
0000327_03201_d_0000727.jpg,78,1,car,4,106,756.0,340.0,798.9999999999999,366.0,1117.999999999997,medium,2,heavy,0,not_truncated,False,,,
0000327_03201_d_0000727.jpg,79,1,car,4,107,748.9999999999999,331.0,794.0,355.0,1080.0000000000027,medium,2,heavy,0,not_truncated,False,,,
0000327_03201_d_0000727.jpg,80,1,car,4,108,765.0,292.0,816.0000000000001,319.0,1377.0000000000032,medium,2,heavy,0,not_truncated,False,,,
0000327_03201_d_0000727.jpg,81,1,car,4,109,905.0,430.0,976.0,466.00000000000006,2556.000000000004,medium,2,heavy,0,not_truncated,False,,,
0000327_03201_d_0000727.jpg,82,1,car,4,112,866.9999999999999,404.99999999999994,930.0,430.0,1575.0000000000064,medium,2,heavy,0,not_truncated,False,,,
0000327_03201_d_0000727.jpg,83,1,car,4,113,853.0,386.0,920.0,415.00000000000006,1943.0000000000039,medium,2,heavy,0,not_truncated,False,,,
0000327_04001_d_0000731.jpg,0,1,car,4,1,1067.0,724.0,1232.0,763.0,6435.0,medium,1,partial,1,truncated,True,13,0.6597608327865601,0.887313961982727
0000327_04001_d_0000731.jpg,1,1,car,4,2,946.0,663.0,1106.0,731.0,10880.0,large,0,none,0,not_truncated,True,26,0.3663218021392822,0.9568542242050171
0000327_04001_d_0000731.jpg,2,1,car,4,3,889.0,549.0,1010.9999999999999,605.0,6831.999999999994,medium,0,none,0,not_truncated,True,27,0.36389926075935364,0.9490644931793213
0000327_04001_d_0000731.jpg,3,1,car,4,4,719.0,549.9999999999999,782.0000000000001,621.0,4473.0000000000155,medium,0,none,0,not_truncated,True,0,0.9055511355400085,0.9044323563575745
0000327_04001_d_0000731.jpg,4,1,car,4,5,652.0,483.0,702.0000000000001,540.0,2850.0000000000064,medium,0,none,0,not_truncated,True,2,0.8439367413520813,0.9642793536186218
0000327_04001_d_0000731.jpg,5,1,car,4,6,664.0,400.0,703.9999999999999,442.00000000000006,1679.9999999999975,medium,0,none,0,not_truncated,True,4,0.8301094770431519,0.9098085165023804
0000327_04001_d_0000731.jpg,6,1,car,4,7,713.0,382.0,745.9999999999999,420.00000000000006,1253.9999999999975,medium,0,none,0,not_truncated,True,5,0.8282356858253479,0.8732561469078064
0000327_04001_d_0000731.jpg,7,1,car,4,8,660.0,345.0,696.9999999999999,376.0,1146.9999999999964,medium,0,none,0,not_truncated,True,17,0.5285581946372986,0.8008919954299927
0000327_04001_d_0000731.jpg,8,0,pedestrian,1,17,765.0,293.0,773.0,316.0,184.0,small,0,none,0,not_truncated,False,,,
0000327_04001_d_0000731.jpg,9,1,car,4,18,723.0,282.0,780.0000000000001,302.0,1140.0000000000023,medium,2,heavy,0,not_truncated,False,,,
0000327_04001_d_0000731.jpg,10,0,pedestrian,1,19,715.0,281.0,722.0,306.0,175.0,small,1,partial,0,not_truncated,False,,,
0000327_04001_d_0000731.jpg,11,0,pedestrian,1,20,704.0000000000001,280.0,713.0,306.0,233.99999999999704,small,0,none,0,not_truncated,False,,,
0000327_04001_d_0000731.jpg,12,0,pedestrian,1,21,707.0,272.0,713.0,297.0,150.0,small,2,heavy,0,not_truncated,False,,,
0000327_04001_d_0000731.jpg,13,0,pedestrian,1,22,713.0,275.0,721.0,298.0,184.0,small,2,heavy,0,not_truncated,False,,,
0000327_04001_d_0000731.jpg,14,0,pedestrian,1,23,769.0,235.00000000000003,776.0,256.0,146.9999999999998,small,0,none,0,not_truncated,False,,,
0000327_04001_d_0000731.jpg,15,0,pedestrian,1,24,760.0,239.0,767.0,261.0,154.0,small,0,none,0,not_truncated,False,,,
0000327_04001_d_0000731.jpg,16,0,pedestrian,1,25,756.0,239.0,762.0,260.0,126.0,small,1,partial,0,not_truncated,False,,,
0000327_04001_d_0000731.jpg,17,3,truck,6,26,723.0,255.0,759.9999999999999,277.0,813.9999999999975,small,1,partial,0,not_truncated,False,,,
0000327_04001_d_0000731.jpg,18,2,van,5,27,712.0,248.0,750.9999999999999,269.0,818.9999999999976,small,1,partial,0,not_truncated,False,,,
0000327_04001_d_0000731.jpg,19,0,pedestrian,1,28,693.0,253.0,700.9999999999999,272.0,151.99999999999784,small,1,partial,0,not_truncated,False,,,
0000327_04001_d_0000731.jpg,20,0,pedestrian,1,29,695.0,243.99999999999997,702.9999999999999,266.0,175.99999999999773,small,1,partial,0,not_truncated,False,,,
0000327_04001_d_0000731.jpg,21,1,car,4,30,736.0,224.0,782.0000000000001,243.00000000000003,874.0000000000035,small,1,partial,0,not_truncated,True,29,0.3249949514865875,0.833665668964386
0000327_04001_d_0000731.jpg,22,3,truck,6,31,743.0000000000001,213.0,784.9999999999999,230.00000000000003,713.9999999999973,small,1,partial,0,not_truncated,False,,,
0000327_04001_d_0000731.jpg,23,1,car,4,32,720.0,203.0,760.9999999999999,221.00000000000003,737.9999999999991,small,1,partial,0,not_truncated,True,36,0.2937820851802826,0.8363674283027649
0000327_04001_d_0000731.jpg,24,0,pedestrian,1,33,701.0000000000001,208.99999999999997,708.0,228.0,132.99999999999804,small,1,partial,0,not_truncated,False,,,
0000327_04001_d_0000731.jpg,25,0,pedestrian,1,51,684.0,266.0,691.0,286.0,140.0,small,0,none,0,not_truncated,False,,,
0000327_04001_d_0000731.jpg,26,0,pedestrian,1,52,680.0,266.0,685.0,285.0,95.0,small,1,partial,0,not_truncated,False,,,
0000327_04001_d_0000731.jpg,27,1,car,4,53,652.0,284.0,682.0,312.0,840.0,small,0,none,0,not_truncated,True,15,0.62269127368927,0.7795502543449402
0000327_04001_d_0000731.jpg,28,1,car,4,54,616.0,265.0,642.0000000000001,287.0,572.0000000000025,small,0,none,0,not_truncated,True,11,0.6906129717826843,0.8264408111572266
0000327_04001_d_0000731.jpg,29,1,car,4,55,660.0,234.99999999999997,695.0,253.0,630.000000000001,small,0,none,0,not_truncated,False,,,
0000327_04001_d_0000731.jpg,30,1,car,4,56,591.0,231.99999999999997,622.0,255.0,713.0000000000009,small,0,none,0,not_truncated,True,12,0.6805769205093384,0.8499874472618103
0000327_04001_d_0000731.jpg,31,1,car,4,57,559.0,289.0,586.0,318.0,783.0,small,0,none,0,not_truncated,True,6,0.8083996772766113,0.8198306560516357
0000327_04001_d_0000731.jpg,32,2,van,5,58,608.0,211.00000000000003,649.0,236.0,1024.9999999999989,medium,0,none,0,not_truncated,True,41,0.2608186602592468,0.8545766472816467
0000327_04001_d_0000731.jpg,33,1,car,4,59,690.0000000000001,184.0,724.0,200.0,543.9999999999982,small,2,heavy,0,not_truncated,False,,,
0000327_04001_d_0000731.jpg,34,1,car,4,60,660.0,180.00000000000003,696.0,197.00000000000003,612.0,small,2,heavy,0,not_truncated,False,,,
0000327_04001_d_0000731.jpg,35,1,car,4,61,615.0,169.00000000000003,649.0,185.0,543.9999999999991,small,2,heavy,0,not_truncated,False,,,
0000327_04001_d_0000731.jpg,36,1,car,4,62,608.0,165.0,645.0,181.0,592.0,small,2,heavy,0,not_truncated,False,,,
0000327_04001_d_0000731.jpg,37,1,car,4,63,595.0,159.0,641.0,177.0,828.0,small,2,heavy,0,not_truncated,False,,,
0000327_04001_d_0000731.jpg,38,1,car,4,64,587.0,158.0,621.0,171.0,442.0,small,2,heavy,0,not_truncated,False,,,
0000327_04001_d_0000731.jpg,39,1,car,4,65,589.0,154.0,621.0,167.0,416.0,small,2,heavy,0,not_truncated,False,,,
0000327_04001_d_0000731.jpg,40,1,car,4,66,548.0,143.0,564.0,154.0,176.0,small,0,none,0,not_truncated,True,30,0.3214060068130493,0.6932850480079651
0000327_04001_d_0000731.jpg,41,1,car,4,67,525.0,149.0,543.0,164.0,270.0,small,0,none,0,not_truncated,True,23,0.3769643008708954,0.8223828673362732
0000327_04001_d_0000731.jpg,42,0,pedestrian,1,68,557.0,156.0,564.0,171.0,105.0,small,0,none,0,not_truncated,False,,,
0000327_04001_d_0000731.jpg,43,1,car,4,69,495.00000000000006,192.0,510.0,212.0,299.99999999999886,small,2,heavy,0,not_truncated,True,32,0.3123132884502411,0.7571364045143127
0000327_04001_d_0000731.jpg,44,1,car,4,85,563.0,130.0,589.0,142.0,312.0,small,2,heavy,0,not_truncated,False,,,
0000327_04001_d_0000731.jpg,45,1,car,4,86,533.0000000000001,113.0,554.0,123.00000000000001,209.99999999999915,small,2,heavy,0,not_truncated,False,,,
0000327_04001_d_0000731.jpg,46,1,car,4,87,530.9999999999999,108.0,552.0,120.0,252.00000000000136,small,2,heavy,0,not_truncated,False,,,
0000327_04001_d_0000731.jpg,47,0,pedestrian,1,88,525.0,113.0,531.0,123.00000000000001,60.000000000000085,small,0,none,0,not_truncated,False,,,
0000327_04001_d_0000731.jpg,48,0,pedestrian,1,89,522.0,116.99999999999999,527.0,125.0,40.00000000000007,small,0,none,0,not_truncated,False,,,
0000327_04001_d_0000731.jpg,49,0,pedestrian,1,90,517.0,112.0,523.0,125.0,78.0,small,0,none,0,not_truncated,False,,,
0000327_04001_d_0000731.jpg,50,4,bus,9,91,495.00000000000006,78.0,512.0,97.99999999999999,339.99999999999864,small,0,none,0,not_truncated,False,,,
0000327_04001_d_0000731.jpg,51,1,car,4,92,479.00000000000006,85.0,488.0,92.0,62.9999999999996,small,0,none,0,not_truncated,False,,,
0000327_04001_d_0000731.jpg,52,2,van,5,93,468.0,96.0,477.99999999999994,107.0,109.99999999999937,small,0,none,0,not_truncated,False,,,
0000327_04001_d_0000731.jpg,53,4,bus,9,96,456.00000000000006,78.0,469.0,95.0,220.99999999999903,small,1,partial,0,not_truncated,False,,,
0000327_04001_d_0000731.jpg,54,1,car,4,98,558.0,713.0,620.0,762.0,3038.0,medium,0,none,1,truncated,True,8,0.7854983806610107,0.9172547459602356
0000327_04001_d_0000731.jpg,55,1,car,4,99,425.0,597.0,485.99999999999994,684.0,5306.999999999995,medium,0,none,0,not_truncated,True,3,0.8399606347084045,0.8716508150100708
0000327_04001_d_0000731.jpg,56,1,car,4,100,389.00000000000006,438.0,440.0,493.99999999999994,2855.999999999994,medium,0,none,0,not_truncated,True,1,0.8863956332206726,0.8083950877189636
0000327_04001_d_0000731.jpg,57,1,car,4,101,400.99999999999994,372.00000000000006,467.0,424.0,3431.999999999999,medium,1,partial,0,not_truncated,True,7,0.795490562915802,0.7056044936180115
0000327_04001_d_0000731.jpg,58,4,bus,9,102,386.0,75.00000000000001,423.0,90.0,554.9999999999994,small,1,partial,0,not_truncated,False,,,
0000327_04001_d_0000731.jpg,59,1,car,4,103,397.0,87.00000000000001,414.99999999999994,96.0,161.99999999999923,small,1,partial,0,not_truncated,False,,,
0000327_04001_d_0000731.jpg,60,1,car,4,104,387.00000000000006,89.0,401.0,96.0,97.9999999999996,small,1,partial,0,not_truncated,False,,,
0000327_04001_d_0000731.jpg,61,1,car,4,105,400.0,96.0,414.99999999999994,106.0,149.99999999999943,small,1,partial,0,not_truncated,False,,,
0000327_04001_d_0000731.jpg,62,1,car,4,106,410.00000000000006,96.0,423.0,106.0,129.99999999999943,small,1,partial,0,not_truncated,False,,,
0000327_04001_d_0000731.jpg,63,1,car,4,107,412.00000000000006,107.0,430.0,116.00000000000001,161.99999999999974,small,1,partial,0,not_truncated,False,,,
0000327_04001_d_0000731.jpg,64,1,car,4,108,414.00000000000006,118.0,433.99999999999994,129.0,219.99999999999875,small,1,partial,0,not_truncated,False,,,
0000327_04001_d_0000731.jpg,65,1,car,4,109,410.0,136.0,435.00000000000006,147.0,275.0000000000006,small,1,partial,0,not_truncated,False,,,
0000327_04001_d_0000731.jpg,66,2,van,5,110,406.0,147.0,442.0,161.0,504.0,small,1,partial,0,not_truncated,False,,,
0000327_04001_d_0000731.jpg,67,1,car,4,111,425.0,156.0,452.00000000000006,171.0,405.00000000000085,small,1,partial,0,not_truncated,False,,,
0000327_04001_d_0000731.jpg,68,1,car,4,112,378.0,170.0,418.0,183.0,520.0,small,1,partial,0,not_truncated,False,,,
0000327_04001_d_0000731.jpg,69,0,pedestrian,1,113,406.0,174.0,412.99999999999994,189.0,104.99999999999915,small,0,none,0,not_truncated,False,,,
0000327_04001_d_0000731.jpg,70,0,pedestrian,1,114,372.00000000000006,170.0,376.0,181.0,43.999999999999375,small,0,none,0,not_truncated,False,,,
0000327_04001_d_0000731.jpg,71,0,pedestrian,1,115,368.0,147.99999999999997,371.99999999999994,168.0,79.99999999999898,small,0,none,0,not_truncated,False,,,
0000327_04001_d_0000731.jpg,72,1,car,4,117,171.0,207.99999999999997,203.00000000000003,228.0,640.0000000000015,small,0,none,0,not_truncated,True,14,0.6358682513237,0.8248816132545471
0000327_04001_d_0000731.jpg,73,1,car,4,118,105.0,212.0,160.0,236.0,1320.0,medium,1,partial,0,not_truncated,True,19,0.4364861845970154,0.8097476959228516
0000327_04001_d_0000731.jpg,74,1,car,4,119,112.0,231.99999999999997,167.0,253.0,1155.0000000000016,medium,0,none,0,not_truncated,True,9,0.6993217468261719,0.9040224552154541
0000327_04001_d_0000731.jpg,75,1,car,4,120,224.0,231.99999999999997,272.0,253.0,1008.0000000000014,small,1,partial,0,not_truncated,False,,,
0000327_04001_d_0000731.jpg,76,2,van,5,121,290.0,246.00000000000003,341.0,274.0,1427.9999999999986,medium,1,partial,0,not_truncated,True,16,0.5635678768157959,0.6475200057029724
0000327_04001_d_0000731.jpg,77,3,truck,6,122,345.0,242.00000000000003,409.00000000000006,274.0,2048.0,medium,1,partial,0,not_truncated,False,,,
0000327_04001_d_0000731.jpg,78,0,pedestrian,1,123,218.00000000000003,391.99999999999994,227.0,419.00000000000006,243.00000000000026,small,0,none,0,not_truncated,True,10,0.6952895522117615,0.6389367580413818
0000327_04001_d_0000731.jpg,79,0,pedestrian,1,125,255.0,360.0,263.0,376.0,128.0,small,0,none,0,not_truncated,False,,,
0000327_04001_d_0000731.jpg,80,0,pedestrian,1,126,262.0,349.0,276.0,377.0,392.0,small,0,none,0,not_truncated,False,,,
0000327_04001_d_0000731.jpg,81,0,pedestrian,1,127,208.00000000000003,305.0,216.0,330.0,199.9999999999993,small,0,none,0,not_truncated,True,44,0.25246715545654297,0.6382099986076355
0000327_04001_d_0000731.jpg,82,0,pedestrian,1,128,249.00000000000003,289.0,257.0,315.0,207.99999999999926,small,0,none,0,not_truncated,True,31,0.3187044560909271,0.6626569032669067
0000327_04001_d_0000731.jpg,83,0,pedestrian,1,129,275.0,281.0,284.0,302.0,189.0,small,0,none,0,not_truncated,False,,,
0000327_04001_d_0000731.jpg,84,0,pedestrian,1,130,338.99999999999994,293.0,349.99999999999994,318.0,275.0,small,0,none,0,not_truncated,True,28,0.34057772159576416,0.7296837568283081
0000327_04001_d_0000731.jpg,85,0,pedestrian,1,131,342.0,280.0,349.99999999999994,303.0,183.9999999999987,small,1,partial,0,not_truncated,True,40,0.2682611346244812,0.7108574509620667
0000327_04001_d_0000731.jpg,86,0,pedestrian,1,132,331.00000000000006,291.0,339.0,313.0,175.99999999999875,small,0,none,0,not_truncated,True,20,0.4029702842235565,0.606132447719574
0000327_04001_d_0000731.jpg,87,0,pedestrian,1,133,302.0,290.0,311.0,311.0,189.0,small,0,none,0,not_truncated,False,,,
0000327_04001_d_0000731.jpg,88,0,pedestrian,1,134,316.0,286.0,327.0,308.0,242.0,small,0,none,0,not_truncated,False,,,
0000327_04001_d_0000731.jpg,89,0,pedestrian,1,135,309.0,281.0,316.99999999999994,304.0,183.9999999999987,small,0,none,0,not_truncated,False,,,
0000327_04001_d_0000731.jpg,90,0,pedestrian,1,136,287.0,284.0,299.00000000000006,307.0,276.0000000000013,small,0,none,0,not_truncated,False,,,
0000327_04001_d_0000731.jpg,91,0,pedestrian,1,137,294.0,275.0,303.0,302.0,243.0,small,0,none,0,not_truncated,True,21,0.39524951577186584,0.5447930097579956
0000330_00601_d_0000803.jpg,0,1,car,4,1,687.0,437.0,746.0000000000001,513.0,4484.000000000009,medium,0,none,0,not_truncated,True,3,0.8879188299179077,0.8650952577590942
0000330_00601_d_0000803.jpg,1,1,car,4,2,773.0,412.0,831.0000000000001,469.99999999999994,3364.000000000003,medium,0,none,0,not_truncated,True,5,0.8733090162277222,0.9188673496246338
0000330_00601_d_0000803.jpg,2,1,car,4,3,851.0,403.0,917.0000000000001,466.99999999999994,4224.000000000004,medium,0,none,0,not_truncated,True,18,0.5049986243247986,0.9542790651321411
0000330_00601_d_0000803.jpg,3,1,car,4,4,822.0000000000001,323.0,865.0,363.0,1719.9999999999955,medium,0,none,0,not_truncated,True,4,0.881674587726593,0.8465512990951538
0000330_00601_d_0000803.jpg,4,1,car,4,5,725.0,191.0,749.9999999999999,217.0,649.999999999997,small,0,none,0,not_truncated,True,9,0.7765750288963318,0.8733762502670288
0000330_00601_d_0000803.jpg,5,1,car,4,6,627.0,201.0,654.0,229.0,756.0,small,0,none,0,not_truncated,True,32,0.31490063667297363,0.8418765664100647
0000330_00601_d_0000803.jpg,6,1,car,4,7,669.0,162.0,690.0,185.0,483.0,small,0,none,0,not_truncated,True,14,0.6262202262878418,0.8099491596221924
0000330_00601_d_0000803.jpg,7,1,car,4,8,610.0,151.0,632.0,173.0,484.0,small,0,none,0,not_truncated,True,13,0.6638174653053284,0.8250900506973267
0000330_00601_d_0000803.jpg,8,1,car,4,9,674.0,137.0,690.0,156.00000000000003,304.00000000000045,small,0,none,0,not_truncated,True,17,0.5173400640487671,0.7838945388793945
0000330_00601_d_0000803.jpg,9,1,car,4,10,665.0,118.0,682.0,134.0,272.0,small,0,none,0,not_truncated,True,16,0.5965393781661987,0.8700324296951294
0000330_00601_d_0000803.jpg,10,1,car,4,11,687.0,101.0,703.9999999999999,115.0,237.9999999999984,small,0,none,0,not_truncated,False,,,
0000330_00601_d_0000803.jpg,11,1,car,4,12,737.0000000000001,90.0,753.0,101.0,175.99999999999875,small,0,none,0,not_truncated,True,20,0.44686344265937805,0.667724072933197
0000330_00601_d_0000803.jpg,12,1,car,4,13,783.0000000000001,162.0,807.0,185.0,551.9999999999974,small,0,none,0,not_truncated,True,11,0.749775230884552,0.733793318271637
0000330_00601_d_0000803.jpg,13,1,car,4,14,1023.0,389.00000000000006,1126.0,458.0,7106.9999999999945,medium,0,none,0,not_truncated,False,,,
0000330_00601_d_0000803.jpg,14,1,car,4,15,1176.0,534.0,1292.0,646.0,12992.0,large,0,none,0,not_truncated,True,2,0.9060361385345459,0.965854287147522
0000330_00601_d_0000803.jpg,15,1,car,4,16,1225.0,637.0,1345.0,743.0,12720.0,large,0,none,0,not_truncated,True,15,0.600587010383606,0.72293621301651
0000330_00601_d_0000803.jpg,16,1,car,4,17,710.0,644.9999999999999,789.0000000000001,765.0,9480.000000000022,large,0,none,1,truncated,True,1,0.9227243661880493,0.9059827923774719
0000330_00601_d_0000803.jpg,17,1,car,4,18,229.99999999999997,361.00000000000006,311.0,430.0,5588.999999999997,medium,0,none,0,not_truncated,True,0,0.9342736601829529,0.9482883810997009
0000330_00601_d_0000803.jpg,18,1,car,4,19,328.0,284.0,390.99999999999994,336.0,3275.9999999999973,medium,0,none,0,not_truncated,True,6,0.872723400592804,0.8555603623390198
0000330_00601_d_0000803.jpg,19,1,car,4,20,371.00000000000006,262.0,421.0,307.0,2249.9999999999973,medium,1,partial,0,not_truncated,True,29,0.34857258200645447,0.8283647894859314
0000330_00601_d_0000803.jpg,20,1,car,4,21,398.0,218.0,443.0,257.0,1755.0,medium,1,partial,0,not_truncated,True,12,0.7305657863616943,0.8568028807640076
0000330_00601_d_0000803.jpg,21,1,car,4,22,517.0,155.0,541.0,176.0,504.0,small,1,partial,0,not_truncated,True,31,0.32878223061561584,0.7126719355583191
0000330_00601_d_0000803.jpg,22,1,car,4,23,531.0,140.0,553.0000000000001,157.0,374.00000000000193,small,1,partial,0,not_truncated,True,34,0.2990758419036865,0.7231267094612122
0000330_00601_d_0000803.jpg,23,1,car,4,24,547.0,122.99999999999999,569.0,143.0,440.00000000000034,small,1,partial,0,not_truncated,False,,,
0000330_00601_d_0000803.jpg,24,1,car,4,25,608.0,78.0,620.0,89.0,132.0,small,1,partial,0,not_truncated,False,,,
0000330_00601_d_0000803.jpg,25,1,car,4,26,597.0,73.0,609.0,84.0,132.0,small,1,partial,0,not_truncated,False,,,
0000330_00601_d_0000803.jpg,26,1,car,4,27,625.0,63.99999999999999,636.0,74.0,110.00000000000009,small,1,partial,0,not_truncated,False,,,
0000330_00601_d_0000803.jpg,27,1,car,4,28,565.0,87.0,588.0,98.99999999999999,275.99999999999966,small,2,heavy,0,not_truncated,False,,,
0000330_00601_d_0000803.jpg,28,2,van,5,29,581.0,98.00000000000001,595.0,115.0,237.9999999999998,small,1,partial,0,not_truncated,False,,,
0000330_00601_d_0000803.jpg,29,1,car,4,30,691.0,86.0,702.9999999999999,97.99999999999999,143.99999999999847,small,0,none,0,not_truncated,False,,,
0000330_00601_d_0000803.jpg,30,1,car,4,31,677.0,80.0,690.0,91.0,143.0,small,0,none,0,not_truncated,True,25,0.3867546021938324,0.5924686789512634
0000330_00601_d_0000803.jpg,31,1,car,4,32,735.0,73.0,746.9999999999999,84.0,131.99999999999875,small,0,none,0,not_truncated,True,30,0.3480607867240906,0.5439826846122742
0000330_00601_d_0000803.jpg,32,1,car,4,33,724.0,55.00000000000001,733.0,62.0,62.999999999999936,small,0,none,0,not_truncated,False,,,
0000330_00601_d_0000803.jpg,33,1,car,4,34,693.0,61.99999999999999,704.9999999999999,72.0,119.99999999999895,small,0,none,0,not_truncated,False,,,
0000330_00601_d_0000803.jpg,34,1,car,4,35,738.0,49.00000000000001,746.9999999999999,56.0,62.99999999999914,small,0,none,0,not_truncated,False,,,
0000330_00601_d_0000803.jpg,35,1,car,4,36,735.0,44.0,742.9999999999999,51.0,55.999999999999204,small,1,partial,0,not_truncated,False,,,
0000330_00601_d_0000803.jpg,36,2,van,5,37,702.0000000000001,45.0,713.0,57.99999999999999,142.99999999999844,small,1,partial,0,not_truncated,False,,,
0000330_00601_d_0000803.jpg,37,1,car,4,38,689.0,48.0,696.9999999999999,58.00000000000001,79.99999999999892,small,1,partial,0,not_truncated,False,,,
0000330_00601_d_0000803.jpg,38,1,car,4,39,718.0,39.0,731.0,47.0,104.0,small,1,partial,0,not_truncated,False,,,
0000330_00601_d_0000803.jpg,39,1,car,4,40,711.0,43.0,722.0,53.0,110.0,small,1,partial,0,not_truncated,False,,,
0000330_00601_d_0000803.jpg,40,1,car,4,41,699.0000000000001,39.0,709.0,45.0,59.99999999999932,small,1,partial,0,not_truncated,False,,,
0000330_00601_d_0000803.jpg,41,1,car,4,42,711.0,38.0,719.0,46.0,64.0,small,1,partial,0,not_truncated,False,,,
0000330_00601_d_0000803.jpg,42,1,car,4,43,687.0,40.0,696.9999999999999,48.99999999999999,89.9999999999989,small,1,partial,0,not_truncated,False,,,
0000330_00601_d_0000803.jpg,43,1,car,4,44,721.0,30.0,728.0,36.0,42.0,small,0,none,0,not_truncated,False,,,
0000330_00601_d_0000803.jpg,44,1,car,4,45,733.0,40.0,740.9999999999999,46.0,47.99999999999932,small,1,partial,0,not_truncated,False,,,
0000330_00601_d_0000803.jpg,45,2,van,5,49,1019.0,336.0,1080.0,406.0,4270.0,medium,1,partial,0,not_truncated,True,33,0.30427274107933044,0.7454292178153992
0000330_00601_d_0000803.jpg,46,1,car,4,50,985.0,300.0,1036.0,346.0,2346.0,medium,1,partial,0,not_truncated,True,7,0.8649093508720398,0.8972640633583069
0000330_00601_d_0000803.jpg,47,2,van,5,51,952.9999999999999,253.0,996.0000000000001,301.0,2064.000000000011,medium,1,partial,0,not_truncated,False,,,
0000330_00601_d_0000803.jpg,48,1,car,4,52,1010.9999999999999,231.00000000000003,1071.0,260.0,1740.0000000000016,medium,2,heavy,0,not_truncated,False,,,
0000330_00601_d_0000803.jpg,49,1,car,4,53,955.9999999999999,233.00000000000003,1020.0,269.0,2304.0000000000023,medium,2,heavy,0,not_truncated,False,,,
0000330_00601_d_0000803.jpg,50,2,van,5,54,915.9999999999999,191.0,968.0,219.0,1456.0000000000032,medium,1,partial,0,not_truncated,False,,,
0000330_00601_d_0000803.jpg,51,1,car,4,55,889.0,189.0,920.9999999999999,213.0,767.9999999999973,small,1,partial,0,not_truncated,True,28,0.35743507742881775,0.6590662002563477
0000330_00601_d_0000803.jpg,52,1,car,4,56,863.0000000000001,151.0,888.0,170.0,474.99999999999784,small,1,partial,0,not_truncated,False,,,
0000330_00601_d_0000803.jpg,53,1,car,4,57,858.0,144.0,877.9999999999999,162.00000000000003,359.9999999999985,small,2,heavy,0,not_truncated,False,,,
0000330_00601_d_0000803.jpg,54,1,car,4,58,851.0,137.0,868.9999999999999,152.0,269.9999999999983,small,2,heavy,0,not_truncated,True,22,0.40735679864883423,0.7603829503059387
0000330_00601_d_0000803.jpg,55,1,car,4,59,837.0,119.0,854.0,136.99999999999997,305.99999999999955,small,0,none,0,not_truncated,True,38,0.27663424611091614,0.7291847467422485
0000330_00601_d_0000803.jpg,56,1,car,4,60,826.0000000000001,115.00000000000001,851.0,131.0,399.99999999999784,small,2,heavy,0,not_truncated,False,,,
0000330_00601_d_0000803.jpg,57,1,car,4,61,828.0000000000001,106.0,856.0,119.0,363.9999999999985,small,2,heavy,0,not_truncated,False,,,
0000330_00601_d_0000803.jpg,58,1,car,4,62,817.0,100.0,838.9999999999999,114.0,307.9999999999984,small,2,heavy,0,not_truncated,True,40,0.2665773928165436,0.5931318402290344
0000330_00601_d_0000803.jpg,59,1,car,4,63,819.0000000000001,89.0,839.0,100.0,219.99999999999875,small,2,heavy,0,not_truncated,False,,,
0000330_00601_d_0000803.jpg,60,1,car,4,64,832.0000000000001,94.99999999999999,851.0,110.99999999999999,303.9999999999982,small,2,heavy,0,not_truncated,False,,,
0000330_00601_d_0000803.jpg,61,1,car,4,65,803.0,80.0,819.0,91.0,176.0,small,2,heavy,0,not_truncated,False,,,
0000330_00601_d_0000803.jpg,62,1,car,4,66,801.0,76.0,815.0,88.0,168.0,small,2,heavy,0,not_truncated,False,,,
0000330_00601_d_0000803.jpg,63,1,car,4,67,795.0,69.00000000000001,806.0,78.0,98.99999999999984,small,2,heavy,0,not_truncated,False,,,
0000330_00601_d_0000803.jpg,64,1,car,4,68,787.0000000000001,57.99999999999999,798.0,68.0,109.99999999999893,small,2,heavy,0,not_truncated,False,,,
0000330_00601_d_0000803.jpg,65,1,car,4,69,781.9999999999999,51.0,789.9999999999999,61.00000000000001,80.00000000000006,small,2,heavy,0,not_truncated,False,,,
0000330_00601_d_0000803.jpg,66,1,car,4,70,657.0,81.0,670.0,93.0,156.0,small,0,none,0,not_truncated,False,,,
0000330_00601_d_0000803.jpg,67,1,car,4,71,674.0,63.99999999999999,685.0,74.0,110.00000000000009,small,1,partial,0,not_truncated,False,,,
0000330_00601_d_0000803.jpg,68,1,car,4,72,722.0,22.0,729.0,27.0,35.0,small,1,partial,0,not_truncated,False,,,
0000330_00601_d_0000803.jpg,69,0,pedestrian,1,74,974.0,302.00000000000006,986.0,338.0,431.9999999999993,small,0,none,0,not_truncated,False,,,
0000330_00601_d_0000803.jpg,70,0,pedestrian,1,75,978.0,296.0,987.0,327.0,279.0,small,2,heavy,0,not_truncated,False,,,
0000330_00601_d_0000803.jpg,71,0,pedestrian,1,76,964.0,293.0,974.0,332.0,390.0,small,2,heavy,0,not_truncated,False,,,
0000330_00601_d_0000803.jpg,72,0,pedestrian,1,77,947.0,296.99999999999994,960.9999999999999,334.0,517.9999999999966,small,0,none,0,not_truncated,False,,,
0000330_00601_d_0000803.jpg,73,0,pedestrian,1,78,924.0,216.0,932.0,243.99999999999997,223.99999999999977,small,0,none,0,not_truncated,False,,,
0000330_00601_d_0000803.jpg,74,0,pedestrian,1,79,1054.0,242.00000000000003,1064.0,272.0,299.9999999999997,small,1,partial,0,not_truncated,False,,,
0000330_00601_d_0000803.jpg,75,0,pedestrian,1,80,814.0,226.0,822.0,244.00000000000003,144.00000000000023,small,1,partial,0,not_truncated,False,,,
0000330_00601_d_0000803.jpg,76,0,pedestrian,1,81,817.0,223.99999999999997,824.9999999999999,240.0,127.99999999999841,small,2,heavy,0,not_truncated,False,,,
0000330_00601_d_0000803.jpg,77,0,pedestrian,1,84,575.0,257.0,586.0,281.0,264.0,small,1,partial,0,not_truncated,False,,,
0000330_00601_d_0000803.jpg,78,0,pedestrian,1,85,480.00000000000006,179.0,487.0,204.0,174.99999999999858,small,0,none,0,not_truncated,False,,,
0000330_00601_d_0000803.jpg,79,0,pedestrian,1,87,246.0,447.0,269.0,498.0,1173.0,medium,0,none,0,not_truncated,True,39,0.26756736636161804,0.6992303133010864
0000330_00601_d_0000803.jpg,80,0,pedestrian,1,88,147.0,351.0,160.0,383.0,416.0,small,1,partial,0,not_truncated,False,,,
0000330_00601_d_0000803.jpg,81,0,pedestrian,1,89,132.0,350.00000000000006,150.00000000000003,384.0,611.9999999999999,small,1,partial,0,not_truncated,False,,,
0000330_00601_d_0000803.jpg,82,0,pedestrian,1,93,556.0,106.0,563.0,119.0,91.0,small,1,partial,0,not_truncated,False,,,
0000330_01401_d_0000807.jpg,0,1,car,4,1,976.0,533.0,1074.0,628.0,9310.0,large,1,partial,0,not_truncated,True,9,0.8228420615196228,0.9523943662643433
0000330_01401_d_0000807.jpg,1,1,car,4,2,1069.0000000000002,705.0,1193.0,765.0,7439.999999999986,medium,1,partial,1,truncated,True,8,0.8426845073699951,0.9306281208992004
0000330_01401_d_0000807.jpg,2,1,car,4,3,1157.0,602.0,1320.0,737.0,22005.0,large,1,partial,0,not_truncated,True,5,0.8784956932067871,0.9565625190734863
0000330_01401_d_0000807.jpg,3,1,car,4,4,530.0,475.0,599.0000000000001,559.0,5796.000000000009,medium,0,none,0,not_truncated,True,0,0.9305218458175659,0.9734550714492798
0000330_01401_d_0000807.jpg,4,1,car,4,5,845.0,393.99999999999994,973.9999999999999,441.99999999999994,6191.9999999999945,medium,1,partial,0,not_truncated,True,12,0.755084753036499,0.8106450438499451
0000330_01401_d_0000807.jpg,5,1,car,4,6,855.0000000000001,356.0,976.0,407.0,6170.9999999999945,medium,1,partial,0,not_truncated,True,44,0.38327842950820923,0.8658692240715027
0000330_01401_d_0000807.jpg,6,1,car,4,7,855.0,332.99999999999994,951.9999999999999,370.0,3589.0000000000014,medium,1,partial,0,not_truncated,True,19,0.6939103603363037,0.8393331170082092
0000330_01401_d_0000807.jpg,7,0,pedestrian,1,8,1000.0000000000001,318.0,1012.0,356.0,455.9999999999957,small,0,none,0,not_truncated,True,57,0.2528834640979767,0.6918742060661316
0000330_01401_d_0000807.jpg,8,0,pedestrian,1,23,1182.0,354.0,1202.0,392.99999999999994,779.9999999999989,small,1,partial,0,not_truncated,False,,,
0000330_01401_d_0000807.jpg,9,0,pedestrian,1,24,1136.0,338.0,1151.0,375.0,555.0,small,0,none,0,not_truncated,True,55,0.27122995257377625,0.8287332653999329
0000330_01401_d_0000807.jpg,10,0,pedestrian,1,26,1144.0,333.0,1159.0,367.99999999999994,524.9999999999991,small,2,heavy,0,not_truncated,False,,,
0000330_01401_d_0000807.jpg,11,0,pedestrian,1,27,1342.0,360.0,1360.0,399.0,702.0,small,0,none,1,truncated,False,,,
0000330_01401_d_0000807.jpg,12,0,pedestrian,1,28,1249.0,328.0,1269.0,364.0,720.0,small,0,none,0,not_truncated,False,,,
0000330_01401_d_0000807.jpg,13,0,pedestrian,1,29,1289.0,328.0,1304.0,364.0,540.0,small,1,partial,0,not_truncated,False,,,
0000330_01401_d_0000807.jpg,14,0,pedestrian,1,30,1256.0,324.0,1271.0,354.99999999999994,464.99999999999915,small,2,heavy,0,not_truncated,False,,,
0000330_01401_d_0000807.jpg,15,0,pedestrian,1,32,1322.0,344.99999999999994,1341.0,381.0,684.0000000000011,small,1,partial,0,not_truncated,True,45,0.3675241470336914,0.8492056727409363
0000330_01401_d_0000807.jpg,16,2,van,5,33,1012.0,276.0,1162.0,352.0,11400.0,large,1,partial,0,not_truncated,False,,,
0000330_01401_d_0000807.jpg,17,0,pedestrian,1,38,1221.0,259.0,1234.0,286.0,351.0,small,0,none,0,not_truncated,False,,,
0000330_01401_d_0000807.jpg,18,0,pedestrian,1,39,1213.0,256.0,1225.0,285.0,348.0,small,1,partial,0,not_truncated,False,,,
0000330_01401_d_0000807.jpg,19,0,pedestrian,1,40,1222.0,255.99999999999997,1235.0,277.0,273.00000000000034,small,2,heavy,0,not_truncated,False,,,
0000330_01401_d_0000807.jpg,20,1,car,4,48,1265.0,246.00000000000003,1344.0,276.0,2369.9999999999977,medium,2,heavy,0,not_truncated,False,,,
0000330_01401_d_0000807.jpg,21,1,car,4,49,1155.0,239.0,1229.0,272.99999999999994,2515.999999999996,medium,1,partial,0,not_truncated,True,26,0.5912601351737976,0.9113206267356873
0000330_01401_d_0000807.jpg,22,2,van,5,50,1070.0,244.99999999999997,1141.0,284.0,2769.000000000002,medium,1,partial,0,not_truncated,True,52,0.3016473054885864,0.9326912760734558
0000330_01401_d_0000807.jpg,23,1,car,4,52,993.9999999999999,261.0,1055.0,292.0,1891.0000000000036,medium,1,partial,0,not_truncated,True,29,0.5358794927597046,0.9254844784736633
0000330_01401_d_0000807.jpg,24,0,pedestrian,1,53,890.0,297.0,904.0,330.99999999999994,475.9999999999992,small,0,none,0,not_truncated,False,,,
0000330_01401_d_0000807.jpg,25,0,pedestrian,1,54,908.0,240.0,918.9999999999999,266.0,285.99999999999704,small,0,none,0,not_truncated,True,32,0.4774303734302521,0.8195767402648926
0000330_01401_d_0000807.jpg,26,2,van,5,57,1164.0,191.0,1214.0,215.0,1200.0,medium,2,heavy,0,not_truncated,False,,,
0000330_01401_d_0000807.jpg,27,3,truck,6,58,1083.0,176.0,1164.0,208.99999999999997,2672.9999999999977,medium,1,partial,0,not_truncated,False,,,
0000330_01401_d_0000807.jpg,28,1,car,4,59,980.0,153.0,1035.0,176.0,1265.0,medium,0,none,0,not_truncated,True,50,0.30530285835266113,0.8697701692581177
0000330_01401_d_0000807.jpg,29,1,car,4,60,942.0,192.0,1003.0000000000001,214.0,1342.0000000000025,medium,1,partial,0,not_truncated,True,13,0.7411314845085144,0.6902148723602295
0000330_01401_d_0000807.jpg,30,1,car,4,61,867.9999999999999,183.99999999999997,926.0,204.0,1160.0000000000039,medium,0,none,0,not_truncated,True,20,0.6937347054481506,0.8718720078468323
0000330_01401_d_0000807.jpg,31,1,car,4,62,887.9999999999999,155.0,932.0,177.0,968.0000000000025,small,0,none,0,not_truncated,True,30,0.5323486328125,0.9035422801971436
0000330_01401_d_0000807.jpg,32,1,car,4,63,887.0,135.99999999999997,912.9999999999999,154.0,467.9999999999987,small,0,none,0,not_truncated,False,,,
0000330_01401_d_0000807.jpg,33,0,pedestrian,1,64,808.0,145.0,813.0,165.0,100.0,small,0,none,0,not_truncated,False,,,
0000330_01401_d_0000807.jpg,34,0,pedestrian,1,65,794.0,147.0,802.0,163.0,128.0,small,0,none,0,not_truncated,False,,,
0000330_01401_d_0000807.jpg,35,1,car,4,66,797.0,143.0,829.9999999999999,162.00000000000003,626.9999999999987,small,1,partial,0,not_truncated,True,23,0.678498387336731,0.8700712323188782
0000330_01401_d_0000807.jpg,36,0,pedestrian,1,68,767.0,152.0,773.0,169.0,102.0,small,0,none,0,not_truncated,False,,,
0000330_01401_d_0000807.jpg,37,0,pedestrian,1,69,759.0,151.0,766.0,170.0,133.0,small,0,none,0,not_truncated,False,,,
0000330_01401_d_0000807.jpg,38,0,pedestrian,1,71,730.0,128.0,737.0,145.0,119.0,small,0,none,0,not_truncated,False,,,
0000330_01401_d_0000807.jpg,39,1,car,4,72,736.0000000000001,130.0,755.0,146.0,303.9999999999982,small,0,none,0,not_truncated,True,28,0.53818279504776,0.7274949550628662
0000330_01401_d_0000807.jpg,40,1,car,4,73,733.0,122.00000000000001,751.9999999999999,136.0,265.9999999999981,small,1,partial,0,not_truncated,False,,,
0000330_01401_d_0000807.jpg,41,1,car,4,74,723.0,109.00000000000001,741.9999999999999,126.0,322.9999999999978,small,1,partial,0,not_truncated,True,37,0.42849647998809814,0.5370463728904724
0000330_01401_d_0000807.jpg,42,1,car,4,75,722.0,200.0,787.0000000000001,223.00000000000003,1495.0000000000045,medium,0,none,0,not_truncated,True,10,0.809908926486969,0.8778959512710571
0000330_01401_d_0000807.jpg,43,1,car,4,76,708.9999999999999,188.0,774.0,209.00000000000003,1365.0000000000043,medium,1,partial,0,not_truncated,False,,,
0000330_01401_d_0000807.jpg,44,1,car,4,79,676.9999999999999,258.0,723.0,296.0,1748.0000000000043,medium,0,none,0,not_truncated,True,2,0.9076257944107056,0.9152550101280212
0000330_01401_d_0000807.jpg,45,1,car,4,80,737.0,326.0,795.0,371.0,2610.0,medium,1,partial,0,not_truncated,True,48,0.32894426584243774,0.9001197218894958
0000330_01401_d_0000807.jpg,46,1,car,4,81,556.0,365.0,604.0,414.99999999999994,2399.9999999999973,medium,0,none,0,not_truncated,True,1,0.9117634892463684,0.9242410659790039
0000330_01401_d_0000807.jpg,47,1,car,4,82,564.0,305.0,606.0,347.0,1764.0,medium,1,partial,0,not_truncated,True,6,0.8689880967140198,0.929264485836029
0000330_01401_d_0000807.jpg,48,2,van,5,83,506.0,242.00000000000003,564.0,299.0,3305.999999999998,medium,1,partial,0,not_truncated,True,11,0.7842894792556763,0.9688771963119507
0000330_01401_d_0000807.jpg,49,1,car,4,84,618.0000000000001,223.00000000000003,679.0,255.0,1951.9999999999945,medium,0,none,0,not_truncated,True,4,0.8802178502082825,0.9198604822158813
0000330_01401_d_0000807.jpg,50,0,pedestrian,1,92,517.0,147.99999999999997,528.0,167.0,209.0000000000003,small,0,none,0,not_truncated,False,,,
0000330_01401_d_0000807.jpg,51,3,truck,6,93,497.00000000000006,172.0,553.0,198.00000000000003,1456.0,medium,0,none,0,not_truncated,False,,,
0000330_01401_d_0000807.jpg,52,1,car,4,94,397.99999999999994,185.00000000000003,463.0,211.00000000000003,1690.0000000000014,medium,0,none,0,not_truncated,True,14,0.740090012550354,0.9182295799255371
0000330_01401_d_0000807.jpg,53,1,car,4,95,391.00000000000006,177.0,450.0,197.99999999999997,1238.999999999997,medium,2,heavy,0,not_truncated,False,,,
0000330_01401_d_0000807.jpg,54,1,car,4,96,132.0,322.0,185.00000000000003,373.0,2703.0000000000014,medium,1,partial,0,not_truncated,True,38,0.42535051703453064,0.7033888101577759
0000330_01401_d_0000807.jpg,55,1,car,4,97,139.0,288.0,184.99999999999997,332.0,2023.9999999999986,medium,1,partial,0,not_truncated,True,42,0.4059698283672333,0.946640133857727
0000330_01401_d_0000807.jpg,56,0,pedestrian,1,98,195.0,253.00000000000003,209.0,286.0,461.9999999999996,small,1,partial,0,not_truncated,False,,,
0000330_01401_d_0000807.jpg,57,0,pedestrian,1,99,188.0,254.00000000000003,197.99999999999997,286.0,319.9999999999988,small,1,partial,0,not_truncated,False,,,
0000330_01401_d_0000807.jpg,58,0,pedestrian,1,100,185.99999999999997,239.0,201.0,267.0,420.0000000000008,small,1,partial,0,not_truncated,False,,,
0000330_01401_d_0000807.jpg,59,0,pedestrian,1,101,160.0,243.00000000000003,174.0,274.0,433.9999999999996,small,0,none,0,not_truncated,False,,,
0000330_01401_d_0000807.jpg,60,0,pedestrian,1,102,98.99999999999999,353.0,118.0,393.99999999999994,778.9999999999995,small,1,partial,0,not_truncated,True,49,0.3166108727455139,0.8436299562454224
0000330_01401_d_0000807.jpg,61,0,pedestrian,1,105,28.000000000000004,359.0,51.0,403.0,1011.9999999999999,small,1,partial,0,not_truncated,False,,,
0000330_01401_d_0000807.jpg,62,0,pedestrian,1,106,34.0,348.0,59.00000000000001,386.0,950.0000000000002,small,1,partial,0,not_truncated,False,,,
0000330_01401_d_0000807.jpg,63,0,pedestrian,1,107,58.0,324.0,76.0,361.00000000000006,666.000000000001,small,1,partial,0,not_truncated,False,,,
0000330_01401_d_0000807.jpg,64,0,pedestrian,1,108,42.0,316.0,59.99999999999999,356.0,719.9999999999998,small,1,partial,0,not_truncated,False,,,
0000330_01401_d_0000807.jpg,65,0,pedestrian,1,109,17.999999999999996,279.0,33.0,314.0,525.0000000000001,small,2,heavy,0,not_truncated,False,,,
0000330_01401_d_0000807.jpg,66,1,car,4,110,236.0,234.00000000000003,300.0,269.0,2239.999999999998,medium,0,none,0,not_truncated,True,3,0.8818042278289795,0.8714034557342529
0000330_01401_d_0000807.jpg,67,1,car,4,111,211.0,190.0,284.99999999999994,215.0,1849.9999999999986,medium,0,none,0,not_truncated,True,7,0.8630167245864868,0.9057289958000183
0000330_01401_d_0000807.jpg,68,1,car,4,112,55.99999999999999,207.00000000000003,138.0,242.0,2869.9999999999977,medium,1,partial,0,not_truncated,True,53,0.29880043864250183,0.7112416625022888
0000330_01401_d_0000807.jpg,69,1,car,4,113,62.00000000000001,185.00000000000003,135.0,213.0,2043.999999999998,medium,1,partial,0,not_truncated,True,39,0.42532169818878174,0.7659100294113159
0000330_01401_d_0000807.jpg,70,0,pedestrian,1,114,107.0,149.0,118.0,172.0,253.0,small,0,none,0,not_truncated,False,,,
0000330_01401_d_0000807.jpg,71,1,car,4,115,76.99999999999999,143.0,137.0,163.00000000000003,1200.000000000002,medium,1,partial,0,not_truncated,True,24,0.6772651076316833,0.9171375632286072
0000330_01401_d_0000807.jpg,72,1,car,4,116,35.0,144.0,62.99999999999999,164.0,559.9999999999999,small,0,none,0,not_truncated,True,22,0.6789165139198303,0.8388464450836182
0000330_01401_d_0000807.jpg,73,0,pedestrian,1,119,373.00000000000006,157.0,380.0,178.0,146.9999999999988,small,0,none,0,not_truncated,True,33,0.4728412628173828,0.5927920937538147
0000330_01401_d_0000807.jpg,74,0,pedestrian,1,124,265.0,138.00000000000003,273.0,156.0,143.99999999999977,small,0,none,0,not_truncated,False,,,
0000330_01401_d_0000807.jpg,75,0,pedestrian,1,125,272.0,135.0,280.0,155.0,160.0,small,0,none,0,not_truncated,False,,,
0000330_01401_d_0000807.jpg,76,0,pedestrian,1,131,353.00000000000006,124.99999999999999,359.0,143.0,107.99999999999906,small,0,none,0,not_truncated,False,,,
0000330_01401_d_0000807.jpg,77,1,car,4,132,427.0,128.0,453.00000000000006,146.0,468.000000000001,small,0,none,0,not_truncated,True,34,0.4627716541290283,0.9109957218170166
0000330_01401_d_0000807.jpg,78,1,car,4,133,395.99999999999994,125.0,418.0,141.99999999999997,374.00000000000034,small,2,heavy,0,not_truncated,False,,,
0000330_01401_d_0000807.jpg,79,1,car,4,134,411.00000000000006,116.00000000000001,431.0,131.0,299.99999999999886,small,1,partial,0,not_truncated,True,40,0.4161103069782257,0.7150355577468872
0000330_01401_d_0000807.jpg,80,1,car,4,135,526.9999999999999,135.99999999999997,548.0,155.0,399.0000000000028,small,0,none,0,not_truncated,True,17,0.7082574367523193,0.7730470299720764
0000330_01401_d_0000807.jpg,81,1,car,4,136,531.0,117.00000000000001,549.9999999999999,133.0,303.9999999999979,small,0,none,0,not_truncated,True,27,0.575027585029602,0.8122894763946533
0000330_01401_d_0000807.jpg,82,1,car,4,139,464.0,99.00000000000001,484.99999999999994,115.99999999999999,356.99999999999847,small,1,partial,0,not_truncated,False,,,
0000330_01401_d_0000807.jpg,83,2,van,5,140,418.0,109.00000000000001,437.99999999999994,126.0,339.99999999999875,small,1,partial,0,not_truncated,False,,,
0000330_01401_d_0000807.jpg,84,1,car,4,141,434.00000000000006,101.0,450.0,116.99999999999999,255.99999999999886,small,1,partial,0,not_truncated,True,46,0.3670658767223358,0.6022621393203735
0000330_01401_d_0000807.jpg,85,1,car,4,142,441.0,98.00000000000001,460.99999999999994,112.0,279.9999999999989,small,1,partial,0,not_truncated,True,56,0.26076146960258484,0.6032664179801941
0000330_01401_d_0000807.jpg,86,1,car,4,143,434.99999999999994,86.0,468.0,97.0,363.0000000000006,small,1,partial,0,not_truncated,False,,,
0000330_01401_d_0000807.jpg,87,1,car,4,144,427.0,79.0,461.0,90.0,374.0,small,1,partial,0,not_truncated,False,,,
0000330_01401_d_0000807.jpg,88,1,car,4,145,472.00000000000006,75.0,487.0,86.0,164.99999999999937,small,1,partial,0,not_truncated,False,,,
0000330_01401_d_0000807.jpg,89,1,car,4,146,560.0,76.0,573.0,87.0,143.0,small,0,none,0,not_truncated,False,,,
0000330_01401_d_0000807.jpg,90,1,car,4,147,563.0,72.0,575.0,82.0,120.0,small,1,partial,0,not_truncated,True,31,0.5060309171676636,0.5441339015960693
0000330_01401_d_0000807.jpg,91,1,car,4,148,623.0,67.0,635.0,78.0,132.0,small,0,none,0,not_truncated,True,54,0.2754424810409546,0.6252346038818359
0000330_01401_d_0000807.jpg,92,1,car,4,149,623.0,108.0,640.0,122.99999999999999,254.99999999999977,small,0,none,0,not_truncated,True,18,0.6945047974586487,0.7888258695602417
0000330_01401_d_0000807.jpg,93,3,truck,6,151,696.0000000000001,55.00000000000001,718.0,87.0,703.9999999999962,small,1,partial,0,not_truncated,False,,,
0000330_01401_d_0000807.jpg,94,1,car,4,152,566.0,64.99999999999999,582.0,75.0,160.00000000000023,small,1,partial,0,not_truncated,False,,,
0000330_01401_d_0000807.jpg,95,1,car,4,153,572.0,62.0,583.0,70.0,88.0,small,2,heavy,0,not_truncated,False,,,
0000330_01401_d_0000807.jpg,96,1,car,4,156,625.0,45.99999999999999,634.0,51.99999999999999,54.0,small,0,none,0,not_truncated,True,47,0.35938480496406555,0.7063769698143005
0000330_01401_d_0000807.jpg,97,0,pedestrian,1,157,581.0,49.00000000000001,585.0,56.0,27.99999999999997,small,1,partial,0,not_truncated,False,,,
0000330_01401_d_0000807.jpg,98,0,pedestrian,1,158,616.0,29.000000000000004,622.0,36.0,41.99999999999998,small,0,none,0,not_truncated,False,,,
0000330_01401_d_0000807.jpg,99,1,car,4,159,630.0,31.0,636.0,37.0,36.0,small,1,partial,0,not_truncated,False,,,
0000330_01401_d_0000807.jpg,100,1,car,4,160,626.0,34.0,633.0,40.0,42.0,small,0,none,0,not_truncated,False,,,
0000330_02201_d_0000811.jpg,0,1,car,4,1,492.0,582.0,584.0,752.0,15640.0,large,0,none,0,not_truncated,True,10,0.599694550037384,0.9502172470092773
0000330_02201_d_0000811.jpg,1,0,pedestrian,1,2,668.0,575.0,693.0,626.0,1275.0,medium,0,none,0,not_truncated,True,11,0.571262538433075,0.8368076086044312
0000330_02201_d_0000811.jpg,2,1,car,4,3,751.9999999999999,599.0,900.0,744.0,21460.00000000002,large,1,partial,0,not_truncated,True,0,0.9289474487304688,0.9325034022331238
0000330_02201_d_0000811.jpg,3,2,van,5,4,681.0,316.0,799.9999999999999,417.00000000000006,12018.999999999995,large,0,none,0,not_truncated,False,,,
0000330_02201_d_0000811.jpg,4,1,car,4,7,0.0,221.99999999999997,54.0,281.0,3186.0000000000014,medium,0,none,1,truncated,True,6,0.7858664393424988,0.902696430683136
0000330_02201_d_0000811.jpg,5,1,car,4,8,0.0,58.00000000000001,32.0,101.0,1375.9999999999998,medium,1,partial,1,truncated,False,,,
0000330_02201_d_0000811.jpg,6,1,car,4,9,63.0,61.99999999999999,106.0,101.0,1677.0000000000002,medium,0,none,0,not_truncated,True,1,0.8866578936576843,0.9188992381095886
0000330_02201_d_0000811.jpg,7,0,pedestrian,1,10,153.0,49.00000000000001,167.0,74.0,349.9999999999999,small,0,none,0,not_truncated,False,,,
0000330_02201_d_0000811.jpg,8,2,van,5,11,4.0,27.0,39.0,56.0,1015.0,small,1,partial,0,not_truncated,False,,,
0000330_02201_d_0000811.jpg,9,1,car,4,12,5.000000000000001,5.000000000000001,40.0,36.99999999999999,1119.9999999999998,medium,1,partial,0,not_truncated,True,17,0.3882773816585541,0.906593918800354
0000330_02201_d_0000811.jpg,10,1,car,4,16,275.0,115.99999999999999,319.0,161.0,1980.0000000000007,medium,0,none,0,not_truncated,True,2,0.8817167282104492,0.938282310962677
0000330_02201_d_0000811.jpg,11,2,van,5,17,371.00000000000006,158.0,422.0,222.00000000000003,3263.9999999999977,medium,0,none,0,not_truncated,True,22,0.29072830080986023,0.93831866979599
0000330_02201_d_0000811.jpg,12,0,pedestrian,1,18,1104.0,515.0,1127.0,565.0,1150.0,medium,0,none,0,not_truncated,True,19,0.3409099280834198,0.8184581995010376
0000330_02201_d_0000811.jpg,13,0,pedestrian,1,19,1269.0,397.00000000000006,1297.0,445.00000000000006,1344.0,medium,0,none,0,not_truncated,True,8,0.7406080365180969,0.7286836504936218
0000330_02201_d_0000811.jpg,14,1,car,4,24,1307.0,153.0,1360.0,190.0,1961.0,medium,0,none,1,truncated,True,4,0.8417040109634399,0.8719198703765869
0000330_02201_d_0000811.jpg,15,1,car,4,28,1028.0,156.0,1112.0,195.99999999999997,3359.9999999999977,medium,1,partial,0,not_truncated,True,9,0.6710249781608582,0.8619692921638489
0000330_02201_d_0000811.jpg,16,2,van,5,29,951.0,47.0,1019.0,83.0,2448.0,medium,0,none,0,not_truncated,True,16,0.453689306974411,0.839167058467865
0000330_02201_d_0000811.jpg,17,2,van,5,30,850.0,66.0,897.0000000000001,101.0,1645.000000000004,medium,0,none,0,not_truncated,False,,,
0000330_02201_d_0000811.jpg,18,2,van,5,31,794.0,19.0,823.0,48.99999999999999,869.9999999999998,small,0,none,0,not_truncated,False,,,
0000330_02201_d_0000811.jpg,19,2,van,5,32,694.0000000000001,44.0,727.0,74.0,989.9999999999966,small,1,partial,0,not_truncated,False,,,
0000330_02201_d_0000811.jpg,20,1,car,4,33,548.0,15.999999999999998,590.0,41.0,1050.0,medium,1,partial,0,not_truncated,True,7,0.7604497075080872,0.7219775915145874
0000330_02201_d_0000811.jpg,21,2,van,5,34,529.0,0.0,567.0,24.0,912.0,small,1,partial,1,truncated,False,,,
0000330_02201_d_0000811.jpg,22,0,pedestrian,1,35,547.0,18.0,564.0,41.0,391.0,small,1,partial,0,not_truncated,False,,,
0000330_02201_d_0000811.jpg,23,0,pedestrian,1,36,691.0,56.0,699.9999999999999,82.0,233.99999999999704,small,0,none,0,not_truncated,False,,,
0000330_02201_d_0000811.jpg,24,0,pedestrian,1,37,701.0000000000001,60.0,709.0,83.0,183.99999999999739,small,0,none,0,not_truncated,False,,,
0000330_02201_d_0000811.jpg,25,0,pedestrian,1,38,713.0,54.99999999999999,721.0,84.0,232.00000000000006,small,0,none,0,not_truncated,False,,,
0000330_02201_d_0000811.jpg,26,0,pedestrian,1,39,666.0,1.0000000000000004,675.0,24.0,207.0,small,0,none,0,not_truncated,False,,,
0000330_02201_d_0000811.jpg,27,0,pedestrian,1,40,675.0,0.9999999999999991,683.0,21.0,160.0,small,0,none,1,truncated,False,,,
0000330_02201_d_0000811.jpg,28,1,car,4,42,280.0,0.0,309.0,23.0,667.0,small,0,none,1,truncated,True,3,0.8696481585502625,0.9143615961074829
0000330_02201_d_0000811.jpg,29,0,pedestrian,1,43,799.0,117.99999999999999,809.0,149.0,310.0000000000001,small,1,partial,0,not_truncated,False,,,
0000330_02201_d_0000811.jpg,30,0,pedestrian,1,44,808.0,117.00000000000001,817.0,146.0,260.9999999999999,small,1,partial,0,not_truncated,True,24,0.2549258768558502,0.6922597885131836
0000330_04201_d_0000821.jpg,0,1,car,4,3,0.0,274.0,74.0,346.0,5328.0,medium,1,partial,1,truncated,True,10,0.8558451533317566,0.9406988620758057
0000330_04201_d_0000821.jpg,1,1,car,4,4,49.99999999999999,235.00000000000003,124.0,289.0,3995.9999999999977,medium,1,partial,0,not_truncated,True,8,0.8621516823768616,0.9650655388832092
0000330_04201_d_0000821.jpg,2,1,car,4,7,305.0,42.0,332.0,67.0,675.0,small,0,none,0,not_truncated,True,12,0.7620147466659546,0.8112913370132446
0000330_04201_d_0000821.jpg,3,1,car,4,10,391.00000000000006,274.0,445.0,325.0,2753.9999999999973,medium,0,none,0,not_truncated,True,5,0.8999468684196472,0.9576639533042908
0000330_04201_d_0000821.jpg,4,0,pedestrian,1,11,124.0,398.00000000000006,156.0,447.0,1567.9999999999982,medium,0,none,0,not_truncated,True,24,0.42104196548461914,0.6650487780570984
0000330_04201_d_0000821.jpg,5,1,car,4,14,90.00000000000001,648.0,325.0,746.0,23030.0,large,0,none,0,not_truncated,True,1,0.9222339987754822,0.9813957214355469
0000330_04201_d_0000821.jpg,6,0,pedestrian,1,18,605.0,0.0,613.0,14.0,112.0,small,0,none,0,not_truncated,False,,,
0000330_04201_d_0000821.jpg,7,0,pedestrian,1,19,602.0,0.0,608.0,15.0,90.0,small,1,partial,0,not_truncated,False,,,
0000330_04201_d_0000821.jpg,8,1,car,4,21,464.0,60.99999999999999,508.0,84.0,1012.0000000000003,small,2,heavy,0,not_truncated,False,,,
0000330_04201_d_0000821.jpg,9,1,car,4,22,646.0,0.0,688.0,11.0,462.0,small,2,heavy,1,truncated,False,,,
0000330_04201_d_0000821.jpg,10,1,car,4,23,654.0,0.0,694.0,15.999999999999998,639.9999999999999,small,2,heavy,0,not_truncated,False,,,
0000330_04201_d_0000821.jpg,11,1,car,4,24,657.0,5.999999999999998,697.9999999999999,19.999999999999996,573.9999999999983,small,1,partial,0,not_truncated,False,,,
0000330_04201_d_0000821.jpg,12,1,car,4,25,655.0,12.999999999999998,707.0,27.999999999999996,779.9999999999999,small,2,heavy,0,not_truncated,False,,,
0000330_04201_d_0000821.jpg,13,1,car,4,26,663.0,14.0,709.0,29.000000000000004,690.0000000000001,small,2,heavy,0,not_truncated,False,,,
0000330_04201_d_0000821.jpg,14,1,car,4,27,664.0,19.999999999999996,714.0,37.0,850.0000000000002,small,1,partial,0,not_truncated,True,42,0.25999322533607483,0.6698112487792969
0000330_04201_d_0000821.jpg,15,0,pedestrian,1,28,622.0,0.0,628.0,15.999999999999998,95.99999999999999,small,0,none,0,not_truncated,False,,,
0000330_04201_d_0000821.jpg,16,0,pedestrian,1,29,639.0,9.0,645.0,24.0,90.0,small,0,none,0,not_truncated,False,,,
0000330_04201_d_0000821.jpg,17,0,pedestrian,1,30,629.0,27.0,637.0,45.0,144.0,small,0,none,0,not_truncated,True,40,0.27289310097694397,0.5873197913169861
0000330_04201_d_0000821.jpg,18,2,van,5,31,685.0,32.0,739.0000000000001,57.99999999999999,1404.0000000000025,medium,1,partial,0,not_truncated,True,41,0.26546984910964966,0.7416775226593018
0000330_04201_d_0000821.jpg,19,1,car,4,32,685.0,63.0,733.0000000000001,85.0,1056.0000000000025,medium,1,partial,0,not_truncated,False,,,
0000330_04201_d_0000821.jpg,20,1,car,4,33,680.0,72.0,739.0000000000001,95.0,1357.0000000000027,medium,1,partial,0,not_truncated,True,18,0.5031086206436157,0.7631319761276245
0000330_04201_d_0000821.jpg,21,1,car,4,34,563.0,60.0,611.0,83.0,1104.0,medium,2,heavy,0,not_truncated,False,,,
0000330_04201_d_0000821.jpg,22,1,car,4,35,689.0,92.99999999999999,750.0,115.99999999999999,1403.0,medium,1,partial,0,not_truncated,True,32,0.3147389888763428,0.6646840572357178
0000330_04201_d_0000821.jpg,23,1,car,4,36,687.0,105.00000000000001,752.0,131.0,1689.999999999999,medium,1,partial,0,not_truncated,True,38,0.2737393379211426,0.7884577512741089
0000330_04201_d_0000821.jpg,24,0,pedestrian,1,37,625.0,66.0,633.0,85.99999999999999,159.9999999999999,small,0,none,0,not_truncated,True,33,0.30803075432777405,0.504541277885437
0000330_04201_d_0000821.jpg,25,0,pedestrian,1,38,616.0,68.0,622.0,88.0,120.0,small,0,none,0,not_truncated,True,34,0.2885679006576538,0.5080896615982056
0000330_04201_d_0000821.jpg,26,0,pedestrian,1,39,736.0,76.99999999999999,743.9999999999999,98.99999999999999,175.9999999999975,small,1,partial,0,not_truncated,False,,,
0000330_04201_d_0000821.jpg,27,0,pedestrian,1,40,746.0000000000001,74.0,753.0,94.0,139.99999999999773,small,1,partial,0,not_truncated,False,,,
0000330_04201_d_0000821.jpg,28,0,pedestrian,1,41,743.0000000000001,70.0,752.0,89.0,170.99999999999784,small,1,partial,0,not_truncated,False,,,
0000330_04201_d_0000821.jpg,29,0,pedestrian,1,42,762.0,54.0,770.0,73.0,152.0,small,1,partial,0,not_truncated,False,,,
0000330_04201_d_0000821.jpg,30,1,car,4,43,493.0,99.99999999999999,525.0,131.0,992.0000000000005,small,2,heavy,0,not_truncated,False,,,
0000330_04201_d_0000821.jpg,31,1,car,4,44,487.0,124.0,519.0,153.0,928.0,small,1,partial,0,not_truncated,True,21,0.4583658277988434,0.6965211629867554
0000330_04201_d_0000821.jpg,32,1,car,4,45,482.0,148.0,530.0,182.0,1632.0,medium,1,partial,0,not_truncated,True,19,0.4618108868598938,0.6033154129981995
0000330_04201_d_0000821.jpg,33,1,car,4,46,477.99999999999994,176.0,513.0,210.99999999999997,1225.000000000001,medium,1,partial,0,not_truncated,True,26,0.40933412313461304,0.923278272151947
0000330_04201_d_0000821.jpg,34,2,van,5,47,465.0,207.0,507.0,253.0,1932.0,medium,0,none,0,not_truncated,False,,,
0000330_04201_d_0000821.jpg,35,2,van,5,48,553.0,94.0,612.9999999999999,126.0,1919.9999999999964,medium,1,partial,0,not_truncated,False,,,
0000330_04201_d_0000821.jpg,36,2,van,5,49,535.0,120.0,601.0,150.00000000000003,1980.0000000000018,medium,1,partial,0,not_truncated,False,,,
0000330_04201_d_0000821.jpg,37,1,car,4,50,533.0,135.99999999999997,604.0,166.0,2130.000000000002,medium,1,partial,0,not_truncated,True,9,0.860262930393219,0.8489969968795776
0000330_04201_d_0000821.jpg,38,0,pedestrian,1,53,718.0,128.0,726.0,153.0,200.0,small,1,partial,0,not_truncated,False,,,
0000330_04201_d_0000821.jpg,39,0,pedestrian,1,54,722.0,123.00000000000001,733.0,152.0,318.99999999999983,small,1,partial,0,not_truncated,False,,,
0000330_04201_d_0000821.jpg,40,0,pedestrian,1,55,736.0,127.0,748.9999999999999,153.0,337.99999999999704,small,1,partial,0,not_truncated,False,,,
0000330_04201_d_0000821.jpg,41,0,pedestrian,1,56,736.0,147.0,747.9999999999999,175.0,335.9999999999968,small,1,partial,1,truncated,False,,,
0000330_04201_d_0000821.jpg,42,0,pedestrian,1,60,663.0000000000001,174.00000000000003,676.0,204.0,389.99999999999625,small,0,none,1,truncated,False,,,
0000330_04201_d_0000821.jpg,43,0,pedestrian,1,61,657.0,166.0,670.0,194.0,364.0,small,1,partial,1,truncated,False,,,
0000330_04201_d_0000821.jpg,44,0,pedestrian,1,66,823.0,95.0,830.9999999999999,117.00000000000001,175.9999999999976,small,1,partial,0,not_truncated,False,,,
0000330_04201_d_0000821.jpg,45,0,pedestrian,1,67,823.9999999999999,109.99999999999999,832.9999999999999,132.0,198.0000000000001,small,1,partial,0,not_truncated,False,,,
0000330_04201_d_0000821.jpg,46,0,pedestrian,1,68,902.0,156.0,916.9999999999999,188.0,479.99999999999636,small,1,partial,0,not_truncated,False,,,
0000330_04201_d_0000821.jpg,47,2,van,5,69,503.0,248.0,581.0,303.0,4290.0,medium,0,none,0,not_truncated,True,7,0.8684454560279846,0.9185061454772949
0000330_04201_d_0000821.jpg,48,1,car,4,70,526.0,303.0,628.0,357.0,5508.0,medium,0,none,0,not_truncated,True,23,0.4338196814060211,0.98836350440979
0000330_04201_d_0000821.jpg,49,3,truck,6,72,781.0,249.0,908.0000000000001,372.0,15621.000000000015,large,0,none,0,not_truncated,False,,,
0000330_04201_d_0000821.jpg,50,0,pedestrian,1,74,729.0,328.0,739.9999999999999,369.0,450.99999999999534,small,1,partial,0,not_truncated,True,35,0.27948060631752014,0.6733008027076721
0000330_04201_d_0000821.jpg,51,0,pedestrian,1,75,698.0000000000001,315.0,717.0,355.0,759.9999999999955,small,1,partial,0,not_truncated,False,,,
0000330_04201_d_0000821.jpg,52,1,car,4,77,841.0,419.99999999999994,967.9999999999999,506.0,10921.999999999998,large,0,none,0,not_truncated,True,2,0.9115291833877563,0.9560461044311523
0000330_04201_d_0000821.jpg,53,0,pedestrian,1,78,574.0,207.00000000000003,584.0,239.0,319.9999999999997,small,0,none,0,not_truncated,False,,,
0000330_04201_d_0000821.jpg,54,0,pedestrian,1,79,564.0,209.00000000000003,575.0,241.0,351.99999999999966,small,0,none,0,not_truncated,False,,,
0000330_04201_d_0000821.jpg,55,0,pedestrian,1,80,563.0,206.00000000000003,575.0,238.0,383.99999999999966,small,1,partial,0,not_truncated,False,,,
0000330_04201_d_0000821.jpg,56,0,pedestrian,1,81,602.0,222.99999999999997,613.0,260.0,407.00000000000034,small,1,partial,0,not_truncated,True,22,0.4510839879512787,0.8880820274353027
0000330_04201_d_0000821.jpg,57,0,pedestrian,1,82,629.0,257.0,646.0,293.0,612.0,small,1,partial,0,not_truncated,True,16,0.5505306720733643,0.7723699808120728
0000330_04201_d_0000821.jpg,58,0,pedestrian,1,101,903.0,232.00000000000003,916.9999999999999,266.0,475.99999999999574,small,1,partial,0,not_truncated,True,43,0.2569863796234131,0.9194875359535217
0000330_04201_d_0000821.jpg,59,0,pedestrian,1,102,896.0,228.0,910.9999999999999,261.99999999999994,509.9999999999953,small,1,partial,0,not_truncated,False,,,
0000330_04201_d_0000821.jpg,60,0,pedestrian,1,103,932.0,229.00000000000003,945.0,264.0,454.99999999999966,small,0,none,0,not_truncated,True,20,0.45975011587142944,0.8924854397773743
0000330_04201_d_0000821.jpg,61,1,car,4,104,945.0,414.99999999999994,1072.0000000000002,491.00000000000006,9652.000000000031,large,0,none,0,not_truncated,True,0,0.9339699745178223,0.9363340139389038
0000330_04201_d_0000821.jpg,62,1,car,4,105,1081.0,414.99999999999994,1182.0,498.0,8383.000000000005,medium,0,none,0,not_truncated,True,3,0.9058775305747986,0.9615808129310608
0000330_04201_d_0000821.jpg,63,0,pedestrian,1,106,771.0,171.99999999999997,781.9999999999999,203.0,340.99999999999676,small,0,none,1,truncated,True,37,0.275311142206192,0.8055236339569092
0000330_04201_d_0000821.jpg,64,0,pedestrian,1,108,795.0,179.0,808.0,207.99999999999997,376.99999999999966,small,0,none,1,truncated,False,,,
0000330_04201_d_0000821.jpg,65,0,pedestrian,1,109,810.0,189.0,821.0,218.0,319.0,small,0,none,0,not_truncated,False,,,
0000330_04201_d_0000821.jpg,66,0,pedestrian,1,124,939.0,161.0,951.9999999999999,195.99999999999997,454.9999999999957,small,0,none,0,not_truncated,False,,,
0000330_04201_d_0000821.jpg,67,0,pedestrian,1,125,950.0,163.0,960.9999999999999,195.0,351.99999999999636,small,0,none,0,not_truncated,False,,,
0000330_04201_d_0000821.jpg,68,0,pedestrian,1,126,963.0,165.0,972.0,193.0,252.0,small,2,heavy,0,not_truncated,False,,,
0000330_04201_d_0000821.jpg,69,0,pedestrian,1,127,964.0,169.0,973.0,199.00000000000003,270.0000000000002,small,1,partial,0,not_truncated,False,,,
0000330_04201_d_0000821.jpg,70,0,pedestrian,1,128,968.0,169.00000000000003,977.0,196.00000000000003,243.0,small,1,partial,0,not_truncated,False,,,
0000330_04201_d_0000821.jpg,71,0,pedestrian,1,129,975.0,173.0,989.0,207.0,476.0,small,1,partial,0,not_truncated,False,,,
0000330_04201_d_0000821.jpg,72,0,pedestrian,1,130,979.0,178.99999999999997,991.0,211.99999999999997,396.0,small,1,partial,0,not_truncated,False,,,
0000330_04201_d_0000821.jpg,73,0,pedestrian,1,131,989.0,177.0,996.9999999999999,208.99999999999997,255.99999999999613,small,1,partial,0,not_truncated,False,,,
0000330_04201_d_0000821.jpg,74,0,pedestrian,1,132,1000.0000000000001,181.00000000000003,1016.0,215.0,543.9999999999957,small,1,partial,0,not_truncated,False,,,
0000330_04201_d_0000821.jpg,75,0,pedestrian,1,133,1027.0,178.0,1040.0,207.99999999999997,389.99999999999966,small,1,partial,0,not_truncated,False,,,
0000330_04201_d_0000821.jpg,76,0,pedestrian,1,134,1037.0,186.0,1052.0,218.0,480.0,small,0,none,0,not_truncated,True,27,0.3972451984882355,0.8157845139503479
0000330_04201_d_0000821.jpg,77,0,pedestrian,1,135,1005.0,213.0,1020.0,247.99999999999997,524.9999999999995,small,0,none,0,not_truncated,False,,,
0000330_04201_d_0000821.jpg,78,0,pedestrian,1,136,986.0,239.0,997.9999999999999,272.99999999999994,407.99999999999545,small,1,partial,0,not_truncated,False,,,
0000330_04201_d_0000821.jpg,79,0,pedestrian,1,139,1013.0,319.0,1022.0,342.0,207.0,small,0,none,0,not_truncated,False,,,
0000330_04201_d_0000821.jpg,80,1,car,4,140,1201.0,433.0,1337.0,520.0,11832.0,large,0,none,0,not_truncated,True,4,0.9052850008010864,0.9428222179412842
0000330_04201_d_0000821.jpg,81,0,pedestrian,1,141,1309.0,445.00000000000006,1334.0,499.0,1349.9999999999986,medium,1,partial,0,not_truncated,False,,,
0000330_04201_d_0000821.jpg,82,0,pedestrian,1,145,1060.0,313.0,1076.0,354.0,656.0,small,0,none,0,not_truncated,False,,,
0000330_04201_d_0000821.jpg,83,0,pedestrian,1,146,1099.0,379.0,1118.0,424.0,855.0,small,1,partial,0,not_truncated,False,,,
0000330_04201_d_0000821.jpg,84,0,pedestrian,1,147,1177.0,348.0,1192.0,379.99999999999994,479.99999999999915,small,1,partial,0,not_truncated,False,,,
0000330_04201_d_0000821.jpg,85,0,pedestrian,1,148,1191.0,341.0,1206.0,385.0,660.0,small,1,partial,0,not_truncated,True,14,0.6067120432853699,0.898867666721344
0000330_04201_d_0000821.jpg,86,0,pedestrian,1,163,1146.0,213.0,1159.0,244.99999999999997,415.99999999999966,small,0,none,0,not_truncated,True,28,0.37177714705467224,0.621802031993866
0000330_04201_d_0000821.jpg,87,0,pedestrian,1,164,1179.0,213.0,1195.0,244.99999999999997,511.99999999999955,small,0,none,0,not_truncated,False,,,
0000333_01765_d_0000010.jpg,0,0,pedestrian,1,1,278.00000000000006,658.0,287.0,665.0,62.9999999999996,small,0,none,0,not_truncated,False,,,
0000333_01765_d_0000010.jpg,1,1,car,4,2,240.99999999999997,689.0,294.0,711.9999999999999,1218.9999999999945,medium,0,none,0,not_truncated,True,27,0.824017345905304,0.8383674025535583
0000333_01765_d_0000010.jpg,2,1,car,4,3,323.0,750.0,375.99999999999994,764.0,741.9999999999992,small,0,none,1,truncated,True,33,0.7895470857620239,0.7654573321342468
0000333_01765_d_0000010.jpg,3,1,car,4,4,393.00000000000006,745.0000000000001,445.0,764.0,987.9999999999931,small,0,none,1,truncated,True,36,0.7676758766174316,0.830337643623352
0000333_01765_d_0000010.jpg,4,1,car,4,5,633.9999999999999,692.0,657.0,748.0,1288.0000000000064,medium,0,none,0,not_truncated,True,2,0.8974234461784363,0.8614042401313782
0000333_01765_d_0000010.jpg,5,1,car,4,6,920.9999999999999,669.0,970.0,691.9999999999999,1126.999999999997,medium,0,none,0,not_truncated,True,7,0.8763498067855835,0.8334439992904663
0000333_01765_d_0000010.jpg,6,1,car,4,9,1308.0,596.0,1340.0,648.0,1664.0,medium,0,none,0,not_truncated,True,19,0.8494368195533752,0.9034296870231628
0000333_01765_d_0000010.jpg,7,1,car,4,10,1222.9999999999998,603.0,1265.0,652.0,2058.000000000011,medium,0,none,0,not_truncated,True,12,0.8639098405838013,0.9465233087539673
0000333_01765_d_0000010.jpg,8,1,car,4,11,1160.0,575.0,1200.0,628.0,2120.0,medium,0,none,0,not_truncated,True,24,0.8339189887046814,0.8365052342414856
0000333_01765_d_0000010.jpg,9,1,car,4,12,1112.0,597.0,1160.0,636.0,1872.0,medium,0,none,0,not_truncated,True,13,0.8629526495933533,0.8791325092315674
0000333_01765_d_0000010.jpg,10,1,car,4,13,1056.9999999999998,626.0,1102.0,666.0,1800.000000000009,medium,0,none,0,not_truncated,True,6,0.877648651599884,0.9529197216033936
0000333_01765_d_0000010.jpg,11,0,pedestrian,1,14,1221.0,556.0,1238.0,563.0,119.0,small,0,none,0,not_truncated,False,,,
0000333_01765_d_0000010.jpg,12,0,pedestrian,1,15,1235.0,571.0,1244.0,576.0,45.0,small,0,none,0,not_truncated,False,,,
0000333_01765_d_0000010.jpg,13,1,car,4,18,369.99999999999994,271.0,394.00000000000006,316.0,1080.000000000005,medium,0,none,0,not_truncated,True,35,0.7791367769241333,0.9176313281059265
0000333_01765_d_0000010.jpg,14,1,car,4,19,344.0,280.0,366.00000000000006,329.0,1078.0000000000027,medium,0,none,0,not_truncated,True,45,0.33135339617729187,0.8647300601005554
0000333_01765_d_0000010.jpg,15,1,car,4,20,312.0,266.0,338.0,317.0,1326.0,medium,0,none,0,not_truncated,True,23,0.8340288400650024,0.8713488578796387
0000333_01765_d_0000010.jpg,16,1,car,4,21,270.0,283.0,294.0,333.0,1200.0,medium,0,none,0,not_truncated,True,17,0.8497734069824219,0.8812970519065857
0000333_01765_d_0000010.jpg,17,1,car,4,22,239.00000000000003,280.0,264.0,331.0,1274.9999999999986,medium,0,none,0,not_truncated,True,14,0.8581557273864746,0.8806684613227844
0000333_01765_d_0000010.jpg,18,1,car,4,23,170.0,242.0,224.00000000000003,267.0,1350.0000000000007,medium,0,none,0,not_truncated,True,0,0.9135711789131165,0.9588969945907593
0000333_01765_d_0000010.jpg,19,1,car,4,24,188.0,211.00000000000003,235.0,232.00000000000003,987.0,small,0,none,0,not_truncated,True,25,0.8337336778640747,0.8712425827980042
0000333_01765_d_0000010.jpg,20,1,car,4,25,183.0,178.0,229.99999999999997,201.0,1080.9999999999993,medium,0,none,0,not_truncated,True,21,0.8445591926574707,0.8687160015106201
0000333_01765_d_0000010.jpg,21,1,car,4,26,185.00000000000003,153.0,236.0,176.0,1172.9999999999993,medium,0,none,0,not_truncated,True,29,0.8132972121238708,0.875216007232666
0000333_01765_d_0000010.jpg,22,1,car,4,27,183.0,126.0,230.99999999999997,149.0,1103.9999999999993,medium,0,none,0,not_truncated,True,10,0.8698813915252686,0.8803364038467407
0000333_01765_d_0000010.jpg,23,1,car,4,28,137.0,102.0,173.0,122.00000000000001,720.0000000000005,small,0,none,0,not_truncated,True,42,0.3824020326137543,0.8203873634338379
0000333_01765_d_0000010.jpg,24,2,van,5,29,97.99999999999999,50.0,166.0,81.0,2108.0000000000005,medium,0,none,0,not_truncated,True,41,0.5428236126899719,0.8940974473953247
0000333_01765_d_0000010.jpg,25,1,car,4,30,216.0,49.99999999999999,239.99999999999997,100.0,1199.9999999999986,medium,0,none,0,not_truncated,True,16,0.8548271059989929,0.8882971405982971
0000333_01765_d_0000010.jpg,26,1,car,4,31,242.0,48.0,267.0,94.0,1150.0,medium,0,none,0,not_truncated,True,15,0.8578503727912903,0.9123329520225525
0000333_01765_d_0000010.jpg,27,1,car,4,32,276.0,48.0,297.0,87.00000000000001,819.0000000000003,small,0,none,0,not_truncated,False,,,
0000333_01765_d_0000010.jpg,28,1,car,4,33,303.0,50.0,326.0,92.0,966.0,small,0,none,0,not_truncated,True,9,0.874489426612854,0.8404130935668945
0000333_01765_d_0000010.jpg,29,1,car,4,34,333.0,48.0,353.99999999999994,97.0,1028.9999999999973,medium,0,none,0,not_truncated,True,11,0.8677692413330078,0.788521409034729
0000333_01765_d_0000010.jpg,30,1,car,4,35,491.0,141.0,533.0,183.0,1764.0,medium,0,none,0,not_truncated,True,3,0.8890414834022522,0.9265370965003967
0000333_01765_d_0000010.jpg,31,0,pedestrian,1,37,496.00000000000006,648.0,503.0,656.0,55.999999999999545,small,0,none,0,not_truncated,False,,,
0000333_01765_d_0000010.jpg,32,0,pedestrian,1,38,504.0,646.0,511.0,658.0,84.0,small,0,none,0,not_truncated,False,,,
0000333_01765_d_0000010.jpg,33,0,pedestrian,1,39,535.0,600.0,541.0,608.0,48.0,small,0,none,0,not_truncated,False,,,
0000333_01765_d_0000010.jpg,34,0,pedestrian,1,40,531.0,578.0,537.0,585.0,42.0,small,0,none,0,not_truncated,False,,,
0000333_01765_d_0000010.jpg,35,1,car,4,43,634.9999999999999,542.0,658.0,593.0,1173.000000000006,medium,0,none,0,not_truncated,True,8,0.8754223585128784,0.9221574664115906
0000333_01765_d_0000010.jpg,36,1,car,4,44,661.0,470.00000000000006,683.0,522.0,1143.9999999999986,medium,0,none,0,not_truncated,True,20,0.8455681800842285,0.8500469326972961
0000333_01765_d_0000010.jpg,37,1,car,4,45,635.9999999999999,409.0,659.0,455.0,1058.0000000000052,medium,0,none,0,not_truncated,True,4,0.8837712407112122,0.8346538543701172
0000333_01765_d_0000010.jpg,38,1,car,4,46,669.0,389.0,690.0,438.0,1029.0,medium,0,none,0,not_truncated,True,22,0.8430628776550293,0.8865157961845398
0000333_01765_d_0000010.jpg,39,1,car,4,47,558.0,348.0,581.0,402.0,1242.0,medium,1,partial,0,not_truncated,True,26,0.8274607062339783,0.8914535045623779
0000333_01765_d_0000010.jpg,40,1,car,4,48,638.0,288.0,656.9999999999999,338.0,949.9999999999943,small,0,none,0,not_truncated,True,5,0.8805138468742371,0.7939879298210144
0000333_01765_d_0000010.jpg,41,1,car,4,49,664.0,205.0,686.0,255.99999999999997,1121.9999999999993,medium,0,none,0,not_truncated,True,1,0.9008214473724365,0.9014841318130493
0000333_01765_d_0000010.jpg,42,1,car,4,50,701.0000000000001,10.999999999999998,725.0,55.99999999999999,1079.9999999999948,medium,1,partial,0,not_truncated,True,47,0.28098100423812866,0.6731506586074829
0000333_01765_d_0000010.jpg,43,1,car,4,51,720.0,49.99999999999999,768.0000000000001,84.0,1632.0000000000043,medium,2,heavy,0,not_truncated,False,,,
0000333_01765_d_0000010.jpg,44,1,car,4,52,734.0,79.0,779.0000000000001,108.0,1305.0000000000032,medium,1,partial,0,not_truncated,True,28,0.8194413781166077,0.7949742674827576
0000333_01765_d_0000010.jpg,45,1,car,4,53,728.0,0.0,782.0000000000001,20.0,1080.0000000000023,medium,2,heavy,0,not_truncated,False,,,
0000333_01765_d_0000010.jpg,46,1,car,4,54,732.0,112.0,777.0000000000001,141.0,1305.0000000000032,medium,2,heavy,0,not_truncated,False,,,
0000333_01765_d_0000010.jpg,47,1,car,4,55,723.0,152.0,767.0000000000001,174.0,968.0000000000025,small,1,partial,0,not_truncated,True,34,0.7832699418067932,0.7020703554153442
0000333_01765_d_0000010.jpg,48,1,car,4,56,739.9999999999999,178.00000000000003,784.0000000000001,218.00000000000003,1760.000000000009,medium,1,partial,0,not_truncated,True,18,0.8497547507286072,0.9440925121307373
0000333_01765_d_0000010.jpg,49,0,pedestrian,1,59,839.0,178.0,847.0,190.0,96.0,small,0,none,0,not_truncated,False,,,
0000333_01765_d_0000010.jpg,50,0,pedestrian,1,60,807.0,170.0,813.0,178.0,48.0,small,0,none,0,not_truncated,False,,,
0000333_01765_d_0000010.jpg,51,0,pedestrian,1,61,847.0,244.00000000000003,855.0,254.0,79.99999999999977,small,0,none,0,not_truncated,False,,,
0000333_01765_d_0000010.jpg,52,1,car,4,62,730.0,305.0,781.0000000000001,330.0,1275.0000000000027,medium,1,partial,0,not_truncated,True,30,0.8034642338752747,0.9194729924201965
0000333_01765_d_0000010.jpg,53,1,car,4,63,737.0,364.0,787.0000000000001,392.00000000000006,1400.0000000000061,medium,1,partial,0,not_truncated,True,31,0.7952587604522705,0.8289719820022583
0000333_01765_d_0000010.jpg,54,0,pedestrian,1,68,852.0,308.0,857.0,316.0,40.0,small,0,none,0,not_truncated,False,,,
0000333_01765_d_0000010.jpg,55,0,pedestrian,1,69,863.0,312.0,868.9999999999999,317.0,29.99999999999943,small,1,partial,0,not_truncated,False,,,
0000333_01765_d_0000010.jpg,56,0,pedestrian,1,70,860.0,316.0,866.0,322.0,36.0,small,0,none,0,not_truncated,False,,,
0000333_01765_d_0000010.jpg,57,1,car,4,72,1029.0,6.000000000000001,1073.0,28.0,968.0,small,1,partial,0,not_truncated,False,,,
0000333_01765_d_0000010.jpg,58,2,van,5,80,825.0000000000001,710.0,866.9999999999999,729.0,797.9999999999957,small,0,none,0,not_truncated,False,,,
0000333_01765_d_0000010.jpg,59,2,van,5,81,761.0,530.0000000000001,799.9999999999999,549.0,740.9999999999934,small,0,none,0,not_truncated,True,32,0.7927373051643372,0.8278330564498901
0000333_01765_d_0000010.jpg,60,0,pedestrian,1,82,713.0,426.0,720.0,433.0,49.0,small,0,none,0,not_truncated,False,,,
0000333_01765_d_0000010.jpg,61,0,pedestrian,1,83,733.0,431.0,740.9999999999999,441.99999999999994,87.9999999999983,small,1,partial,0,not_truncated,False,,,
0000333_01765_d_0000010.jpg,62,0,pedestrian,1,84,725.0,429.0,731.0,438.0,54.0,small,0,none,0,not_truncated,False,,,
0000333_01765_d_0000010.jpg,63,0,pedestrian,1,93,838.0,530.0,844.0,536.0,36.0,small,0,none,0,not_truncated,False,,,
0000333_01765_d_0000010.jpg,64,0,pedestrian,1,94,863.0,531.0,873.9999999999999,539.0,87.99999999999909,small,0,none,0,not_truncated,False,,,
0000333_01765_d_0000010.jpg,65,0,pedestrian,1,95,876.0000000000001,537.0,883.0,542.0,34.99999999999943,small,0,none,0,not_truncated,False,,,
0000333_01765_d_0000010.jpg,66,0,pedestrian,1,96,912.0000000000001,524.0,918.0000000000001,529.0,30.0,small,0,none,0,not_truncated,False,,,
0000333_01765_d_0000010.jpg,67,0,pedestrian,1,97,913.0000000000001,532.0,921.0,539.0,55.999999999999204,small,0,none,0,not_truncated,False,,,
0000333_01765_d_0000010.jpg,68,0,pedestrian,1,108,789.0000000000001,722.0,797.0,733.0,87.99999999999875,small,0,none,0,not_truncated,False,,,
0000333_01765_d_0000010.jpg,69,0,pedestrian,1,109,797.0,724.0,804.0,732.0,56.0,small,1,partial,0,not_truncated,False,,,
0000333_01765_d_0000010.jpg,70,0,pedestrian,1,114,724.0,663.0,730.0,671.0,48.0,small,0,none,0,not_truncated,False,,,
0000333_01765_d_0000010.jpg,71,0,pedestrian,1,115,736.0,659.0,743.9999999999999,666.0,55.999999999999204,small,0,none,0,not_truncated,False,,,
0000333_01765_d_0000010.jpg,72,0,pedestrian,1,116,735.0,650.0,741.9999999999999,658.0,55.99999999999909,small,0,none,0,not_truncated,False,,,
0000333_01765_d_0000010.jpg,73,0,pedestrian,1,121,720.0,602.0,727.0,610.0,56.0,small,0,none,0,not_truncated,False,,,
0000333_01765_d_0000010.jpg,74,0,pedestrian,1,122,768.0,690.0,775.0,701.0,77.0,small,0,none,0,not_truncated,False,,,
0000333_02549_d_0000014.jpg,0,1,car,4,1,27.0,476.0,59.0,533.0,1824.0,medium,1,partial,0,not_truncated,True,23,0.739250898361206,0.8089282512664795
0000333_02549_d_0000014.jpg,1,0,pedestrian,1,2,98.00000000000001,346.0,111.0,354.0,103.99999999999989,small,1,partial,0,not_truncated,False,,,
0000333_02549_d_0000014.jpg,2,2,van,5,3,95.0,264.0,139.0,283.0,836.0,small,1,partial,0,not_truncated,False,,,
0000333_02549_d_0000014.jpg,3,1,car,4,4,289.00000000000006,260.0,342.0,287.0,1430.9999999999984,medium,0,none,0,not_truncated,True,6,0.8650236129760742,0.8466460704803467
0000333_02549_d_0000014.jpg,4,0,pedestrian,1,5,359.0,31.999999999999996,367.0,46.0,112.00000000000003,small,0,none,0,not_truncated,False,,,
0000333_02549_d_0000014.jpg,5,0,pedestrian,1,6,352.00000000000006,31.999999999999996,361.0,43.0,98.9999999999994,small,1,partial,0,not_truncated,False,,,
0000333_02549_d_0000014.jpg,6,0,pedestrian,1,7,335.0,78.0,345.0,91.0,130.0,small,0,none,0,not_truncated,False,,,
0000333_02549_d_0000014.jpg,7,1,car,4,9,400.99999999999994,106.0,423.0,155.0,1078.0000000000027,medium,0,none,0,not_truncated,True,0,0.9048639535903931,0.8920329213142395
0000333_02549_d_0000014.jpg,8,1,car,4,10,392.99999999999994,171.0,417.0,219.99999999999997,1176.000000000002,medium,0,none,0,not_truncated,True,5,0.8680408596992493,0.900934100151062
0000333_02549_d_0000014.jpg,9,1,car,4,11,397.99999999999994,225.0,420.0,267.0,924.0000000000024,small,0,none,0,not_truncated,True,25,0.7031310200691223,0.8665024042129517
0000333_02549_d_0000014.jpg,10,3,truck,6,12,386.0,379.0,413.00000000000006,436.0,1539.0000000000032,medium,0,none,0,not_truncated,True,38,0.30714836716651917,0.9590760469436646
0000333_02549_d_0000014.jpg,11,1,car,4,13,386.0,453.0,408.00000000000006,502.0,1078.0000000000027,medium,0,none,0,not_truncated,True,21,0.7752292156219482,0.8486146330833435
0000333_02549_d_0000014.jpg,12,1,car,4,14,381.99999999999994,516.0,404.0,559.0,946.0000000000025,small,0,none,0,not_truncated,True,22,0.7530141472816467,0.9280195236206055
0000333_02549_d_0000014.jpg,13,0,pedestrian,1,15,338.0,595.0,344.0,603.0,48.0,small,0,none,0,not_truncated,False,,,
0000333_02549_d_0000014.jpg,14,1,car,4,16,344.0,617.0,369.00000000000006,672.0,1375.0000000000032,medium,0,none,0,not_truncated,True,13,0.843814492225647,0.9143751263618469
0000333_02549_d_0000014.jpg,15,1,car,4,20,565.0,631.0,588.0,683.0,1196.0,medium,0,none,0,not_truncated,True,36,0.43304258584976196,0.8362541794776917
0000333_02549_d_0000014.jpg,16,1,car,4,21,592.9999999999999,668.0,616.0,725.0,1311.0000000000064,medium,0,none,0,not_truncated,True,15,0.8182312250137329,0.9083428978919983
0000333_02549_d_0000014.jpg,17,1,car,4,22,643.0,695.0,668.0,748.0,1325.0,medium,0,none,0,not_truncated,True,7,0.8609041571617126,0.8958501219749451
0000333_02549_d_0000014.jpg,18,1,car,4,23,681.0,699.0,731.0000000000001,747.0,2400.0000000000055,medium,0,none,0,not_truncated,True,16,0.807526171207428,0.8730378150939941
0000333_02549_d_0000014.jpg,19,2,van,5,24,993.9999999999999,667.0,1041.0,688.9999999999999,1033.999999999997,medium,0,none,0,not_truncated,False,,,
0000333_02549_d_0000014.jpg,20,1,car,4,25,745.9999999999999,662.9999999999999,801.0,688.0,1375.000000000009,medium,0,none,0,not_truncated,True,20,0.7817909121513367,0.9099803566932678
0000333_02549_d_0000014.jpg,21,1,car,4,26,591.0,552.0,611.9999999999999,605.0,1112.999999999994,medium,0,none,0,not_truncated,True,17,0.8004737496376038,0.9017201066017151
0000333_02549_d_0000014.jpg,22,1,car,4,27,656.0,545.0,686.0,599.0,1620.0,medium,0,none,0,not_truncated,True,11,0.8484851717948914,0.8771737813949585
0000333_02549_d_0000014.jpg,23,0,pedestrian,1,29,788.0000000000001,720.0,795.0,729.0,62.99999999999898,small,0,none,0,not_truncated,False,,,
0000333_02549_d_0000014.jpg,24,0,pedestrian,1,30,781.0,717.0,786.9999999999999,725.0,47.99999999999909,small,0,none,0,not_truncated,False,,,
0000333_02549_d_0000014.jpg,25,0,pedestrian,1,31,754.0,711.0,761.0,719.0,56.0,small,0,none,0,not_truncated,False,,,
0000333_02549_d_0000014.jpg,26,0,pedestrian,1,32,759.0,720.0,765.0,731.0,66.0,small,0,none,0,not_truncated,False,,,
0000333_02549_d_0000014.jpg,27,0,pedestrian,1,33,802.0,653.0,807.0,661.0,40.0,small,0,none,0,not_truncated,False,,,
0000333_02549_d_0000014.jpg,28,0,pedestrian,1,34,673.0,680.0,681.0,690.0,80.0,small,0,none,0,not_truncated,False,,,
0000333_02549_d_0000014.jpg,29,1,car,4,35,732.0,622.0,780.0000000000001,640.9999999999999,911.9999999999967,small,2,heavy,0,not_truncated,True,31,0.5664559006690979,0.7542062401771545
0000333_02549_d_0000014.jpg,30,1,car,4,36,721.0,559.0,743.9999999999999,604.0,1034.999999999995,medium,1,partial,0,not_truncated,True,35,0.4636166989803314,0.7073332667350769
0000333_02549_d_0000014.jpg,31,1,car,4,37,692.0,549.0,709.9999999999999,592.0,773.9999999999951,small,0,none,0,not_truncated,True,29,0.6035240888595581,0.6911589503288269
0000333_02549_d_0000014.jpg,32,1,car,4,38,686.0,485.0,740.0000000000001,512.0,1458.0000000000032,medium,1,partial,0,not_truncated,True,30,0.6024529337882996,0.6080372929573059
0000333_02549_d_0000014.jpg,33,1,car,4,39,738.0,476.0,787.0000000000001,496.99999999999994,1028.9999999999995,medium,1,partial,0,not_truncated,True,26,0.7006546854972839,0.9126162528991699
0000333_02549_d_0000014.jpg,34,3,truck,6,40,965.9999999999999,437.00000000000006,1024.0,460.0,1333.9999999999993,medium,0,none,0,not_truncated,False,,,
0000333_02549_d_0000014.jpg,35,3,truck,6,47,1278.0,332.0,1334.0,356.0,1344.0,medium,0,none,0,not_truncated,False,,,
0000333_02549_d_0000014.jpg,36,1,car,4,48,1279.0,301.0,1330.0,326.0,1275.0,medium,0,none,0,not_truncated,True,14,0.8291451334953308,0.9537094235420227
0000333_02549_d_0000014.jpg,37,0,pedestrian,1,49,1268.0,278.0,1280.0,282.99999999999994,59.99999999999932,small,0,none,0,not_truncated,False,,,
0000333_02549_d_0000014.jpg,38,3,truck,6,50,1280.0,235.00000000000003,1339.0,261.0,1533.9999999999984,medium,0,none,0,not_truncated,False,,,
0000333_02549_d_0000014.jpg,39,1,car,4,51,1249.0,155.0,1296.0,178.0,1081.0,medium,1,partial,0,not_truncated,True,12,0.8474801778793335,0.8894420862197876
0000333_02549_d_0000014.jpg,40,0,pedestrian,1,52,726.0,660.0,734.0,671.0,88.0,small,1,partial,0,not_truncated,False,,,
0000333_02549_d_0000014.jpg,41,0,pedestrian,1,53,732.0,661.0,739.9999999999999,671.0,79.99999999999886,small,1,partial,0,not_truncated,False,,,
0000333_02549_d_0000014.jpg,42,0,pedestrian,1,60,638.0,426.0,659.0000000000001,474.0,1008.0000000000055,small,1,partial,0,not_truncated,False,,,
0000333_02549_d_0000014.jpg,43,1,car,4,61,574.0,354.0,593.9999999999999,404.0,999.9999999999943,small,0,none,0,not_truncated,True,8,0.8580767512321472,0.8515862822532654
0000333_02549_d_0000014.jpg,44,1,car,4,62,635.0,285.0,654.9999999999999,333.0,959.9999999999945,small,0,none,0,not_truncated,True,27,0.6768427491188049,0.822503387928009
0000333_02549_d_0000014.jpg,45,0,pedestrian,1,65,633.0,273.0,638.0,282.99999999999994,49.999999999999716,small,0,none,0,not_truncated,False,,,
0000333_02549_d_0000014.jpg,46,1,car,4,66,549.0,216.0,569.9999999999999,264.0,1007.9999999999945,small,0,none,0,not_truncated,True,10,0.8512694239616394,0.947712242603302
0000333_02549_d_0000014.jpg,47,1,car,4,67,475.0,226.0,498.00000000000006,276.0,1150.0000000000027,medium,1,partial,0,not_truncated,True,1,0.8927525877952576,0.9271761775016785
0000333_02549_d_0000014.jpg,48,1,car,4,70,529.9999999999999,148.0,553.0,194.0,1058.0000000000052,medium,0,none,0,not_truncated,True,2,0.8796912431716919,0.9250724911689758
0000333_02549_d_0000014.jpg,49,1,car,4,71,585.0,163.00000000000003,609.0,214.0,1223.9999999999993,medium,0,none,0,not_truncated,True,18,0.7936580777168274,0.922968864440918
0000333_02549_d_0000014.jpg,50,1,car,4,72,636.0,174.99999999999997,655.9999999999999,219.0,879.9999999999956,small,0,none,0,not_truncated,True,32,0.5121752023696899,0.8545758724212646
0000333_02549_d_0000014.jpg,51,1,car,4,73,718.0,224.0,738.9999999999999,273.0,1028.9999999999945,medium,1,partial,0,not_truncated,True,24,0.7274186611175537,0.909580647945404
0000333_02549_d_0000014.jpg,52,1,car,4,74,721.0,167.0,741.9999999999999,211.00000000000003,923.9999999999956,small,1,partial,0,not_truncated,True,33,0.500949501991272,0.7841423749923706
0000333_02549_d_0000014.jpg,53,0,pedestrian,1,75,700.0000000000001,161.0,706.0000000000001,171.0,60.0,small,1,partial,0,not_truncated,False,,,
0000333_02549_d_0000014.jpg,54,0,pedestrian,1,76,707.0,162.0,714.0,171.0,63.0,small,0,none,0,not_truncated,False,,,
0000333_02549_d_0000014.jpg,55,0,pedestrian,1,77,717.0,160.0,726.0,173.0,117.0,small,1,partial,0,not_truncated,False,,,
0000333_02549_d_0000014.jpg,56,0,pedestrian,1,79,772.0,127.99999999999999,778.0,139.0,66.00000000000009,small,0,none,0,not_truncated,False,,,
0000333_02549_d_0000014.jpg,57,2,van,5,80,721.0,65.0,739.9999999999999,101.0,683.9999999999959,small,2,heavy,0,not_truncated,False,,,
0000333_02549_d_0000014.jpg,58,2,van,5,81,721.0,17.0,741.9999999999999,54.99999999999999,797.9999999999956,small,2,heavy,0,not_truncated,False,,,
0000333_02549_d_0000014.jpg,59,0,pedestrian,1,89,799.0,291.0,815.0,299.0,128.0,small,1,partial,0,not_truncated,False,,,
0000333_02549_d_0000014.jpg,60,0,pedestrian,1,90,801.0,300.0,817.0,307.99999999999994,127.99999999999909,small,1,partial,0,not_truncated,False,,,
0000333_02549_d_0000014.jpg,61,0,pedestrian,1,91,799.0,330.0,809.0,338.0,80.0,small,0,none,0,not_truncated,False,,,
0000333_03529_d_0000019.jpg,0,1,car,4,1,84.0,643.0,132.99999999999997,664.9999999999999,1077.9999999999939,medium,1,partial,0,not_truncated,False,,,
0000333_03529_d_0000019.jpg,1,1,car,4,2,76.0,676.0000000000001,124.00000000000001,697.0,1007.9999999999949,small,1,partial,0,not_truncated,True,41,0.6380513310432434,0.6761641502380371
0000333_03529_d_0000019.jpg,2,2,van,5,3,69.0,706.0,122.0,724.0,954.0,small,1,partial,0,not_truncated,False,,,
0000333_03529_d_0000019.jpg,3,1,car,4,4,56.99999999999999,729.0,116.0,765.0,2124.0000000000005,medium,1,partial,0,not_truncated,True,39,0.6986700296401978,0.5876551866531372
0000333_03529_d_0000019.jpg,4,2,van,5,5,368.0,733.0,409.0,765.0,1312.0,medium,1,partial,1,truncated,False,,,
0000333_03529_d_0000019.jpg,5,1,car,4,6,394.99999999999994,637.0,423.0,691.0,1512.0000000000032,medium,0,none,0,not_truncated,True,6,0.8815616965293884,0.9373523592948914
0000333_03529_d_0000019.jpg,6,1,car,4,7,1058.0,607.0,1116.0,634.0,1566.0,medium,0,none,0,not_truncated,True,1,0.8965476155281067,0.900068998336792
0000333_03529_d_0000019.jpg,7,1,car,4,8,1101.0,589.9999999999999,1155.0000000000002,617.0,1458.0000000000123,medium,0,none,0,not_truncated,True,24,0.8327311277389526,0.9009639024734497
0000333_03529_d_0000019.jpg,8,1,car,4,9,1121.0,563.0,1175.0,588.0,1350.0,medium,0,none,0,not_truncated,True,22,0.8341787457466125,0.9086169600486755
0000333_03529_d_0000019.jpg,9,1,car,4,10,1038.0,486.99999999999994,1061.0,540.0,1219.0000000000014,medium,1,partial,0,not_truncated,True,27,0.8185031414031982,0.8631545901298523
0000333_03529_d_0000019.jpg,10,0,pedestrian,1,11,969.0,595.0,982.0,601.0,78.0,small,0,none,0,not_truncated,False,,,
0000333_03529_d_0000019.jpg,11,0,pedestrian,1,12,983.0,569.0,990.0,577.0,56.0,small,0,none,0,not_truncated,False,,,
0000333_03529_d_0000019.jpg,12,0,pedestrian,1,13,987.0,580.0,994.9999999999999,586.0,47.99999999999932,small,0,none,0,not_truncated,False,,,
0000333_03529_d_0000019.jpg,13,1,car,4,14,798.0,719.0,815.0,755.0,612.0,small,1,partial,0,not_truncated,False,,,
0000333_03529_d_0000019.jpg,14,1,car,4,15,800.0,647.0,821.0,695.0,1008.0,small,1,partial,0,not_truncated,True,30,0.8059074878692627,0.9045843482017517
0000333_03529_d_0000019.jpg,15,1,car,4,16,741.0000000000001,678.0,763.0,732.0,1187.9999999999939,medium,1,partial,0,not_truncated,True,38,0.7136356830596924,0.8581985831260681
0000333_03529_d_0000019.jpg,16,0,pedestrian,1,19,744.0000000000001,654.0,751.0,659.0,34.99999999999943,small,0,none,0,not_truncated,False,,,
0000333_03529_d_0000019.jpg,17,1,car,4,22,647.0,563.0,670.0,618.0,1265.0,medium,0,none,0,not_truncated,True,3,0.8946709036827087,0.9137385487556458
0000333_03529_d_0000019.jpg,18,1,car,4,23,609.0,498.0,633.0,554.0,1344.0,medium,0,none,0,not_truncated,True,13,0.8587273955345154,0.8895565867424011
0000333_03529_d_0000019.jpg,19,1,car,4,24,617.0,430.0,642.0000000000001,478.0,1200.0000000000055,medium,0,none,0,not_truncated,True,23,0.8327723145484924,0.7642514705657959
0000333_03529_d_0000019.jpg,20,1,car,4,25,652.0,413.0,675.0,462.0,1127.0,medium,1,partial,0,not_truncated,True,17,0.8417209386825562,0.8341789841651917
0000333_03529_d_0000019.jpg,21,1,car,4,28,655.9999999999999,341.0,680.0,391.00000000000006,1200.000000000007,medium,0,none,0,not_truncated,True,5,0.8934352993965149,0.9282390475273132
0000333_03529_d_0000019.jpg,22,1,car,4,29,622.0,335.0,643.0,386.0,1071.0,medium,0,none,0,not_truncated,True,9,0.8715126514434814,0.9031848907470703
0000333_03529_d_0000019.jpg,23,1,car,4,32,177.99999999999997,518.0,236.0,543.0,1450.0000000000007,medium,1,partial,0,not_truncated,True,7,0.8768287301063538,0.8823314309120178
0000333_03529_d_0000019.jpg,24,1,car,4,33,267.00000000000006,535.0,321.0,561.0,1403.9999999999986,medium,1,partial,0,not_truncated,True,31,0.8046579360961914,0.855810821056366
0000333_03529_d_0000019.jpg,25,1,car,4,34,354.0,477.0,400.0,522.0,2070.0,medium,0,none,0,not_truncated,True,20,0.8380764722824097,0.9545010328292847
0000333_03529_d_0000019.jpg,26,1,car,4,35,205.00000000000003,424.99999999999994,254.0,450.0,1225.000000000002,medium,1,partial,0,not_truncated,True,10,0.8636479377746582,0.8569415211677551
0000333_03529_d_0000019.jpg,27,1,car,4,36,0.0,345.0,35.0,366.0,735.0,small,0,none,1,truncated,True,42,0.5588923096656799,0.7942047119140625
0000333_03529_d_0000019.jpg,28,1,car,4,37,108.0,353.0,159.0,380.0,1377.0,medium,0,none,0,not_truncated,True,18,0.8404901623725891,0.8293755054473877
0000333_03529_d_0000019.jpg,29,1,car,4,38,166.0,349.00000000000006,222.0,384.0,1959.9999999999968,medium,1,partial,0,not_truncated,True,29,0.8102275133132935,0.9762579202651978
0000333_03529_d_0000019.jpg,30,3,truck,6,41,380.0,171.99999999999997,418.0,243.0,2698.000000000001,medium,2,heavy,0,not_truncated,False,,,
0000333_03529_d_0000019.jpg,31,1,car,4,44,90.0,43.00000000000001,144.0,69.0,1403.9999999999995,medium,1,partial,0,not_truncated,True,15,0.8538374304771423,0.9158073663711548
0000333_03529_d_0000019.jpg,32,1,car,4,45,122.0,78.0,173.0,103.99999999999999,1325.9999999999993,medium,1,partial,0,not_truncated,True,44,0.5451564788818359,0.9408119916915894
0000333_03529_d_0000019.jpg,33,1,car,4,46,215.00000000000003,47.0,265.0,72.0,1249.9999999999993,medium,0,none,0,not_truncated,True,40,0.6800192594528198,0.8513408303260803
0000333_03529_d_0000019.jpg,34,1,car,4,47,335.0,81.0,382.0,107.0,1222.0,medium,1,partial,0,not_truncated,True,28,0.8183754086494446,0.9044150710105896
0000333_03529_d_0000019.jpg,35,1,car,4,48,346.0,54.0,390.99999999999994,76.0,989.9999999999987,small,1,partial,0,not_truncated,True,8,0.8725294470787048,0.8225975036621094
0000333_03529_d_0000019.jpg,36,1,car,4,55,506.0,28.999999999999996,554.0,55.99999999999999,1295.9999999999998,medium,0,none,0,not_truncated,True,21,0.834436297416687,0.9341057538986206
0000333_03529_d_0000019.jpg,37,1,car,4,56,476.00000000000006,61.00000000000001,524.0,86.0,1199.9999999999982,medium,0,none,0,not_truncated,True,11,0.8594692349433899,0.9056296944618225
0000333_03529_d_0000019.jpg,38,1,car,4,57,541.0,103.0,589.0,126.0,1104.0,medium,0,none,0,not_truncated,True,14,0.8553361296653748,0.8902570605278015
0000333_03529_d_0000019.jpg,39,0,pedestrian,1,58,561.0,3.0,565.0,17.0,56.0,small,1,partial,0,not_truncated,False,,,
0000333_03529_d_0000019.jpg,40,1,car,4,63,690.0,46.00000000000001,739.0000000000001,71.0,1225.0000000000025,medium,0,none,0,not_truncated,True,26,0.829820990562439,0.9424417018890381
0000333_03529_d_0000019.jpg,41,1,car,4,67,807.0,61.00000000000001,854.0000000000001,86.0,1175.0000000000025,medium,0,none,0,not_truncated,True,12,0.8587426543235779,0.8812090158462524
0000333_03529_d_0000019.jpg,42,1,car,4,71,998.9999999999999,46.0,1046.0,73.0,1269.0000000000032,medium,0,none,0,not_truncated,True,32,0.7928906083106995,0.7962227463722229
0000333_03529_d_0000019.jpg,43,2,van,5,72,1091.0,44.0,1133.0,68.0,1008.0,small,1,partial,0,not_truncated,False,,,
0000333_03529_d_0000019.jpg,44,3,truck,6,73,1166.0,53.0,1212.0,79.99999999999999,1241.9999999999993,medium,0,none,0,not_truncated,False,,,
0000333_03529_d_0000019.jpg,45,2,van,5,74,1231.0,109.0,1279.0000000000002,135.0,1248.000000000006,medium,0,none,0,not_truncated,True,43,0.5462398529052734,0.9415984749794006
0000333_03529_d_0000019.jpg,46,0,pedestrian,1,75,1342.0,227.0,1359.0,234.99999999999997,135.99999999999952,small,0,none,1,truncated,False,,,
0000333_03529_d_0000019.jpg,47,0,pedestrian,1,76,1345.0,221.00000000000003,1360.0,229.0,119.99999999999957,small,1,partial,1,truncated,False,,,
0000333_03529_d_0000019.jpg,48,1,car,4,77,1158.0,199.00000000000003,1205.0,224.0,1174.9999999999986,medium,0,none,0,not_truncated,True,16,0.8513557314872742,0.878937840461731
0000333_03529_d_0000019.jpg,49,1,car,4,78,1045.0,205.0,1089.0,245.00000000000003,1760.0000000000014,medium,1,partial,0,not_truncated,True,33,0.7849907279014587,0.845079779624939
0000333_03529_d_0000019.jpg,50,1,car,4,79,809.0,473.0,833.9999999999999,527.0,1349.9999999999939,medium,1,partial,0,not_truncated,True,19,0.8381110429763794,0.9059325456619263
0000333_03529_d_0000019.jpg,51,0,pedestrian,1,80,814.0,380.0,821.0,388.0,56.0,small,0,none,0,not_truncated,False,,,
0000333_03529_d_0000019.jpg,52,1,car,4,83,632.9999999999999,261.0,657.0,313.0,1248.000000000006,medium,0,none,0,not_truncated,True,4,0.8935462832450867,0.913472056388855
0000333_03529_d_0000019.jpg,53,1,car,4,84,663.0,263.0,685.0,313.0,1100.0,medium,0,none,0,not_truncated,True,2,0.8958635926246643,0.9444032907485962
0000333_03529_d_0000019.jpg,54,0,pedestrian,1,87,317.99999999999994,105.00000000000001,330.0,117.00000000000001,144.00000000000068,small,1,partial,0,not_truncated,False,,,
0000333_03529_d_0000019.jpg,55,1,car,4,88,799.9999999999999,122.00000000000001,848.0,148.0,1248.0000000000023,medium,0,none,0,not_truncated,True,0,0.9063500761985779,0.8979465365409851
0000335_00393_d_0000045.jpg,0,1,car,4,1,658.0,349.0,768.0,417.99999999999994,7589.999999999994,medium,0,none,0,not_truncated,True,4,0.9126447439193726,0.8602794408798218
0000335_00393_d_0000045.jpg,1,1,car,4,2,631.0,467.00000000000006,793.0,534.0,10853.99999999999,large,0,none,0,not_truncated,True,0,0.9331853985786438,0.8944083452224731
0000335_00393_d_0000045.jpg,2,0,pedestrian,1,3,693.0000000000001,627.0000000000001,714.0,692.0,1364.9999999999902,medium,0,none,0,not_truncated,False,,,
0000335_00393_d_0000045.jpg,3,1,car,4,5,1113.0,488.99999999999994,1265.0,622.0,20216.000000000007,large,1,partial,0,not_truncated,True,5,0.822124719619751,0.9212281703948975
0000335_00393_d_0000045.jpg,4,0,pedestrian,1,8,414.99999999999994,288.0,439.0,341.0,1272.000000000003,medium,0,none,0,not_truncated,False,,,
0000335_00393_d_0000045.jpg,5,3,truck,6,11,372.99999999999994,173.00000000000003,441.0,248.0,5100.000000000003,medium,1,partial,0,not_truncated,False,,,
0000335_00393_d_0000045.jpg,6,1,car,4,12,764.0,154.0,831.0000000000001,200.0,3082.0000000000055,medium,0,none,0,not_truncated,True,6,0.6298507452011108,0.8818485140800476
0000335_00393_d_0000045.jpg,7,0,pedestrian,1,13,822.0000000000001,89.0,836.0,122.00000000000001,461.9999999999964,small,0,none,0,not_truncated,True,12,0.39459383487701416,0.8220109939575195
0000335_00393_d_0000045.jpg,8,1,car,4,14,532.0,8.0,574.0,33.99999999999999,1091.9999999999998,medium,0,none,0,not_truncated,True,10,0.5257843732833862,0.88704514503479
0000335_00393_d_0000045.jpg,9,1,car,4,15,263.0,12.999999999999998,303.0,48.0,1400.0,medium,1,partial,0,not_truncated,False,,,
0000335_00393_d_0000045.jpg,10,3,truck,6,16,299.0,3.0,322.0,20.0,391.0,small,1,partial,0,not_truncated,False,,,
0000335_00393_d_0000045.jpg,11,0,pedestrian,1,19,213.0,37.00000000000001,229.00000000000003,68.0,496.00000000000074,small,0,none,0,not_truncated,False,,,
0000335_00393_d_0000045.jpg,12,0,pedestrian,1,20,157.0,302.0,181.0,349.0,1128.0,medium,0,none,0,not_truncated,True,7,0.575042724609375,0.7401031851768494
0000335_00393_d_0000045.jpg,13,0,pedestrian,1,21,327.0,298.0,346.0,340.0,798.0,small,1,partial,0,not_truncated,False,,,
0000335_00393_d_0000045.jpg,14,0,pedestrian,1,22,316.0,313.0,341.0,363.0,1250.0,medium,1,partial,0,not_truncated,False,,,
0000335_00393_d_0000045.jpg,15,0,pedestrian,1,23,349.00000000000006,296.0,360.0,342.0,505.9999999999974,small,1,partial,0,not_truncated,False,,,
0000335_00393_d_0000045.jpg,16,0,pedestrian,1,24,362.0,300.0,379.99999999999994,348.0,863.9999999999973,small,1,partial,0,not_truncated,False,,,
0000335_00393_d_0000045.jpg,17,0,pedestrian,1,25,351.00000000000006,314.0,370.99999999999994,364.0,999.9999999999943,small,0,none,0,not_truncated,False,,,
0000335_00393_d_0000045.jpg,18,1,car,4,30,257.0,416.99999999999994,421.0,506.0,14596.00000000001,large,0,none,0,not_truncated,True,2,0.9174758195877075,0.8745859861373901
0000335_00393_d_0000045.jpg,19,1,car,4,31,49.99999999999999,528.0,262.0,612.0,17808.0,large,0,none,0,not_truncated,True,1,0.923128604888916,0.8117722272872925
0000335_00393_d_0000045.jpg,20,1,car,4,32,184.99999999999997,349.0,348.99999999999994,425.0,12463.999999999998,large,0,none,0,not_truncated,True,3,0.917309045791626,0.9201814532279968
0000335_00393_d_0000045.jpg,21,0,pedestrian,1,34,4.0,316.0,30.000000000000004,367.0,1326.0000000000002,medium,0,none,0,not_truncated,True,8,0.5747998952865601,0.631464958190918
0000335_01765_d_0000052.jpg,0,1,car,4,1,629.0,0.0,644.0,12.999999999999998,194.99999999999997,small,1,partial,1,truncated,False,,,
0000335_01765_d_0000052.jpg,1,1,car,4,2,600.0000000000001,0.0,612.0,10.0,119.99999999999886,small,1,partial,1,truncated,True,30,0.32827961444854736,0.7500435709953308
0000335_01765_d_0000052.jpg,2,1,car,4,3,619.0000000000001,10.0,636.0,25.999999999999996,271.9999999999981,small,0,none,0,not_truncated,False,,,
0000335_01765_d_0000052.jpg,3,1,car,4,4,574.0,9.999999999999998,593.9999999999999,27.999999999999996,359.99999999999795,small,1,partial,0,not_truncated,True,24,0.5343931913375854,0.7498868703842163
0000335_01765_d_0000052.jpg,4,1,car,4,5,664.0,3.0,681.0,21.0,306.0,small,0,none,0,not_truncated,True,20,0.5787200331687927,0.9062772989273071
0000335_01765_d_0000052.jpg,5,1,car,4,6,687.0,19.999999999999996,704.9999999999999,37.0,305.9999999999981,small,0,none,0,not_truncated,False,,,
0000335_01765_d_0000052.jpg,6,1,car,4,16,771.0,3.0,788.9999999999999,20.0,305.99999999999807,small,0,none,0,not_truncated,True,32,0.2752271890640259,0.8060460090637207
0000335_01765_d_0000052.jpg,7,1,car,4,17,681.0,39.0,701.9999999999999,57.99999999999999,398.99999999999767,small,0,none,0,not_truncated,True,16,0.6796386241912842,0.8908646702766418
0000335_01765_d_0000052.jpg,8,1,car,4,18,681.0,63.99999999999999,702.9999999999999,86.0,483.99999999999767,small,0,none,0,not_truncated,True,34,0.25478395819664,0.8477446436882019
0000335_01765_d_0000052.jpg,9,1,car,4,19,650.0,52.00000000000001,672.0,71.0,417.99999999999983,small,0,none,0,not_truncated,True,17,0.6492541432380676,0.8926151394844055
0000335_01765_d_0000052.jpg,10,1,car,4,20,582.0,32.0,600.0,51.0,342.0,small,0,none,0,not_truncated,True,21,0.5748433470726013,0.7970214486122131
0000335_01765_d_0000052.jpg,11,1,car,4,21,606.0,38.0,626.0,57.99999999999999,399.9999999999999,small,0,none,0,not_truncated,True,9,0.8131566047668457,0.8561010360717773
0000335_01765_d_0000052.jpg,12,1,car,4,22,563.0,64.0,589.0,89.0,650.0,small,0,none,0,not_truncated,True,18,0.6357960104942322,0.9428367614746094
0000335_01765_d_0000052.jpg,13,1,car,4,23,562.0,122.99999999999999,594.0,154.0,992.0000000000005,small,0,none,0,not_truncated,True,6,0.8791308999061584,0.8982337117195129
0000335_01765_d_0000052.jpg,14,1,car,4,24,639.0,90.0,664.0,114.0,600.0,small,0,none,0,not_truncated,True,13,0.7419247627258301,0.8033379316329956
0000335_01765_d_0000052.jpg,15,2,van,5,25,633.9999999999999,115.99999999999999,661.0,150.0,918.0000000000042,small,0,none,0,not_truncated,False,,,
0000335_01765_d_0000052.jpg,16,2,van,5,26,684.0,98.00000000000001,707.9999999999999,127.0,695.9999999999964,small,0,none,0,not_truncated,False,,,
0000335_01765_d_0000052.jpg,17,1,car,4,27,625.0,164.0,657.0,196.99999999999997,1055.999999999999,medium,0,none,0,not_truncated,True,5,0.8846298456192017,0.9221596717834473
0000335_01765_d_0000052.jpg,18,1,car,4,28,673.0,177.0,705.9999999999999,211.99999999999997,1154.999999999995,medium,0,none,0,not_truncated,True,8,0.8553757071495056,0.9644063711166382
0000335_01765_d_0000052.jpg,19,1,car,4,29,622.0,211.99999999999997,660.0,252.0,1520.0000000000011,medium,0,none,0,not_truncated,True,28,0.4033752977848053,0.9408445358276367
0000335_01765_d_0000052.jpg,20,1,car,4,30,684.0,225.99999999999997,717.9999999999999,262.0,1223.9999999999968,medium,0,none,0,not_truncated,True,2,0.8909490704536438,0.8902839422225952
0000335_01765_d_0000052.jpg,21,1,car,4,31,669.0,282.0,710.9999999999999,327.0,1889.999999999995,medium,0,none,0,not_truncated,True,4,0.8861854076385498,0.8951377868652344
0000335_01765_d_0000052.jpg,22,1,car,4,32,902.0,335.0,962.0,391.99999999999994,3419.9999999999964,medium,0,none,0,not_truncated,True,7,0.860240638256073,0.9157994985580444
0000335_01765_d_0000052.jpg,23,1,car,4,33,988.0,536.0,1073.0,641.0,8925.0,medium,0,none,0,not_truncated,True,1,0.9360876083374023,0.9243683218955994
0000335_01765_d_0000052.jpg,24,1,car,4,34,230.99999999999997,457.0,331.0,561.0,10400.000000000004,large,0,none,0,not_truncated,True,0,0.948390543460846,0.9276836514472961
0000335_01765_d_0000052.jpg,25,1,car,4,35,329.00000000000006,164.0,376.0,195.0,1456.9999999999982,medium,0,none,0,not_truncated,True,3,0.8886370062828064,0.9313998818397522
0000335_01765_d_0000052.jpg,26,1,car,4,36,349.00000000000006,36.0,399.0,54.0,899.999999999999,small,1,partial,0,not_truncated,True,19,0.6018671989440918,0.7525247931480408
0000335_01765_d_0000052.jpg,27,1,car,4,37,342.0,19.999999999999996,387.0,35.0,675.0000000000001,small,0,none,0,not_truncated,False,,,
0000335_01765_d_0000052.jpg,28,0,pedestrian,1,38,371.00000000000006,19.0,379.0,38.0,151.99999999999892,small,0,none,0,not_truncated,False,,,
0000335_01765_d_0000052.jpg,29,0,pedestrian,1,39,433.00000000000006,102.0,439.0,125.0,137.9999999999987,small,0,none,0,not_truncated,False,,,
0000335_01765_d_0000052.jpg,30,1,car,4,41,406.0,97.00000000000001,435.00000000000006,125.0,812.0000000000011,small,0,none,0,not_truncated,True,12,0.7488158345222473,0.8938218355178833
0000335_01765_d_0000052.jpg,31,1,car,4,42,254.0,147.0,300.0,185.0,1748.0,medium,1,partial,0,not_truncated,True,22,0.5523259043693542,0.6593561172485352
0000335_01765_d_0000052.jpg,32,0,pedestrian,1,44,989.0,382.0,1002.9999999999999,427.0,629.9999999999949,small,0,none,0,not_truncated,True,14,0.7233823537826538,0.753642201423645
0000335_01765_d_0000052.jpg,33,0,pedestrian,1,48,821.0,248.0,832.9999999999999,280.0,383.99999999999636,small,1,partial,0,not_truncated,False,,,
0000335_01765_d_0000052.jpg,34,0,pedestrian,1,49,805.0,244.00000000000003,817.0,277.0,395.99999999999966,small,1,partial,0,not_truncated,False,,,
0000335_01765_d_0000052.jpg,35,0,pedestrian,1,50,864.0,146.0,874.9999999999999,170.0,263.99999999999727,small,0,none,0,not_truncated,False,,,
0000335_01765_d_0000052.jpg,36,0,pedestrian,1,51,876.0000000000001,148.0,885.0,174.0,233.99999999999704,small,0,none,0,not_truncated,False,,,
0000335_01765_d_0000052.jpg,37,0,pedestrian,1,52,886.0,66.0,894.0,88.0,176.0,small,0,none,0,not_truncated,False,,,
0000335_01765_d_0000052.jpg,38,0,pedestrian,1,53,1245.0,543.0,1269.0,592.0,1176.0,medium,0,none,0,not_truncated,False,,,
0000335_01765_d_0000052.jpg,39,1,car,4,55,131.0,244.99999999999997,225.00000000000003,287.0,3948.000000000004,medium,2,heavy,0,not_truncated,False,,,
0000335_01765_d_0000052.jpg,40,1,car,4,56,2.9999999999999987,221.00000000000003,64.0,252.0,1890.9999999999982,medium,2,heavy,0,not_truncated,True,10,0.8034146428108215,0.7457422018051147
0000335_01765_d_0000052.jpg,41,0,pedestrian,1,60,247.0,206.00000000000003,260.0,239.0,428.99999999999966,small,0,none,0,not_truncated,True,26,0.4998925030231476,0.8047575950622559
0000335_01765_d_0000052.jpg,42,1,car,4,61,505.0,25.999999999999996,545.0,41.0,600.0000000000001,small,1,partial,0,not_truncated,False,,,
0000335_02745_d_0000057.jpg,0,1,car,4,1,3.0000000000000036,600.0000000000001,81.0,721.0,9437.99999999999,large,0,none,1,truncated,True,1,0.9065288305282593,0.9004857540130615
0000335_02745_d_0000057.jpg,1,1,car,4,4,695.0,634.0,773.0,761.0,9906.0,large,0,none,0,not_truncated,True,0,0.9252579808235168,0.9497194886207581
0000335_02745_d_0000057.jpg,2,1,car,4,7,598.0,562.0,661.0000000000001,643.0,5103.000000000009,medium,0,none,0,not_truncated,True,5,0.8249159455299377,0.9271466732025146
0000335_02745_d_0000057.jpg,3,1,car,4,8,738.0,486.00000000000006,805.0,553.0,4488.999999999996,medium,1,partial,0,not_truncated,True,2,0.9029356241226196,0.9080119132995605
0000335_02745_d_0000057.jpg,4,3,truck,6,9,602.0,466.00000000000006,656.0,539.0,3941.999999999997,medium,1,partial,0,not_truncated,False,,,
0000335_02745_d_0000057.jpg,5,2,van,5,10,700.9999999999999,443.00000000000006,745.0000000000001,504.0,2684.0000000000114,medium,0,none,0,not_truncated,True,13,0.6831362247467041,0.8671130537986755
0000335_02745_d_0000057.jpg,6,0,pedestrian,1,11,869.0000000000001,444.00000000000006,883.0,490.00000000000006,643.9999999999948,small,1,partial,0,not_truncated,False,,,
0000335_02745_d_0000057.jpg,7,0,pedestrian,1,12,933.0,421.99999999999994,950.0,462.0,680.0000000000009,small,0,none,0,not_truncated,True,19,0.5210909843444824,0.8707369565963745
0000335_02745_d_0000057.jpg,8,0,pedestrian,1,13,963.0,421.99999999999994,976.0,458.0,468.00000000000074,small,0,none,0,not_truncated,True,10,0.731005072593689,0.6492524743080139
0000335_02745_d_0000057.jpg,9,0,pedestrian,1,14,917.0000000000001,411.0,931.0,451.0,559.9999999999955,small,0,none,0,not_truncated,False,,,
0000335_02745_d_0000057.jpg,10,0,pedestrian,1,15,927.0,390.99999999999994,938.0,426.0,385.0000000000006,small,1,partial,0,not_truncated,True,31,0.3041471540927887,0.7169509530067444
0000335_02745_d_0000057.jpg,11,1,car,4,21,918.0000000000001,309.0,999.0000000000001,341.0,2592.0,medium,1,partial,0,not_truncated,True,8,0.7858700752258301,0.9161598086357117
0000335_02745_d_0000057.jpg,12,1,car,4,22,1140.0,330.0,1206.0,358.0,1848.0,medium,2,heavy,0,not_truncated,False,,,
0000335_02745_d_0000057.jpg,13,1,car,4,23,1133.0,312.0,1203.0,342.0,2100.0,medium,1,partial,0,not_truncated,False,,,
0000335_02745_d_0000057.jpg,14,0,pedestrian,1,24,539.0,390.99999999999994,557.0,426.0,630.000000000001,small,0,none,0,not_truncated,True,26,0.362720251083374,0.6009891629219055
0000335_02745_d_0000057.jpg,15,0,pedestrian,1,42,522.0,257.0,534.0,280.0,276.0,small,1,partial,0,not_truncated,False,,,
0000335_02745_d_0000057.jpg,16,1,car,4,45,585.0,243.00000000000003,614.0,271.0,811.9999999999992,small,0,none,0,not_truncated,True,14,0.6387802958488464,0.8423031568527222
0000335_02745_d_0000057.jpg,17,1,car,4,46,591.9999999999999,219.99999999999997,618.0,244.99999999999997,650.0000000000028,small,1,partial,0,not_truncated,True,16,0.5820854306221008,0.8191710114479065
0000335_02745_d_0000057.jpg,18,2,van,5,47,595.0,191.0,617.0000000000001,219.0,616.0000000000032,small,1,partial,0,not_truncated,False,,,
0000335_02745_d_0000057.jpg,19,1,car,4,48,559.0,199.00000000000003,585.0,223.00000000000003,624.0,small,0,none,0,not_truncated,True,9,0.7423571944236755,0.8634968996047974
0000335_02745_d_0000057.jpg,20,1,car,4,49,420.0,219.99999999999997,452.00000000000006,242.0,704.0000000000022,small,0,none,0,not_truncated,True,7,0.7923429608345032,0.8533341884613037
0000335_02745_d_0000057.jpg,21,1,car,4,50,432.0,201.0,463.0,225.0,744.0,small,1,partial,0,not_truncated,True,22,0.48025596141815186,0.5740787386894226
0000335_02745_d_0000057.jpg,22,1,car,4,51,445.99999999999994,190.0,467.0,211.00000000000003,441.0000000000018,small,1,partial,0,not_truncated,False,,,
0000335_02745_d_0000057.jpg,23,1,car,4,52,657.9999999999999,166.0,680.0,187.00000000000003,462.000000000003,small,1,partial,0,not_truncated,False,,,
0000335_02745_d_0000057.jpg,24,1,car,4,53,658.0,155.0,676.9999999999999,171.0,303.9999999999982,small,1,partial,0,not_truncated,True,20,0.513821005821228,0.5097830891609192
0000335_02745_d_0000057.jpg,25,0,pedestrian,1,54,720.0,161.0,727.0,177.99999999999997,118.9999999999998,small,1,partial,0,not_truncated,False,,,
0000335_02745_d_0000057.jpg,26,1,car,4,55,588.0,152.0,609.0,169.0,357.0,small,0,none,0,not_truncated,True,23,0.4767189025878906,0.7872762680053711
0000335_02745_d_0000057.jpg,27,1,car,4,56,581.0,126.0,597.0,140.0,224.0,small,0,none,0,not_truncated,True,12,0.7254030108451843,0.7856495976448059
0000335_02745_d_0000057.jpg,28,1,car,4,57,660.0,118.0,674.9999999999999,131.0,194.99999999999852,small,0,none,0,not_truncated,True,17,0.5630577802658081,0.7851694226264954
0000335_02745_d_0000057.jpg,29,1,car,4,58,235.0,336.0,332.0,372.00000000000006,3492.0000000000055,medium,1,partial,0,not_truncated,True,3,0.8978805541992188,0.8933254480361938
0000335_02745_d_0000057.jpg,30,1,car,4,59,32.0,327.0,128.0,365.0,3648.0,medium,0,none,0,not_truncated,True,11,0.7266513705253601,0.8810374736785889
0000335_02745_d_0000057.jpg,31,1,car,4,60,0.0,250.0,55.0,282.99999999999994,1814.9999999999968,medium,0,none,1,truncated,True,4,0.8605616092681885,0.9114935398101807
0000335_02745_d_0000057.jpg,32,0,pedestrian,1,61,920.0,275.0,931.0,301.0,286.0,small,0,none,0,not_truncated,True,36,0.25246116518974304,0.9247170090675354
0000335_02745_d_0000057.jpg,33,1,car,4,66,510.0,133.00000000000003,526.9999999999999,148.0,254.9999999999978,small,1,partial,0,not_truncated,False,,,
0000335_02745_d_0000057.jpg,34,0,pedestrian,1,67,518.0,122.00000000000001,523.0,136.0,69.99999999999993,small,1,partial,0,not_truncated,False,,,
0000335_02745_d_0000057.jpg,35,1,car,4,68,750.0,109.0,765.0,121.0,180.0,small,2,heavy,0,not_truncated,True,35,0.2772258520126343,0.7584317326545715
0000335_02745_d_0000057.jpg,36,0,pedestrian,1,83,617.0,90.0,621.0,101.0,44.0,small,0,none,0,not_truncated,False,,,
0000335_02745_d_0000057.jpg,37,0,pedestrian,1,84,554.0,96.0,559.0,107.0,55.0,small,1,partial,0,not_truncated,False,,,
0000335_02745_d_0000057.jpg,38,1,car,4,85,602.0,91.99999999999999,615.0,102.0,130.00000000000017,small,0,none,0,not_truncated,True,33,0.28107601404190063,0.7961943745613098
0000335_02745_d_0000057.jpg,39,1,car,4,86,613.0,77.0,625.0,85.99999999999999,107.99999999999983,small,0,none,0,not_truncated,True,27,0.34009039402008057,0.8274033665657043
0000335_02745_d_0000057.jpg,40,1,car,4,87,643.0,73.99999999999999,654.0,84.0,110.00000000000016,small,0,none,0,not_truncated,True,18,0.5309199690818787,0.6325339078903198
0000335_02745_d_0000057.jpg,41,1,car,4,88,668.0,67.0,677.0,74.0,63.0,small,0,none,0,not_truncated,False,,,
0000335_02745_d_0000057.jpg,42,1,car,4,89,688.0,62.0,696.9999999999999,69.0,62.999999999999204,small,1,partial,0,not_truncated,False,,,
0000335_02745_d_0000057.jpg,43,1,car,4,90,664.0,59.0,673.0,67.0,72.0,small,0,none,0,not_truncated,False,,,
0000335_02745_d_0000057.jpg,44,1,car,4,91,681.0,55.00000000000001,690.0,62.0,62.999999999999936,small,0,none,0,not_truncated,False,,,
0000335_02745_d_0000057.jpg,45,2,van,5,92,586.0,60.0,597.0,72.0,132.0,small,0,none,0,not_truncated,False,,,
0000335_02745_d_0000057.jpg,46,2,van,5,93,667.0,42.0,674.0,50.0,56.0,small,0,none,0,not_truncated,False,,,
0000335_02745_d_0000057.jpg,47,0,pedestrian,1,94,381.0,181.00000000000003,388.0,198.00000000000003,119.0,small,1,partial,0,not_truncated,False,,,
0000335_02745_d_0000057.jpg,48,0,pedestrian,1,95,388.0,182.0,392.99999999999994,197.00000000000003,74.99999999999929,small,1,partial,0,not_truncated,False,,,
0000335_02745_d_0000057.jpg,49,0,pedestrian,1,96,390.0,179.0,394.99999999999994,194.0,74.99999999999915,small,2,heavy,0,not_truncated,False,,,
0000335_02745_d_0000057.jpg,50,1,car,4,97,816.0000000000001,227.0,849.0,254.0,890.9999999999969,small,1,partial,0,not_truncated,True,21,0.5041292309761047,0.6729226112365723
0000335_04117_d_0000064.jpg,0,1,car,4,1,286.0,330.0,433.0,394.99999999999994,9554.99999999999,large,0,none,0,not_truncated,True,7,0.8971107602119446,0.9184884428977966
0000335_04117_d_0000064.jpg,1,1,car,4,2,458.99999999999994,360.00000000000006,611.0,429.0,10487.999999999995,large,0,none,0,not_truncated,True,2,0.9358937740325928,0.905047595500946
0000335_04117_d_0000064.jpg,2,1,car,4,3,484.0,285.0,609.0,351.0,8250.0,medium,0,none,0,not_truncated,True,0,0.9399266839027405,0.9388517737388611
0000335_04117_d_0000064.jpg,3,1,car,4,4,629.0,353.0,764.0,430.0,10395.0,large,0,none,0,not_truncated,True,1,0.9372777938842773,0.9608227014541626
0000335_04117_d_0000064.jpg,4,1,car,4,5,640.0,446.00000000000006,806.0,546.0,16599.99999999999,large,0,none,0,not_truncated,True,3,0.9331026673316956,0.9636904001235962
0000335_04117_d_0000064.jpg,5,1,car,4,6,249.99999999999997,256.0,372.99999999999994,316.0,7379.999999999998,medium,0,none,0,not_truncated,True,6,0.8979389667510986,0.9702432155609131
0000335_04117_d_0000064.jpg,6,1,car,4,7,233.0,203.0,345.0,255.0,5824.0,medium,0,none,0,not_truncated,True,17,0.6267706155776978,0.9490724802017212
0000335_04117_d_0000064.jpg,7,1,car,4,8,1023.0,599.0,1240.0000000000002,724.0000000000001,27125.000000000055,large,0,none,0,not_truncated,True,4,0.9330052137374878,0.9654437303543091
0000335_04117_d_0000064.jpg,8,1,car,4,9,1225.9999999999998,583.0,1360.0,684.0,13534.000000000024,large,1,partial,0,not_truncated,True,8,0.8680483102798462,0.7865905165672302
0000335_04117_d_0000064.jpg,9,0,pedestrian,1,10,1062.0,405.0,1089.0,450.0,1215.0,medium,0,none,0,not_truncated,True,12,0.8034329414367676,0.8514758944511414
0000335_04117_d_0000064.jpg,10,0,pedestrian,1,11,1040.0,393.00000000000006,1064.0,444.00000000000006,1224.0,medium,0,none,0,not_truncated,True,16,0.6329287886619568,0.6977182626724243
0000335_04117_d_0000064.jpg,11,0,pedestrian,1,12,1033.0,384.0,1060.0,428.0,1188.0,medium,1,partial,0,not_truncated,False,,,
0000335_04117_d_0000064.jpg,12,1,car,4,15,269.0,91.0,359.0,137.0,4140.0,medium,1,partial,0,not_truncated,True,18,0.6186381578445435,0.8803449273109436
0000335_04117_d_0000064.jpg,13,1,car,4,16,140.0,15.999999999999998,197.00000000000003,51.0,1995.000000000001,medium,0,none,0,not_truncated,True,11,0.848423182964325,0.9181526303291321
0000335_04117_d_0000064.jpg,14,3,truck,6,17,109.00000000000001,0.0,175.00000000000003,39.0,2574.0000000000005,medium,1,partial,1,truncated,False,,,
0000335_04117_d_0000064.jpg,15,0,pedestrian,1,18,594.0,133.0,608.0,167.0,476.0,small,0,none,0,not_truncated,True,19,0.568773090839386,0.8649678230285645
0000335_04117_d_0000064.jpg,16,1,car,4,19,809.0,88.99999999999999,872.0000000000001,144.0,3465.0000000000073,medium,0,none,0,not_truncated,True,9,0.8628211617469788,0.9269182085990906
0000335_04117_d_0000064.jpg,17,1,car,4,20,869.9999999999999,110.00000000000001,929.0,159.0,2891.0000000000045,medium,0,none,0,not_truncated,True,5,0.8980713486671448,0.8992289900779724
0000335_04117_d_0000064.jpg,18,1,car,4,21,917.9999999999999,76.99999999999999,968.0,117.99999999999999,2050.0000000000045,medium,1,partial,0,not_truncated,True,20,0.5441813468933105,0.9059519171714783
0000335_04117_d_0000064.jpg,19,1,car,4,22,958.9999999999999,46.00000000000001,1002.0000000000001,77.0,1333.0000000000068,medium,1,partial,0,not_truncated,True,14,0.7093150615692139,0.7421424984931946
0000335_04117_d_0000064.jpg,20,1,car,4,23,989.0,20.0,1033.0,54.0,1496.0,medium,1,partial,0,not_truncated,True,10,0.8528960347175598,0.8731153011322021
0000335_04117_d_0000064.jpg,21,1,car,4,24,1016.0,0.0,1053.9999999999998,25.999999999999996,987.999999999994,small,1,partial,1,truncated,True,13,0.7915499210357666,0.8785874843597412
0000335_04117_d_0000064.jpg,22,0,pedestrian,1,25,915.0000000000001,17.0,929.0,45.0,391.9999999999968,small,0,none,0,not_truncated,True,21,0.5439231395721436,0.6089873313903809
0000335_04117_d_0000064.jpg,23,1,car,4,28,1146.0,121.99999999999999,1229.0,166.0,3652.0000000000014,medium,2,heavy,0,not_truncated,False,,,
0000335_06469_d_0000076.jpg,0,2,van,5,1,302.0,259.99999999999994,444.0,349.0,12638.000000000007,large,0,none,0,not_truncated,False,,,
0000335_06469_d_0000076.jpg,1,1,car,4,2,468.0,287.0,646.0,386.0,17622.0,large,1,partial,0,not_truncated,True,1,0.8891290426254272,0.9440575838088989
0000335_06469_d_0000076.jpg,2,1,car,4,3,1264.0,20.0,1322.0,54.0,1972.0,medium,0,none,0,not_truncated,True,0,0.9078419208526611,0.9460079669952393
0000335_06469_d_0000076.jpg,3,1,car,4,4,833.9999999999999,9.999999999999998,898.0,44.0,2176.0000000000036,medium,1,partial,0,not_truncated,True,3,0.7258734107017517,0.7449804544448853
0000335_06469_d_0000076.jpg,4,0,pedestrian,1,6,453.00000000000006,88.99999999999999,468.0,129.0,599.999999999998,small,2,heavy,0,not_truncated,False,,,
0000335_06469_d_0000076.jpg,5,0,pedestrian,1,7,460.0,88.99999999999999,475.0,132.0,645.0000000000002,small,1,partial,0,not_truncated,False,,,
0000335_06469_d_0000076.jpg,6,0,pedestrian,1,8,188.0,142.0,207.00000000000003,189.0,893.0000000000014,small,1,partial,0,not_truncated,True,4,0.6121537089347839,0.8312594890594482
0000345_07057_d_0000345.jpg,0,1,car,4,4,148.0,148.0,210.0,177.0,1798.0,medium,1,partial,0,not_truncated,True,11,0.611275851726532,0.6952349543571472
0000345_07057_d_0000345.jpg,1,0,pedestrian,1,5,234.0,151.00000000000003,243.99999999999997,178.0,269.999999999999,small,0,none,0,not_truncated,False,,,
0000345_07057_d_0000345.jpg,2,0,pedestrian,1,6,248.00000000000003,149.0,258.0,177.0,279.9999999999992,small,0,none,0,not_truncated,False,,,
0000345_07057_d_0000345.jpg,3,0,pedestrian,1,7,260.0,163.0,267.0,186.0,161.0,small,0,none,0,not_truncated,False,,,
0000345_07057_d_0000345.jpg,4,0,pedestrian,1,8,243.0,179.0,259.0,208.99999999999997,479.99999999999955,small,0,none,0,not_truncated,True,35,0.2530199885368347,0.7443842887878418
0000345_07057_d_0000345.jpg,5,1,car,4,9,0.0,235.00000000000003,76.0,280.0,3419.9999999999977,medium,0,none,1,truncated,True,1,0.8657030463218689,0.9456691741943359
0000345_07057_d_0000345.jpg,6,0,pedestrian,1,16,92.0,729.0,120.00000000000001,765.0,1008.0000000000005,small,0,none,1,truncated,True,22,0.36089837551116943,0.9283525347709656
0000345_07057_d_0000345.jpg,7,1,car,4,24,504.99999999999994,297.0,620.0,347.0,5750.000000000003,medium,0,none,0,not_truncated,True,4,0.8312060832977295,0.9023280739784241
0000345_07057_d_0000345.jpg,8,1,car,4,25,385.0,227.0,481.99999999999994,265.00000000000006,3686.000000000003,medium,0,none,0,not_truncated,True,20,0.37264564633369446,0.9311345219612122
0000345_07057_d_0000345.jpg,9,0,pedestrian,1,30,357.0,142.0,368.0,167.0,275.0,small,0,none,0,not_truncated,False,,,
0000345_07057_d_0000345.jpg,10,0,pedestrian,1,31,368.00000000000006,141.0,378.0,169.0,279.9999999999984,small,0,none,0,not_truncated,False,,,
0000345_07057_d_0000345.jpg,11,0,pedestrian,1,32,373.00000000000006,130.0,385.0,157.0,323.99999999999847,small,0,none,0,not_truncated,False,,,
0000345_07057_d_0000345.jpg,12,0,pedestrian,1,33,427.0,121.00000000000001,436.99999999999994,148.0,269.99999999999835,small,0,none,0,not_truncated,False,,,
0000345_07057_d_0000345.jpg,13,0,pedestrian,1,34,437.00000000000006,128.0,448.0,153.0,274.9999999999986,small,0,none,0,not_truncated,False,,,
0000345_07057_d_0000345.jpg,14,0,pedestrian,1,35,443.0,125.0,451.0,150.0,200.0,small,1,partial,0,not_truncated,False,,,
0000345_07057_d_0000345.jpg,15,0,pedestrian,1,45,550.0,132.0,557.0,147.0,105.0,small,1,partial,0,not_truncated,False,,,
0000345_07057_d_0000345.jpg,16,0,pedestrian,1,46,542.0,126.0,548.0,141.99999999999997,95.99999999999983,small,1,partial,0,not_truncated,False,,,
0000345_07057_d_0000345.jpg,17,0,pedestrian,1,47,579.0,121.0,589.0,144.0,230.0,small,1,partial,0,not_truncated,False,,,
0000345_07057_d_0000345.jpg,18,0,pedestrian,1,48,582.0,124.0,593.0,145.00000000000003,231.0000000000003,small,0,none,0,not_truncated,False,,,
0000345_07057_d_0000345.jpg,19,1,car,4,49,535.0000000000001,148.0,592.0,177.0,1652.9999999999968,medium,0,none,0,not_truncated,True,6,0.7519519329071045,0.7788963317871094
0000345_07057_d_0000345.jpg,20,1,car,4,50,565.0,143.0,621.0,169.0,1456.0,medium,1,partial,0,not_truncated,True,5,0.7785944938659668,0.9035149216651917
0000345_07057_d_0000345.jpg,21,2,van,5,51,536.0,175.0,604.0,214.0,2652.0,medium,0,none,0,not_truncated,True,13,0.5621607899665833,0.8202397227287292
0000345_07057_d_0000345.jpg,22,0,pedestrian,1,52,476.00000000000006,183.00000000000003,492.0,212.0,463.9999999999979,small,0,none,0,not_truncated,False,,,
0000345_07057_d_0000345.jpg,23,0,pedestrian,1,53,506.0,200.0,517.0,232.99999999999997,362.99999999999966,small,0,none,0,not_truncated,True,12,0.5721089243888855,0.8511426448822021
0000345_07057_d_0000345.jpg,24,0,pedestrian,1,60,632.0,461.0,662.0,511.99999999999994,1529.9999999999982,medium,0,none,0,not_truncated,False,,,
0000345_07057_d_0000345.jpg,25,0,pedestrian,1,61,631.0,449.0,651.0,503.0,1080.0,medium,1,partial,0,not_truncated,True,10,0.6219470500946045,0.8040465712547302
0000345_07057_d_0000345.jpg,26,1,car,4,64,1133.0,308.0,1241.0,356.0,5184.0,medium,0,none,0,not_truncated,True,0,0.8658134937286377,0.9325016140937805
0000345_07057_d_0000345.jpg,27,1,car,4,65,993.0,255.99999999999997,1076.0,304.0,3984.0000000000023,medium,0,none,0,not_truncated,True,30,0.27211302518844604,0.8880876302719116
0000345_07057_d_0000345.jpg,28,0,pedestrian,1,66,992.0,247.00000000000003,1001.9999999999999,281.0,339.99999999999585,small,1,partial,0,not_truncated,True,32,0.27038875222206116,0.7306360006332397
0000345_07057_d_0000345.jpg,29,0,pedestrian,1,67,993.0000000000001,248.0,1006.0,267.0,246.99999999999784,small,1,partial,0,not_truncated,False,,,
0000345_07057_d_0000345.jpg,30,0,pedestrian,1,68,968.0,243.00000000000003,979.0,272.0,318.99999999999966,small,0,none,0,not_truncated,True,18,0.4291675388813019,0.7802568078041077
0000345_07057_d_0000345.jpg,31,0,pedestrian,1,69,950.0,240.0,961.9999999999999,272.99999999999994,395.99999999999557,small,0,none,0,not_truncated,True,21,0.36531469225883484,0.6860519051551819
0000345_07057_d_0000345.jpg,32,0,pedestrian,1,71,958.0000000000001,235.00000000000003,973.0,267.0,479.99999999999596,small,1,partial,0,not_truncated,False,,,
0000345_07057_d_0000345.jpg,33,1,car,4,72,951.9999999999999,204.0,1003.0000000000001,245.00000000000003,2091.000000000011,medium,1,partial,0,not_truncated,True,7,0.7380119562149048,0.908698320388794
0000345_07057_d_0000345.jpg,34,1,car,4,73,945.0,170.0,991.0000000000001,207.00000000000003,1702.0000000000055,medium,0,none,0,not_truncated,True,2,0.8538253903388977,0.906160831451416
0000345_07057_d_0000345.jpg,35,0,pedestrian,1,74,736.0,219.0,750.9999999999999,256.0,554.9999999999958,small,0,none,0,not_truncated,True,9,0.6453285813331604,0.7722902894020081
0000345_07057_d_0000345.jpg,36,0,pedestrian,1,75,747.0000000000001,216.0,756.0,252.00000000000003,323.99999999999613,small,1,partial,0,not_truncated,True,34,0.25906631350517273,0.5476285815238953
0000345_07057_d_0000345.jpg,37,0,pedestrian,1,76,756.0,213.0,771.0,248.99999999999997,539.9999999999995,small,0,none,0,not_truncated,True,23,0.35934606194496155,0.7306495904922485
0000345_07057_d_0000345.jpg,38,0,pedestrian,1,77,1316.0,166.0,1329.0,194.0,364.0,small,0,none,0,not_truncated,False,,,
0000345_07057_d_0000345.jpg,39,0,pedestrian,1,78,1325.0,169.0,1340.0,194.0,375.0,small,0,none,0,not_truncated,False,,,
0000345_07057_d_0000345.jpg,40,0,pedestrian,1,79,1322.0,160.0,1336.0,189.0,406.0,small,2,heavy,0,not_truncated,False,,,
0000345_07057_d_0000345.jpg,41,0,pedestrian,1,80,1338.0,167.0,1351.0,195.99999999999997,376.99999999999966,small,0,none,0,not_truncated,False,,,
0000345_07057_d_0000345.jpg,42,0,pedestrian,1,81,1351.0,167.0,1360.0,192.0,225.0,small,0,none,1,truncated,False,,,
0000345_07057_d_0000345.jpg,43,0,pedestrian,1,82,1229.0,183.0,1238.0,209.99999999999997,242.99999999999974,small,0,none,0,not_truncated,False,,,
0000345_07057_d_0000345.jpg,44,0,pedestrian,1,83,1226.0,179.0,1237.0,207.0,308.0,small,2,heavy,0,not_truncated,False,,,
0000345_07057_d_0000345.jpg,45,1,car,4,86,999.0000000000001,128.0,1034.0,154.0,909.999999999997,small,0,none,0,not_truncated,True,3,0.8386284112930298,0.9456515312194824
0000345_07057_d_0000345.jpg,46,1,car,4,87,1060.0,98.99999999999999,1087.0,120.0,567.0000000000003,small,0,none,0,not_truncated,True,8,0.672658383846283,0.9208436012268066
0000345_07057_d_0000345.jpg,47,0,pedestrian,1,89,1340.0,120.0,1350.0,142.0,220.0,small,0,none,0,not_truncated,False,,,
0000345_07057_d_0000345.jpg,48,0,pedestrian,1,92,1332.0,82.0,1341.0,98.99999999999999,152.9999999999999,small,0,none,0,not_truncated,True,29,0.2762448787689209,0.5862049460411072
0000345_07057_d_0000345.jpg,49,1,car,4,96,1145.0,41.0,1164.0,54.0,247.0,small,0,none,0,not_truncated,True,17,0.4401701092720032,0.7726152539253235
0000345_07057_d_0000345.jpg,50,1,car,4,97,1179.0,46.00000000000001,1195.0,59.0,207.9999999999999,small,0,none,0,not_truncated,True,14,0.560655415058136,0.8998804688453674
0000345_07057_d_0000345.jpg,51,1,car,4,98,1231.0,57.00000000000001,1251.0,72.0,299.9999999999999,small,1,partial,0,not_truncated,True,16,0.4529549479484558,0.7961796522140503
0000345_07057_d_0000345.jpg,52,0,pedestrian,1,101,1317.0,28.0,1324.0,41.0,91.0,small,0,none,0,not_truncated,False,,,
0000345_07057_d_0000345.jpg,53,0,pedestrian,1,102,1326.0,10.000000000000002,1332.0,21.0,65.99999999999999,small,0,none,0,not_truncated,False,,,
0000345_07057_d_0000345.jpg,54,0,pedestrian,1,103,1259.0,10.000000000000002,1266.0,21.0,76.99999999999999,small,0,none,0,not_truncated,False,,,
0000345_07057_d_0000345.jpg,55,0,pedestrian,1,104,1231.0,4.0,1236.0,16.999999999999996,64.99999999999999,small,0,none,0,not_truncated,False,,,
0000345_07057_d_0000345.jpg,56,1,car,4,105,1241.0,0.0,1252.0,10.0,110.0,small,0,none,0,not_truncated,False,,,
0000345_07057_d_0000345.jpg,57,0,pedestrian,1,106,928.0,127.99999999999999,938.0,151.0,230.00000000000014,small,2,heavy,0,not_truncated,False,,,
0000345_07057_d_0000345.jpg,58,1,car,4,107,879.0,80.0,915.9999999999999,99.00000000000001,702.9999999999984,small,1,partial,0,not_truncated,False,,,
0000345_07057_d_0000345.jpg,59,2,van,5,108,847.0,60.0,874.9999999999999,79.99999999999999,559.9999999999974,small,1,partial,0,not_truncated,False,,,
0000346_07057_d_0000382.jpg,0,1,car,4,1,408.0,91.0,444.0,115.0,864.0,small,1,partial,0,not_truncated,True,6,0.791829526424408,0.7076789140701294
0000346_07057_d_0000382.jpg,1,1,car,4,2,367.0,57.0,396.0,76.0,551.0,small,0,none,0,not_truncated,True,5,0.8005550503730774,0.7076644897460938
0000346_07057_d_0000382.jpg,2,1,car,4,3,307.0,51.0,333.0,69.0,468.0,small,0,none,0,not_truncated,True,31,0.3148457109928131,0.8189912438392639
0000346_07057_d_0000382.jpg,3,1,car,4,4,704.9999999999999,124.99999999999999,753.0,155.0,1440.000000000004,medium,1,partial,0,not_truncated,True,2,0.82944256067276,0.7600232362747192
0000346_07057_d_0000382.jpg,4,1,car,4,5,582.0,91.0,616.0,115.99999999999999,849.9999999999995,small,2,heavy,0,not_truncated,False,,,
0000346_07057_d_0000382.jpg,5,1,car,4,6,613.0,101.0,653.0,127.99999999999999,1079.9999999999995,medium,0,none,0,not_truncated,True,1,0.8338133692741394,0.9134190678596497
0000346_07057_d_0000382.jpg,6,2,van,5,7,768.0,124.0,811.0000000000001,162.0,1634.0000000000043,medium,0,none,0,not_truncated,False,,,
0000346_07057_d_0000382.jpg,7,1,car,4,8,170.0,143.0,206.00000000000003,171.99999999999997,1043.9999999999998,medium,0,none,0,not_truncated,True,8,0.7461545467376709,0.9136949777603149
0000346_07057_d_0000382.jpg,8,1,car,4,9,70.00000000000001,171.0,116.0,210.00000000000003,1794.0000000000007,medium,0,none,0,not_truncated,True,12,0.7087985277175903,0.9404389262199402
0000346_07057_d_0000382.jpg,9,1,car,4,10,14.999999999999998,169.00000000000003,59.99999999999999,208.00000000000003,1754.9999999999998,medium,0,none,0,not_truncated,True,0,0.8726047873497009,0.9159483313560486
0000346_07057_d_0000382.jpg,10,1,car,4,11,12.0,91.99999999999999,46.00000000000001,115.0,782.0000000000007,small,0,none,0,not_truncated,True,9,0.7370717525482178,0.7917045950889587
0000346_07057_d_0000382.jpg,11,1,car,4,12,168.0,68.0,195.0,92.0,648.0,small,0,none,0,not_truncated,True,15,0.6964224576950073,0.9445925951004028
0000346_07057_d_0000382.jpg,12,1,car,4,13,105.0,95.0,140.0,121.99999999999999,944.9999999999995,small,1,partial,0,not_truncated,True,26,0.41676923632621765,0.6349846124649048
0000346_07057_d_0000382.jpg,13,1,car,4,14,111.0,79.0,140.0,103.0,696.0,small,1,partial,0,not_truncated,False,,,
0000346_07057_d_0000382.jpg,14,1,car,4,15,120.00000000000001,57.0,145.0,80.0,574.9999999999997,small,0,none,0,not_truncated,True,27,0.3944724500179291,0.8735214471817017
0000346_07057_d_0000382.jpg,15,1,car,4,16,200.0,68.0,225.0,93.0,625.0,small,1,partial,0,not_truncated,True,3,0.815883457660675,0.8125100135803223
0000346_07057_d_0000382.jpg,16,1,car,4,17,161.0,54.0,184.99999999999997,73.0,455.99999999999943,small,1,partial,0,not_truncated,True,32,0.290142685174942,0.7314023375511169
0000346_07057_d_0000382.jpg,17,1,car,4,18,160.0,48.99999999999999,206.99999999999997,65.0,751.9999999999999,small,1,partial,0,not_truncated,False,,,
0000346_07057_d_0000382.jpg,18,1,car,4,19,1050.0,188.0,1127.0,221.99999999999997,2617.9999999999977,medium,1,partial,0,not_truncated,True,16,0.6211814284324646,0.912394642829895
0000346_07057_d_0000382.jpg,19,1,car,4,20,1014.0,177.0,1090.0,209.99999999999997,2507.9999999999977,medium,1,partial,0,not_truncated,True,7,0.7783953547477722,0.8032656311988831
0000346_07057_d_0000382.jpg,20,1,car,4,21,1097.0,167.0,1171.0,201.0,2516.0,medium,1,partial,0,not_truncated,True,4,0.8014083504676819,0.7212840914726257
0000346_07057_d_0000382.jpg,21,1,car,4,22,1152.0,184.00000000000003,1226.0,214.0,2219.9999999999977,medium,1,partial,0,not_truncated,False,,,
0000346_07057_d_0000382.jpg,22,1,car,4,23,1167.0,164.0,1234.0,196.99999999999997,2210.999999999998,medium,2,heavy,0,not_truncated,True,10,0.7352730631828308,0.6912006139755249
0000346_07057_d_0000382.jpg,23,1,car,4,24,1225.0,174.0,1293.0,207.0,2244.0,medium,1,partial,0,not_truncated,True,18,0.5098329186439514,0.8139044046401978
0000346_07057_d_0000382.jpg,24,1,car,4,25,1247.0,157.0,1317.0,188.0,2170.0,medium,2,heavy,0,not_truncated,False,,,
0000346_07057_d_0000382.jpg,25,1,car,4,26,1187.0,279.0,1247.0,337.0,3480.0,medium,0,none,0,not_truncated,True,14,0.7003037333488464,0.8756545782089233
0000346_07057_d_0000382.jpg,26,4,bus,9,27,1297.0,138.0,1360.0,198.99999999999997,3842.999999999998,medium,1,partial,1,truncated,False,,,
0000346_07057_d_0000382.jpg,27,0,pedestrian,1,28,774.0,169.00000000000003,786.9999999999999,198.00000000000003,376.9999999999967,small,0,none,0,not_truncated,True,30,0.3528604507446289,0.7467815279960632
0000346_07057_d_0000382.jpg,28,0,pedestrian,1,29,856.0,191.0,866.9999999999999,219.99999999999997,318.9999999999964,small,0,none,0,not_truncated,False,,,
0000346_07057_d_0000382.jpg,29,0,pedestrian,1,30,862.0,190.0,874.9999999999999,219.99999999999997,389.99999999999625,small,1,partial,0,not_truncated,False,,,
0000346_07057_d_0000382.jpg,30,0,pedestrian,1,31,869.0000000000001,187.0,881.0,221.99999999999997,419.9999999999957,small,1,partial,0,not_truncated,False,,,
0000346_07057_d_0000382.jpg,31,0,pedestrian,1,32,595.0,532.0,640.0,608.0,3420.0,medium,0,none,0,not_truncated,True,20,0.502465546131134,0.6508479714393616
0000346_07057_d_0000382.jpg,32,0,pedestrian,1,33,470.0,517.0,506.0,589.0,2592.0,medium,0,none,0,not_truncated,True,13,0.7081125974655151,0.8550665378570557
0000346_07057_d_0000382.jpg,33,0,pedestrian,1,34,285.0,589.0,313.0,662.0,2044.0,medium,0,none,0,not_truncated,False,,,
0000346_07057_d_0000382.jpg,34,0,pedestrian,1,35,293.0,569.0,318.0,632.0,1575.0,medium,1,partial,0,not_truncated,False,,,
0000346_07057_d_0000382.jpg,35,0,pedestrian,1,36,100.0,60.0,111.0,84.0,264.0,small,0,none,0,not_truncated,True,25,0.43723878264427185,0.6599394679069519
0000346_07057_d_0000382.jpg,36,0,pedestrian,1,37,82.00000000000001,95.0,95.0,121.99999999999999,350.99999999999943,small,0,none,0,not_truncated,True,22,0.4743039608001709,0.7189440131187439
0000346_07057_d_0000382.jpg,37,0,pedestrian,1,51,737.0,147.0,746.9999999999999,172.0,249.99999999999716,small,0,none,0,not_truncated,False,,,
0000346_07057_d_0000382.jpg,38,1,car,4,59,19.0,73.0,45.0,100.0,702.0,small,1,partial,0,not_truncated,False,,,
0000346_07057_d_0000382.jpg,39,1,car,4,60,29.999999999999996,68.0,60.00000000000001,93.0,750.0000000000002,small,2,heavy,0,not_truncated,True,19,0.5042313933372498,0.7435854077339172
0000346_07057_d_0000382.jpg,40,1,car,4,61,36.00000000000001,44.0,95.0,63.99999999999999,1179.9999999999995,medium,1,partial,0,not_truncated,False,,,
0000346_07057_d_0000382.jpg,41,1,car,4,62,69.0,43.0,109.00000000000001,58.00000000000001,600.0000000000005,small,2,heavy,0,not_truncated,True,24,0.4527150094509125,0.5907635688781738
0000346_07057_d_0000382.jpg,42,1,car,4,63,126.0,39.99999999999999,170.0,54.0,616.0000000000003,small,1,partial,0,not_truncated,True,21,0.49367961287498474,0.750720202922821
0000346_07057_d_0000382.jpg,43,1,car,4,64,123.0,35.0,144.0,49.99999999999999,314.99999999999983,small,2,heavy,0,not_truncated,False,,,
0000346_07057_d_0000382.jpg,44,1,car,4,65,81.0,15.0,99.0,31.999999999999996,305.99999999999994,small,1,partial,0,not_truncated,False,,,
0000346_07057_d_0000382.jpg,45,1,car,4,66,97.99999999999999,18.0,125.00000000000001,32.0,378.0000000000004,small,2,heavy,0,not_truncated,False,,,
0000346_07057_d_0000382.jpg,46,1,car,4,67,78.0,7.0,94.0,21.0,224.0,small,1,partial,0,not_truncated,False,,,
0000346_07057_d_0000382.jpg,47,0,pedestrian,1,68,72.0,27.0,82.0,47.0,200.0,small,1,partial,0,not_truncated,False,,,
0000346_07057_d_0000382.jpg,48,0,pedestrian,1,69,56.99999999999999,22.0,66.0,37.0,135.0000000000001,small,1,partial,0,not_truncated,False,,,
0000346_07057_d_0000382.jpg,49,0,pedestrian,1,70,111.0,36.99999999999999,121.0,54.0,170.00000000000006,small,0,none,0,not_truncated,False,,,
0000346_07057_d_0000382.jpg,50,0,pedestrian,1,71,188.0,36.0,194.0,53.0,102.0,small,1,partial,0,not_truncated,False,,,
0000346_07057_d_0000382.jpg,51,0,pedestrian,1,72,184.00000000000003,35.0,189.0,48.0,64.99999999999963,small,1,partial,0,not_truncated,False,,,
0000346_07057_d_0000382.jpg,52,0,pedestrian,1,73,179.0,36.0,185.99999999999997,53.0,118.99999999999952,small,1,partial,0,not_truncated,False,,,
0000346_07057_d_0000382.jpg,53,1,car,4,74,163.0,34.0,179.0,52.00000000000001,288.0000000000001,small,1,partial,0,not_truncated,False,,,
0000346_07057_d_0000382.jpg,54,1,car,4,75,163.0,24.0,183.0,39.99999999999999,319.9999999999999,small,1,partial,0,not_truncated,False,,,
0000346_07057_d_0000382.jpg,55,1,car,4,76,156.0,7.0,180.0,22.999999999999996,383.9999999999999,small,2,heavy,0,not_truncated,False,,,
0000346_07057_d_0000382.jpg,56,3,truck,6,77,413.99999999999994,9.000000000000002,450.0,44.0,1260.000000000002,medium,1,partial,0,not_truncated,False,,,
0000346_07057_d_0000382.jpg,57,3,truck,6,78,359.99999999999994,9.0,382.0,30.0,462.0000000000012,small,2,heavy,0,not_truncated,False,,,
0000346_07057_d_0000382.jpg,58,0,pedestrian,1,79,148.0,695.0000000000001,178.0,765.0,2099.9999999999964,medium,0,none,1,truncated,True,28,0.3801446557044983,0.7448893189430237
0000346_07057_d_0000382.jpg,59,0,pedestrian,1,80,143.0,675.0,174.0,753.0,2418.0,medium,2,heavy,0,not_truncated,False,,,
0000346_07057_d_0000382.jpg,60,0,pedestrian,1,81,53.0,51.99999999999999,60.99999999999999,69.0,135.99999999999994,small,2,heavy,0,not_truncated,False,,,
0000346_07057_d_0000382.jpg,61,1,car,4,87,502.0,38.0,551.0,60.0,1078.0,medium,1,partial,0,not_truncated,False,,,
0000356_01177_d_0000635.jpg,0,2,van,5,1,721.0,356.99999999999994,818.0,429.0,6984.0000000000055,medium,0,none,0,not_truncated,True,8,0.7774325609207153,0.9625014066696167
0000356_01177_d_0000635.jpg,1,0,pedestrian,1,2,524.0,556.0,556.0,610.0,1728.0,medium,0,none,0,not_truncated,True,5,0.7868773341178894,0.7789420485496521
0000356_01177_d_0000635.jpg,2,0,pedestrian,1,3,615.0,178.0,628.0,205.0,351.0,small,0,none,0,not_truncated,True,18,0.4911678731441498,0.6242470741271973
0000356_01177_d_0000635.jpg,3,0,pedestrian,1,4,1011.0,324.0,1027.0,361.00000000000006,592.0000000000009,small,0,none,0,not_truncated,False,,,
0000356_01177_d_0000635.jpg,4,0,pedestrian,1,5,1213.0,296.0,1233.0,330.99999999999994,699.9999999999989,small,0,none,0,not_truncated,False,,,
0000356_01177_d_0000635.jpg,5,0,pedestrian,1,6,912.0000000000001,176.0,921.0,196.99999999999997,188.99999999999736,small,0,none,0,not_truncated,True,37,0.25814521312713623,0.5305564999580383
0000356_01177_d_0000635.jpg,6,0,pedestrian,1,7,1135.0,195.0,1146.0,221.99999999999997,296.99999999999966,small,0,none,0,not_truncated,True,30,0.31423455476760864,0.7365387678146362
0000356_01177_d_0000635.jpg,7,0,pedestrian,1,8,1227.0,297.0,1242.0,330.99999999999994,509.99999999999915,small,1,partial,0,not_truncated,True,21,0.43092793226242065,0.5912389159202576
0000356_01177_d_0000635.jpg,8,0,pedestrian,1,9,907.0,176.0,916.9999999999999,196.99999999999997,209.99999999999733,small,1,partial,0,not_truncated,False,,,
0000356_01177_d_0000635.jpg,9,0,pedestrian,1,10,406.0,240.0,414.99999999999994,267.0,242.99999999999847,small,1,partial,0,not_truncated,False,,,
0000356_01177_d_0000635.jpg,10,0,pedestrian,1,11,398.0,224.0,412.99999999999994,255.99999999999997,479.9999999999978,small,1,partial,0,not_truncated,False,,,
0000356_01177_d_0000635.jpg,11,0,pedestrian,1,12,410.00000000000006,241.00000000000003,423.0,273.0,415.99999999999784,small,1,partial,0,not_truncated,False,,,
0000356_01177_d_0000635.jpg,12,0,pedestrian,1,36,1187.0,266.00000000000006,1203.0,297.0,495.9999999999991,small,0,none,0,not_truncated,False,,,
0000356_01177_d_0000635.jpg,13,1,car,4,37,36.00000000000001,315.0,155.0,354.0,4641.0,medium,0,none,0,not_truncated,True,9,0.747307538986206,0.9569404721260071
0000356_01177_d_0000635.jpg,14,1,car,4,38,99.0,287.0,177.0,324.00000000000006,2886.0000000000045,medium,1,partial,0,not_truncated,True,7,0.7806979417800903,0.9379011392593384
0000356_01177_d_0000635.jpg,15,1,car,4,39,142.0,431.0,245.0,488.99999999999994,5973.9999999999945,medium,1,partial,0,not_truncated,True,2,0.8598467111587524,0.9577020406723022
0000356_01177_d_0000635.jpg,16,1,car,4,40,10.999999999999998,436.0,139.0,508.00000000000006,9216.000000000007,large,1,partial,0,not_truncated,True,22,0.4062976837158203,0.8759584426879883
0000356_01177_d_0000635.jpg,17,1,car,4,41,27.000000000000007,462.0,182.0,546.0,13020.0,large,1,partial,0,not_truncated,False,,,
0000356_01177_d_0000635.jpg,18,1,car,4,42,13.000000000000002,527.0,180.0,608.0,13527.0,large,1,partial,0,not_truncated,True,0,0.925094485282898,0.9250181913375854
0000356_01177_d_0000635.jpg,19,1,car,4,43,15.000000000000004,570.0,209.0,650.0000000000001,15520.000000000022,large,0,none,0,not_truncated,True,1,0.8756987452507019,0.8608695864677429
0000356_01177_d_0000635.jpg,20,1,car,4,44,13.00000000000001,695.0000000000001,195.99999999999997,765.0,12809.999999999976,large,0,none,1,truncated,True,6,0.7855585217475891,0.924137532711029
0000356_01177_d_0000635.jpg,21,2,van,5,46,86.0,192.0,167.0,225.99999999999997,2753.9999999999977,medium,1,partial,0,not_truncated,False,,,
0000356_01177_d_0000635.jpg,22,2,van,5,47,8.000000000000005,197.00000000000003,80.0,227.0,2159.999999999998,medium,1,partial,0,not_truncated,False,,,
0000356_01177_d_0000635.jpg,23,2,van,5,48,99.99999999999999,164.0,180.0,195.0,2480.0000000000005,medium,2,heavy,0,not_truncated,False,,,
0000356_01177_d_0000635.jpg,24,2,van,5,49,436.99999999999994,132.0,464.0,159.99999999999997,756.0000000000008,small,0,none,0,not_truncated,False,,,
0000356_01177_d_0000635.jpg,25,3,truck,6,50,441.0,97.0,474.00000000000006,144.0,1551.0000000000027,medium,1,partial,0,not_truncated,False,,,
0000356_01177_d_0000635.jpg,26,1,car,4,51,455.99999999999994,77.0,478.00000000000006,97.0,440.0000000000023,small,0,none,0,not_truncated,True,13,0.6349287629127502,0.7779788374900818
0000356_01177_d_0000635.jpg,27,2,van,5,52,463.0,56.0,477.99999999999994,76.0,299.99999999999886,small,0,none,0,not_truncated,False,,,
0000356_01177_d_0000635.jpg,28,1,car,4,53,478.00000000000006,14.0,492.0,25.0,153.99999999999937,small,0,none,0,not_truncated,False,,,
0000356_01177_d_0000635.jpg,29,1,car,4,54,577.0,78.0,600.0000000000001,97.99999999999999,460.00000000000193,small,0,none,0,not_truncated,True,15,0.5819576978683472,0.7401172518730164
0000356_01177_d_0000635.jpg,30,1,car,4,55,624.0,75.0,642.0,92.0,306.0,small,0,none,0,not_truncated,True,32,0.29995518922805786,0.5006747841835022
0000356_01177_d_0000635.jpg,31,1,car,4,56,560.0,24.0,574.0,36.99999999999999,181.9999999999999,small,0,none,0,not_truncated,True,14,0.5919458866119385,0.6454575657844543
0000356_01177_d_0000635.jpg,32,1,car,4,57,611.0,59.0,629.0,77.0,324.0,small,0,none,0,not_truncated,False,,,
0000356_01177_d_0000635.jpg,33,1,car,4,58,621.0,48.0,652.0,60.99999999999999,402.9999999999998,small,1,partial,0,not_truncated,False,,,
0000356_01177_d_0000635.jpg,34,1,car,4,59,831.0000000000001,138.0,859.0,161.0,643.9999999999974,small,0,none,0,not_truncated,True,27,0.3347519040107727,0.6234869360923767
0000356_01177_d_0000635.jpg,35,1,car,4,60,741.0000000000001,221.00000000000003,783.9999999999999,255.0,1461.9999999999911,medium,0,none,0,not_truncated,True,12,0.6453655958175659,0.919905424118042
0000356_01177_d_0000635.jpg,36,1,car,4,61,947.0,263.0,1048.0,303.0,4040.0,medium,0,none,0,not_truncated,True,3,0.844385027885437,0.9256365895271301
0000356_01177_d_0000635.jpg,37,1,car,4,62,1079.0,281.0,1171.0,311.0,2760.0,medium,0,none,0,not_truncated,True,19,0.4895946979522705,0.8281816244125366
0000356_01177_d_0000635.jpg,38,1,car,4,63,1215.0,246.99999999999997,1304.0,283.0,3204.0000000000027,medium,1,partial,0,not_truncated,True,4,0.8277356028556824,0.8851537704467773
0000356_01177_d_0000635.jpg,39,1,car,4,64,1169.0,197.00000000000003,1252.0,228.0,2572.9999999999977,medium,0,none,0,not_truncated,True,11,0.7162389755249023,0.8650418519973755
0000356_01177_d_0000635.jpg,40,1,car,4,65,1007.0,173.0,1081.0,202.0,2146.0,medium,0,none,0,not_truncated,True,25,0.3477010726928711,0.9180948138237
0000356_01177_d_0000635.jpg,41,1,car,4,66,930.0,157.00000000000003,962.9999999999999,184.0,890.999999999996,small,0,none,0,not_truncated,False,,,
0000356_01177_d_0000635.jpg,42,1,car,4,67,872.9999999999999,143.0,924.0,171.0,1428.0000000000032,medium,0,none,0,not_truncated,False,,,
0000356_01177_d_0000635.jpg,43,1,car,4,68,807.0,127.99999999999999,833.9999999999999,149.0,566.999999999998,small,0,none,0,not_truncated,False,,,
0000356_01177_d_0000635.jpg,44,1,car,4,69,785.0000000000001,114.0,820.0,134.0,699.9999999999977,small,1,partial,0,not_truncated,True,26,0.3426764905452728,0.7430329322814941
0000356_01177_d_0000635.jpg,45,1,car,4,70,866.9999999999999,74.0,914.0000000000001,88.0,658.0000000000032,small,1,partial,0,not_truncated,False,,,
0000356_01177_d_0000635.jpg,46,0,pedestrian,1,73,60.00000000000001,164.0,71.0,190.0,285.99999999999983,small,1,partial,0,not_truncated,False,,,
0000356_01177_d_0000635.jpg,47,1,car,4,74,0.0,281.0,69.0,324.0,2967.0,medium,0,none,1,truncated,True,16,0.5366063117980957,0.9094855785369873
0000356_01177_d_0000635.jpg,48,1,car,4,75,879.0,85.99999999999999,904.0,107.0,525.0000000000003,small,1,partial,0,not_truncated,False,,,
0000356_01177_d_0000635.jpg,49,1,car,4,76,906.0000000000001,84.0,932.0,106.0,571.9999999999975,small,1,partial,0,not_truncated,False,,,
0000356_01177_d_0000635.jpg,50,1,car,4,77,853.0,62.0,897.0000000000001,76.0,616.0000000000016,small,1,partial,0,not_truncated,False,,,
0000356_01177_d_0000635.jpg,51,1,car,4,78,830.0000000000001,55.00000000000001,868.9999999999999,68.0,506.99999999999676,small,1,partial,0,not_truncated,False,,,
0000356_01177_d_0000635.jpg,52,3,truck,6,79,831.9999999999999,39.99999999999999,884.0,63.99999999999999,1248.0000000000027,medium,1,partial,0,not_truncated,False,,,
0000356_01177_d_0000635.jpg,53,1,car,4,89,1325.0000000000002,249.0,1360.0,280.0,1084.999999999993,medium,0,none,1,truncated,False,,,
0000356_01177_d_0000635.jpg,54,2,van,5,90,1329.0,189.99999999999997,1359.0,223.99999999999997,1020.0,small,0,none,1,truncated,False,,,
0000356_01177_d_0000635.jpg,55,0,pedestrian,1,91,1343.0,203.0,1355.0,228.0,300.0,small,0,none,0,not_truncated,False,,,
0000356_01177_d_0000635.jpg,56,0,pedestrian,1,92,1112.0,256.0,1125.0,284.0,364.0,small,1,partial,0,not_truncated,False,,,
0000356_01177_d_0000635.jpg,57,0,pedestrian,1,93,1125.0,257.0,1137.0,282.0,300.0,small,1,partial,0,not_truncated,False,,,
0000356_01177_d_0000635.jpg,58,0,pedestrian,1,94,1115.0,252.0,1127.0,280.0,336.0,small,2,heavy,0,not_truncated,False,,,
0000356_01177_d_0000635.jpg,59,0,pedestrian,1,95,1020.0,320.99999999999994,1036.0,358.0,592.0000000000009,small,1,partial,0,not_truncated,True,20,0.45293039083480835,0.5701033473014832
0000356_02157_d_0000640.jpg,0,1,car,4,1,526.0,486.0,591.0,584.0,6370.0,medium,0,none,0,not_truncated,True,0,0.8779391646385193,0.9338503479957581
0000356_02157_d_0000640.jpg,1,1,car,4,2,914.9999999999999,666.0,1065.0,763.0,14550.000000000011,large,0,none,0,not_truncated,True,30,0.27453410625457764,0.9087527990341187
0000356_02157_d_0000640.jpg,2,1,car,4,3,830.0000000000001,716.0,959.9999999999999,765.0,6369.999999999989,medium,0,none,1,truncated,True,8,0.6360931396484375,0.8717491626739502
0000356_02157_d_0000640.jpg,3,1,car,4,4,550.0,328.0,653.0,375.0,4841.0,medium,0,none,1,truncated,True,4,0.7566418051719666,0.926203727722168
0000356_02157_d_0000640.jpg,4,1,car,4,5,310.0,321.0,421.0,376.0,6105.0,medium,0,none,1,truncated,True,7,0.6716111898422241,0.9409310817718506
0000356_02157_d_0000640.jpg,5,1,car,4,6,79.0,413.0,226.00000000000003,488.00000000000006,11025.000000000011,large,0,none,1,truncated,True,2,0.7857382893562317,0.9595466256141663
0000356_02157_d_0000640.jpg,6,1,car,4,7,158.0,278.0,229.99999999999997,325.0,3383.9999999999986,medium,0,none,1,truncated,True,6,0.6870602965354919,0.8442426323890686
0000356_02157_d_0000640.jpg,7,1,car,4,8,91.00000000000001,204.0,140.0,244.00000000000003,1960.000000000001,medium,0,none,1,truncated,False,,,
0000356_02157_d_0000640.jpg,8,1,car,4,9,71.00000000000001,178.99999999999997,105.0,213.99999999999997,1189.9999999999995,medium,0,none,1,truncated,False,,,
0000356_02157_d_0000640.jpg,9,1,car,4,10,1027.0,324.0,1074.0,386.0,2914.0,medium,0,none,1,truncated,True,20,0.4224615693092346,0.9413464665412903
0000356_02157_d_0000640.jpg,10,1,car,4,11,1094.9999999999998,255.00000000000003,1150.0,290.0,1925.0000000000064,medium,0,none,1,truncated,True,3,0.7822268605232239,0.9055659770965576
0000356_02157_d_0000640.jpg,11,1,car,4,12,978.0,199.00000000000003,1046.0,233.99999999999997,2379.9999999999964,medium,1,partial,1,truncated,True,10,0.6226263046264648,0.881642758846283
0000356_02157_d_0000640.jpg,12,1,car,4,13,675.0,214.0,752.0,244.99999999999997,2386.9999999999977,medium,0,none,1,truncated,True,1,0.8373020887374878,0.922167956829071
0000356_02157_d_0000640.jpg,13,1,car,4,15,43.99999999999999,93.99999999999999,75.0,115.0,651.0000000000006,small,0,none,0,not_truncated,True,12,0.6074225306510925,0.6953450441360474
0000356_02157_d_0000640.jpg,14,1,car,4,16,272.0,129.0,311.0,151.0,858.0,small,0,none,0,not_truncated,True,11,0.607759952545166,0.619060754776001
0000356_02157_d_0000640.jpg,15,1,car,4,17,323.0,149.0,353.00000000000006,172.0,690.0000000000014,small,0,none,0,not_truncated,False,,,
0000356_02157_d_0000640.jpg,16,1,car,4,18,354.0,158.0,391.00000000000006,186.0,1036.0000000000016,medium,0,none,0,not_truncated,True,17,0.4673069715499878,0.5747969746589661
0000356_02157_d_0000640.jpg,17,1,car,4,19,410.00000000000006,160.0,471.0,187.0,1646.9999999999984,medium,0,none,0,not_truncated,False,,,
0000356_02157_d_0000640.jpg,18,1,car,4,20,480.00000000000006,170.0,519.0,196.00000000000003,1013.9999999999997,small,0,none,0,not_truncated,True,27,0.33184951543807983,0.7392447590827942
0000356_02157_d_0000640.jpg,19,1,car,4,21,369.0,89.99999999999999,400.0,106.99999999999999,527.0,small,0,none,0,not_truncated,True,25,0.3450029194355011,0.6589615941047668
0000356_02157_d_0000640.jpg,20,1,car,4,22,401.0,86.0,433.00000000000006,106.0,640.0000000000011,small,0,none,0,not_truncated,False,,,
0000356_02157_d_0000640.jpg,21,1,car,4,23,351.00000000000006,76.0,395.00000000000006,91.0,660.0,small,0,none,0,not_truncated,False,,,
0000356_02157_d_0000640.jpg,22,1,car,4,24,322.0,63.00000000000001,365.0,78.0,644.9999999999997,small,0,none,0,not_truncated,False,,,
0000356_02157_d_0000640.jpg,23,3,truck,6,25,288.0,36.0,348.0,60.0,1440.0,medium,1,partial,0,not_truncated,False,,,
0000356_02157_d_0000640.jpg,24,1,car,4,29,574.0,179.0,645.0,206.0,1917.0,medium,0,none,0,not_truncated,False,,,
0000356_02157_d_0000640.jpg,25,0,pedestrian,1,30,770.0,222.00000000000003,781.0,250.0,307.99999999999966,small,0,none,0,not_truncated,True,28,0.2989058196544647,0.8352183103561401
0000356_02157_d_0000640.jpg,26,1,car,4,31,865.0,161.0,921.0,189.99999999999997,1623.9999999999984,medium,0,none,0,not_truncated,True,5,0.7448732256889343,0.8179607391357422
0000356_02157_d_0000640.jpg,27,1,car,4,32,928.9999999999999,153.0,976.0,178.0,1175.0000000000027,medium,1,partial,0,not_truncated,True,15,0.5286079049110413,0.5928095579147339
0000356_02157_d_0000640.jpg,28,1,car,4,36,1186.0,191.0,1241.0000000000002,219.0,1540.0000000000064,medium,1,partial,0,not_truncated,True,9,0.6315912008285522,0.713054895401001
0000356_02157_d_0000640.jpg,29,1,car,4,37,1241.0,279.0,1327.0,323.0,3784.0,medium,1,partial,0,not_truncated,True,23,0.3590411841869354,0.9068613648414612
0000356_02157_d_0000640.jpg,30,1,car,4,38,1317.0,267.0,1357.9999999999998,302.0,1434.999999999992,medium,1,partial,1,truncated,True,22,0.3664451539516449,0.8714746832847595
0000356_02157_d_0000640.jpg,31,1,car,4,44,1324.0000000000002,395.00000000000006,1360.0,457.0,2231.999999999984,medium,0,none,1,truncated,True,16,0.48801687359809875,0.8041055798530579
0000356_02157_d_0000640.jpg,32,0,pedestrian,1,45,1109.0,361.00000000000006,1122.0,396.00000000000006,455.0,small,0,none,0,not_truncated,False,,,
0000356_02157_d_0000640.jpg,33,0,pedestrian,1,46,1117.0,361.0,1132.0,398.00000000000006,555.0000000000009,small,0,none,0,not_truncated,False,,,
0000356_02157_d_0000640.jpg,34,0,pedestrian,1,47,1061.0,462.0,1079.0,501.0,702.0,small,1,partial,0,not_truncated,False,,,
0000356_02157_d_0000640.jpg,35,0,pedestrian,1,52,1297.0,324.00000000000006,1307.0,359.0,349.99999999999943,small,0,none,0,not_truncated,False,,,
0000356_02157_d_0000640.jpg,36,0,pedestrian,1,53,1283.0,323.0,1295.0,355.99999999999994,395.9999999999993,small,0,none,0,not_truncated,False,,,
0000356_02157_d_0000640.jpg,37,0,pedestrian,1,54,1273.0,318.0,1285.0,355.0,444.0,small,0,none,0,not_truncated,False,,,
0000356_03529_d_0000647.jpg,0,1,car,4,2,1105.0,530.0,1177.0,614.0,6048.0,medium,0,none,0,not_truncated,True,14,0.6688124537467957,0.9171257615089417
0000356_03529_d_0000647.jpg,1,1,car,4,3,891.0,539.0,999.9999999999999,627.0,9591.999999999989,large,0,none,0,not_truncated,True,0,0.9189374446868896,0.9401187300682068
0000356_03529_d_0000647.jpg,2,1,car,4,6,621.0,333.0,705.9999999999999,377.0,3739.999999999995,medium,1,partial,0,not_truncated,True,1,0.8298924565315247,0.926929771900177
0000356_03529_d_0000647.jpg,3,1,car,4,7,668.0,350.0,764.0,393.99999999999994,4223.9999999999945,medium,0,none,0,not_truncated,True,2,0.8149779438972473,0.9272797703742981
0000356_03529_d_0000647.jpg,4,1,car,4,8,927.0,262.0,998.0000000000001,297.99999999999994,2556.0,medium,1,partial,0,not_truncated,True,6,0.7312542796134949,0.8597227334976196
0000356_03529_d_0000647.jpg,5,1,car,4,9,1233.0,212.0,1287.0,236.0,1296.0,medium,1,partial,0,not_truncated,True,15,0.64280766248703,0.7712858319282532
0000356_03529_d_0000647.jpg,6,1,car,4,10,1150.0,227.0,1209.0,251.0,1416.0,medium,1,partial,0,not_truncated,True,8,0.7183171510696411,0.8979470729827881
0000356_03529_d_0000647.jpg,7,2,van,5,11,1042.0,236.0,1098.0,271.99999999999994,2015.9999999999968,medium,1,partial,0,not_truncated,True,23,0.4046171307563782,0.8669149875640869
0000356_03529_d_0000647.jpg,8,1,car,4,12,1074.0,216.0,1134.0,248.99999999999997,1979.9999999999982,medium,1,partial,0,not_truncated,True,11,0.7031526565551758,0.6729655265808105
0000356_03529_d_0000647.jpg,9,1,car,4,21,972.0,195.99999999999997,1033.0,220.99999999999997,1525.0,medium,1,partial,0,not_truncated,True,17,0.5278545022010803,0.7345961332321167
0000356_03529_d_0000647.jpg,10,2,van,5,22,907.0,204.0,963.0,234.99999999999997,1735.9999999999984,medium,0,none,0,not_truncated,True,20,0.5031841397285461,0.8675464391708374
0000356_03529_d_0000647.jpg,11,0,pedestrian,1,27,753.0,220.00000000000003,764.0,248.0,307.99999999999966,small,0,none,0,not_truncated,False,,,
0000356_03529_d_0000647.jpg,12,0,pedestrian,1,28,762.0,223.00000000000003,770.0,248.0,199.99999999999977,small,0,none,0,not_truncated,False,,,
0000356_03529_d_0000647.jpg,13,2,van,5,31,1296.0,328.0,1360.0,376.0,3072.0,medium,1,partial,0,not_truncated,True,10,0.7041722536087036,0.9565672874450684
0000356_03529_d_0000647.jpg,14,1,car,4,32,615.0,219.0,685.0,244.99999999999997,1819.999999999998,medium,0,none,0,not_truncated,False,,,
0000356_03529_d_0000647.jpg,15,1,car,4,34,521.0,209.00000000000003,562.0,236.0,1106.9999999999989,medium,0,none,0,not_truncated,False,,,
0000356_03529_d_0000647.jpg,16,1,car,4,35,453.00000000000006,198.00000000000003,513.0,225.0,1619.9999999999968,medium,0,none,0,not_truncated,False,,,
0000356_03529_d_0000647.jpg,17,1,car,4,36,388.0,224.0,460.0,253.0,2088.0,medium,0,none,0,not_truncated,True,5,0.7512342929840088,0.931624710559845
0000356_03529_d_0000647.jpg,18,1,car,4,37,401.0,195.99999999999997,434.00000000000006,221.99999999999997,858.0000000000015,small,0,none,0,not_truncated,True,18,0.5193065404891968,0.7550399899482727
0000356_03529_d_0000647.jpg,19,1,car,4,38,366.0,187.00000000000003,396.0,210.00000000000003,690.0,small,0,none,0,not_truncated,False,,,
0000356_03529_d_0000647.jpg,20,1,car,4,39,322.0,167.0,357.0,188.0,735.0,small,0,none,0,not_truncated,True,22,0.47897592186927795,0.569757342338562
0000356_03529_d_0000647.jpg,21,1,car,4,40,330.00000000000006,139.0,373.00000000000006,159.0,860.0,small,0,none,0,not_truncated,False,,,
0000356_03529_d_0000647.jpg,22,1,car,4,41,395.00000000000006,115.00000000000001,441.0,132.0,781.9999999999984,small,0,none,0,not_truncated,False,,,
0000356_03529_d_0000647.jpg,23,1,car,4,42,414.99999999999994,129.0,446.0,150.0,651.0000000000011,small,1,partial,0,not_truncated,True,31,0.25061026215553284,0.8108290433883667
0000356_03529_d_0000647.jpg,24,1,car,4,43,445.0,125.0,477.00000000000006,149.0,768.0000000000014,small,1,partial,0,not_truncated,False,,,
0000356_03529_d_0000647.jpg,25,0,pedestrian,1,50,332.0,260.0,343.0,293.0,363.0,small,0,none,0,not_truncated,False,,,
0000356_03529_d_0000647.jpg,26,0,pedestrian,1,51,337.99999999999994,265.0,348.99999999999994,295.99999999999994,340.9999999999994,small,0,none,0,not_truncated,False,,,
0000356_03529_d_0000647.jpg,27,0,pedestrian,1,53,278.0,257.0,292.0,287.0,420.0,small,0,none,0,not_truncated,False,,,
0000356_03529_d_0000647.jpg,28,0,pedestrian,1,54,259.0,270.0,278.0,302.0,608.0,small,1,partial,0,not_truncated,False,,,
0000356_03529_d_0000647.jpg,29,2,van,5,57,33.99999999999999,411.0,172.0,485.00000000000006,10212.000000000007,large,0,none,0,not_truncated,False,,,
0000356_03529_d_0000647.jpg,30,1,car,4,58,75.0,385.0,200.0,439.99999999999994,6874.999999999993,medium,1,partial,0,not_truncated,True,16,0.5574496984481812,0.7213255763053894
0000356_03529_d_0000647.jpg,31,1,car,4,61,0.0,286.0,42.0,342.0,2352.0,medium,0,none,1,truncated,True,4,0.762874186038971,0.979278028011322
0000356_03529_d_0000647.jpg,32,1,car,4,62,76.0,251.00000000000003,118.0,287.0,1511.9999999999989,medium,0,none,0,not_truncated,True,12,0.6703117489814758,0.8058299422264099
0000356_03529_d_0000647.jpg,33,1,car,4,63,139.0,239.0,188.0,277.00000000000006,1862.0000000000027,medium,0,none,0,not_truncated,True,24,0.39445120096206665,0.8984488248825073
0000356_03529_d_0000647.jpg,34,1,car,4,64,120.00000000000001,217.0,163.0,246.99999999999997,1289.9999999999984,medium,1,partial,0,not_truncated,True,26,0.3873818814754486,0.7812452912330627
0000356_03529_d_0000647.jpg,35,1,car,4,65,92.0,197.00000000000003,130.0,227.0,1139.9999999999989,medium,1,partial,0,not_truncated,True,13,0.6693289875984192,0.7813625335693359
0000356_03529_d_0000647.jpg,36,1,car,4,66,68.0,177.0,106.0,207.0,1140.0,medium,1,partial,0,not_truncated,True,19,0.5143946409225464,0.8681641817092896
0000356_03529_d_0000647.jpg,37,4,bus,9,67,32.00000000000001,126.00000000000001,89.0,180.0,3077.9999999999986,medium,0,none,0,not_truncated,False,,,
0000356_03529_d_0000647.jpg,38,1,car,4,68,0.0,144.0,20.0,168.0,480.0,small,0,none,1,truncated,False,,,
0000356_03529_d_0000647.jpg,39,1,car,4,69,11.999999999999998,117.99999999999999,34.0,137.0,418.00000000000034,small,1,partial,0,not_truncated,False,,,
0000356_03529_d_0000647.jpg,40,1,car,4,70,0.0,95.0,14.0,117.00000000000001,308.0000000000002,small,0,none,1,truncated,False,,,
0000356_03529_d_0000647.jpg,41,1,car,4,71,5.999999999999999,67.99999999999999,25.0,84.0,304.0000000000003,small,0,none,0,not_truncated,False,,,
0000356_03529_d_0000647.jpg,42,0,pedestrian,1,75,174.0,289.00000000000006,193.0,323.0,645.9999999999989,small,0,none,0,not_truncated,False,,,
0000356_03529_d_0000647.jpg,43,0,pedestrian,1,76,170.0,288.0,188.0,318.99999999999994,557.999999999999,small,1,partial,0,not_truncated,False,,,
0000356_03529_d_0000647.jpg,44,0,pedestrian,1,77,209.99999999999997,289.0,223.0,318.99999999999994,390.0000000000001,small,0,none,0,not_truncated,False,,,
0000356_03529_d_0000647.jpg,45,0,pedestrian,1,78,198.99999999999997,284.0,211.0,318.0,408.00000000000097,small,0,none,0,not_truncated,False,,,
0000356_03529_d_0000647.jpg,46,0,pedestrian,1,79,193.0,282.0,209.0,314.0,512.0,small,1,partial,0,not_truncated,False,,,
0000356_03529_d_0000647.jpg,47,1,car,4,85,369.00000000000006,99.99999999999999,421.0,120.0,1039.9999999999995,medium,1,partial,0,not_truncated,False,,,
0000356_03529_d_0000647.jpg,48,1,car,4,87,785.9999999999999,289.0,864.0,336.0,3666.0000000000055,medium,0,none,0,not_truncated,True,3,0.8124127984046936,0.8101035952568054
0000356_04313_d_0000651.jpg,0,1,car,4,1,977.0,742.0000000000001,1076.0,765.0,2276.9999999999886,medium,0,none,1,truncated,False,,,
0000356_04313_d_0000651.jpg,1,1,car,4,5,691.0000000000001,624.0,815.0,724.0,12399.999999999989,large,0,none,0,not_truncated,True,0,0.9227248430252075,0.9383159279823303
0000356_04313_d_0000651.jpg,2,1,car,4,6,1217.0,296.99999999999994,1279.0,334.0,2294.0000000000036,medium,1,partial,0,not_truncated,True,7,0.7275826334953308,0.7795355319976807
0000356_04313_d_0000651.jpg,3,1,car,4,7,1079.0,314.0,1153.0,353.0,2886.0,medium,1,partial,0,not_truncated,True,12,0.6655628681182861,0.7640150785446167
0000356_04313_d_0000651.jpg,4,1,car,4,8,1089.0,253.0,1144.0,280.0,1485.0,medium,1,partial,0,not_truncated,True,5,0.7526902556419373,0.8421483039855957
0000356_04313_d_0000651.jpg,5,2,van,5,9,1020.0,260.0,1080.0,291.0,1860.0,medium,0,none,0,not_truncated,False,,,
0000356_04313_d_0000651.jpg,6,0,pedestrian,1,10,950.0,275.0,961.9999999999999,300.0,299.99999999999716,small,1,partial,0,not_truncated,False,,,
0000356_04313_d_0000651.jpg,7,0,pedestrian,1,15,913.0000000000001,278.0,923.0,302.0,239.99999999999727,small,0,none,0,not_truncated,False,,,
0000356_04313_d_0000651.jpg,8,0,pedestrian,1,18,1128.0,212.0,1136.0,231.00000000000003,152.00000000000023,small,0,none,0,not_truncated,False,,,
0000356_04313_d_0000651.jpg,9,0,pedestrian,1,25,793.0,324.0,807.0,355.99999999999994,447.9999999999992,small,0,none,0,not_truncated,True,29,0.29061397910118103,0.5407528877258301
0000356_04313_d_0000651.jpg,10,0,pedestrian,1,26,973.0,231.99999999999997,984.0,255.0,253.0000000000003,small,0,none,0,not_truncated,False,,,
0000356_04313_d_0000651.jpg,11,0,pedestrian,1,34,856.0,219.0,862.0,241.0,132.0,small,0,none,0,not_truncated,False,,,
0000356_04313_d_0000651.jpg,12,0,pedestrian,1,35,819.0,217.0,826.9999999999999,238.0,167.9999999999976,small,1,partial,0,not_truncated,False,,,
0000356_04313_d_0000651.jpg,13,0,pedestrian,1,36,812.0,218.0,820.0,239.0,168.0,small,1,partial,0,not_truncated,False,,,
0000356_04313_d_0000651.jpg,14,0,pedestrian,1,37,788.0000000000001,219.0,795.0,239.0,139.99999999999773,small,1,partial,0,not_truncated,False,,,
0000356_04313_d_0000651.jpg,15,0,pedestrian,1,38,775.0,216.0,781.9999999999999,237.0,146.9999999999976,small,1,partial,0,not_truncated,False,,,
0000356_04313_d_0000651.jpg,16,0,pedestrian,1,39,770.0,215.0,779.0,237.0,198.0,small,1,partial,0,not_truncated,False,,,
0000356_04313_d_0000651.jpg,17,1,car,4,43,718.0,270.0,790.0000000000001,299.0,2088.000000000003,medium,0,none,0,not_truncated,False,,,
0000356_04313_d_0000651.jpg,18,0,pedestrian,1,45,680.0,281.0,687.0,306.0,175.0,small,1,partial,0,not_truncated,False,,,
0000356_04313_d_0000651.jpg,19,0,pedestrian,1,47,666.0,290.0,678.0,318.99999999999994,347.9999999999993,small,0,none,0,not_truncated,False,,,
0000356_04313_d_0000651.jpg,20,1,car,4,49,626.0,259.0,667.0,286.0,1107.0,medium,0,none,0,not_truncated,False,,,
0000356_04313_d_0000651.jpg,21,1,car,4,50,561.0,246.00000000000003,619.0,276.0,1739.9999999999984,medium,0,none,0,not_truncated,False,,,
0000356_04313_d_0000651.jpg,22,0,pedestrian,1,51,545.0,241.0,552.0,263.0,154.0,small,0,none,0,not_truncated,False,,,
0000356_04313_d_0000651.jpg,23,1,car,4,52,558.0,172.0,589.0,197.00000000000003,775.0000000000009,small,1,partial,0,not_truncated,False,,,
0000356_04313_d_0000651.jpg,24,1,car,4,53,527.9999999999999,175.0,555.0,195.0,540.0000000000023,small,1,partial,0,not_truncated,True,26,0.31728145480155945,0.7807486653327942
0000356_04313_d_0000651.jpg,25,1,car,4,54,512.0,241.0,542.0,266.0,750.0,small,0,none,0,not_truncated,False,,,
0000356_04313_d_0000651.jpg,26,1,car,4,55,479.99999999999994,231.99999999999997,506.0,255.99999999999997,624.0000000000014,small,0,none,0,not_truncated,False,,,
0000356_04313_d_0000651.jpg,27,1,car,4,56,509.0,162.0,554.0,177.99999999999997,719.9999999999987,small,1,partial,0,not_truncated,False,,,
0000356_04313_d_0000651.jpg,28,1,car,4,57,485.0,148.0,530.0,163.0,675.0,small,1,partial,0,not_truncated,False,,,
0000356_04313_d_0000651.jpg,29,3,truck,6,58,462.0,123.00000000000001,510.0,146.0,1103.9999999999993,medium,1,partial,0,not_truncated,False,,,
0000356_04313_d_0000651.jpg,30,1,car,4,59,438.99999999999994,211.00000000000003,468.0,233.00000000000003,638.0000000000013,small,1,partial,0,not_truncated,True,13,0.6218439936637878,0.697320818901062
0000356_04313_d_0000651.jpg,31,1,car,4,60,441.0,184.99999999999997,486.0,203.0,810.0000000000013,small,1,partial,0,not_truncated,False,,,
0000356_04313_d_0000651.jpg,32,3,truck,6,61,349.00000000000006,117.00000000000001,395.00000000000006,140.0,1057.9999999999993,medium,0,none,0,not_truncated,False,,,
0000356_04313_d_0000651.jpg,33,0,pedestrian,1,62,409.00000000000006,294.0,421.0,327.0,395.9999999999981,small,0,none,0,not_truncated,False,,,
0000356_04313_d_0000651.jpg,34,0,pedestrian,1,63,401.0,295.0,411.99999999999994,323.0,307.9999999999984,small,0,none,0,not_truncated,False,,,
0000356_04313_d_0000651.jpg,35,1,car,4,64,548.0,345.0,640.0,387.0,3864.0,medium,0,none,0,not_truncated,True,1,0.8458781838417053,0.9547448754310608
0000356_04313_d_0000651.jpg,36,1,car,4,65,541.0,387.0,602.0,432.0,2745.0,medium,0,none,0,not_truncated,True,4,0.7767521739006042,0.9035956859588623
0000356_04313_d_0000651.jpg,37,1,car,4,66,293.0,463.00000000000006,357.0,528.0,4159.999999999996,medium,0,none,0,not_truncated,True,14,0.6086173057556152,0.9434130787849426
0000356_04313_d_0000651.jpg,38,1,car,4,67,230.0,357.0,272.0,405.0,2016.0,medium,0,none,0,not_truncated,True,3,0.8093157410621643,0.9089909791946411
0000356_04313_d_0000651.jpg,39,1,car,4,68,282.0,299.0,337.0,340.0,2255.0,medium,0,none,0,not_truncated,True,9,0.7242499589920044,0.768460750579834
0000356_04313_d_0000651.jpg,40,1,car,4,69,207.00000000000003,307.99999999999994,251.0,347.0,1716.0000000000014,medium,0,none,0,not_truncated,True,2,0.820741593837738,0.8099297881126404
0000356_04313_d_0000651.jpg,41,1,car,4,70,237.0,259.0,272.0,293.0,1190.0,medium,0,none,0,not_truncated,True,15,0.5855939984321594,0.7123994827270508
0000356_04313_d_0000651.jpg,42,1,car,4,71,176.99999999999997,250.0,210.0,282.0,1056.000000000001,medium,0,none,0,not_truncated,True,6,0.7476783394813538,0.7592188715934753
0000356_04313_d_0000651.jpg,43,1,car,4,72,205.0,224.0,240.00000000000003,253.0,1015.0000000000008,small,0,none,0,not_truncated,True,10,0.7195180654525757,0.8865894675254822
0000356_04313_d_0000651.jpg,44,1,car,4,73,152.0,212.0,188.0,244.99999999999997,1187.999999999999,medium,0,none,0,not_truncated,False,,,
0000356_04313_d_0000651.jpg,45,4,bus,9,74,182.0,179.0,227.99999999999997,230.0,2345.9999999999986,medium,1,partial,0,not_truncated,True,18,0.43978846073150635,0.8430991768836975
0000356_04313_d_0000651.jpg,46,1,car,4,75,146.0,192.0,175.99999999999997,221.99999999999997,899.9999999999983,small,1,partial,0,not_truncated,True,16,0.5414583683013916,0.7696012854576111
0000356_04313_d_0000651.jpg,47,4,bus,9,76,164.99999999999997,172.0,184.99999999999997,195.99999999999997,479.99999999999943,small,1,partial,0,not_truncated,False,,,
0000356_04313_d_0000651.jpg,48,1,car,4,77,161.0,162.0,181.0,181.00000000000003,380.00000000000057,small,1,partial,0,not_truncated,True,33,0.2683137357234955,0.6945869326591492
0000356_04313_d_0000651.jpg,49,1,car,4,78,155.0,155.0,173.0,171.0,288.0,small,1,partial,0,not_truncated,False,,,
0000356_04313_d_0000651.jpg,50,1,car,4,79,146.0,146.0,166.0,162.0,320.0,small,1,partial,0,not_truncated,False,,,
0000356_04313_d_0000651.jpg,51,1,car,4,80,138.0,139.0,155.00000000000003,158.0,323.00000000000057,small,1,partial,0,not_truncated,False,,,
0000356_04313_d_0000651.jpg,52,1,car,4,81,156.0,106.0,172.0,122.99999999999999,271.9999999999998,small,0,none,0,not_truncated,False,,,
0000356_04313_d_0000651.jpg,53,1,car,4,82,115.0,153.99999999999997,137.0,173.0,418.0000000000006,small,1,partial,0,not_truncated,False,,,
0000356_04313_d_0000651.jpg,54,1,car,4,83,108.0,137.0,126.0,151.0,252.0,small,1,partial,0,not_truncated,False,,,
0000356_04313_d_0000651.jpg,55,0,pedestrian,1,87,51.0,292.0,67.0,323.0,496.0,small,0,none,0,not_truncated,False,,,
0000356_04313_d_0000651.jpg,56,3,truck,6,90,0.0,260.0,37.0,333.0,2701.0,medium,0,none,1,truncated,False,,,
0000356_04313_d_0000651.jpg,57,0,pedestrian,1,91,37.0,271.0,48.99999999999999,298.0,323.99999999999983,small,0,none,0,not_truncated,False,,,
0000356_04313_d_0000651.jpg,58,1,car,4,92,6.0,199.00000000000003,32.99999999999999,227.0,755.9999999999991,small,0,none,0,not_truncated,True,11,0.7076396346092224,0.6551905274391174
0000356_04313_d_0000651.jpg,59,1,car,4,93,0.0,165.99999999999997,25.0,197.99999999999997,800.0,small,2,heavy,0,not_truncated,False,,,
0000356_04313_d_0000651.jpg,60,1,car,4,94,7.000000000000001,109.0,23.000000000000004,122.99999999999999,223.99999999999983,small,1,partial,0,not_truncated,True,22,0.335882306098938,0.6761878132820129
0000356_04313_d_0000651.jpg,61,1,car,4,95,101.0,66.0,113.0,76.0,120.0,small,0,none,0,not_truncated,True,28,0.2989354729652405,0.5247315764427185
0000356_04313_d_0000651.jpg,62,1,car,4,96,81.99999999999999,70.0,92.0,78.0,80.00000000000011,small,1,partial,0,not_truncated,False,,,
0000356_04313_d_0000651.jpg,63,3,truck,6,97,117.0,54.99999999999999,129.0,67.0,144.00000000000009,small,1,partial,0,not_truncated,False,,,
0000356_04313_d_0000651.jpg,64,1,car,4,98,85.0,54.99999999999999,96.0,60.0,55.00000000000008,small,1,partial,0,not_truncated,False,,,
0000356_04313_d_0000651.jpg,65,1,car,4,99,90.0,49.00000000000001,99.0,57.0,71.99999999999994,small,1,partial,0,not_truncated,False,,,
0000358_03333_d_0000697.jpg,0,1,car,4,1,1178.0,662.0,1268.0,759.0,8730.0,medium,0,none,0,not_truncated,True,0,0.9255778193473816,0.946047842502594
0000358_03333_d_0000697.jpg,1,0,pedestrian,1,4,1025.0,230.0,1033.0,249.0,152.0,small,0,none,0,not_truncated,False,,,
0000358_03333_d_0000697.jpg,2,0,pedestrian,1,5,1033.0,238.0,1039.0,249.99999999999997,71.99999999999983,small,0,none,0,not_truncated,False,,,
0000358_03333_d_0000697.jpg,3,1,car,4,10,1059.0,121.0,1072.0,130.0,117.0,small,0,none,0,not_truncated,False,,,
0000358_03333_d_0000697.jpg,4,1,car,4,11,1084.0,131.0,1096.0,140.0,108.0,small,1,partial,0,not_truncated,False,,,
0000358_03333_d_0000697.jpg,5,1,car,4,12,1076.0,120.0,1088.0,131.0,132.0,small,1,partial,0,not_truncated,False,,,
0000358_03333_d_0000697.jpg,6,1,car,4,16,921.0,350.0,955.9999999999999,387.0,1294.999999999996,medium,1,partial,0,not_truncated,True,9,0.8030417561531067,0.8360011577606201
0000358_03333_d_0000697.jpg,7,1,car,4,17,812.0,398.00000000000006,856.0000000000001,439.00000000000006,1804.0000000000045,medium,0,none,0,not_truncated,True,6,0.8426007628440857,0.9058088660240173
0000358_03333_d_0000697.jpg,8,0,pedestrian,1,18,877.0,421.99999999999994,892.0,455.0,495.00000000000085,small,0,none,0,not_truncated,True,15,0.709231436252594,0.6135837435722351
0000358_03333_d_0000697.jpg,9,1,car,4,19,156.0,592.0,281.0,695.0,12875.0,large,0,none,0,not_truncated,True,1,0.9150288105010986,0.9679326415061951
0000358_03333_d_0000697.jpg,10,1,car,4,20,266.00000000000006,522.9999999999999,364.0,598.0,7350.000000000007,medium,1,partial,0,not_truncated,True,2,0.9099960327148438,0.8968627452850342
0000358_03333_d_0000697.jpg,11,0,pedestrian,1,21,352.00000000000006,528.0,370.99999999999994,572.0,835.999999999995,small,1,partial,0,not_truncated,False,,,
0000358_03333_d_0000697.jpg,12,1,car,4,22,105.0,527.0,213.0,586.0,6372.0,medium,1,partial,0,not_truncated,True,16,0.6671602129936218,0.9101709127426147
0000358_03333_d_0000697.jpg,13,1,car,4,23,146.0,490.00000000000006,280.0,538.0,6431.999999999993,medium,2,heavy,0,not_truncated,True,38,0.3206437826156616,0.7828912138938904
0000358_03333_d_0000697.jpg,14,0,pedestrian,1,24,141.0,442.99999999999994,161.0,479.0,720.0000000000011,small,0,none,0,not_truncated,True,17,0.6582242846488953,0.8728384971618652
0000358_03333_d_0000697.jpg,15,3,truck,6,25,203.0,406.0,329.0,465.99999999999994,7559.999999999993,medium,1,partial,0,not_truncated,False,,,
0000358_03333_d_0000697.jpg,16,2,van,5,26,199.0,361.0,283.0,407.0,3864.0,medium,2,heavy,0,not_truncated,False,,,
0000358_03333_d_0000697.jpg,17,1,car,4,27,220.0,325.0,292.0,352.0,1944.0,medium,0,none,0,not_truncated,False,,,
0000358_03333_d_0000697.jpg,18,2,van,5,32,393.00000000000006,388.0,487.0,431.0,4041.9999999999977,medium,1,partial,0,not_truncated,False,,,
0000358_03333_d_0000697.jpg,19,1,car,4,33,377.0,374.0,465.0,408.0,2992.0,medium,2,heavy,0,not_truncated,False,,,
0000358_03333_d_0000697.jpg,20,1,car,4,34,508.0,369.99999999999994,596.0,408.0,3344.000000000005,medium,0,none,0,not_truncated,True,3,0.8835027813911438,0.9542931318283081
0000358_03333_d_0000697.jpg,21,2,van,5,35,438.99999999999994,337.0,510.0,378.0,2911.0000000000023,medium,0,none,0,not_truncated,True,18,0.6327018737792969,0.887295126914978
0000358_03333_d_0000697.jpg,22,0,pedestrian,1,38,390.00000000000006,340.0,401.0,369.0,318.99999999999835,small,1,partial,0,not_truncated,False,,,
0000358_03333_d_0000697.jpg,23,0,pedestrian,1,39,402.0,341.0,411.99999999999994,369.0,279.9999999999984,small,1,partial,0,not_truncated,False,,,
0000358_03333_d_0000697.jpg,24,3,truck,6,40,314.0,313.0,443.0,366.99999999999994,6965.999999999993,medium,1,partial,0,not_truncated,False,,,
0000358_03333_d_0000697.jpg,25,1,car,4,41,571.0,299.0,614.0,329.0,1290.0,medium,1,partial,0,not_truncated,True,21,0.5748070478439331,0.889445960521698
0000358_03333_d_0000697.jpg,26,1,car,4,42,605.0,276.0,640.0,303.0,945.0,small,0,none,0,not_truncated,True,11,0.7587578296661377,0.8429809212684631
0000358_03333_d_0000697.jpg,27,1,car,4,47,646.0,241.0,674.0,263.0,616.0,small,0,none,0,not_truncated,True,22,0.559222400188446,0.6476905345916748
0000358_03333_d_0000697.jpg,28,1,car,4,48,667.0,228.0,695.0,250.0,616.0,small,1,partial,0,not_truncated,True,42,0.2737828493118286,0.5520201325416565
0000358_03333_d_0000697.jpg,29,1,car,4,49,684.0,211.00000000000003,708.9999999999999,236.0,624.9999999999965,small,1,partial,0,not_truncated,True,43,0.2563563585281372,0.7908410429954529
0000358_03333_d_0000697.jpg,30,1,car,4,51,710.0,193.0,732.0,210.00000000000003,374.0000000000006,small,0,none,0,not_truncated,True,32,0.3969530761241913,0.7578166723251343
0000358_03333_d_0000697.jpg,31,2,van,5,52,746.0000000000001,155.0,768.0,172.99999999999997,395.9999999999973,small,1,partial,0,not_truncated,False,,,
0000358_03333_d_0000697.jpg,32,1,car,4,53,773.0,138.0,787.9999999999999,151.0,194.99999999999852,small,1,partial,0,not_truncated,False,,,
0000358_03333_d_0000697.jpg,33,0,pedestrian,1,54,782.9999999999999,149.0,786.9999999999999,159.0,40.0,small,1,partial,0,not_truncated,False,,,
0000358_03333_d_0000697.jpg,34,0,pedestrian,1,55,788.0000000000001,140.0,793.0,152.0,59.999999999998636,small,1,partial,0,not_truncated,False,,,
0000358_03333_d_0000697.jpg,35,1,car,4,56,798.0,119.0,809.0,130.0,121.0,small,1,partial,0,not_truncated,False,,,
0000358_03333_d_0000697.jpg,36,1,car,4,57,836.0,90.0,844.0,97.99999999999999,63.999999999999886,small,1,partial,0,not_truncated,False,,,
0000358_03333_d_0000697.jpg,37,1,car,4,60,874.0000000000001,96.0,883.0,104.00000000000001,71.99999999999922,small,0,none,0,not_truncated,False,,,
0000358_03333_d_0000697.jpg,38,1,car,4,61,864.0,110.99999999999999,874.9999999999999,120.0,98.99999999999913,small,0,none,0,not_truncated,False,,,
0000358_03333_d_0000697.jpg,39,1,car,4,62,854.0,124.0,867.9999999999999,135.0,153.99999999999875,small,1,partial,0,not_truncated,False,,,
0000358_03333_d_0000697.jpg,40,2,van,5,63,865.0000000000001,126.0,879.0,139.0,181.99999999999852,small,1,partial,0,not_truncated,False,,,
0000358_03333_d_0000697.jpg,41,1,car,4,64,864.0,136.0,876.9999999999999,148.0,155.99999999999864,small,0,none,0,not_truncated,False,,,
0000358_03333_d_0000697.jpg,42,1,car,4,67,912.0000000000001,91.0,920.0,98.00000000000001,55.99999999999932,small,0,none,0,not_truncated,False,,,
0000358_03333_d_0000697.jpg,43,1,car,4,68,906.0,98.99999999999999,915.9999999999999,107.0,79.99999999999923,small,0,none,0,not_truncated,False,,,
0000358_03333_d_0000697.jpg,44,1,car,4,69,905.0,113.0,914.9999999999999,121.00000000000001,79.99999999999923,small,0,none,0,not_truncated,True,29,0.42841407656669617,0.6068163514137268
0000358_03333_d_0000697.jpg,45,1,car,4,70,924.0,103.99999999999999,934.0,113.0,90.00000000000014,small,0,none,0,not_truncated,True,41,0.2917717397212982,0.6151872277259827
0000358_03333_d_0000697.jpg,46,2,van,5,71,925.0,91.99999999999999,934.0,101.0,81.00000000000013,small,1,partial,0,not_truncated,False,,,
0000358_03333_d_0000697.jpg,47,1,car,4,72,892.0,93.99999999999999,900.0,103.0,72.00000000000011,small,1,partial,0,not_truncated,False,,,
0000358_03333_d_0000697.jpg,48,1,car,4,73,886.0,98.99999999999999,896.0,108.0,90.00000000000014,small,1,partial,0,not_truncated,False,,,
0000358_03333_d_0000697.jpg,49,1,car,4,74,884.0,107.0,893.0,116.00000000000001,81.00000000000013,small,0,none,0,not_truncated,False,,,
0000358_03333_d_0000697.jpg,50,1,car,4,75,878.0,116.99999999999999,891.0,127.0,130.00000000000017,small,0,none,0,not_truncated,False,,,
0000358_03333_d_0000697.jpg,51,1,car,4,76,891.0,137.0,904.0,151.0,182.0,small,0,none,0,not_truncated,True,31,0.4033357799053192,0.6238674521446228
0000358_03333_d_0000697.jpg,52,2,van,5,77,915.0000000000001,140.0,926.0,155.0,164.9999999999983,small,0,none,0,not_truncated,False,,,
0000358_03333_d_0000697.jpg,53,1,car,4,82,891.0,159.0,906.0,174.0,225.0,small,0,none,0,not_truncated,True,20,0.6001209616661072,0.7830807566642761
0000358_03333_d_0000697.jpg,54,1,car,4,83,899.0,195.0,916.9999999999999,210.00000000000003,269.9999999999988,small,0,none,0,not_truncated,True,10,0.7812546491622925,0.8199732303619385
0000358_03333_d_0000697.jpg,55,1,car,4,84,909.0000000000001,175.00000000000003,927.0,190.0,269.9999999999978,small,0,none,0,not_truncated,True,25,0.49220359325408936,0.8538035154342651
0000358_03333_d_0000697.jpg,56,1,car,4,85,933.0,174.0,948.0,188.0,210.0,small,1,partial,0,not_truncated,True,28,0.445732057094574,0.7164381742477417
0000358_03333_d_0000697.jpg,57,1,car,4,86,909.0000000000001,222.99999999999997,930.0,240.0,356.99999999999864,small,0,none,0,not_truncated,True,12,0.7562286257743835,0.7898874282836914
0000358_03333_d_0000697.jpg,58,1,car,4,87,870.0000000000001,251.0,894.0,272.0,503.9999999999976,small,0,none,0,not_truncated,True,39,0.3149721324443817,0.8337888121604919
0000358_03333_d_0000697.jpg,59,1,car,4,88,799.0,260.0,824.9999999999999,284.0,623.9999999999973,small,0,none,0,not_truncated,True,19,0.6315814256668091,0.6452224850654602
0000358_03333_d_0000697.jpg,60,1,car,4,89,812.0,236.0,835.9999999999999,261.0,599.9999999999972,small,1,partial,0,not_truncated,True,13,0.733952522277832,0.794821560382843
0000358_03333_d_0000697.jpg,61,1,car,4,94,823.0000000000001,308.0,856.0,335.0,890.9999999999969,small,0,none,0,not_truncated,True,8,0.806934118270874,0.8651941418647766
0000358_03333_d_0000697.jpg,62,1,car,4,95,760.0,301.0,797.9999999999999,340.0,1481.9999999999955,medium,0,none,0,not_truncated,True,7,0.8130367398262024,0.9321683049201965
0000358_03333_d_0000697.jpg,63,1,car,4,98,691.0,336.0,743.0000000000001,379.0,2236.000000000005,medium,0,none,0,not_truncated,True,4,0.8708304762840271,0.9257703423500061
0000358_03333_d_0000697.jpg,64,1,car,4,99,707.9999999999999,401.0,752.0,446.00000000000006,1980.0000000000077,medium,0,none,0,not_truncated,True,5,0.8591048121452332,0.9045802354812622
0000359_01177_d_0000705.jpg,0,1,car,4,1,1248.0,508.00000000000006,1360.0,630.0,13663.999999999993,large,0,none,1,truncated,True,7,0.8471971154212952,0.9097911715507507
0000359_01177_d_0000705.jpg,1,1,car,4,2,1127.0,396.99999999999994,1296.0,534.0,23153.00000000001,large,2,heavy,0,not_truncated,True,13,0.7714172601699829,0.9319007396697998
0000359_01177_d_0000705.jpg,2,1,car,4,3,1017.0,390.99999999999994,1126.0,509.00000000000006,12862.000000000013,large,2,heavy,0,not_truncated,True,5,0.8809882402420044,0.9030942916870117
0000359_01177_d_0000705.jpg,3,2,van,5,4,893.0,306.0,1057.0,384.0,12792.0,large,1,partial,0,not_truncated,True,49,0.2638010084629059,0.9695234894752502
0000359_01177_d_0000705.jpg,4,0,pedestrian,1,6,783.0000000000001,587.0,814.0,661.0,2293.999999999992,medium,0,none,0,not_truncated,True,10,0.7978078126907349,0.9294037818908691
0000359_01177_d_0000705.jpg,5,0,pedestrian,1,7,755.0,569.0,792.9999999999999,654.0,3229.9999999999905,medium,0,none,0,not_truncated,False,,,
0000359_01177_d_0000705.jpg,6,0,pedestrian,1,8,757.0,569.0,786.9999999999999,636.0,2009.9999999999923,medium,1,partial,0,not_truncated,True,20,0.5549814701080322,0.5515682101249695
0000359_01177_d_0000705.jpg,7,0,pedestrian,1,9,752.0,544.0,777.0,611.0,1675.0,medium,1,partial,0,not_truncated,False,,,
0000359_01177_d_0000705.jpg,8,1,car,4,10,526.0,578.0,703.0000000000001,755.0,31329.000000000022,large,0,none,0,not_truncated,True,0,0.9326536655426025,0.9791032671928406
0000359_01177_d_0000705.jpg,9,0,pedestrian,1,11,163.0,434.0,185.99999999999997,506.00000000000006,1655.9999999999993,medium,0,none,0,not_truncated,False,,,
0000359_01177_d_0000705.jpg,10,1,car,4,12,268.0,387.0,374.00000000000006,482.0,10070.000000000005,large,0,none,0,not_truncated,True,2,0.917876660823822,0.972255289554596
0000359_01177_d_0000705.jpg,11,1,car,4,15,343.0,307.0,426.0,382.0,6225.0,medium,0,none,0,not_truncated,True,3,0.8940045237541199,0.9503265619277954
0000359_01177_d_0000705.jpg,12,1,car,4,16,444.0,331.0,524.0,406.0,6000.0,medium,0,none,0,not_truncated,True,1,0.9208213686943054,0.9350833892822266
0000359_01177_d_0000705.jpg,13,1,car,4,17,481.99999999999994,279.0,547.0,339.0,3900.0000000000036,medium,1,partial,0,not_truncated,True,4,0.8892377018928528,0.9491021633148193
0000359_01177_d_0000705.jpg,14,1,car,4,18,623.0,273.0,673.0,322.0,2450.0,medium,0,none,0,not_truncated,True,6,0.8749433755874634,0.9266074895858765
0000359_01177_d_0000705.jpg,15,1,car,4,19,739.9999999999999,231.0,787.0000000000001,276.0,2115.00000000001,medium,0,none,0,not_truncated,True,12,0.7878177762031555,0.9136491417884827
0000359_01177_d_0000705.jpg,16,1,car,4,20,817.0000000000001,266.00000000000006,944.0,321.0,6984.999999999986,medium,1,partial,0,not_truncated,True,50,0.2584937512874603,0.8860878348350525
0000359_01177_d_0000705.jpg,17,1,car,4,21,807.0,252.0,919.9999999999999,298.0,5197.9999999999945,medium,2,heavy,0,not_truncated,False,,,
0000359_01177_d_0000705.jpg,18,1,car,4,22,740.9999999999999,189.99999999999997,819.0,220.99999999999997,2418.0000000000036,medium,1,partial,0,not_truncated,True,16,0.7147489190101624,0.8530483841896057
0000359_01177_d_0000705.jpg,19,1,car,4,23,741.9999999999999,182.0,816.0,211.99999999999997,2220.0000000000014,medium,2,heavy,0,not_truncated,False,,,
0000359_01177_d_0000705.jpg,20,1,car,4,24,711.0,166.0,743.9999999999999,193.0,890.9999999999969,small,0,none,0,not_truncated,True,31,0.4003957211971283,0.7025119662284851
0000359_01177_d_0000705.jpg,21,1,car,4,25,887.0,188.0,971.0,217.0,2436.0,medium,0,none,0,not_truncated,True,9,0.8124839067459106,0.8644276857376099
0000359_01177_d_0000705.jpg,22,1,car,4,26,887.0,174.00000000000003,965.0,204.0,2339.9999999999977,medium,1,partial,0,not_truncated,False,,,
0000359_01177_d_0000705.jpg,23,1,car,4,27,875.9999999999999,171.0,947.0,200.0,2059.000000000003,medium,1,partial,0,not_truncated,True,24,0.4565606415271759,0.7479885816574097
0000359_01177_d_0000705.jpg,24,1,car,4,28,871.9999999999999,166.0,939.0,189.0,1541.0000000000027,medium,2,heavy,0,not_truncated,True,37,0.3680790960788727,0.7147095203399658
0000359_01177_d_0000705.jpg,25,1,car,4,29,867.9999999999999,159.0,933.0,185.0,1690.000000000003,medium,2,heavy,0,not_truncated,True,45,0.2742147147655487,0.6225758194923401
0000359_01177_d_0000705.jpg,26,1,car,4,30,854.0,149.0,908.0000000000001,175.0,1404.000000000003,medium,1,partial,0,not_truncated,False,,,
0000359_01177_d_0000705.jpg,27,2,van,5,31,834.9999999999999,139.0,895.0,165.0,1560.000000000003,medium,1,partial,0,not_truncated,False,,,
0000359_01177_d_0000705.jpg,28,1,car,4,32,699.0000000000001,131.0,724.0,153.0,549.9999999999975,small,1,partial,0,not_truncated,False,,,
0000359_01177_d_0000705.jpg,29,0,pedestrian,1,33,685.0,154.0,692.0,181.0,189.0,small,0,none,0,not_truncated,False,,,
0000359_01177_d_0000705.jpg,30,0,pedestrian,1,34,692.0,167.0,702.9999999999999,195.0,307.9999999999968,small,0,none,0,not_truncated,False,,,
0000359_01177_d_0000705.jpg,31,0,pedestrian,1,35,690.0,152.0,700.9999999999999,175.0,252.99999999999739,small,1,partial,0,not_truncated,False,,,
0000359_01177_d_0000705.jpg,32,0,pedestrian,1,36,699.0000000000001,161.0,708.0,189.0,251.99999999999682,small,1,partial,0,not_truncated,False,,,
0000359_01177_d_0000705.jpg,33,0,pedestrian,1,37,702.0000000000001,152.0,712.0,179.0,269.99999999999693,small,1,partial,0,not_truncated,False,,,
0000359_01177_d_0000705.jpg,34,2,van,5,38,12.000000000000005,236.0,140.0,294.99999999999994,7551.999999999993,medium,1,partial,0,not_truncated,True,18,0.6375938653945923,0.8611787557601929
0000359_01177_d_0000705.jpg,35,1,car,4,39,78.0,231.0,177.0,275.0,4356.0,medium,1,partial,0,not_truncated,True,15,0.7515305280685425,0.7288628220558167
0000359_01177_d_0000705.jpg,36,1,car,4,40,85.0,208.99999999999997,197.00000000000003,252.0,4816.000000000005,medium,1,partial,0,not_truncated,False,,,
0000359_01177_d_0000705.jpg,37,1,car,4,41,140.0,204.00000000000003,229.99999999999997,239.0,3149.9999999999964,medium,1,partial,0,not_truncated,True,35,0.3834055960178375,0.9222960472106934
0000359_01177_d_0000705.jpg,38,1,car,4,42,164.0,186.0,260.0,226.0,3840.0,medium,1,partial,0,not_truncated,True,17,0.713018536567688,0.8055034875869751
0000359_01177_d_0000705.jpg,39,1,car,4,43,188.0,176.0,277.0,212.0,3204.0,medium,1,partial,0,not_truncated,True,32,0.3978400230407715,0.6759417653083801
0000359_01177_d_0000705.jpg,40,0,pedestrian,1,46,309.0,171.0,320.00000000000006,200.0,319.00000000000165,small,0,none,0,not_truncated,True,19,0.6156834363937378,0.648467481136322
0000359_01177_d_0000705.jpg,41,1,car,4,47,391.00000000000006,189.0,445.0,234.00000000000003,2429.999999999999,medium,1,partial,0,not_truncated,True,42,0.31985315680503845,0.8317639231681824
0000359_01177_d_0000705.jpg,42,1,car,4,48,376.0,164.0,457.00000000000006,199.99999999999997,2915.9999999999995,medium,1,partial,0,not_truncated,True,28,0.41200128197669983,0.8737573027610779
0000359_01177_d_0000705.jpg,43,1,car,4,49,369.99999999999994,142.0,443.0,168.0,1898.0000000000014,medium,1,partial,0,not_truncated,True,26,0.42314425110816956,0.892503559589386
0000359_01177_d_0000705.jpg,44,1,car,4,50,398.0,137.0,450.0,161.0,1248.0,medium,2,heavy,0,not_truncated,True,33,0.3968473970890045,0.79395991563797
0000359_01177_d_0000705.jpg,45,1,car,4,51,330.00000000000006,116.99999999999999,372.00000000000006,139.0,924.0000000000006,small,0,none,0,not_truncated,True,8,0.818747341632843,0.8562081456184387
0000359_01177_d_0000705.jpg,46,1,car,4,52,480.00000000000006,137.0,525.0,162.0,1124.9999999999986,medium,0,none,0,not_truncated,True,14,0.7646838426589966,0.8852915167808533
0000359_01177_d_0000705.jpg,47,2,van,5,53,386.0,123.00000000000001,416.00000000000006,152.0,870.0000000000013,small,1,partial,0,not_truncated,False,,,
0000359_01177_d_0000705.jpg,48,1,car,4,54,352.00000000000006,111.99999999999999,396.0,132.0,879.9999999999994,small,1,partial,0,not_truncated,False,,,
0000359_01177_d_0000705.jpg,49,1,car,4,55,366.0,108.0,406.0,122.99999999999999,599.9999999999994,small,2,heavy,0,not_truncated,True,22,0.4853542149066925,0.5100084543228149
0000359_01177_d_0000705.jpg,50,1,car,4,56,430.0,80.0,451.00000000000006,93.0,273.00000000000074,small,0,none,0,not_truncated,False,,,
0000359_01177_d_0000705.jpg,51,2,van,5,57,458.00000000000006,65.0,476.99999999999994,83.0,341.99999999999795,small,1,partial,0,not_truncated,False,,,
0000359_01177_d_0000705.jpg,52,1,car,4,58,500.99999999999994,122.00000000000001,531.0,150.0,840.0000000000011,small,1,partial,0,not_truncated,True,36,0.3698965907096863,0.6034548878669739
0000359_01177_d_0000705.jpg,53,1,car,4,59,466.0,115.0,508.0,138.0,966.0,small,1,partial,0,not_truncated,False,,,
0000359_01177_d_0000705.jpg,54,1,car,4,60,480.00000000000006,115.00000000000001,526.0,133.0,827.9999999999983,small,1,partial,0,not_truncated,False,,,
0000359_02549_d_0000709.jpg,0,1,car,4,1,670.0,436.0,775.0,617.0,19005.0,large,0,none,0,not_truncated,True,1,0.9149426817893982,0.9263802170753479
0000359_02549_d_0000709.jpg,1,1,car,4,2,537.0,434.00000000000006,642.0,597.0,17114.999999999993,large,0,none,0,not_truncated,True,3,0.8905371427536011,0.9248329997062683
0000359_02549_d_0000709.jpg,2,2,van,5,3,595.0,257.0,670.0,383.0,9450.0,large,0,none,0,not_truncated,True,10,0.5753235220909119,0.9217813611030579
0000359_02549_d_0000709.jpg,3,2,van,5,5,642.0000000000001,149.0,698.0000000000001,236.0,4872.0,medium,0,none,0,not_truncated,True,2,0.9082726240158081,0.9482913017272949
0000359_02549_d_0000709.jpg,4,1,car,4,6,726.0,113.0,775.0000000000001,173.0,2940.000000000007,medium,0,none,0,not_truncated,True,0,0.9150174260139465,0.9028239250183105
0000359_02549_d_0000709.jpg,5,1,car,4,7,1264.0,266.0,1360.0,340.0,7104.0,medium,0,none,1,truncated,True,9,0.6617316603660583,0.9037917256355286
0000359_02549_d_0000709.jpg,6,1,car,4,8,1196.0,195.99999999999997,1290.0,259.0,5922.000000000003,medium,0,none,1,truncated,True,5,0.8784269094467163,0.9299827218055725
0000359_02549_d_0000709.jpg,7,0,pedestrian,1,11,1201.0,153.0,1222.0,195.0,882.0,small,0,none,0,not_truncated,True,11,0.5245932340621948,0.8296139240264893
0000359_02549_d_0000709.jpg,8,0,pedestrian,1,12,1182.0,161.0,1198.0,193.0,512.0,small,1,partial,0,not_truncated,False,,,
0000359_02549_d_0000709.jpg,9,0,pedestrian,1,13,1167.0,156.0,1189.0,198.00000000000003,924.0000000000007,small,1,partial,0,not_truncated,False,,,
0000359_02549_d_0000709.jpg,10,0,pedestrian,1,14,1156.0,164.0,1175.0,198.99999999999997,664.9999999999994,small,0,none,0,not_truncated,True,14,0.2769913971424103,0.729246199131012
0000359_02549_d_0000709.jpg,11,1,car,4,15,1124.0,82.0,1188.0,131.0,3136.0,medium,0,none,0,not_truncated,True,4,0.889665961265564,0.9039963483810425
0000359_02549_d_0000709.jpg,12,1,car,4,16,1055.9999999999998,6.0,1099.0,34.0,1204.0000000000064,medium,1,partial,0,not_truncated,True,8,0.7104337811470032,0.6534234285354614
0000359_02549_d_0000709.jpg,13,1,car,4,17,1262.0,70.0,1336.0,116.99999999999999,3477.999999999999,medium,1,partial,0,not_truncated,True,7,0.8038408160209656,0.8916118144989014
0000359_02549_d_0000709.jpg,14,1,car,4,18,1267.0,24.0,1359.0,62.0,3496.0,medium,1,partial,0,not_truncated,True,6,0.8390645384788513,0.7419931888580322
0000359_02549_d_0000709.jpg,15,0,pedestrian,1,20,994.0000000000001,4.999999999999998,1005.0,39.0,373.99999999999613,small,2,heavy,0,not_truncated,False,,,
0000359_02549_d_0000709.jpg,16,1,car,4,21,507.0,0.0,539.0,23.0,736.0,small,0,none,1,truncated,True,12,0.4468655288219452,0.7618114352226257
0000360_00197_d_0000714.jpg,0,1,car,4,1,0.0,522.9999999999999,146.0,599.0,11096.000000000016,large,1,partial,1,truncated,True,0,0.9239856600761414,0.9510601162910461
0000360_00197_d_0000714.jpg,1,2,van,5,2,115.0,453.0,258.0,559.0,15158.0,large,1,partial,0,not_truncated,True,28,0.26782599091529846,0.7364751696586609
0000360_00197_d_0000714.jpg,2,0,pedestrian,1,6,274.0,259.99999999999994,296.0,301.0,902.0000000000013,small,1,partial,0,not_truncated,True,27,0.28430429100990295,0.5476020574569702
0000360_00197_d_0000714.jpg,3,0,pedestrian,1,7,300.0,223.99999999999997,322.0,265.0,902.0000000000007,small,0,none,0,not_truncated,True,19,0.39657917618751526,0.6897071599960327
0000360_00197_d_0000714.jpg,4,1,car,4,8,237.0,192.0,332.0,234.00000000000003,3990.0000000000027,medium,1,partial,0,not_truncated,True,10,0.7052001357078552,0.7022542953491211
0000360_00197_d_0000714.jpg,5,1,car,4,9,227.99999999999997,143.0,304.0,176.0,2508.000000000001,medium,2,heavy,0,not_truncated,True,24,0.3269806504249573,0.7030981779098511
0000360_00197_d_0000714.jpg,6,1,car,4,10,237.0,121.0,316.0,156.0,2765.0,medium,2,heavy,0,not_truncated,True,20,0.3785851299762726,0.6167952418327332
0000360_00197_d_0000714.jpg,7,1,car,4,11,567.0,153.0,606.0,198.99999999999997,1793.9999999999989,medium,0,none,0,not_truncated,True,7,0.8425037264823914,0.9007573127746582
0000360_00197_d_0000714.jpg,8,1,car,4,12,633.0,153.0,682.0,191.0,1862.0,medium,0,none,0,not_truncated,True,4,0.8701388239860535,0.9150754809379578
0000360_00197_d_0000714.jpg,9,1,car,4,13,584.0,95.0,616.0,130.0,1120.0,medium,0,none,0,not_truncated,True,22,0.34485316276550293,0.8956047296524048
0000360_00197_d_0000714.jpg,10,1,car,4,14,749.9999999999999,191.0,794.0,233.00000000000003,1848.0000000000061,medium,0,none,0,not_truncated,True,6,0.8670539855957031,0.9315174221992493
0000360_00197_d_0000714.jpg,11,1,car,4,16,725.0000000000001,79.99999999999999,768.0,107.0,1160.9999999999975,medium,0,none,0,not_truncated,True,18,0.42512547969818115,0.9084836840629578
0000360_00197_d_0000714.jpg,12,1,car,4,17,667.0,18.999999999999996,691.0,42.0,552.0000000000001,small,0,none,0,not_truncated,True,12,0.6636906266212463,0.9135580658912659
0000360_00197_d_0000714.jpg,13,0,pedestrian,1,18,657.0,64.0,666.0,90.0,234.0,small,0,none,0,not_truncated,False,,,
0000360_00197_d_0000714.jpg,14,1,car,4,19,578.0,27.999999999999996,605.0,53.0,675.0000000000001,small,0,none,0,not_truncated,True,9,0.7412726879119873,0.9285113215446472
0000360_00197_d_0000714.jpg,15,1,car,4,20,604.0,48.0,634.0,79.99999999999999,959.9999999999995,small,0,none,0,not_truncated,True,8,0.7488064765930176,0.8830057978630066
0000360_00197_d_0000714.jpg,16,1,car,4,21,616.0,27.0,642.0000000000001,51.0,624.0000000000027,small,1,partial,0,not_truncated,True,11,0.6794974207878113,0.7421121597290039
0000360_00197_d_0000714.jpg,17,1,car,4,22,596.0,0.0,621.0000000000001,18.0,450.00000000000205,small,0,none,1,truncated,True,15,0.5837101936340332,0.7478408217430115
0000360_00197_d_0000714.jpg,18,1,car,4,26,531.0,0.0,569.0,15.0,570.0,small,2,heavy,0,not_truncated,False,,,
0000360_00197_d_0000714.jpg,19,1,car,4,31,391.00000000000006,71.0,451.0,97.0,1559.9999999999986,medium,2,heavy,0,not_truncated,False,,,
0000360_00197_d_0000714.jpg,20,1,car,4,32,669.0,332.0,726.0,403.0,4047.0,medium,0,none,0,not_truncated,True,3,0.8793681859970093,0.93984055519104
0000360_00197_d_0000714.jpg,21,1,car,4,33,768.0,443.00000000000006,842.0,545.0,7547.999999999995,medium,0,none,0,not_truncated,True,5,0.8698058128356934,0.9532086849212646
0000360_00197_d_0000714.jpg,22,1,car,4,34,534.0000000000001,372.00000000000006,597.0,465.00000000000006,5858.999999999989,medium,0,none,0,not_truncated,True,1,0.9049558043479919,0.9572790861129761
0000360_00197_d_0000714.jpg,23,1,car,4,35,428.0,229.00000000000003,499.00000000000006,289.0,4260.000000000002,medium,0,none,0,not_truncated,True,2,0.9046374559402466,0.8044480085372925
0000360_00197_d_0000714.jpg,24,1,car,4,39,666.0,231.0,711.0,279.0,2160.0,medium,1,partial,0,not_truncated,True,16,0.5073261857032776,0.9700442552566528
0000360_00197_d_0000714.jpg,25,0,pedestrian,1,54,1117.0,91.0,1132.0,115.99999999999999,374.9999999999998,small,1,partial,0,not_truncated,False,,,
0000360_00197_d_0000714.jpg,26,1,car,4,55,962.0,120.0,1042.0,156.0,2880.0,medium,1,partial,0,not_truncated,False,,,
0000360_00197_d_0000714.jpg,27,1,car,4,64,1328.0,109.00000000000001,1360.0,138.0,927.9999999999995,small,0,none,1,truncated,True,26,0.29839709401130676,0.6043113470077515
0000360_00197_d_0000714.jpg,28,2,van,5,73,466.0,40.0,495.00000000000006,73.0,957.0000000000018,small,2,heavy,0,not_truncated,False,,,
0000360_00197_d_0000714.jpg,29,1,car,4,74,470.0,60.0,535.0000000000001,85.99999999999999,1690.000000000002,medium,1,partial,0,not_truncated,False,,,
0000360_00197_d_0000714.jpg,30,1,car,4,75,779.0,51.0,838.0,80.0,1711.0,medium,1,partial,0,not_truncated,True,14,0.5947616696357727,0.7776394486427307
0000360_00197_d_0000714.jpg,31,1,car,4,76,766.0,42.00000000000001,834.0,64.0,1495.9999999999995,medium,1,partial,0,not_truncated,False,,,
0000360_00197_d_0000714.jpg,32,1,car,4,77,763.0,29.000000000000004,815.0000000000001,51.0,1144.0000000000023,medium,1,partial,0,not_truncated,False,,,
0000360_00981_d_0000718.jpg,0,1,car,4,1,347.00000000000006,203.0,400.0,259.0,2967.999999999997,medium,0,none,0,not_truncated,True,7,0.7769362330436707,0.9546805024147034
0000360_00981_d_0000718.jpg,1,1,car,4,2,317.0,143.0,356.0,182.0,1521.0,medium,0,none,0,not_truncated,True,3,0.8566970825195312,0.9184197783470154
0000360_00981_d_0000718.jpg,2,1,car,4,3,282.0,87.0,316.0,117.00000000000001,1020.0000000000005,small,0,none,0,not_truncated,True,5,0.8181243538856506,0.8494513034820557
0000360_00981_d_0000718.jpg,3,1,car,4,4,384.0,64.99999999999999,411.00000000000006,93.0,756.0000000000019,small,0,none,0,not_truncated,True,6,0.8145038485527039,0.8361015915870667
0000360_00981_d_0000718.jpg,4,1,car,4,5,507.0,572.0,623.0,724.0,17632.0,large,1,partial,0,not_truncated,True,0,0.9184088706970215,0.9746922850608826
0000360_00981_d_0000718.jpg,5,2,van,5,6,309.0,33.99999999999999,337.0,59.0,700.0000000000002,small,1,partial,0,not_truncated,False,,,
0000360_00981_d_0000718.jpg,6,1,car,4,7,262.0,38.0,291.0,63.0,725.0,small,1,partial,0,not_truncated,True,9,0.6616691946983337,0.9118079543113708
0000360_00981_d_0000718.jpg,7,1,car,4,8,248.00000000000003,1.9999999999999982,277.0,27.0,724.9999999999993,small,0,none,0,not_truncated,True,12,0.5773520469665527,0.8023582696914673
0000360_00981_d_0000718.jpg,8,1,car,4,9,202.00000000000003,63.0,234.0,100.0,1183.9999999999989,medium,0,none,0,not_truncated,True,8,0.7285173535346985,0.7578516006469727
0000360_00981_d_0000718.jpg,9,1,car,4,10,952.0000000000001,282.0,1056.0,330.0,4991.9999999999945,medium,1,partial,0,not_truncated,True,1,0.8853593468666077,0.8938693404197693
0000360_00981_d_0000718.jpg,10,1,car,4,11,935.0,323.0,1049.0,375.0,5928.0,medium,1,partial,0,not_truncated,True,16,0.31185147166252136,0.81686931848526
0000360_00981_d_0000718.jpg,11,3,truck,6,12,1115.0000000000002,271.0,1230.0,340.0,7934.9999999999845,medium,1,partial,0,not_truncated,False,,,
0000360_00981_d_0000718.jpg,12,0,pedestrian,1,31,108.99999999999999,12.999999999999998,118.0,33.99999999999999,189.00000000000023,small,1,partial,0,not_truncated,False,,,
0000360_00981_d_0000718.jpg,13,1,car,4,32,123.00000000000001,42.99999999999999,170.0,73.0,1410.0,medium,2,heavy,0,not_truncated,False,,,
0000360_00981_d_0000718.jpg,14,1,car,4,33,131.0,50.0,195.0,79.0,1856.0,medium,2,heavy,0,not_truncated,False,,,
0000360_00981_d_0000718.jpg,15,2,van,5,34,137.0,94.0,200.0,132.0,2394.0,medium,1,partial,0,not_truncated,False,,,
0000360_00981_d_0000718.jpg,16,0,pedestrian,1,35,122.0,9.000000000000002,131.0,31.0,198.0,small,2,heavy,0,not_truncated,False,,,
0000360_00981_d_0000718.jpg,17,0,pedestrian,1,38,118.0,22.999999999999996,127.0,47.0,216.00000000000003,small,2,heavy,0,not_truncated,False,,,
0000360_00981_d_0000718.jpg,18,1,car,4,39,129.0,115.0,203.0,146.0,2294.0,medium,2,heavy,0,not_truncated,False,,,
0000360_00981_d_0000718.jpg,19,1,car,4,42,125.00000000000001,276.00000000000006,237.99999999999997,336.0,6779.999999999991,medium,2,heavy,0,not_truncated,False,,,
0000360_00981_d_0000718.jpg,20,1,car,4,43,0.0,326.0,87.0,390.99999999999994,5654.999999999995,medium,1,partial,1,truncated,True,2,0.8630370497703552,0.7952472567558289
0000360_00981_d_0000718.jpg,21,1,car,4,47,425.0,72.0,461.0,102.0,1080.0,medium,2,heavy,0,not_truncated,False,,,
0000360_00981_d_0000718.jpg,22,1,car,4,48,520.0,134.0,562.0,168.0,1428.0,medium,2,heavy,0,not_truncated,False,,,
0000360_00981_d_0000718.jpg,23,1,car,4,49,547.0,148.0,609.0,185.0,2294.0,medium,2,heavy,0,not_truncated,True,13,0.553985059261322,0.6045559048652649
0000360_00981_d_0000718.jpg,24,1,car,4,50,551.0,178.00000000000003,627.0,218.00000000000003,3040.0,medium,1,partial,0,not_truncated,True,4,0.8271479606628418,0.8750823140144348
0000360_00981_d_0000718.jpg,25,1,car,4,51,614.0,194.0,688.0,237.0,3182.0,medium,1,partial,0,not_truncated,True,18,0.2893144190311432,0.8015293478965759
0000360_00981_d_0000718.jpg,26,1,car,4,52,506.0,124.0,548.0,153.0,1218.0,medium,2,heavy,0,not_truncated,False,,,
0000360_00981_d_0000718.jpg,27,1,car,4,53,476.00000000000006,94.99999999999999,527.0,124.99999999999999,1529.9999999999982,medium,2,heavy,0,not_truncated,False,,,
0000360_00981_d_0000718.jpg,28,0,pedestrian,1,58,1247.0,211.00000000000003,1259.0,245.99999999999997,419.9999999999993,small,1,partial,0,not_truncated,False,,,
0000360_00981_d_0000718.jpg,29,1,car,4,59,1322.0000000000002,204.0,1360.0,250.0,1747.9999999999895,medium,0,none,1,truncated,False,,,
0000360_00981_d_0000718.jpg,30,0,pedestrian,1,64,785.0000000000001,290.00000000000006,800.0,325.0,524.9999999999952,small,1,partial,0,not_truncated,False,,,
0000360_03333_d_0000730.jpg,0,2,van,5,1,399.99999999999994,488.00000000000006,467.0,595.0,7169.000000000002,medium,0,none,0,not_truncated,False,,,
0000360_03333_d_0000730.jpg,1,1,car,4,2,489.0,507.0,573.0,644.0,11508.0,large,0,none,0,not_truncated,True,7,0.7753450274467468,0.9666327834129333
0000360_03333_d_0000730.jpg,2,2,van,5,5,665.0,620.0,763.0,765.0,14210.0,large,0,none,1,truncated,False,,,
0000360_03333_d_0000730.jpg,3,1,car,4,6,838.0,685.9999999999999,950.0,765.0,8848.000000000013,medium,0,none,1,truncated,True,2,0.8859032392501831,0.9436559677124023
0000360_03333_d_0000730.jpg,4,1,car,4,7,815.0,499.0,951.0000000000001,613.0,15504.000000000013,large,0,none,0,not_truncated,True,0,0.9128357172012329,0.9565659165382385
0000360_03333_d_0000730.jpg,5,1,car,4,8,1052.0,670.0,1293.0,765.0,22895.0,large,0,none,1,truncated,True,21,0.42919105291366577,0.9406238794326782
0000360_03333_d_0000730.jpg,6,3,truck,6,9,668.0,393.00000000000006,746.0000000000001,493.00000000000006,7800.000000000011,medium,0,none,0,not_truncated,True,13,0.5313950181007385,0.9532752633094788
0000360_03333_d_0000730.jpg,7,2,van,5,10,539.0,303.0,594.0,392.99999999999994,4949.999999999997,medium,0,none,0,not_truncated,True,4,0.8237690329551697,0.9393746852874756
0000360_03333_d_0000730.jpg,8,0,pedestrian,1,17,779.0,236.99999999999997,791.9999999999999,276.0,506.9999999999959,small,0,none,0,not_truncated,True,17,0.48893973231315613,0.7499791383743286
0000360_03333_d_0000730.jpg,9,0,pedestrian,1,18,755.0,214.0,772.0,246.99999999999997,560.9999999999995,small,1,partial,0,not_truncated,True,30,0.25517064332962036,0.6723576784133911
0000360_03333_d_0000730.jpg,10,1,car,4,25,725.0000000000001,175.0,766.0,209.99999999999997,1434.9999999999948,medium,1,partial,0,not_truncated,False,,,
0000360_03333_d_0000730.jpg,11,2,van,5,26,644.0,139.0,680.0,174.0,1260.0,medium,0,none,0,not_truncated,False,,,
0000360_03333_d_0000730.jpg,12,1,car,4,27,657.0,82.99999999999999,687.0,110.99999999999999,840.0,small,0,none,0,not_truncated,True,5,0.807371199131012,0.8449364304542542
0000360_03333_d_0000730.jpg,13,2,van,5,28,700.0000000000001,55.00000000000001,728.0,80.0,699.9999999999969,small,0,none,0,not_truncated,False,,,
0000360_03333_d_0000730.jpg,14,1,car,4,29,646.0,47.0,676.0,69.0,660.0,small,0,none,0,not_truncated,True,31,0.25508832931518555,0.7434034943580627
0000360_03333_d_0000730.jpg,15,1,car,4,30,679.9999999999999,40.0,701.9999999999999,62.0,484.0,small,0,none,0,not_truncated,True,9,0.6924864649772644,0.9023807048797607
0000360_03333_d_0000730.jpg,16,1,car,4,31,559.0,75.0,619.0,105.00000000000001,1800.000000000001,medium,0,none,0,not_truncated,False,,,
0000360_03333_d_0000730.jpg,17,1,car,4,32,586.0,22.0,611.0,48.0,650.0,small,0,none,0,not_truncated,True,18,0.48539578914642334,0.8595187664031982
0000360_03333_d_0000730.jpg,18,1,car,4,33,537.0,19.999999999999996,563.0,43.0,598.0000000000001,small,0,none,0,not_truncated,True,14,0.5131515860557556,0.6271293759346008
0000360_03333_d_0000730.jpg,19,1,car,4,34,513.0,66.0,543.0,96.0,900.0,small,0,none,0,not_truncated,True,10,0.6867413520812988,0.8381292819976807
0000360_03333_d_0000730.jpg,20,2,van,5,35,457.00000000000006,146.0,504.0,200.0,2537.999999999997,medium,0,none,0,not_truncated,False,,,
0000360_03333_d_0000730.jpg,21,1,car,4,36,481.99999999999994,88.0,513.0,122.00000000000001,1054.0000000000023,medium,1,partial,0,not_truncated,False,,,
0000360_03333_d_0000730.jpg,22,1,car,4,37,520.0,49.00000000000001,546.0,75.0,675.9999999999998,small,1,partial,0,not_truncated,True,15,0.5059998035430908,0.7120152115821838
0000360_03333_d_0000730.jpg,23,1,car,4,38,571.0,54.0,599.0000000000001,82.0,784.0000000000032,small,1,partial,0,not_truncated,True,8,0.7093060612678528,0.8937046527862549
0000360_03333_d_0000730.jpg,24,1,car,4,39,522.0,9.000000000000002,546.0,31.0,528.0,small,1,partial,0,not_truncated,True,24,0.34578171372413635,0.5375834107398987
0000360_03333_d_0000730.jpg,25,1,car,4,40,552.0,11.0,581.0,34.0,667.0,small,1,partial,0,not_truncated,True,19,0.45302271842956543,0.7393950819969177
0000360_03333_d_0000730.jpg,26,2,van,5,41,687.0,24.999999999999996,712.9999999999999,48.0,597.9999999999975,small,1,partial,0,not_truncated,False,,,
0000360_03333_d_0000730.jpg,27,2,van,5,42,677.9999999999999,7.0,699.9999999999999,28.999999999999996,483.99999999999994,small,1,partial,0,not_truncated,False,,,
0000360_03333_d_0000730.jpg,28,2,van,5,43,666.0,1.0000000000000004,699.9999999999999,19.0,611.999999999998,small,1,partial,0,not_truncated,False,,,
0000360_03333_d_0000730.jpg,29,0,pedestrian,1,44,670.0,27.0,678.0,47.0,160.0,small,0,none,0,not_truncated,False,,,
0000360_03333_d_0000730.jpg,30,0,pedestrian,1,45,649.0,0.0,655.0,17.0,102.0,small,0,none,1,truncated,False,,,
0000360_03333_d_0000730.jpg,31,2,van,5,51,442.0,70.0,499.99999999999994,97.99999999999999,1623.9999999999975,medium,2,heavy,0,not_truncated,False,,,
0000360_03333_d_0000730.jpg,32,1,car,4,52,375.99999999999994,421.00000000000006,404.0,470.00000000000006,1372.0000000000027,medium,0,none,0,not_truncated,False,,,
0000360_03333_d_0000730.jpg,33,0,pedestrian,1,53,241.0,464.00000000000006,262.0,520.0,1175.9999999999989,medium,1,partial,0,not_truncated,False,,,
0000360_03333_d_0000730.jpg,34,1,car,4,56,1282.0,161.0,1360.0,196.99999999999997,2807.9999999999977,medium,1,partial,1,truncated,True,6,0.7804939150810242,0.9168411493301392
0000360_04705_d_0000737.jpg,0,1,car,4,4,0.0,1.999999999999993,97.0,113.0,10767.0,large,1,partial,1,truncated,True,1,0.4797220528125763,0.9545800089836121
0000360_04705_d_0000737.jpg,1,1,car,4,5,1256.0,274.0,1360.0,388.0,11856.0,large,0,none,1,truncated,True,0,0.7239839434623718,0.7461299896240234
0000360_06665_d_0000747.jpg,0,0,pedestrian,1,1,528.0,663.0,568.0,757.0,3760.0,medium,0,none,0,not_truncated,False,,,
0000360_06665_d_0000747.jpg,1,1,car,4,2,1090.0,497.0,1336.0,646.0,36654.0,large,2,heavy,0,not_truncated,True,5,0.760812520980835,0.8030145168304443
0000360_06665_d_0000747.jpg,2,3,truck,6,3,382.0,350.0,540.0,566.0,34128.0,large,0,none,0,not_truncated,True,12,0.6728143692016602,0.8902071714401245
0000360_06665_d_0000747.jpg,3,1,car,4,4,266.0,394.00000000000006,399.0,553.0,21146.999999999993,large,0,none,0,not_truncated,True,7,0.7392077445983887,0.9547796845436096
0000360_06665_d_0000747.jpg,4,1,car,4,10,488.0,263.0,562.0,349.00000000000006,6364.000000000005,medium,0,none,0,not_truncated,True,0,0.9261539578437805,0.9208827614784241
0000360_06665_d_0000747.jpg,5,1,car,4,13,895.0000000000001,281.0,1024.0,353.0,9287.999999999993,large,1,partial,0,not_truncated,True,3,0.834690511226654,0.8837217092514038
0000360_06665_d_0000747.jpg,6,2,van,5,14,793.9999999999999,265.0,863.0,351.0,5934.00000000001,medium,0,none,0,not_truncated,True,2,0.8542274832725525,0.9377107620239258
0000360_06665_d_0000747.jpg,7,1,car,4,15,884.9999999999999,229.00000000000003,1018.0,289.0,7980.000000000003,medium,1,partial,0,not_truncated,True,1,0.886660099029541,0.9072138071060181
0000360_06665_d_0000747.jpg,8,1,car,4,16,857.0,196.00000000000003,954.9999999999999,247.00000000000003,4997.9999999999945,medium,1,partial,0,not_truncated,False,,,
0000360_06665_d_0000747.jpg,9,1,car,4,17,840.0,166.0,936.0,216.0,4800.0,medium,1,partial,0,not_truncated,False,,,
0000360_06665_d_0000747.jpg,10,1,car,4,19,814.0,134.0,896.0,175.0,3362.0,medium,1,partial,0,not_truncated,False,,,
0000360_06665_d_0000747.jpg,11,1,car,4,20,782.9999999999999,116.00000000000001,855.0,153.0,2664.000000000003,medium,1,partial,0,not_truncated,True,18,0.4814988672733307,0.7334083914756775
0000360_06665_d_0000747.jpg,12,1,car,4,21,793.0,93.99999999999999,874.0000000000001,127.0,2673.000000000005,medium,1,partial,0,not_truncated,True,19,0.4813791811466217,0.7318678498268127
0000360_06665_d_0000747.jpg,13,1,car,4,22,807.0,63.99999999999999,869.0000000000001,93.0,1798.0000000000036,medium,2,heavy,0,not_truncated,False,,,
0000360_06665_d_0000747.jpg,14,1,car,4,23,788.9999999999999,57.0,844.0,88.0,1705.0000000000036,medium,2,heavy,0,not_truncated,False,,,
0000360_06665_d_0000747.jpg,15,1,car,4,24,738.9999999999999,57.0,786.0000000000001,86.0,1363.0000000000066,medium,0,none,0,not_truncated,True,15,0.621566891670227,0.8530997037887573
0000360_06665_d_0000747.jpg,16,1,car,4,25,738.0,24.999999999999996,794.0,48.0,1288.0000000000002,medium,1,partial,0,not_truncated,True,6,0.7471815943717957,0.6775367856025696
0000360_06665_d_0000747.jpg,17,1,car,4,26,511.0,200.99999999999997,569.9999999999999,264.0,3716.9999999999945,medium,1,partial,0,not_truncated,True,8,0.7293136715888977,0.9137647747993469
0000360_06665_d_0000747.jpg,18,2,van,5,27,534.0,145.0,582.0,210.00000000000003,3120.0000000000014,medium,1,partial,0,not_truncated,False,,,
0000360_06665_d_0000747.jpg,19,2,van,5,28,548.0,113.0,588.0,161.0,1920.0,medium,1,partial,0,not_truncated,False,,,
0000360_06665_d_0000747.jpg,20,1,car,4,29,543.0,84.0,584.0,133.0,2009.0,medium,1,partial,0,not_truncated,True,25,0.251461386680603,0.6294212937355042
0000360_06665_d_0000747.jpg,21,1,car,4,30,572.0,63.99999999999999,606.0,97.99999999999999,1155.9999999999998,medium,1,partial,0,not_truncated,True,10,0.6916695833206177,0.8982289433479309
0000360_06665_d_0000747.jpg,22,1,car,4,31,539.0,56.0,582.0,85.0,1247.0,medium,1,partial,0,not_truncated,False,,,
0000360_06665_d_0000747.jpg,23,0,pedestrian,1,32,509.0,61.99999999999999,522.0,90.0,364.0000000000001,small,1,partial,0,not_truncated,False,,,
0000360_06665_d_0000747.jpg,24,1,car,4,33,527.0,35.0,557.0000000000001,65.0,900.0000000000034,small,1,partial,0,not_truncated,True,14,0.6585594415664673,0.8834095001220703
0000360_06665_d_0000747.jpg,25,1,car,4,34,499.00000000000006,0.0,549.0,18.0,899.999999999999,small,1,partial,0,not_truncated,True,11,0.678085446357727,0.822743833065033
0000360_06665_d_0000747.jpg,26,1,car,4,40,611.0,0.0,631.0,15.0,300.0,small,0,none,1,truncated,True,24,0.33885374665260315,0.8566429018974304
0000360_06665_d_0000747.jpg,27,2,van,5,41,719.0,0.0,754.9999999999999,14.0,503.9999999999984,small,1,partial,1,truncated,False,,,
0000360_06665_d_0000747.jpg,28,0,pedestrian,1,42,350.00000000000006,100.0,362.0,134.0,407.99999999999807,small,1,partial,0,not_truncated,False,,,
0000360_06665_d_0000747.jpg,29,0,pedestrian,1,44,337.0,84.0,350.99999999999994,109.0,349.9999999999986,small,2,heavy,0,not_truncated,False,,,
0000360_06665_d_0000747.jpg,30,1,car,4,45,271.0,99.00000000000001,349.99999999999994,135.0,2843.999999999997,medium,1,partial,0,not_truncated,False,,,
0000360_06665_d_0000747.jpg,31,1,car,4,46,271.0,82.99999999999999,335.0,110.99999999999999,1792.0,medium,2,heavy,0,not_truncated,False,,,
0000364_00589_d_0000798.jpg,0,3,truck,6,1,597.0000000000001,409.0,759.0,505.0,15551.999999999989,large,0,none,0,not_truncated,True,0,0.8089913725852966,0.9430086016654968
0000364_00589_d_0000798.jpg,1,0,pedestrian,1,3,884.0,402.0,904.0,441.0,780.0,small,1,partial,0,not_truncated,False,,,
0000364_00589_d_0000798.jpg,2,0,pedestrian,1,4,621.0,354.0,642.0000000000001,393.0,819.0000000000044,small,0,none,0,not_truncated,True,2,0.48300668597221375,0.667823076248169
0000364_00589_d_0000798.jpg,3,0,pedestrian,1,15,333.00000000000006,387.99999999999994,345.0,431.0,515.9999999999982,small,0,none,0,not_truncated,True,3,0.47737014293670654,0.6187940239906311
0000364_00589_d_0000798.jpg,4,3,truck,6,19,38.99999999999999,411.0,174.0,484.00000000000006,9855.000000000007,large,1,partial,0,not_truncated,False,,,
0000364_00589_d_0000798.jpg,5,0,pedestrian,1,22,223.0,323.0,237.0,356.0,462.0,small,1,partial,0,not_truncated,False,,,
0000364_00589_d_0000798.jpg,6,0,pedestrian,1,23,287.00000000000006,321.0,301.0,357.0,503.99999999999795,small,1,partial,0,not_truncated,False,,,
0000364_00589_d_0000798.jpg,7,0,pedestrian,1,24,299.0,316.00000000000006,308.0,347.0,278.9999999999995,small,1,partial,0,not_truncated,False,,,
0000364_00589_d_0000798.jpg,8,3,truck,6,29,285.0,270.0,324.99999999999994,300.0,1199.9999999999982,medium,1,partial,0,not_truncated,False,,,
0000364_00589_d_0000798.jpg,9,0,pedestrian,1,35,520.0,245.0,527.9999999999999,267.0,175.9999999999975,small,0,none,0,not_truncated,False,,,
0000364_00589_d_0000798.jpg,10,0,pedestrian,1,36,531.0,243.0,539.0,258.0,120.0,small,1,partial,0,not_truncated,False,,,
0000364_00589_d_0000798.jpg,11,1,car,4,49,520.0000000000001,191.00000000000003,540.0,211.0,399.99999999999716,small,0,none,0,not_truncated,False,,,
0000364_00589_d_0000798.jpg,12,3,truck,6,50,525.0,173.99999999999997,550.0000000000001,194.0,500.000000000003,small,1,partial,0,not_truncated,False,,,
0000364_00589_d_0000798.jpg,13,0,pedestrian,1,52,498.00000000000006,189.0,506.0,206.99999999999997,143.99999999999875,small,0,none,0,not_truncated,False,,,
0000364_00589_d_0000798.jpg,14,1,car,4,58,396.00000000000006,153.0,425.0,162.99999999999997,289.99999999999864,small,1,partial,0,not_truncated,False,,,
0000364_00589_d_0000798.jpg,15,2,van,5,59,410.00000000000006,141.0,435.0,152.0,274.9999999999994,small,1,partial,0,not_truncated,False,,,
0000364_00589_d_0000798.jpg,16,1,car,4,60,421.0,137.0,449.0,149.99999999999997,363.9999999999992,small,1,partial,0,not_truncated,False,,,
0000364_00589_d_0000798.jpg,17,1,car,4,65,402.99999999999994,170.0,436.0,182.99999999999997,428.9999999999998,small,1,partial,0,not_truncated,False,,,
0000364_01765_d_0000782.jpg,0,0,pedestrian,1,25,360.0,354.0,371.0,393.0,429.0,small,1,partial,0,not_truncated,False,,,
0000364_01765_d_0000782.jpg,1,0,pedestrian,1,26,589.0,348.0,601.0,382.0,408.0,small,1,partial,0,not_truncated,False,,,
0000364_01765_d_0000782.jpg,2,0,pedestrian,1,27,222.0,347.0,240.0,388.0,738.0,small,1,partial,0,not_truncated,False,,,
0000364_01765_d_0000782.jpg,3,0,pedestrian,1,28,261.00000000000006,365.0,269.0,387.0,175.99999999999875,small,1,partial,0,not_truncated,False,,,
0000364_01765_d_0000782.jpg,4,0,pedestrian,1,29,263.0,368.0,291.0,414.0,1288.0,medium,1,partial,0,not_truncated,False,,,
0000364_01765_d_0000782.jpg,5,0,pedestrian,1,30,274.0,379.0,289.0,417.0,570.0,small,1,partial,0,not_truncated,False,,,
0000364_01765_d_0000782.jpg,6,0,pedestrian,1,31,292.0,368.0,312.0,406.0,760.0,small,1,partial,0,not_truncated,False,,,
0000364_01765_d_0000782.jpg,7,0,pedestrian,1,32,308.0,455.0,324.0,493.0,608.0,small,1,partial,0,not_truncated,False,,,
0000364_01765_d_0000782.jpg,8,0,pedestrian,1,33,318.0,478.0,340.0,534.0,1232.0,medium,1,partial,0,not_truncated,False,,,
0000364_01765_d_0000782.jpg,9,0,pedestrian,1,34,309.0,481.0,324.0,535.0,810.0,small,1,partial,0,not_truncated,False,,,
0000364_01765_d_0000782.jpg,10,0,pedestrian,1,35,310.99999999999994,502.0,331.0,540.0,760.0000000000022,small,1,partial,1,truncated,False,,,
0000364_01765_d_0000782.jpg,11,0,pedestrian,1,36,301.0,512.0,318.0,540.0,476.0,small,1,partial,1,truncated,False,,,
0000364_01765_d_0000782.jpg,12,0,pedestrian,1,37,261.00000000000006,499.99999999999994,288.0,540.0,1079.9999999999993,medium,1,partial,1,truncated,False,,,
0000364_01765_d_0000782.jpg,13,0,pedestrian,1,44,335.00000000000006,328.99999999999994,347.0,358.0,347.99999999999903,small,1,partial,0,not_truncated,False,,,
0000364_01765_d_0000782.jpg,14,3,truck,6,48,596.0,319.0,685.0000000000001,364.0,4005.000000000005,medium,1,partial,0,not_truncated,False,,,
0000364_01765_d_0000782.jpg,15,0,pedestrian,1,49,638.0000000000001,294.0,647.0,326.0,287.99999999999636,small,1,partial,0,not_truncated,True,1,0.5290551781654358,0.6577664613723755
0000364_01765_d_0000782.jpg,16,0,pedestrian,1,50,575.0,276.00000000000006,583.0,296.0,159.99999999999955,small,1,partial,0,not_truncated,False,,,
0000364_01765_d_0000782.jpg,17,0,pedestrian,1,53,576.0000000000001,249.00000000000003,585.0,280.0,278.99999999999625,small,1,partial,0,not_truncated,False,,,
0000364_01765_d_0000782.jpg,18,0,pedestrian,1,54,557.9999999999999,244.99999999999997,568.0,272.0,270.00000000000335,small,1,partial,0,not_truncated,False,,,
0000364_01765_d_0000782.jpg,19,0,pedestrian,1,55,565.0,239.0,571.0,253.0,84.0,small,1,partial,0,not_truncated,False,,,
0000364_01765_d_0000782.jpg,20,0,pedestrian,1,56,557.9999999999999,221.0,564.0,243.0,132.0000000000025,small,1,partial,0,not_truncated,False,,,
0000364_01765_d_0000782.jpg,21,0,pedestrian,1,57,548.0000000000001,236.0,553.0,260.0,119.99999999999727,small,1,partial,0,not_truncated,False,,,
0000364_01765_d_0000782.jpg,22,0,pedestrian,1,58,371.0,253.99999999999997,384.0,277.0,299.00000000000034,small,1,partial,0,not_truncated,False,,,
0000364_01765_d_0000782.jpg,23,3,truck,6,61,466.0,216.0,501.0,273.0,1995.0,medium,0,none,0,not_truncated,True,5,0.3921283185482025,0.7924717664718628
0000364_01765_d_0000782.jpg,24,0,pedestrian,1,65,323.0,238.0,330.0,256.0,126.0,small,1,partial,0,not_truncated,False,,,
0000364_01765_d_0000782.jpg,25,1,car,4,67,297.0,208.0,352.0,227.0,1045.0,medium,1,partial,0,not_truncated,True,6,0.37703442573547363,0.7481859922409058
0000364_01765_d_0000782.jpg,26,2,van,5,68,315.0,192.0,367.0,214.0,1144.0,medium,1,partial,0,not_truncated,False,,,
0000364_01765_d_0000782.jpg,27,1,car,4,69,323.0,190.0,370.0,208.0,846.0,small,1,partial,0,not_truncated,True,4,0.43325284123420715,0.6362942457199097
0000364_01765_d_0000782.jpg,28,2,van,5,70,338.99999999999994,179.0,372.0,200.0,693.0000000000011,small,1,partial,0,not_truncated,False,,,
0000364_01765_d_0000782.jpg,29,1,car,4,71,338.0,176.0,377.0,193.0,663.0,small,1,partial,0,not_truncated,False,,,
0000364_01765_d_0000782.jpg,30,2,van,5,72,338.99999999999994,169.0,376.0,186.99999999999997,666.0,small,1,partial,0,not_truncated,False,,,
0000364_01765_d_0000782.jpg,31,0,pedestrian,1,73,392.0,213.99999999999997,398.0,233.0,114.00000000000017,small,0,none,0,not_truncated,False,,,
0000364_01765_d_0000782.jpg,32,0,pedestrian,1,74,397.0,210.0,402.0,232.0,110.0,small,0,none,0,not_truncated,False,,,
0000364_01765_d_0000782.jpg,33,2,van,5,75,379.0,206.0,411.0,226.99999999999997,671.9999999999991,small,1,partial,0,not_truncated,False,,,
0000364_01765_d_0000782.jpg,34,0,pedestrian,1,76,381.0,199.0,386.0,215.00000000000003,80.00000000000014,small,1,partial,0,not_truncated,False,,,
0000364_01765_d_0000782.jpg,35,0,pedestrian,1,77,383.0,201.0,390.0,215.0,98.0,small,1,partial,0,not_truncated,False,,,
0000364_01765_d_0000782.jpg,36,1,car,4,79,535.0000000000001,146.0,563.0,158.99999999999997,363.9999999999977,small,0,none,0,not_truncated,True,3,0.5215392708778381,0.8924937844276428
0000364_01765_d_0000782.jpg,37,4,bus,9,82,225.00000000000003,148.0,303.00000000000006,169.0,1638.0000000000007,medium,1,partial,0,not_truncated,False,,,
0000364_01765_d_0000782.jpg,38,3,truck,6,85,2.000000000000006,336.0,153.0,502.0,25066.0,large,1,partial,1,truncated,False,,,
